111	眼睁睁 冷冰冰
1111	牢牢 老老实实 宜室宜家 冰冰凉凉 思考思考
11111	老老实实 思考思考
11112	牢牢 宜室宜家 冰冰凉凉 安安逸逸 宜家宜室
1112	宜家家居 彻头彻尾 饮食男女
11121	饮食男女
11122	宜家家居 彻头彻尾
1113	目食耳视 待兔守株 饱饱眼福
11131	目食耳视 饱饱眼福
11132	待兔守株
1115	寒冷 冷冰冰 睹物思人 鳄鱼眼泪
11151	睹物思人
11152	寒冷 冷冰冰 鳄鱼眼泪
1116	实物 耳聪目明
11161	耳聪目明
11162	实物
1117	龟兔赛跑
11172	龟兔赛跑
1118	饮食宜忌 眼睁睁的
11181	饮食宜忌 眼睁睁的
1119	眼睁睁
11191	眼睁睁
112	制造业
1121	男室女家 寝食不安 耳目闭塞 老牛舐犊 告老还家
11211	男室女家 耳目闭塞 老牛舐犊 告老还家
11212	寝食不安
1122	安家乐业 安安静静 男男女女 男盗女娼 密密层层
11221	男男女女 男盗女娼
11222	安家乐业 安安静静 密密层层 宾客如云 龟鹤遐寿
1123	制造业中 待字闺中 进思尽忠
11231	制造业中 进思尽忠
11232	待字闺中
1124	告老还乡 五脊六兽
11241	告老还乡
11242	五脊六兽
1125	饮食不节 老眼昏花
11251	饮食不节 老眼昏花
1126	饭牛屠狗 累累如珠
11261	饭牛屠狗 累累如珠
1127	睡眠不足
11271	睡眠不足
1128	冷眼静看 饥寒交迫 累教不改
11281	饥寒交迫 累教不改
11282	冷眼静看
1129	制造业 龟冷支床 凝瞩不转 往蹇来连
11291	制造业
11292	龟冷支床 凝瞩不转 往蹇来连
113	取决于 眼睛里
1131	卧冰求鲤 冷眼相待
11311	卧冰求鲤
11312	冷眼相待
1132	寓教于乐 食物中毒 耳目喉舌
11321	食物中毒 耳目喉舌
11322	寓教于乐
1133	眠思梦想 思考一下 目瞪口呆 睥睨天下 徙宅忘妻
11331	眠思梦想 思考一下 目瞪口呆 睥睨天下
11332	徙宅忘妻
1134	职教中心 食宿相兼 耿耿于怀 耳目一新 微微一怔
11341	职教中心 食宿相兼 耿耿于怀 耳目一新 耿耿于心
11342	微微一怔 安守本分
1135	眼睛里 寄宿中学 准军事化 冰寒于水
11351	眼睛里
11352	寄宿中学 准军事化 冰寒于水
1136	取决于 聊聊天 寥寥无几 煮鹤焚琴
11361	取决于 聊聊天 煮鹤焚琴
11362	寥寥无几
1137	写字楼 先进材料 微微一笑 安宅正路 齐聚一堂
11371	先进材料 齐聚一堂 睥睨一切
11372	写字楼 微微一笑 安宅正路 寤寐求之 得鱼忘筌
1138	饮食禁忌 教职员工 定睛一看 冤冤相报 鳞次栉比
11381	饮食禁忌 教职员工
11382	定睛一看 冤冤相报 鳞次栉比 官官相护
114	老头子 决定性
1141	齐头并进
11411	齐头并进
1142	瞠目结舌 安家立业 鲂鱼赪尾
11421	瞠目结舌
11422	安家立业 鲂鱼赪尾
1143	实地 五官端正 安富恤穷 田头地里
11431	田头地里
11432	实地 五官端正 安富恤穷
1144	瞎子 老头子 睡眼惺忪 字字句句 宜家商场
11441	瞎子 老头子 睡眼惺忪 熙熙壤壤 累得半死
11442	字字句句 宜家商场 象征主义 凄凄惨惨 安安心心
1145	决定性 先进性 制造商们 先决条件 安富尊荣
11451	先进性 制造商们 先决条件
11452	决定性 安富尊荣
1146	饱食终日 鳏寡孤独 察察为明
11461	饱食终日
11462	鳏寡孤独 察察为明
1147	安德烈 循循善诱 冷眼旁观 牛鼎烹鸡
11471	牛鼎烹鸡
11472	安德烈 循循善诱 冷眼旁观
1148	睚眦必报
11481	睚眦必报
1149	鲁鱼帝虎 安老怀少 寡鹄孤鸾
11492	鲁鱼帝虎 安老怀少 寡鹄孤鸾
115	老家伙 老实人
1152	老家伙 往往会 宴安鸠毒 饮冰茹檗 造微入妙
11521	老家伙 饮冰茹檗 造微入妙
11522	往往会 宴安鸠毒
1153	实施 实体 瞑思苦想 冥思苦想
11531	瞑思苦想
11532	实施 实体 冥思苦想
1154	宪法 宇宙世纪 睹物兴情
11541	睹物兴情
11542	宪法 宇宙世纪
1155	鼎鱼幕燕 宗教信仰 完完全全 耳目众多 富得流油
11551	鼎鱼幕燕 耳目众多
11552	宗教信仰 完完全全 富得流油 宇宙洪荒 鱼目混杂
1156	鱼目混珠 安家落户 冥思苦索 察察而明
11562	鱼目混珠 安家落户 冥思苦索 察察而明
1157	老实人 宗教仪式 制宪会议 齐家治国
11571	老实人 制宪会议 齐家治国
11572	宗教仪式
1158	宗教学系
11582	宗教学系
1159	农田水利 容头过身
11592	农田水利 容头过身
116	很容易 往往是
1161	齐王 告老在家 耆德硕老
11611	齐王 告老在家 耆德硕老
1162	进食时间 老实巴交 微微蹙眉 牛头马面
11621	进食时间 老实巴交 牛头马面
11622	微微蹙眉
1163	实现 瞅准时机
11631	瞅准时机
11632	实现
1164	实在 井井有条 头头是道 寥寥几句
11641	井井有条
11642	实在 头头是道 寥寥几句
1165	实验 制造环节 耶鲁大学 鼎鼎大名 造次颠沛
11651	制造环节 耶鲁大学 鼎鼎大名 造次颠沛 睹微知著
11652	实验
1166	很容易 实实在在 字字珠玑 食宿自理 家家户户
11661	食宿自理 牝牡骊黄 熙熙融融
11662	很容易 实实在在 字字珠玑 家家户户 宽宏大量
1167	头都大了 微微蹙起
11672	头都大了 微微蹙起
1168	往往是 实有 饮冰内热 饱食暖衣
11681	饮冰内热 饱食暖衣
11682	往往是 实有
1169	耳目昭彰 宽豁大度 宽宏大度 老牛破车 安定有序
11691	耳目昭彰 老牛破车
11692	宽豁大度 宽宏大度 安定有序
117	凝聚力 老实说
1171	寝食难安
11712	寝食难安
1172	实话 饮食起居
11721	饮食起居
11722	实话
1173	实践 耽误 冥冥之中 耄耋之年 造次行事
11731	耽误 耄耋之年 造次行事
11732	实践 冥冥之中
1174	老实说 待客之道 安定团结 字字诛心
11741	老实说
11742	待客之道 安定团结 字字诛心
1175	实力 凝聚力 饮鸩止渴 寥寥数人 牛农对泣
11751	饮鸩止渴 牛农对泣 瞋目切齿
11752	实力 凝聚力 寥寥数人 冶容诲淫
1177	决定试试 进进出出 鲍鱼之肆 耳食之论 寥寥数语
11771	进进出出 耳食之论 耳食之谈 耳食之言
11772	决定试试 鲍鱼之肆 寥寥数语 字字箴言 徘徊歧路
1178	牢记
11782	牢记
1179	实行
11792	实行
1181	寒气 眼馋肚饱
11811	眼馋肚饱
11812	寒气
1182	都头异姓 凑凑热闹 冰冻三尺
11821	都头异姓
11822	凑凑热闹 冰冻三尺
1183	实际 眼睛近视 制定以下
11831	眼睛近视 制定以下
11832	实际
1184	累得要死 先得我心 饿得要死
11841	累得要死 先得我心 饿得要死
1187	宗教势力
11872	宗教势力
1188	睡眼朦胧 熙熙攘攘 客客气气 头头脑脑 耳目股肱
11881	睡眼朦胧 熙熙攘攘 耳目股肱
11882	客客气气 头头脑脑
119	安徽省
1192	家徒四壁 安家置业
11922	家徒四壁 安家置业
1193	德累斯顿
11932	德累斯顿
1194	赛季 微察秋毫 安室利处 象征意义
11942	赛季 微察秋毫 安室利处 象征意义
1196	实质
11962	实质
1197	寥寥可数 鲇鱼上竹 鲇鱼上竿
11972	寥寥可数 鲇鱼上竹 鲇鱼上竿
1198	安徽省 微微颤抖
11982	安徽省 微微颤抖
1199	实习 耶稣基督 密密麻麻 安安稳稳
11991	耶稣基督
11992	实习 密密麻麻 安安稳稳
1211	耳闻目睹 安不安逸 头昏目眩 冷眉冷眼
12111	耳闻目睹
12112	安不安逸 头昏目眩 冷眉冷眼
1212	彳亍 安宁 宜居宜业 宜业宜居 安装目录
12122	彳亍 安宁 宜居宜业 宜业宜居 安装目录
1213	教育资助 职业资格 耳闻目见
12131	教育资助 职业资格 耳闻目见
1214	制浆造纸 老来得子 聊来聊去 男女老幼 头版头条
12141	制浆造纸 老来得子 聊来聊去 男女老幼
12142	头版头条
1215	宜居宜游 头昏眼花 安不安全
12152	宜居宜游 头昏眼花 安不安全
1216	头昏目晕 头昏眼晕 容不容易 头昏眼暗 眠云卧石
12161	眠云卧石
12162	头昏目晕 头昏眼晕 容不容易 头昏眼暗
1217	教育资讯 寒蝉凄切 安邦定国
12171	教育资讯
12172	寒蝉凄切 安邦定国
1218	安逸 安定 很不客气 冲昏头脑 食不果腹
12181	食不果腹 耳闻目击
12182	安逸 安定 很不客气 冲昏头脑 安魂定魄
1219	男女老小 富贵安康 考不考虑 男女老少 寝不安席
12191	男女老小 考不考虑 男女老少 卧不安席
12192	富贵安康 寝不安席 冷面寒铁
122	老奶奶
1221	家居装饰 男婚女聘 目不交睫
12211	男婚女聘 目不交睫
12212	家居装饰
1222	安妮 安居乐业 男婚女嫁
12221	男婚女嫁
12222	安妮 安居乐业
1223	安慰 牛鬼蛇神 饭来张口
12231	牛鬼蛇神 饭来张口
12232	安慰
1224	安装 职业素养 老弱病残 男耕女织 五鬼闹判
12241	职业素养 老弱病残 男耕女织
12242	安装 五鬼闹判
1225	家居装修 宁缺不滥 睡不好觉 寡不敌众 食古不化
12251	睡不好觉 食古不化
12252	家居装修 宁缺不滥 寡不敌众
1226	职业背景 得来不易 鲁殿灵光
12261	职业背景
12262	得来不易 鲁殿灵光
1227	安适如常 寅支卯粮
12272	安适如常 寅支卯粮
1228	安静 宁静 老奶奶 得婿如龙 男女不限
12281	老奶奶 男女不限
12282	安静 宁静 得婿如龙 密云不雨 安如泰山
1229	畏敌如虎 臣门如市
12291	畏敌如虎 臣门如市
123	容不下
1231	睁不开眼 实不相瞒 目不见睫
12311	睁不开眼 目不见睫
12312	实不相瞒
1232	完好无缺 累及无辜
12321	累及无辜
12322	完好无缺
1233	寄希望于 煮粥焚须 饭来开口 目不别视 食不下咽
12331	煮粥焚须 饭来开口 目不别视 食不下咽 都不一样
12332	寄希望于
1234	富面百城 思来想去 室如悬磬
12341	思来想去
12342	富面百城 室如悬磬
1235	富贵逼人
12352	富贵逼人
1236	聊天 实属无奈
12361	聊天
12362	实属无奈
1237	目不窥园 男女平等
12371	目不窥园 男女平等
1239	容不下 安不忘危
12392	容不下 安不忘危
124	睡不着 教育部
1241	盯着 睡不着 职业道德 田间地头 徐娘半老
12411	盯着 睡不着 职业道德 田间地头
12412	徐娘半老 鲜眉亮眼
1242	实业公司 守如处女
12422	实业公司 守如处女
1243	教育部 赞不绝口
12431	教育部 赞不绝口
1244	案子 凌迟处死
12442	案子 凌迟处死
1245	官运亨通
12452	官运亨通
1246	免责声明 安如盘石 得未曾有 瞻云就日 安如磐石
12461	瞻云就日
12462	免责声明 安如盘石 得未曾有 安如磐石
1247	目不给赏 头疼死了 都不喜欢
12471	目不给赏 都不喜欢
12472	头疼死了
1248	害怕 瞬间即逝 老弱残兵 老不死的
12481	瞬间即逝 老弱残兵 老不死的
12482	害怕
1249	安心 聊表心意
12491	聊表心意
12492	安心
125	都不会 都不能
1251	案件 教育学 头面人物 安眉带眼 脊背生寒
12511	教育学 齐眉举案
12512	案件 头面人物 安眉带眼 脊背生寒 富贵人家
1252	都不会 决不会 家居企业 富贵浮云
12521	都不会
12522	决不会 家居企业 富贵浮云
1253	目不苟视 案牍劳形 目不斜视 富贵花开 目不邪视
12531	目不苟视 目不斜视 目不邪视 鹄面鸠形 食不重味
12532	案牍劳形 富贵花开 罕譬而喻
1254	案例 聊表寸心
12541	聊表寸心
12542	案例
1255	安故重迁 五毒俱全 富贵荣华 宁缺毋滥 五六个人
12551	聪慧过人
12552	安故重迁 五毒俱全 富贵荣华 宁缺毋滥 五六个人
1256	安全 冠履倒易 密不通风 老蚌生珠 寒蝉仗马
12561	老蚌生珠
12562	安全 冠履倒易 密不通风 寒蝉仗马
1257	害人 累屋重架 安邦治国
12571	累屋重架
12572	害人 安邦治国
1258	都不能 决不能 瞬间消失 职业方向 得不偿失
12581	都不能 瞬间消失 职业方向 思如涌泉
12582	决不能 得不偿失 五六个月
1259	寒蝉僵鸟 得克萨斯 略表敬意 齐烟九点 老妪能解
12591	略表敬意 齐烟九点 老妪能解
12592	寒蝉僵鸟 得克萨斯 冠履倒置 徒乱人意
126	都不是
1261	寒来暑往 头痛医头 鲜艳夺目 凌弱暴寡 安闲自得
12612	寒来暑往 头痛医头 鲜艳夺目 凌弱暴寡 安闲自得
1262	寒耕暑耘 睟面盎背
12621	睟面盎背
12622	寒耕暑耘
1263	富贵在天 食不知味 男女有别
12631	食不知味 男女有别
12632	富贵在天
1264	教育硕士 客运专线 割臂盟公 鲜克有终 都不知道
12641	教育硕士 都不知道
12642	客运专线 割臂盟公 鲜克有终
1265	家居风水 老奸巨滑 宁缺勿滥 农业大学 富贵骄人
12651	老奸巨滑
12652	家居风水 宁缺勿滥 农业大学 富贵骄人
1266	免责申明 职责所在 老奸巨猾 安闲自在
12661	职责所在 老奸巨猾
12662	免责申明 安闲自在
1267	聊骚 家居知识 耳闻则诵 家弦户诵
12671	聊骚 耳闻则诵
12672	家居知识 家弦户诵
1268	都不是 五六十岁 安如太山 目不暇接 老蚌珠胎
12681	都不是 目不暇接 老蚌珠胎 聚蚊成雷
12682	五六十岁 安如太山
1269	卧病在床 耳闻是虚
12691	卧病在床 耳闻是虚
127	瞧不起 免不了
1271	睡不踏实 目不忍睹
12711	睡不踏实 目不忍睹
1272	职业发展 目不识丁
12721	职业发展 目不识丁
1273	律师 饶舌调唇 头痛之极 井蛙之见
12731	饶舌调唇 井蛙之见
12732	律师 头痛之极
1274	寂静之声 职业等级 微不足道 凌云之志
12741	职业等级
12742	寂静之声 微不足道 凌云之志
1275	害了 免不了 免疫力 思不出位 案牍之劳
12751	思不出位
12752	害了 免不了 免疫力 案牍之劳
1276	老将出马 害群之马 富强发达 割臂之盟
12761	老将出马
12762	害群之马 富强发达 割臂之盟
1277	家居设计 家装设计 完璧归赵
12772	家居设计 家装设计 完璧归赵
1278	灾难 瞧不起 免不了的
12781	瞧不起
12782	灾难 免不了的
1279	累卵之危
12791	累卵之危
128	都不要
1281	饥不择食 熙来攘往 职业操守 头昏脑眩
12811	饥不择食 熙来攘往 职业操守
12812	头昏脑眩
1282	都不要 寒耕热耘 取如拾遗 教妇初来 头昏脑闷
12821	都不要 取如拾遗 教妇初来
12822	寒耕热耘 头昏脑闷
1283	安抚 瞬间击中
12831	瞬间击中
12832	安抚
1284	眼疾手快
12841	眼疾手快
1285	职业打假 资不抵债 思如泉涌 五六月份
12851	职业打假 思如泉涌
12852	资不抵债 五六月份
1286	安然 鹤背扬州 农业文明
12862	安然 鹤背扬州 农业文明
1287	安排 实业集团 头痒搔跟
12872	安排 实业集团 头痒搔跟
1288	职业指导 教育指导 五局三胜 头疼脑热 头昏脑胀
12881	职业指导 教育指导
12882	五局三胜 头疼脑热 头昏脑胀 冰魂雪魄
1289	职业摔角 男女搭配
12891	职业摔角 男女搭配
129	得不到 很不错
1291	目不转睛
12911	目不转睛
1292	象耕鸟耘
12922	象耕鸟耘
1293	寡闻少见 食不甘味 饫闻厌见
12931	食不甘味 饫闻厌见
12932	寡闻少见
1294	密不可分 农贸市场
12942	密不可分 农贸市场
1295	宁可 很不错 德不配位
12952	宁可 很不错 德不配位
1296	宁静致远 牢不可破 密不透风
12962	宁静致远 牢不可破 密不透风
1297	得不到 农业银行 食不厌精 累牍连篇
12971	食不厌精 累牍连篇
12972	得不到 农业银行
1298	宁愿 实弹射击 得不到的 物尽其用 果不其然
12981	物尽其用 果不其然
12982	宁愿 实弹射击 得不到的
1299	安稳 室怒市色 先来后到 五六点钟
12991	先来后到
12992	安稳 室怒市色 五六点钟
131	睁开眼 思想家
1311	果实 耳视目食 守株待兔 睁开眼睛 鲸吸牛饮
13111	果实 耳视目食 睁开眼睛 耳鸣目眩
13112	守株待兔 鲸吸牛饮
1312	冷窗冻壁
13122	冷窗冻壁
1313	宇宙 宣告 老祖宗 瞻望咨嗟 头一次见
13131	老祖宗 瞻望咨嗟 耳视目听
13132	宇宙 宣告 头一次见 安民告示
1314	宗教 考察 睁开眼 凄凉 思想准备
13141	考察 睁开眼 思想准备 老年得子 瞒天瞒地
13142	宗教 凄凉 宜嗔宜喜 寂天寞地
1315	思想家 资本家
13151	思想家
13152	资本家
1316	思想实验 家无宁日
13161	思想实验
13162	家无宁日
1317	饮食 军事资讯
13171	饮食
13172	军事资讯
1318	冲进 安神定魄
13182	冲进 安神定魄
132	老百姓 老板娘
1322	案无留牍
13222	案无留牍
1323	老年痴呆 遇神杀神
13231	老年痴呆 遇神杀神
1324	老板娘 割骨疗亲 造恶不悛 赞口不绝 老朽不堪
13241	老板娘 造恶不悛 赞口不绝 老朽不堪
13242	割骨疗亲 宠辱不惊 守口如瓶
1325	老百姓 宫殿 眼神交流 寒木春华 安于故俗
13251	老百姓 眼神交流
13252	宫殿 寒木春华 安于故俗
1326	职责 富贵 牛听弹琴
13261	职责 牛听弹琴
13262	富贵
1327	冲动 寅吃卯粮 头也不回 先天不足
13271	先天不足
13272	冲动 寅吃卯粮 头也不回
1328	男唱女随 赞叹不已 守正不阿 割须弃袍 凝神屏气
13281	男唱女随 赞叹不已
13282	守正不阿 割须弃袍 凝神屏气 守正不挠
1329	职业 睡一张床
13291	职业 睡一张床
1331	况且 睁一只眼 靠天吃饭 鹤骨松姿 眼空无物
13311	睁一只眼 靠天吃饭 眼空无物
13312	况且 鹤骨松姿
1332	得礼一尺
13322	得礼一尺
1333	资本 牝咮鸣辰 守望相助 冢中枯骨 牛逼哄哄
13331	牝咮鸣辰 牛逼哄哄 造福于民
13332	资本 守望相助 冢中枯骨
1334	脊髓神经 定于一尊 安枕无忧
13342	脊髓神经 定于一尊 安枕无忧
1335	考核 眼神呆滞 眼下正值 老朽无能 目中无人
13351	考核 眼神呆滞 眼下正值 老朽无能 目中无人
13352	宿弊一清 宽严相济
1336	冲突 冲天 实事求是 略见一斑 井中视星
13361	略见一斑 井中视星
13362	冲突 冲天 实事求是
1337	资格 告别 职权 军事术语 鹤骨松筋
13371	告别 职权 目空一切
13372	资格 军事术语 鹤骨松筋
1338	安于一隅
13382	安于一隅
1339	写下 官逼民反
13392	写下 官逼民反
134	很开心 老天爷
1341	冲着 写着 靠着 畏惧 资格预审
13411	靠着 畏惧 思想境界
13412	冲着 写着 资格预审
1342	职场 老天爷 特别惊艳 减员增效
13421	职场 老天爷 特别惊艳
13422	减员增效
1343	免开尊口 农副产品
13432	免开尊口 农副产品
1344	资本主义
13442	资本主义
1345	先天性 耳听八方
13451	先天性 耳听八方
1346	宗主 安于盘石
13462	宗主 安于盘石
1347	职务 目无尊长 实逼处此
13471	职务 目无尊长
13472	实逼处此
1348	思患预防 造极登峰
13481	思患预防 造极登峰
1349	资产 很开心 耳听心受 决一死战 物极必反
13491	耳听心受 物极必反 耳根子软
13492	资产 很开心 决一死战
135	老年人 家里人
1351	写作 察见渊鱼 耳根清净 目无全牛 安枕而卧
13511	耳根清净 目无全牛
13512	写作 察见渊鱼 安枕而卧
1352	老于世故
13521	老于世故
1353	实机演示 齐天洪福 惩一儆百
13531	齐天洪福
13532	实机演示 惩一儆百
1354	职位 物权法 冶叶倡条 目别汇分 宠辱若惊
13541	职位 物权法 目别汇分 目无法纪 目无余子
13542	冶叶倡条 宠辱若惊 鹤唳华亭 宁鸣而死
1355	瞒天过海 五味俱全 老蚕作茧
13551	瞒天过海 老蚕作茧
13552	五味俱全
1356	宣传 家无儋石
13562	宣传 家无儋石
1357	老年人 家里人 鱼与熊掌 寒窗苦读 眯一会儿
13571	老年人 眯一会儿
13572	家里人 鱼与熊掌 寒窗苦读 冲口而出
1358	职能 先天优势 军事学院 鹤鸣九皋
13581	职能 先天优势
13582	军事学院 鹤鸣九皋
1359	资源 军事演习 鹄形菜色
13591	鹄形菜色
13592	资源 军事演习
136	特别是
1361	果真 卧榻鼾睡 老天有眼 宏材大略 实繁有徒
13611	果真 卧榻鼾睡 老天有眼 耆年硕德
13612	宏材大略 实繁有徒
1362	造成 安于现状 待机时间 瞒神弄鬼
13621	造成 瞒神弄鬼
13622	安于现状 待机时间
1363	耳朵 告知 食髓知味 胃口大开
13631	耳朵 告知 食髓知味 胃口大开
1364	姿态 靠在 耳光 鹤唳猿声 完事大吉
13641	靠在 耳光 瞒天昧地
13642	姿态 鹤唳猿声 完事大吉 鹤唳风声 家无二主
1365	考验 果于自信 老无所依 目无王法
13651	考验 果于自信 老无所依 目无王法
1366	老神在在 家喻户晓
13661	老神在在
13662	家喻户晓
1367	宣布 次日 家见户说 实与有力 瞒天大谎
13671	瞒天大谎
13672	宣布 次日 家见户说 实与有力
1368	特别是 富有
13681	特别是
13682	富有
1369	得天独厚 眼中有铁
13691	眼中有铁
13692	得天独厚
137	进一步 老一辈
1371	眼神坚定 军事管制
13711	眼神坚定
13712	军事管制
1372	果断 次数 字里行间 资格证书 安史之乱
13721	果断
13722	次数 字里行间 资格证书 安史之乱 五福临门
1373	宗师 家事国事 教一识百 牛口之下
13731	教一识百 牛口之下
13732	宗师 家事国事
1374	农民起义 鹤鸣之士 惩恶劝善
13742	农民起义 鹤鸣之士 惩恶劝善
1375	资料 冲了 造型简洁 瞒天讨价 卧榻之侧
13751	造型简洁 瞒天讨价 卧榻之侧
13752	资料 冲了 蜜里调油
1376	咨询 冲出 写出 先见之明 决一雌雄
13761	先见之明
13762	咨询 冲出 写出 决一雌雄 宅中图大
1377	进一步 考试 教无常师
13771	进一步 考试 教无常师
1378	告诉 耳边 进一步的 食品加工 鹤骨鸡肤
13781	告诉 耳边 进一步的 食品加工
13782	鹤骨鸡肤 富丽堂皇
1379	老一辈 卧榻之上
13791	老一辈 卧榻之上
138	农民工
1381	征文 象形文字
13812	征文 象形文字
1382	聊天打屁
13821	聊天打屁
1383	军事援助 冰天雪窑 五里雾中 宠辱皆忘 冷嘲热骂
13832	军事援助 冰天雪窑 五里雾中 宠辱皆忘 冷嘲热骂
1384	职工 农民工 冰天雪地 惩恶扬善 老天拔地
13841	职工 老天拔地
13842	农民工 冰天雪地 惩恶扬善
1385	姿势 脊髓损伤 眄视指使 瞒天要价 告一段落
13851	眄视指使 瞒天要价 告一段落
13852	姿势 脊髓损伤
1386	果然 写的 冲击 宗旨
13861	果然
13862	写的 冲击 宗旨
1387	鹤骨霜髯 字正腔圆 冷嘲热讽 鹤骨龙筋
13872	鹤骨霜髯 字正腔圆 冷嘲热讽 鹤骨龙筋
1388	靠近
13881	靠近
1389	征服 决一胜负 官样文章 盼望已久 老迈龙钟
13891	盼望已久 老迈龙钟
13892	征服 决一胜负 官样文章
1391	官复原职 聊复尔耳
13911	聊复尔耳
13912	官复原职
1392	鹄形鸟面 寡见少闻
13921	鹄形鸟面
13922	寡见少闻
1393	宝相庄严
13932	宝相庄严
1394	考虑 军事基地 资本市场
13941	考虑
13942	军事基地 资本市场
1395	资金 微机四伏 眼空四海
13951	眼空四海
13952	资金 微机四伏
1397	惩罚 先号后笑
13971	先号后笑
13972	惩罚
1398	先礼后兵
13981	先礼后兵
1399	先号后庆
13991	先号后庆
1411	宜商宜家 赛总决赛
14112	宜商宜家 赛总决赛
1412	眼睛 冷心冷面 畏首畏尾 愚夫愚妇
14121	眼睛 畏首畏尾 愚夫愚妇
14122	冷心冷面
1413	思考 特征 实缴资本 实收资本 老夫老妻
14131	思考 特征 老夫老妻
14132	实缴资本 实收资本
1414	往往 很累 徒子徒孙 告朔饩羊 安贫守道
14141	告朔饩羊 齐纨鲁缟
14142	往往 很累 徒子徒孙 安贫守道 安心定志
1415	眼眸 累土聚沙 累死累活 头高头低
14151	眼眸 累土聚沙 累死累活
14152	头高头低
1416	眼眶 塞翁得马
14161	眼眶
14162	塞翁得马
1418	特定 待遇 思维定势 安分守己 安分守已
14181	特定 思维定势
14182	待遇 安分守己 安分守已
1419	教室 饲养牲畜 饭前饭后 实心实意
14191	教室 饲养牲畜 饭前饭后
14192	实心实意
142	准备好
1422	安心乐业 安堵乐业 宁死不屈 安堵如故 冠盖如云
14222	安心乐业 安堵乐业 宁死不屈 安堵如故 冠盖如云
1423	很强 宁死不辱
14232	很强 宁死不辱
1424	很好 准备好 往来 五谷不分 畏缩不前
14241	畏缩不前 耳红面赤 赞声不绝
14242	很好 准备好 往来 五谷不分 五谷丰登
1425	军总司令 食欲不佳 审美疲劳 宁死不从 家贫如洗
14251	食欲不佳 臣心如水
14252	军总司令 审美疲劳 宁死不从 家贫如洗
1426	食盐适量 安贫乐贱
14261	食盐适量
14262	安贫乐贱
1427	进士及第 宾主尽欢 准备好了
14271	进士及第
14272	宾主尽欢 准备好了
1428	教育 食欲不振 目前来看 男尊女卑 五谷不升
14281	教育 食欲不振 目前来看 男尊女卑
14282	五谷不升
1429	五颜六色 安心乐意 五心六意
14292	五颜六色 安心乐意 五心六意
143	审判员 农产品
1431	思想 很想 惩羹吹齑 田夫野老
14311	思想 田夫野老
14312	很想 惩羹吹齑
1432	眼高于顶 五羊开泰 进退无门 完美无缺 完美无疵
14321	眼高于顶 进退无门
14322	五羊开泰 完美无缺 完美无疵
1433	往事 农产品 饱餐一顿 颐养天年 聊备一格
14331	饱餐一顿 颐养天年 聊备一格
14332	往事 农产品 冠盖相望
1434	怎样 眼中 眼前一亮 饮恨吞声 惩忿窒欲
14341	眼中 眼前一亮 饮恨吞声
14342	怎样 惩忿窒欲
1435	眼里 家道中落 德高望重 物欲横流 思绪万千
14351	眼里 物欲横流 思绪万千 教子无方 饿殍枕藉
14352	家道中落 德高望重 徇情枉法
1436	眼神 审判员 寓情于景 冠绝一时
14361	眼神
14362	审判员 寓情于景 冠绝一时
1437	特别 都惊呆了 思维模式 略逊一筹 家给民足
14371	特别 都惊呆了 思维模式 略逊一筹 略高一筹
14372	家给民足
1438	凌空 职级晋升 往死里打
14381	职级晋升
14382	凌空 往死里打
1439	眼下 往下 割地求和 思前想后 饿死事小
14391	眼下 思前想后 饿死事小
14392	往下 割地求和 宅心忠厚
144	男孩子 特朗普
1441	具备 瞪着 思绪 军备竞赛 特殊情况
14411	具备 瞪着 思绪 特殊情况
14412	军备竞赛 家境贫寒 家贫亲老
1442	瞳孔 特朗普 老爷爷 牛郎织女
14421	瞳孔 特朗普 老爷爷 牛郎织女
1444	很高 男孩子 教养 完美主义 准备就绪
14441	男孩子 教养 进退维谷 孝子慈孙
14442	很高 完美主义 准备就绪
1445	特性 特殊性 资产总值 盗憎主人
14451	特性 特殊性
14452	资产总值 盗憎主人
1446	很快 很美
14462	很快 很美
1447	齐心并力 目前为止 思乡情切
14471	齐心并力 目前为止 思乡情切
1448	眼前 特殊 思维 往前
14481	眼前 特殊 思维
14482	往前
1449	容颜 五子登科
14492	容颜 五子登科
145	很高兴 男子汉
1451	眼泪 察觉 教学 很深 饥餐渴饮
14511	眼泪 教学 饥餐渴饮
14512	察觉 很深 头童齿豁 家道从容
1452	思念 教会 怎会 造端倡始 安土重居
14521	思念 教会 造端倡始
14522	怎会 安土重居 兔丝燕麦
1453	具体 联合 很重 得道多助 食前方丈
14531	具体 联合 食前方丈
14532	很重 得道多助
1454	很高兴 食盐生产 饿殍满道 客死他乡 安土重旧
14541	食盐生产 饿殍满道
14542	很高兴 客死他乡 安土重旧 寒心消志
1455	很多 鲜花 男子举重 安土重迁
14551	男子举重
14552	很多 鲜花 安土重迁
1456	鲜为人知 饭坑酒囊
14561	饭坑酒囊
14562	鲜为人知
1457	男子汉 饱经沧桑 齐心併力 五谷杂粮 思维方式
14571	男子汉 饱经沧桑 齐心併力 思维方式 耳熟能详
14572	五谷杂粮 家给人足
1458	怎能
14582	怎能
1459	往外 物美价廉 齐心涤虑 密约偷期 宅心仁厚
14591	物美价廉 齐心涤虑
14592	往外 密约偷期 宅心仁厚 安心落意
1461	思索 容颜易老
14611	思索
14612	容颜易老
1462	联网 守土有责 老羞成怒
14621	联网 老羞成怒
14622	守土有责
1463	很大 凌晨 守经达权 安享晚年 饿殍遍野
14631	饿殍遍野 进退存亡
14632	很大 凌晨 守经达权 安享晚年
1464	眼光 待在 食欲大增 割地赔款 兔死狗烹
14641	眼光 食欲大增 饿殍载道 孝子顺孙
14642	待在 割地赔款 兔死狗烹 五羖大夫 径情直遂
1465	食盐专营 取予有节 得道成仙 先声夺人 教子有方
14651	食盐专营 取予有节 先声夺人 教子有方 取义成仁
14652	得道成仙
1466	容易 密码 田父献曝 牛高马大 宁为玉碎
14661	田父献曝 牛高马大 牛羊猪狗
14662	容易 密码 宁为玉碎 鱼死网破
1467	很远 往日 牛童马走 进退有常 食亲财黑
14671	牛童马走 进退有常 食亲财黑 齐心协力 特立独行
14672	很远 往日 兔死狐悲 径情直行 安分知足
1468	具有 聪明 很有 很是 联盟
14681	具有 聪明 联盟 饱经风霜 瞒心昧己
14682	很有 很是 鲜明 容貌
1469	徙善远罪 宽怀大度
14692	徙善远罪 宽怀大度
147	很喜欢 审判长
1471	实缴出资
14712	实缴出资
1472	很长 审判长 造端讬始 鹤立鸡群 鹤处鸡群
14721	造端讬始
14722	很长 审判长 鹤立鸡群 鹤处鸡群
1473	教师 很喜欢 牧师 男孩儿 宁为鸡口
14731	教师 牧师 男孩儿
14732	很喜欢 宁为鸡口
1474	孝子贤孙
14741	孝子贤孙
1475	累了
14751	累了
1476	教训 累计 循规蹈矩
14761	教训 累计
14762	循规蹈矩
1477	思路 眼皮 密切 审慎监管 馈贫之粮
14771	思路 眼皮 馈贫之粮
14772	密切 审慎监管
1478	很难 田父之功 免怀之岁 眦裂发指
14781	田父之功 眦裂发指
14782	很难 免怀之岁
1479	察颜观色
14792	察颜观色
1481	眼看 瞎子摸象 瞎子摸鱼
14811	眼看 瞎子摸象 瞎子摸鱼
1482	鲜血 目前看来 鼎新革故
14821	目前看来 鼎新革故
14822	鲜血
1484	联系 客死异乡 资产阶级 五经扫地
14841	联系
14842	客死异乡 资产阶级 五经扫地
1485	怎么 教导 眼高手低
14851	教导 眼高手低
14852	怎么
1486	考绩幽明 安良除暴 塞翁失马
14861	考绩幽明
14862	安良除暴 塞翁失马
1487	联手 思维导图
14871	联手 思维导图
1488	教练指导 寒冬腊月 进退失据 彼竭我盈 目送手挥
14881	教练指导 进退失据 目送手挥
14882	寒冬腊月 彼竭我盈 富埒陶白
1489	教授 惩前毖后
14891	教授
14892	惩前毖后
149	徐志摩
1491	先声后实 割地称臣
14911	先声后实
14912	割地称臣
1492	眼底 先忧后乐
14921	眼底 先忧后乐
1493	特点 往后 凌厉 往上 塞维利亚
14931	特点 老夫少妻
14932	往后 凌厉 往上 塞维利亚 寄予厚望
1494	很久 特意 寒心销志
14941	特意
14942	很久 寒心销志
1495	累块积苏
14951	累块积苏
1496	特色 寒心酸鼻
14961	特色
14962	寒心酸鼻
1497	食盐少许 具竞争力 五谷轮回 勉为其难 齐心戮力
14971	食盐少许 具竞争力 齐心戮力
14972	五谷轮回 勉为其难
1498	很少 眼角 徐志摩 愚公移山 累土至山
14981	眼角 愚公移山 累土至山
14982	很少 徐志摩 冰壶秋月 得心应手
1499	眼镜 很小 额首称庆 先公后私 瞻前顾后
14991	眼镜 先公后私 瞻前顾后 瞻情顾意
14992	很小 额首称庆
151	老人家 微生物
1511	老实 进入教室 案剑瞋目 次生灾害
15111	老实 进入教室
15112	案剑瞋目 次生灾害
1512	得寸进尺
15122	得寸进尺
1513	睡眠 宏伟目标 眠花宿柳 眠花卧柳
15131	睡眠 眠花宿柳 眠花卧柳
15132	宏伟目标
1514	宽容 冰凉 家具 寄兴寓情
15142	宽容 冰凉 家具 寄兴寓情
1515	冰冷 冷冷 老家 老人家 饮水思源
15151	老家 老人家 饮水思源 耳濡目染 目使颐令
15152	冰冷 冷冷 很多很多
1516	老头 老者 睡得 微生物 教学教研
15161	老头 老者 睡得 教学教研
15162	微生物 宿水飡风 得人者昌
1517	造价咨询 很多次了 凌波微步 官仓老鼠
15171	造价咨询
15172	很多次了 凌波微步 官仓老鼠
1518	彷徨 瞄准 冷若冰霜 害人害己 安份守己
15181	瞄准
15182	彷徨 冷若冰霜 害人害己 安份守己 安坐待毙
1519	徒劳往返
15192	徒劳往返
1521	循名责实 五合六聚
15212	循名责实 五合六聚
1522	安生乐业 官法如炉
15222	安生乐业 官法如炉
1523	宽恕 聚众闹事
15231	聚众闹事
15232	宽恕
1524	牢什古子 男人不坏 老而不死 畏葸不前 老莱娱亲
15241	男人不坏 老而不死 畏葸不前 老莱娱亲
15242	牢什古子
1525	睡个好觉 遇人不淑 害人不浅 遇佛杀佛 食而不化
15251	睡个好觉 遇人不淑 遇佛杀佛 食而不化
15252	害人不浅 往渚还汀
1526	老妈 冷门 家世背景 完全不同
15261	老妈
15262	冷门 家世背景 完全不同
1527	老而弥坚
15271	老而弥坚
1528	冷静 家属 军令如山 安若泰山
15282	冷静 家属 军令如山 安若泰山
1529	冯生弹铗
15292	冯生弹铗
153	很清楚 很多事
1531	安营下寨 物华天宝 头没杯案
15311	物华天宝
15312	安营下寨 头没杯案
1532	告贷无门
15321	告贷无门
1533	很清楚 很多事 取信于民
15331	取信于民
15332	很清楚 很多事
1534	家中 冷哼 冷水机组 冷漠无情 很多年前
15341	饮泣吞声 牧豕听经
15342	家中 冷哼 冷水机组 冷漠无情 很多年前
1535	家里 造假事件 靠水吃水 得过且过 徒劳无益
15351	造假事件 靠水吃水 饮水啜菽
15352	家里 得过且过 徒劳无益 资深望重 寂若无人
1536	官员 老天
15361	老天
15362	官员
1537	教学楼 宿舍楼 教学相长
15371	教学楼 教学相长
15372	宿舍楼
1538	聆听 老年 很多年 徒劳无功 得而复失
15381	聆听 老年
15382	很多年 徒劳无功 得而复失
1539	老板 象齿焚身 聚敛无厌
15391	老板 聚敛无厌
15392	象齿焚身
154	安全性 得人心
1541	睡着 守着
15411	睡着
15412	守着
1542	老爷 老爹 制药公司 眼花缭乱 微过细故
15421	老爷 老爹 制药公司 眼花缭乱 进寸退尺
15422	微过细故 五花八门
1543	老夫 老泪纵横 额外主事
15431	老夫 老泪纵横
15432	额外主事
1544	老子 眸子 老婆子 官僚主义 先入为主
15441	老子 眸子 老婆子 先入为主
15442	官僚主义
1545	老公 老去 安全性 齐名并价 馋涎欲滴
15451	老公 老去 齐名并价 馋涎欲滴 进旅退旅
15452	安全性
1546	宿主 思深忧远 宿水餐风
15461	思深忧远
15462	宿主 宿水餐风
1549	家乡 得人心 资深编辑
15492	家乡 得人心 资深编辑
155	很多人 老婆婆
1551	睡觉 安全带 取保候审 冷水浇头 老僧入定
15511	睡觉 取保候审 老僧入定 具体而微
15512	安全带 冷水浇头 德薄能鲜
1552	家伙 宿舍 冷淡 先生们 联合会
15521	先生们 联合会
15522	家伙 宿舍 冷淡 冷水浇背
1553	家族 冷汗 官方 冰淇淋 资深演员
15531	聚众滋事 眠花藉柳
15532	家族 冷汗 官方 冰淇淋 资深演员
1554	守候 资源供给 五方杂处
15542	守候 资源供给 五方杂处
1555	冷漠 宫泽佐江 家学渊源 完名全节 待价而沽
15551	眼泪汪汪
15552	冷漠 宫泽佐江 家学渊源 完名全节 待价而沽
1556	宽洪海量 待价藏珠
15562	宽洪海量 待价藏珠
1557	老人 很多人 家人 老婆 老婆婆
15571	老人 老婆 老婆婆 取而代之
15572	很多人 家人 资治通鉴 宏伟蓝图 鱼贯而出
1558	饮河满腹
15581	饮河满腹
1559	造价低廉 徒劳而返
15591	造价低廉
15592	徒劳而返
156	都没有 安全感
1561	资深专家
15612	资深专家
1562	睦邻友好 察今知古
15621	睦邻友好
15622	察今知古
1563	老大 安全感 寥若星辰 饿莩遍野
15631	老大 饿莩遍野
15632	安全感 寥若星辰
1564	家在 睡在 聚沙成塔 造茧自缚 饿莩载道
15641	睡在 聚沙成塔 造茧自缚 饿莩载道
15642	家在
1565	制作环节 耳满鼻满 牛溲马渤 盗名暗世 冰清玉洁
15651	制作环节 耳满鼻满 牛溲马渤 造化弄人
15652	盗名暗世 冰清玉洁 宏儒硕学 寒花晚节 冰清玉润
1566	宽洪大量 聚众赌博 寥若晨星 牛溲马勃
15661	聚众赌博 牛溲马勃
15662	宽洪大量 寥若晨星
1567	赞誉有加 五世同堂
15671	赞誉有加
15672	五世同堂
1568	都没有 家有 老是 资源有限 教学医院
15681	都没有 老是 教学医院 造作矫揉
15682	家有 资源有限 德薄才疏
1569	宽洪大度 得偿所愿 宽仁大度 鹡鸰在原
15692	宽洪大度 得偿所愿 宽仁大度 鹡鸰在原
157	联合国 待会儿
1571	宁做鸡头
15712	宁做鸡头
1572	家长 食药监局 德重恩弘 蜜汁叉烧 宫保鸡丁
15721	食药监局
15722	家长 德重恩弘 蜜汁叉烧 宫保鸡丁 寡人之疾
1573	老师 待会儿 寄人篱下 安全起见 先入之见
15731	老师 先入之见 齐人之福
15732	待会儿 寄人篱下 安全起见 安全第一
1574	凌杂米盐 冥漠之乡 饱学之士 德艺双馨 象牙之塔
15741	饱学之士
15742	凌杂米盐 冥漠之乡 德艺双馨 象牙之塔
1575	睡了 老了 饥渴难耐 五劳七伤 思潮起伏
15751	睡了 老了 饥渴难耐 思潮起伏
15752	五劳七伤 头会箕敛
1576	联合国 头会箕赋 容人之量
15761	联合国
15762	头会箕赋 容人之量
1577	老鼠 净值计算 鱼水之欢 老生常谈 微薄之力
15771	老鼠 老生常谈
15772	净值计算 鱼水之欢 微薄之力
1578	冷笑 卧薪尝胆 冗余数据
15781	卧薪尝胆
15782	冷笑 冗余数据
1579	制作简历 塞浦路斯 冰消瓦解 彼倡此和
15791	制作简历
15792	塞浦路斯 冰消瓦解 彼倡此和
158	很重要 牛仔裤
1581	待人接物 安营扎寨 彼众我寡
15812	待人接物 安营扎寨 彼众我寡
1582	很重要 安生服业 凑个热闹
15822	很重要 安生服业 凑个热闹
1583	资深股民 五洋捉鳖
15832	资深股民 五洋捉鳖
1584	五体投地 实获我心
15842	五体投地 实获我心
1585	制假售假
15851	制假售假
1586	守护
15862	守护
1587	家族势力 安全系数 待人以诚
15872	家族势力 安全系数 待人以诚
1588	减值损失 五斗折腰 凄入肝脾
15882	减值损失 五斗折腰 凄入肝脾
1589	牛仔裤 齐人攫金 头重脚轻 定倾扶危
15891	牛仔裤 齐人攫金
15892	头重脚轻 定倾扶危
1591	老婆当军 冤假错案 先花后果
15911	老婆当军 先花后果
15912	冤假错案
1592	先苦后甜 搴旗斩将
15921	先苦后甜
15922	搴旗斩将
1593	徙薪曲突 次贷危机 眠花醉柳
15931	眠花醉柳
15932	徙薪曲突 次贷危机
1594	老虎 客源市场 累苏积块
15941	老虎 累苏积块
15942	客源市场
1595	军节度使 五湖四海 先河后海 盗名欺世
15951	先河后海
15952	军节度使 五湖四海 盗名欺世
1596	五世其昌
15962	五世其昌
1597	造化小儿 物伤其类
15971	造化小儿 物伤其类
1598	家庭 免伤和气 先人后己 饮水曲肱
15981	先人后己 饮水曲肱
15982	家庭 免伤和气
1599	都注意到 宫邻金虎
15991	都注意到
15992	宫邻金虎
161	实验室
1611	睁大眼睛 头晕目眩
16111	睁大眼睛
16112	头晕目眩
1612	略有耳闻
16121	略有耳闻
1613	物资 实验室里 循环往复
16131	物资
16132	实验室里 循环往复
1614	得很 都很 家有家规 待时守分
16141	都很
16142	得很 家有家规 待时守分
1615	先知先觉 头晕眼花
16151	先知先觉
16152	头晕眼花
1616	宝宝 都得 实验室有 实时取景 客套客套
16161	都得
16162	宝宝 实验室有 实时取景 客套客套
1617	实时资讯 实验实训 食肉寝皮
16171	食肉寝皮
16172	实时资讯 实验实训
1618	决定 实验室用 凄风寒雨 凄风冷雨
16182	决定 实验室用 凄风寒雨 凄风冷雨
1619	冠军 实验室 割肉饲虎
16192	冠军 实验室 割肉饲虎
1621	头顶 实验效果 实验动物 乍暖还寒
16212	头顶 实验效果 实验动物 乍暖还寒
1622	都不 决不 目光炯炯 目光灼灼 目光闪烁
16221	都不 目光炯炯 目光灼灼 目光闪烁 目光如炬
16222	决不 冥顽不灵
1623	很有帮助 五内如焚 食玉炊桂
16231	食玉炊桂
16232	很有帮助 五内如焚
1624	得好 头疼
16242	得好 头疼
1625	头痛 实时交通
16252	头痛 实时交通
1626	宝贵 实时交易 家大业大 很成问题 男左女右
16261	男左女右 男才女貌
16262	宝贵 实时交易 家大业大 很成问题 待理不理
1627	实验剧团 略显不足 果真如此 容光焕发 目光如鼠
16271	略显不足 果真如此 目光如鼠 牧猪奴戏
16272	实验剧团 容光焕发
1628	牛奶 都还 五黄六月 微显阐幽
16281	牛奶 都还
16282	五黄六月 微显阐幽
1629	物业 冯驩弹铗 冷灰爆豆 老大不小 馔玉炊金
16291	物业 老大不小 馔玉炊金 目光如豆
16292	冯驩弹铗 冷灰爆豆
1631	都想 很有嚼头
16311	都想
16312	很有嚼头
1632	牡丹虽好 家有敝帚 男大须婚
16321	牡丹虽好 男大须婚
16322	家有敝帚
1633	目标 物品 寒风刺骨
16331	目标 物品
16332	寒风刺骨
1634	实验中心 豁达开朗
16342	实验中心 豁达开朗
1635	审核 实验中学 考研究生 家财万贯 往日无怨
16351	考研究生 聪明一世
16352	审核 实验中学 家财万贯 往日无怨 姿态万千
1636	审查 愚昧无知 聪明正直 老大无成 眼内无珠
16361	愚昧无知 聪明正直 老大无成 眼内无珠
16362	审查 五日一石
1637	聚在一起 准确无误
16371	聚在一起
16372	准确无误
1638	寒灰更然 凄风楚雨
16382	寒灰更然 凄风楚雨
1639	瞬息万变 耳鼻喉科 食日万钱 畏影恶迹 老成见到
16391	瞬息万变 耳鼻喉科 食日万钱 畏影恶迹 老成见到
164	很奇怪 眼珠子
1641	实验结果 饰智矜愚 齐驱并进 畏威怀德
16411	饰智矜愚 齐驱并进 畏威怀德
16412	实验结果
1642	老大爷 实时公交 额蹙心痛 五马分尸 聪明绝顶
16421	老大爷 聪明绝顶 牛星织女
16422	实时公交 额蹙心痛 五马分尸
1643	家有喜事 实验高中 实时分析
16432	家有喜事 实验高中 实时分析
1644	完善 眼珠子 德才兼备 眼明心亮 宽大为怀
16441	眼珠子 眼明心亮
16442	完善 德才兼备 宽大为怀
1645	都给 准确性 宽猛并济 五星红旗
16451	都给
16452	准确性 宽猛并济 五星红旗
1646	完美 都快 很有道理 齐驱并骤 老成练达
16461	都快 齐驱并骤 老成练达
16462	完美 很有道理 安时处顺
1647	很奇怪 教研组长 齐驱并驾 五日京兆
16471	教研组长 齐驱并驾
16472	很奇怪 五日京兆
1648	目前 审判 客户端 很有必要
16481	目前
16482	审判 客户端 很有必要
1649	决心
16492	决心
165	老太婆 物理学
1651	物理学 男同学 物理学家 齐王舍牛 饮灰洗胃
16511	物理学 男同学 物理学家 齐王舍牛 饮灰洗胃
1652	都会 物流 都有涉及 冥昭瞢闇 剜肉生疮
16521	都会 物流 都有涉及
16522	冥昭瞢闇 剜肉生疮 剜肉做疮 待时而动
1653	物体 实时价格 实验学校 老骥伏枥 家破人亡
16531	物体 老骥伏枥 物在人亡
16532	实时价格 实验学校 家破人亡 五内俱焚
1654	得住 家在深圳 饭囊酒瓮 很有个性 睹景伤情
16541	饭囊酒瓮 睹景伤情
16542	得住 家在深圳 很有个性
1655	得多 准大学生 男大学生 实时通信 聪明伶俐
16551	男大学生 聪明伶俐 聪明过人 食辨劳薪
16552	得多 准大学生 实时通信
1656	完全 实时信息 实时消息
16562	完全 实时信息 实时消息
1657	都没 老太婆 实景演出 很感兴趣 饶有兴趣
16571	都没 老太婆 饶有兴趣 物是人非
16572	实景演出 很感兴趣
1658	都能 得过 瞰瑕伺隙 凄风苦雨 牢骚满腹
16581	都能 瞰瑕伺隙
16582	得过 凄风苦雨 牢骚满腹 五内俱崩 寒风侵肌
1659	都感觉到 饶有兴致 饭囊酒甕 愚昧落后 联翩而至
16591	都感觉到 饶有兴致 饭囊酒甕 愚昧落后 联翩而至
166	实在是 老太太
1661	牛黄狗宝 宏才大略
16611	牛黄狗宝
16612	宏才大略
1662	完成 宝贝 很明显 眼巴巴 富有成效
16621	眼巴巴 老有所乐 聪明智慧
16622	完成 宝贝 很明显 富有成效 剜肉成疮
1663	审理 得知 物理 实验显示 牛骥同槽
16631	物理 牛骥同槽
16632	审理 得知 实验显示
1664	目光 都在 老太太 宝玉 实时在线
16641	目光 都在 老太太 老有所为 老有所终
16642	宝玉 实时在线 实在是高
1665	物有所值 老有所依 目光短浅
16651	物有所值 老有所依 目光短浅
1666	聪明才智 冷暖自知
16661	聪明才智
16662	冷暖自知
1667	先验知识 实验验证 富在知足 饶有风趣
16671	先验知识 饶有风趣
16672	实验验证 富在知足
1668	都是 都有 实在是 实时直播 牛骥同皁
16681	都是 都有 牛骥同皁 牛骥同皂
16682	实在是 实时直播 五风十雨
1669	五光十色 豁达大度 老王卖瓜
16691	老王卖瓜
16692	五光十色 豁达大度
167	宝贝儿
1671	睁大双眼 牢狱之灾
16711	睁大双眼
16712	牢狱之灾
1672	食戟之灵 瞬息之间 齐大非耦
16721	食戟之灵 瞬息之间 齐大非耦
1673	决策 宝贝儿 龟玉毁椟 安知非祸 安知非福
16731	耳顺之年
16732	决策 宝贝儿 龟玉毁椟 安知非祸 安知非福
1674	都说 实验设备 聪明之处
16741	都说 聪明之处
16742	实验设备
1675	得了 完了 瞎马临池 老马识途 齐大非偶
16751	瞎马临池 老马识途 齐大非偶
16752	得了 完了
1676	得出 审计 德国 实验步骤 目光长远
16761	目光长远
16762	得出 审计 德国 实验步骤
1677	头发 头皮 实验设计 实时监管 齐量等观
16771	齐量等观
16772	头发 头皮 实验设计 实时监管
1678	实验数据 实时数据 冠冕堂皇 家贼难防
16782	实验数据 实时数据 冠冕堂皇 家贼难防
1679	实时语音 实时调整 塞内加尔
16792	实时语音 实时调整 塞内加尔
1682	都要 先自隗始 剜肉补疮 割肉补疮
16821	都要 先自隗始
16822	剜肉补疮 割肉补疮
1683	实验技术 教猱升木
16831	教猱升木
16832	实验技术
1684	都已 得失 很早以前 眼明手快
16841	都已 眼明手快
16842	得失 很早以前
1685	得以 老成持重 安内攘外 头破血流
16851	老成持重
16852	得以 安内攘外 头破血流
1686	目的 减肥
16861	目的
16862	减肥
1687	都被 实时追踪 五大三粗 饭囊衣架 头破血出
16871	都被 饭囊衣架
16872	实时追踪 五大三粗 头破血出
1688	完毕 审批 实时指导 实验阶段 具有降脂
16881	具有降脂 牛马襟裾
16882	完毕 审批 实时指导 实验阶段
1689	头脑 饮马投钱 吾日三省 老态龙钟
16891	饮马投钱 老态龙钟
16892	头脑 吾日三省
1691	宝珠市饼 男大当娶
16911	男大当娶
16912	宝珠市饼
1692	头颅 实验音乐 男大当婚 徒有其表
16921	男大当婚
16922	头颅 实验音乐 徒有其表
1693	头上 五短身材 老马恋栈
16931	老马恋栈
16932	头上 五短身材
1694	完整 得意 很有意境 很有意义
16942	完整 得意 很有意境 很有意义
1695	实验小学 徒有虚名 很有可能 徒有其名
16952	实验小学 徒有虚名 很有可能 徒有其名
1696	物质 实时到账 眼冒金星
16961	物质 眼冒金星
16962	实时到账
1697	得到 得罪 减轻 都市 实验小鼠
16971	都市
16972	得到 得罪 减轻 实验小鼠 实则虚之
1698	减少 实时应用 审时度势 宁有种乎
16982	减少 实时应用 审时度势 宁有种乎
1699	宝马香车
16992	宝马香车
1711	安国宁家 造因得果 眯了眯眼
17111	造因得果 眯了眯眼
17112	安国宁家
1712	实践教育 联篇累牍 定国安邦 安常守故
17121	联篇累牍
17122	实践教育 定国安邦 安常守故
1713	制造 五笔字型 安国富民 定了定神 牝鸡牡鸣
17131	制造 牝鸡牡鸣
17132	五笔字型 安国富民 定了定神 富国安民
1714	安常守分
17142	安常守分
1715	老师宿儒 先发制人 头出头没 冷语冰人
17151	老师宿儒 先发制人
17152	头出头没 冷语冰人
1716	取得 食物 额头 免得 进行实验
17161	取得 食物 进行实验
17162	额头 免得 宰鸡教猴
1717	徘徊 冷言冷语 进谗害贤 彼之蜜糖 吾之蜜糖
17171	进谗害贤 先圣先师 牛刀割鸡
17172	徘徊 冷言冷语 彼之蜜糖 吾之蜜糖 罕言寡语
1718	制定 略微 先进 决策者的 密切联系
17181	制定 略微 先进
17182	决策者的 密切联系 德言容功
1719	教师职称 目迷五色 田园牧歌
17191	教师职称 目迷五色 田园牧歌
1721	宝刀未老 宝刀不老
17212	宝刀未老 宝刀不老
1722	取之不尽
17221	取之不尽
1723	勉强 寓言故事
17232	勉强 寓言故事
1724	冗词赘句
17242	冗词赘句
1725	决断如流 思贤如渴
17251	思贤如渴
17252	决断如流
1726	男女 安常履顺 牝鸡司旦 牝鸡司晨
17261	男女 牝鸡司旦 牝鸡司晨
17262	安常履顺
1727	很了不起 眼观六路
17271	眼观六路
17272	很了不起
1728	富国强兵 鲁难未已
17282	富国强兵 鲁难未已
1729	五行属金 老之将至 男欢女爱
17291	老之将至 男欢女爱
17292	五行属金
173	实践中 进出口
1731	牛蹄中鱼 很难想象 瞟了一眼 客观事实 鹤发松姿
17311	牛蹄中鱼 瞟了一眼
17312	很难想象 客观事实 鹤发松姿 实言相告
1733	食品 取之于民 鼎力相助 家国天下 聊了一下
17331	食品 取之于民 鼎力相助 聊了一下
17332	家国天下 富甲天下
1734	实践中 资讯中心 密切相关 颗粒无收 安忍无亲
17341	颗粒无收
17342	实践中 资讯中心 密切相关 安忍无亲 家鸡野鹜
1735	徒刑 进出口 睡了一会 造谣中伤 富甲一方
17351	进出口 睡了一会 造谣中伤
17352	徒刑 富甲一方 兔起鹘落 逸趣横生
1736	先天 审计助理 冥行盲索 家长里短 家鸡野雉
17361	先天
17362	审计助理 冥行盲索 家长里短 家鸡野雉
1737	赞叹 官止神行 齐东野语
17371	赞叹 齐东野语
17372	官止神行
1738	待办事项 牛之一毛
17381	牛之一毛
17382	待办事项
1739	餔糟啜醨
17391	餔糟啜醨
174	很简单
1741	很简单 眼观为实 造因结果 御驾亲征 客观规律
17411	眼观为实 造因结果
17412	很简单 御驾亲征 客观规律 客观情况
1742	徒读父书
17422	徒读父书
1743	五行并下
17432	五行并下
1744	男子 冻结 实践总结 军国主义 思断义绝
17441	男子 思断义绝 畏难情绪 聚讼纷纭 累瓦结绳
17442	冻结 实践总结 军国主义 鹤发童颜 家国情怀
1745	男孩 男性 先去 客观条件 宏观经济
17451	男孩 男性 先去
17452	客观条件 宏观经济 密切关注 五行八作
1746	赞美 制约 实践经验 齐足并驱 安常处顺
17461	赞美 制约 齐足并驱
17462	实践经验 安常处顺
1747	老师主讲 豁出去了 物力维艰 齐趋并驾
17471	老师主讲 物力维艰 齐趋并驾
17472	豁出去了
1748	先前 徒弟 资料收集 井臼亲操 聚米为山
17481	先前 井臼亲操 聚米为山
17482	徒弟 资料收集
1751	制作 家常便饭
17511	制作
17512	家常便饭
1752	聚会 联谊活动 实践活动 老调重弹 安之若素
17521	聚会 联谊活动 老调重弹
17522	实践活动 安之若素 鹤归华表
1753	选重 造谣生事 思之千里 聚精会神 造言生事
17531	选重 造谣生事 思之千里 聚精会神 造言生事
1754	选举 鼎足而立
17541	选举 鼎足而立
1755	实践价值 饭粝茹蔬 冰糖葫芦 灾难深重 选贤任能
17551	饭粝茹蔬 选贤任能 饭糗茹草
17552	实践价值 冰糖葫芦 灾难深重 安之若命
1757	男人 先生 男生 客人 取代
17571	男人 先生 男生 取代 都记住了
17572	客人 实践能力 鲜蹦活跳
1758	先发优势 案甲休兵 鼎足而三 食言而肥
17581	先发优势 鼎足而三 食言而肥
17582	案甲休兵
1759	取消 头足倒置
17591	取消
17592	头足倒置
1761	径直
17612	径直
1762	很长时间
17622	很长时间
1763	实践研究 造谋布穽 遇难成祥 牝鸡晨鸣 象箸玉杯
17631	造谋布穽 遇难成祥 牝鸡晨鸣
17632	实践研究 象箸玉杯
1764	客户 微言大义 取之有道 宏图大志 案发现场
17641	取之有道 教儿婴孩
17642	客户 微言大义 宏图大志 案发现场
1765	物超所值
17651	物超所值
1766	田园风光
17661	田园风光
1767	男友 微言大谊 累足成步
17671	男友 累足成步
17672	微言大谊
1768	先是 造谋布阱 彼之砒霜 吾之砒霜
17681	先是 造谋布阱
17682	彼之砒霜 吾之砒霜
1769	很难理解
17692	很难理解
177	很难说
1771	盗跖之物 牛蹄之鱼
17711	牛蹄之鱼
17712	盗跖之物
1772	鹤困鸡群 头皮发炸 客观因素
17722	鹤困鸡群 头皮发炸 客观因素
1773	客观 略识之无
17731	略识之无
17732	客观
1774	很难说 割恩断义 鱼米之乡 五言长城
17742	很难说 割恩断义 鱼米之乡 五言长城
1775	牛蹄之涔 造谣惑众
17751	牛蹄之涔 造谣惑众
1776	取出 物料管理 实践证明
17761	取出 物料管理
17762	实践证明
1777	鹤发鸡皮 察言观行
17772	鹤发鸡皮 察言观行
1778	彼此 资讯数据 实证数据 鼎足之势 宏观调控
17781	鼎足之势
17782	彼此 资讯数据 实证数据 宏观调控
1779	先行 察言观色 头皮发麻
17791	先行
17792	察言观色 头皮发麻
178	老东西
1781	客气 耶路撒冷 犒赏三军
17811	耶路撒冷 犒赏三军
17812	客气
1782	律师执业 鱼跃龙门 取精用弘
17821	取精用弘
17822	律师执业 鱼跃龙门
1783	聚集
17831	聚集
1784	得之我幸 五迷三道 冥行擿埴 鼎足三分
17841	鼎足三分
17842	得之我幸 五迷三道 冥行擿埴
1785	实践操作
17852	实践操作
1786	免费 男的 先把 取长补短
17861	男的 先把 取长补短
17862	免费
1787	选择 选手 冷言热语 造言捏词
17871	选择 选手 造言捏词
17872	冷言热语
1788	咨询指导 进行指导
17881	进行指导
17882	咨询指导
1789	客服 彼岸 老东西 耳鬓撕磨
17891	老东西 耳鬓撕磨
17892	客服 彼岸
1792	彻底 客厅 先断后闻 先行后闻 安常习故
17921	先断后闻 先行后闻
17922	彻底 客厅 安常习故 兔走乌飞
1793	先后 眼皮底下 先笑后号
17931	先后 眼皮底下 先笑后号
1794	实践意义 象简乌纱 物归原主
17941	物归原主
17942	实践意义 象简乌纱
1795	制度 兔起凫举 先难后获
17951	制度 先难后获
17952	兔起凫举
1796	鹤长凫短
17962	鹤长凫短
1797	牛刀小试 寡言少语 眼观四路 客观原因
17971	牛刀小试 眼观四路
17972	寡言少语 客观原因
1798	实践应用 牢甲利兵
17982	实践应用 牢甲利兵
1799	耳鬓斯磨 安步当车 耳鬓厮磨 盱衡厉色
17991	耳鬓斯磨 耳鬓厮磨 盱衡厉色
17992	安步当车
181	守护者
1812	头焦额烂 聊以塞责 家翻宅乱 目击耳闻
18121	聊以塞责 目击耳闻
18122	头焦额烂 家翻宅乱
1814	眨眼 饱以老拳
18141	眨眼 饱以老拳
1815	牺牲 宽以待人
18151	牺牲
18152	宽以待人
1816	守护者 田忌赛马 冰雪聪明 饥附饱飏 龟龙鳞凤
18161	田忌赛马 饥附饱飏
18162	守护者 冰雪聪明 龟龙鳞凤
1817	凝聚 怎么得了 得胜头回
18172	凝聚 怎么得了 得胜头回
1818	微微 安排安排 安抚安抚 联系联系 客气客气
18181	联系联系 眠霜卧雪
18182	微微 安排安排 安抚安抚 客气客气
1819	耶稣 教授职称 实报实销 龟毛兔角 官卑职小
18191	耶稣 教授职称
18192	实报实销 龟毛兔角 官卑职小
182	凑热闹
1821	微弱 冷血动物 牛衣病卧
18211	牛衣病卧
18212	微弱 冷血动物
1822	造山运动 寂然不动 安然如故
18221	造山运动
18222	寂然不动 安然如故
1823	头把交椅
18232	头把交椅
1824	进来 愚蠢 物以群分 割股疗亲
18241	进来 愚蠢 物以群分
18242	割股疗亲
1825	进展 五六 耳提面命
18251	进展 耳提面命
18252	五六
1826	进门 鲜衣怒马 目露凶光 眼露凶光
18261	进门 目露凶光 眼露凶光
18262	鲜衣怒马
1827	实用建议 实际支出 冰炭不言 怎么不行 果然如此
18271	果然如此
18272	实用建议 实际支出 冰炭不言 怎么不行 龟龙片甲
1828	五脏六腑 冰炭不投
18282	五脏六腑 冰炭不投
1829	农业 凑热闹 宁折不弯 吾膝如铁
18292	农业 凑热闹 宁折不弯 吾膝如铁
183	怎么样
1831	靠脸吃饭 物阜民安
18311	靠脸吃饭 物阜民安
1832	徒费唇舌
18322	徒费唇舌
1833	凝视 往肚里咽 聊胜于无 安然无事
18331	聊胜于无
18332	凝视 往肚里咽 安然无事
1834	怎么样 军用机场 免费午餐 安然无恙 豁然开朗
18342	怎么样 军用机场 免费午餐 安然无恙 豁然开朗
1835	遇见 农村 进口 瞧见 遇袭事件
18351	遇见 进口 瞧见 遇袭事件
18352	农村 寒气逼人 割据一方
1836	农民
18362	农民
1837	略胜一筹 怎么样了 徒托空言 聊胜一筹 宝山空回
18371	略胜一筹 聊胜一筹 齐集于此
18372	怎么样了 徒托空言 宝山空回
1838	五年 五百 食指中指 靠山吃山 宽打窄用
18381	食指中指 靠山吃山
18382	五年 五百 宽打窄用
1839	冰山一角 五险一金 五陵年少 得陇望蜀 老气横秋
18391	老气横秋
18392	冰山一角 五险一金 五陵年少 得陇望蜀 额手相庆
184	都已经 怎么就
1841	准备 眼看着 怎么着 宣誓就职 制的规定
18411	眼看着 制的规定 先悉必具
18412	准备 怎么着 宣誓就职 鲜衣美食
1842	定义 聚焦主业 冰释前嫌
18421	聚焦主业
18422	定义 冰释前嫌
1843	五条 目的地 实用新型 累月经年 徒费心神
18431	目的地 累月经年
18432	五条 实用新型 徒费心神
1844	兔子 实用主义 实用性高 特拉维夫
18441	特拉维夫
18442	兔子 实用主义 实用性高
1845	进去 定性 选择性 客随主便
18451	进去 选择性
18452	定性 客随主便
1846	鲜衣良马 宿雨餐风
18462	鲜衣良马 宿雨餐风
1847	都已经 五分 教授主讲
18471	都已经 教授主讲
18472	五分
1848	减脂增肌 聊斋志异 先我着鞭 牛毛细雨 目挑心招
18481	聊斋志异 先我着鞭 牛毛细雨 目挑心招
18482	减脂增肌
1849	它就 怎么就
18492	它就 怎么就
185	怎么会 冲击波
1851	五千 它的旋律 安然入睡 安然入眠
18512	五千 它的旋律 安然入睡 安然入眠
1852	它们 怎么会 定会 冠袍带履
18522	它们 怎么会 定会 冠袍带履
1853	凝重 进而 饮用水中 决胜千里 凄然泪下
18531	进而 饮用水中
18532	凝重 决胜千里 凄然泪下
1854	五个 定位 得失参半
18542	五个 定位 得失参半
1855	食用蔬菜 实用价值 实用生活 鲜血淋漓 鱼龙混杂
18551	食用蔬菜
18552	实用价值 实用生活 鲜血淋漓 鱼龙混杂 五脏俱全
1857	微信 冲击波 实用英语 食用酒精 联系方式
18571	食用酒精 联系方式 齐抓共管 老掉牙了
18572	微信 冲击波 实用英语 微文深诋
1858	进入 进化 定能 页岩油气 饮血茹毛
18581	进入 进化 饮血茹毛
18582	定能 页岩油气
1859	定要注意 宾朋满座 联袂而至
18591	联袂而至
18592	定要注意 宾朋满座
186	男朋友 老朋友
1861	宵衣旰食
18612	宵衣旰食
1862	微风 待的时间 煮的时间 得抑郁症 食指大动
18621	煮的时间 食指大动 聊以自慰 聊以自娱
18622	微风 待的时间 得抑郁症
1863	冰肌玉骨 家用电器
18632	冰肌玉骨 家用电器
1864	怎么知道 头撞南墙
18642	怎么知道 头撞南墙
1865	安然自若 教导有方 察己知人
18651	教导有方
18652	安然自若 察己知人
1866	微博 冷热自明 得失成败
18662	微博 冷热自明 得失成败
1867	五十 男朋友 准则 老朋友 寒腹短识
18671	男朋友 老朋友 联系电话
18672	五十 准则 寒腹短识
1868	选择医院 职工医院 宽袍大袖 割肚牵肠
18681	选择医院 职工医院
18682	宽袍大袖 割肚牵肠
1869	准确 井然有序 物换星移
18691	井然有序 物换星移
18692	准确
187	怎么了 怎么办
1871	实际出资 物以类聚 寒泉之思 冰山难靠 容膝之安
18711	物以类聚
18712	实际出资 寒泉之思 冰山难靠 容膝之安
1872	凝固 实际行动
18722	凝固 实际行动
1873	怎么回事 怎么说呢 怎么办呢
18732	怎么回事 怎么说呢 怎么办呢
1874	怎么办 减脂训练 容膝之地 割股之心 割袍断义
18741	食毛践土
18742	怎么办 减脂训练 容膝之地 割股之心 割袍断义
1875	进了 怎么了 定了 饿了 冲击力
18751	进了 饿了 目击证人 牛衣对泣 取巧图便
18752	怎么了 定了 冲击力
1876	割襟之盟 得胜回朝 田月桑时
18761	田月桑时
18762	割襟之盟 得胜回朝
1877	进步 它的设计
18771	进步
18772	它的设计
1878	微笑 头脑发热
18782	微笑 头脑发热
1879	进行
18791	进行
188	怎么看 都需要
1881	怎么看 实用攻略
18812	怎么看 实用攻略
1882	定要 都需要
18821	都需要
18822	定要
1883	实用技术 怎么这样 五月披裘
18832	实用技术 怎么这样 五月披裘
1884	进攻
18841	进攻
1885	五岁 饮用的水 颐指气使 目指气使 特异功能
18851	饮用的水 颐指气使 目指气使 特异功能
18852	五岁 寒气袭人
1886	它的
18862	它的
1888	实用升限 牛衣岁月 密西西比 怎么搞的 掣襟露肘
18881	牛衣岁月 掣襟露肘
18882	实用升限 密西西比 怎么搞的 冰肌雪肠
1889	待月西厢
18892	待月西厢
189	实际上
1891	得月较先 微乎其微
18912	得月较先 微乎其微
1892	食用色素 实用音乐 五雷轰顶 冷热酸甜
18921	食用色素
18922	实用音乐 五雷轰顶 冷热酸甜
1893	实际上 遇上 进程 牛衣夜哭 聊以解嘲
18931	遇上 进程 牛衣夜哭 聊以解嘲
18932	实际上
1894	定期 实用意义 额手称颂 鹄峙鸾翔
18941	鹄峙鸾翔
18942	定期 实用意义 额手称颂
1895	宽衣解带 鹄峙鸾停 凝脂点漆 怎么可能 官报私仇
18951	鹄峙鸾停
18952	宽衣解带 凝脂点漆 怎么可能 官报私仇 五零四散
1896	实际上是 塞拉利昂
18962	实际上是 塞拉利昂
1897	遇到 宗旨意识 决胜庙堂 微服私访 微服私行
18971	遇到
18972	宗旨意识 决胜庙堂 微服私访 微服私行 案兵束甲
1898	往脸上抹 怎么可以 聊以卒岁
18981	聊以卒岁
18982	往脸上抹 怎么可以
1899	家用轿车 实际上和 实用角度 乍毛变色 饥肠辘辘
18991	饥肠辘辘 瞠乎其后
18992	家用轿车 实际上和 实用角度 乍毛变色 额手称庆
1911	减少进食 先到先得 寡廉鲜耻 鲜廉寡耻 头上安头
19111	先到先得
19112	减少进食 寡廉鲜耻 鲜廉寡耻 头上安头
1913	象征 资金资助 彻上彻下
19132	象征 资金资助 彻上彻下
1915	寂寞 畸轻畸重 往返徒劳
19151	畸轻畸重
19152	寂寞 往返徒劳
1918	冯唐头白 冰解冻释 冻解冰释
19182	冯唐头白 冰解冻释 冻解冰释
1919	卧室 很久很久 物色物色 饿虎饥鹰 饥鹰饿虎
19191	卧室 物色物色 饿虎饥鹰 饥鹰饿虎
19192	很久很久
192	教科书
1921	龟厌不告 彻夜未眠 五音六律 鼎镬如饴
19211	鼎镬如饴
19212	龟厌不告 彻夜未眠 五音六律
1922	教科书 减少炎症 五角六张 安身乐业 宛转蛾眉
19221	教科书
19222	减少炎症 五角六张 安身乐业 宛转蛾眉 家庭妇女
1923	冠上履下
19232	冠上履下
1924	先意承颜 先意承志
19241	先意承颜 先意承志
1925	牛角书生 得意门生 五音不全 物腐虫生 煮豆燃萁
19251	牛角书生 物腐虫生 煮豆燃萁
19252	得意门生 五音不全 五雀六燕
1926	瞬间 页面 选秀状元 鲜车怒马 守身如玉
19261	瞬间 选秀状元
19262	页面 鲜车怒马 守身如玉
1927	减少支出 资金支出 富可敌国 宾至如归 卧床不起
19271	卧床不起
19272	减少支出 资金支出 富可敌国 宾至如归
1928	寂静 冲上云霄 先意希旨 先意承指 先意承旨
19281	先意希旨 先意承指 先意承旨
19282	寂静 冲上云霄
193	冲锋枪
1932	完整无缺 食少事烦
19321	食少事烦
19322	完整无缺
1933	军事 得意忘形 头上末下 徇私舞弊 灾梨祸枣
19332	军事 得意忘形 头上末下 徇私舞弊 灾梨祸枣
1934	恣意妄为 冷酷无情 五色无主 饿虎吞羊
19341	饿虎吞羊
19342	恣意妄为 冷酷无情 五色无主
1935	睁开 冲锋枪 睡上一觉 徇私枉法 安危与共
19351	睁开 睡上一觉
19352	冲锋枪 徇私枉法 安危与共
1936	官虎吏狼 安危相易
19362	官虎吏狼 安危相易
1937	得意忘言
19372	得意忘言
1938	职称晋升 考虑再三
19381	职称晋升 考虑再三
1939	宗庙社稷
19392	宗庙社稷
194	德尔塔 实质性
1941	寡凫单鹄
19412	寡凫单鹄
1942	井上织姬 安身为乐 家庭主妇 物离乡贵 宴尔新婚
19421	井上织姬 物离乡贵
19422	安身为乐 家庭主妇 宴尔新婚
1943	宅基地 五彩纷呈 塞尔维亚
19432	宅基地 五彩纷呈 塞尔维亚
1944	五彩缤纷 五色缤纷
19442	五彩缤纷 五色缤纷
1945	德尔塔 实质性 完整性 安身立命 割席分坐
19451	耳软心活
19452	德尔塔 实质性 完整性 安身立命 割席分坐
1946	齐镳并驱
19461	齐镳并驱
1947	净利增长
19472	净利增长
1949	字斟句酌 进锐退速
19491	进锐退速
19492	字斟句酌
195	耶和华 很可能
1951	循序渐进
19512	循序渐进
1952	净利润 家庭作业 老当益壮
19521	老当益壮
19522	净利润 家庭作业
1953	实习生杨 教亦多术
19531	教亦多术
19532	实习生杨
1954	家庭住址 宁可清贫 德音莫违
19542	家庭住址 宁可清贫 德音莫违
1955	得意洋洋 物质生活
19551	物质生活
19552	得意洋洋
1956	犄角旮旯 鲜车健马 很可能是 德厚流光 耳后生风
19561	犄角旮旯 耳后生风
19562	鲜车健马 很可能是 德厚流光 室迩人远
1957	军人 实习生 鱼和熊掌 实至名归 畏罪潜逃
19571	畏罪潜逃
19572	军人 实习生 鱼和熊掌 实至名归
1958	耶和华 很可能 减少油脂 宛转悠扬 卧虎藏龙
19581	耶和华 卧虎藏龙 饿其体肤
19582	很可能 减少油脂 宛转悠扬 寒酸落魄
1959	饭菜 造车合辙 安车蒲轮
19591	饭菜 造车合辙
19592	安车蒲轮
1961	家庭自制 老少咸宜 鼎铛有耳 冯唐易老
19611	老少咸宜 鼎铛有耳
19612	家庭自制 冯唐易老
1962	循环 畏罪自杀
19621	畏罪自杀
19622	循环
1963	家庭琐事 实质影响 安度晚年 五角大楼
19632	家庭琐事 实质影响 安度晚年 五角大楼
1964	冲锋在前 盗亦有道
19642	冲锋在前 盗亦有道
1965	室内 很少有人 聚少成多
19651	聚少成多
19652	室内 很少有人
1966	得其所哉 宁可玉碎 鼎铛玉石
19661	鼎铛玉石
19662	得其所哉 宁可玉碎
1967	宫车晏驾
19672	宫车晏驾
1968	五色斑斓 五彩斑斓
19682	五色斑斓 五彩斑斓
1969	资金周转 减到最小 饮醇自醉
19691	饮醇自醉
19692	资金周转 减到最小
197	得到了 遇到了
1971	实习记者 彻夜难眠 冠上加冠
19712	实习记者 彻夜难眠 冠上加冠
1972	资质证书 井底之蛙
19721	井底之蛙
19722	资质证书
1974	鱼香鸡丝 容身之地 密锣紧鼓 安身之处 安身之地
19742	鱼香鸡丝 容身之地 密锣紧鼓 安身之处 安身之地
1975	得到了 遇到了 得意之作 物种起源
19751	遇到了 物种起源
19752	得到了 得意之作
1976	减速行驶 安身之所
19762	减速行驶 安身之所
1977	彻夜长谈 饱受非议 饿虎之蹊
19771	饱受非议 饿虎之蹊
19772	彻夜长谈
1978	进身之阶
19781	进身之阶
1979	鼎镬刀锯 牛角之歌 得意之色
19791	鼎镬刀锯 牛角之歌
19792	得意之色
198	都可以
1981	老少皆宜 减少衣物 冯唐已老 盗钟掩耳 官轻势微
19811	老少皆宜 饿虎扑食 取辖投井
19812	减少衣物 冯唐已老 盗钟掩耳 官轻势微
1982	牛角挂书
19821	牛角挂书
1984	冯唐白首 很久以前 饿虎扑羊 饿虎擒羊
19841	饿虎扑羊 饿虎擒羊
19842	冯唐白首 很久以前
1985	军队 都可以
19851	都可以
19852	军队
1986	老少皆知 物质文明 得其三昧
19861	老少皆知 物质文明
19862	得其三昧
1988	头角峥嵘 冲锋陷阵 田连阡陌
19881	田连阡陌
19882	头角峥嵘 冲锋陷阵
1989	食租衣税
19891	食租衣税
199	考虑到
1992	先斩后奏
19921	先斩后奏
1993	凌上虐下 瞒上欺下
19931	瞒上欺下
19932	凌上虐下
1994	实质意义 略迹原情 齐轨连辔 老罴当道
19941	略迹原情 齐轨连辔 老罴当道
19942	实质意义
1995	鲜香四溢 聚少离多
19951	聚少离多
19952	鲜香四溢
1996	物质基础
19961	物质基础
1997	考虑到 饱受争议
19971	考虑到 饱受争议
1998	饱受质疑
19981	饱受质疑
1999	饭店
19991	饭店
2111	不思饮食 不思进取 不得安宁
21113	不思饮食 不思进取 不得安宁
2112	痛定思痛 眉头眼尾
21121	痛定思痛
21123	眉头眼尾
2113	闭目塞听
21131	闭目塞听
2114	未完待续
21141	未完待续
2115	买家 如鱼得水 如鱼饮水 责实循名 居官守法
21151	买家 责实循名
21152	如鱼得水 如鱼饮水
21153	居官守法 居安资深
2116	眉头 眉头微蹙
21163	眉头 眉头微蹙
2117	未免 业界资讯
21171	未免
21173	业界资讯
2118	未老先衰 不饮盗泉
21181	未老先衰
21183	不饮盗泉
2119	奖惩制度 眉头微皱 居安思危 蝇头微利 阖家安康
21191	奖惩制度 阖家安康
21193	眉头微皱 居安思危 蝇头微利
212	不得不 来得及
2121	凿饮耕食 不瞅不睬
21213	凿饮耕食 不瞅不睬
2122	不得不 尽职尽责 否往泰来 不徐不疾 充耳不闻
21222	充耳不闻
21223	不得不 尽职尽责 否往泰来 不徐不疾 履职尽责
2123	胡思乱想 眉目如画
21233	胡思乱想 眉目如画
2124	未来 辞富居贫 不得好死 不守妇道 不安好心
21241	未来 辞富居贫 来者不善
21242	媚眼如丝
21243	不得好死 不守妇道 不安好心
2125	来得及 眉头不伸 好聚好散 如饥如渴 强聒不舍
21251	来得及
21252	好聚好散 如饥如渴 强聒不舍
21253	眉头不伸
2126	问寒问暖 不畏强暴 胡思乱量 强食弱肉
21261	问寒问暖
21262	强食弱肉
21263	不畏强暴 胡思乱量
2127	不容乐观
21273	不容乐观
2128	来者不拒 屡教不改 不得不服 迎头痛击 鬼头鬼脑
21281	来者不拒 鬼头鬼脑
21282	迎头痛击 昏头昏脑
21283	屡教不改 不得不服 不冷不热
2129	遗老遗少 来者居上 来头不小 妍姿艳质 买官鬻爵
21291	来者居上 来头不小 买官鬻爵
21292	妍姿艳质
21293	遗老遗少
2131	闲得无聊 刮目相待 不安于室
21311	闲得无聊 刮目相待
21313	不安于室
2132	不耻下问 怒目横眉
21322	怒目横眉
21323	不耻下问
2133	遗害无穷 昏睡百年 飞灾横祸
21332	昏睡百年
21333	遗害无穷 飞灾横祸
2134	飞得更高 面目一新
21342	面目一新
21343	飞得更高
2135	未见 印象极深 不塞下流 好逸恶劳 古井无波
21351	未见 春宵一刻
21352	印象极深 好逸恶劳 昏聩无能
21353	不塞下流 古井无波 不安于位
2136	敢于 张冠李戴 不宁唯是
21361	敢于
21362	张冠李戴
21363	不宁唯是
2137	不赞一词 片鳞只甲
21371	片鳞只甲
21373	不赞一词
2138	刮目相看 不畏权势 犀牛望月 问安视膳
21381	刮目相看 问安视膳
21383	不畏权势 犀牛望月
2139	留下 问鼎中原 眉头一皱 弹冠相庆
21391	问鼎中原
21392	留下 弹冠相庆
21393	眉头一皱
214	强制性 不具备
2141	留着 不具备
21412	留着
21413	不具备
2143	屠夫 好果子吃 阖家幸福 将遇良材
21431	阖家幸福 将遇良材
21432	好果子吃
21433	屠夫
2144	不得善终 弹冠结绶
21442	弹冠结绶
21443	不得善终
2145	留给 嫁给 强制性 交界地带 舐犊情深
21451	交界地带 舐犊情深 舔犊情深
21452	留给 嫁给 强制性 印累绶若
2146	将遇良才 痛彻心扉 强取豪夺
21461	将遇良才 痛彻心扉
21462	强取豪夺
2147	未曾 未经 片鳞残甲 不容分说 絮果兰因
21471	未曾 未经 片鳞残甲
21472	絮果兰因
21473	不容分说
2148	未必 不思悔改 劈头盖脸 劈头盖脑
21481	未必
21483	不思悔改 劈头盖脸 劈头盖脑
2149	烦恼 眉心 避实就虚 避害就利 片鳞半爪
21491	片鳞半爪
21493	烦恼 眉心 避实就虚 避害就利
215	不完全 好男人
2151	不待蓍龟 不告而取
21513	不待蓍龟 不告而取
2152	古往今来 痴男怨女 展眼舒眉 不教而杀
21521	痴男怨女
21523	古往今来 展眼舒眉 不教而杀
2153	不告而别 怒目而视 丰取刻与
21531	丰取刻与
21532	怒目而视
21533	不告而别
2154	弃家荡产 飞眼传情 不得人心 眉目传情
21542	弃家荡产
21543	飞眼传情 不得人心 眉目传情
2155	好得多 适宜生命 如饥似渴 印象深刻 如鱼似水
21551	适宜生命
21552	好得多 如饥似渴 印象深刻 如鱼似水
2156	不完全 适者生存 春宵苦短 不得而知 姱容修态
21561	适者生存 春宵苦短
21562	姱容修态
21563	不完全 不得而知
2157	好男人 面目全非 不瞒你说 不教而诛
21572	好男人 面目全非
21573	不瞒你说 不教而诛
2158	未能 不寒而栗
21581	未能
21583	不寒而栗
2159	丰富多采 丰富多彩 不宣而战
21591	丰富多采 丰富多彩
21593	不宣而战
216	不容易 好容易
2161	贵耳贱目 及宾有鱼
21613	贵耳贱目 及宾有鱼
2162	买卖 未完成
21621	买卖 未完成
2163	未知 如鲠在喉 不容忽视
21631	未知
21632	如鲠在喉
21633	不容忽视
2164	留在 强得易贫 乱臣贼子 不进则退 蜂目豺声
21641	乱臣贼子
21642	留在 强得易贫
21643	不进则退 蜂目豺声
2165	买牛卖剑
21651	买牛卖剑
2166	不容易 好容易 面目狰狞 问牛知马
21661	问牛知马
21662	好容易 面目狰狞
21663	不容易
2167	青眼有加 买犊卖刀 北宫婴儿 片鳞碎甲 买牛息戈
21671	青眼有加 买犊卖刀 北宫婴儿 片鳞碎甲 买牛息戈
21673	不得有误
2168	未有 来者勿拒 不食周粟 不容有失 痛饮黄龙
21681	未有 来者勿拒 痛饮黄龙
21683	不食周粟 不容有失 不食马肝
2169	鳌头独占 强食自爱 承先启后 昏定晨省 不耻最后
21691	鳌头独占 承先启后
21692	强食自爱 昏定晨省
21693	不耻最后
217	不得了 如果说
2171	不教之教
21713	不教之教
2173	眉睫之祸 尽职调查 未定之天 奉头鼠窜
21731	未定之天 奉头鼠窜
21733	眉睫之祸 尽职调查
2174	敢说 如果说 不臣之心 不食之地 不牧之地
21741	敢说
21742	如果说
21743	不臣之心 不食之地 不牧之地
2175	买了 留了 不得了 怒目切齿 虫鱼之学
21751	买了
21752	留了 怒目切齿
21753	不得了 虫鱼之学 不次之迁
2176	动物园 眉睫之内 眉头紧蹙 问牛答马
21761	问牛答马
21762	动物园
21763	眉睫之内 眉头紧蹙
2177	闻者足戒 不得了了 凿龟数策
21771	闻者足戒
21773	不得了了 凿龟数策
2178	春寒料峭 乱头粗服
21781	春寒料峭 乱头粗服
2179	履行 留言 迎头赶上 眉头紧锁
21792	留言 迎头赶上
21793	履行 眉头紧锁
218	不怎么 不客气
2181	不客气 交头接耳 烂额焦头
21811	交头接耳
21813	不客气 烂额焦头
2182	乐往哀来
21822	乐往哀来
2183	适宜技术 蟾宫折桂 闳宇崇楼 不怎么样
21831	适宜技术 闳宇崇楼
21833	蟾宫折桂 不怎么样
2184	不得已 烦得要死 疼得要死 蠢得要死 买田阳羡
21841	疼得要死 蠢得要死 买田阳羡
21843	不得已 烦得要死
2185	不怎么 买臣覆水 不得要领 强制措施 疼得要命
21851	买臣覆水 疼得要命
21852	强制措施
21853	不怎么 不得要领
2186	眉毛
21863	眉毛
2188	弹冠振衿 弹冠振衣 屡次三番
21882	弹冠振衿 弹冠振衣
21883	屡次三番
2189	避实击虚
21893	避实击虚
219	不定期
2191	火眼金睛 不安其室
21913	火眼金睛 不安其室
2192	留恋 顶头上司 郊寒岛瘦 不宜久留 春冰虎尾
21921	顶头上司 郊寒岛瘦 春冰虎尾
21922	留恋
21923	不宜久留
2193	顶上 不减当年 不容置喙 昼思夜想 鸱目虎吻
21931	顶上
21932	鸱目虎吻
21933	不减当年 不容置喙 昼思夜想
2194	留意 不定期 麦饭豆羹 背井离乡 不进反退
21941	麦饭豆羹 背井离乡
21942	留意 面目可憎
21943	不定期 不进反退 不徇私情
2195	不得其法 如牛负重
21952	如牛负重
21953	不得其法
2196	顶尖 不得其所 不容置辩
21961	顶尖
21963	不得其所 不容置辩
2197	闻到 支吾其词
21971	闻到
21973	支吾其词
2198	不容置疑 昏头转向 来者可追
21981	来者可追
21982	昏头转向
21983	不容置疑
2199	蝇头小利 强食靡角 适得其反 不容小觑 故宫禾黍
21991	适得其反
21992	强食靡角 如饮醍醐
21993	蝇头小利 不容小觑 故宫禾黍
2211	不敢造次 火奴鲁鲁
22113	不敢造次 火奴鲁鲁
2212	不安 乐业安居
22122	乐业安居
22123	不安
2213	效果 层次 书写 不宜 如烟往事
22131	效果 书写
22132	如烟往事 怒火冲天
22133	层次 不宜
2214	不容 交往 不尽完美 眉来眼去 杀彘教子
22141	交往
22142	杀彘教子
22143	不容 不尽完美 眉来眼去
2215	魂不守舍 闵乱思治 好好先生 面壁思过 闭门思过
22151	闵乱思治 闭门思过
22152	魂不守舍 好好先生 面壁思过 强强联合
22153	不敢告劳
2216	不得 不完 好不容易 面如冠玉 飞云掣电
22161	间不容息
22162	好不容易 面如冠玉
22163	不得 不完 飞云掣电
2217	不免 间不容发 眉飞眼笑
22171	间不容发
22173	不免 眉飞眼笑
2218	不定 不准 犀顶龟文 好问决疑 克敌制胜
22182	好问决疑 强强联手 面如凝脂
22183	不定 不准 犀顶龟文 克敌制胜
2219	乐不思蜀 闭门造车
22191	闭门造车
22192	乐不思蜀
222	来不及 好不好
2221	不敢 不留 敢不敢 克逮克容 动弹不得
22211	敢不敢 泰来否往
22212	动弹不得 恕不奉告
22213	不敢 不留 克逮克容 不疾不徐
2222	灵魂 妹妹 姑姑 层层 兢兢业业
22221	疯疯癫癫 魑魅魍魉 闷闷不乐 病病歪歪
22222	灵魂 妹妹 姑姑 姗姗来迟 娱乐娱乐
22223	层层 兢兢业业 火烧火燎 迟迟不来 不痛不痒
2223	不如 还不如 不问 泰来否极 娓娓动听
22231	泰来否极
22232	娓娓动听 如痴如梦
22233	不如 还不如 不问
2224	不好 姑娘 好不好 不来 不尽
22242	姑娘 好不好 动来动去
22243	不好 不来 不尽 灯火 蛾眉螓首
2225	不及 来不及 蝴蝶 不妨 癞蛤蟆
22251	来不及 癞蛤蟆 适不适合 青灯古佛 乱云飞渡
22252	嫉闲妒能 妩媚动人 如火如荼 娓娓不倦
22253	不及 蝴蝶 不妨 蜂媒蝶使 不敢问津
2226	局面 妇女 嫉妒 书面 层面
22261	书面
22262	妇女 嫉妒 刹那间 弃好背盟 如痴如狂
22263	局面 层面 犀燃烛照 炒买炒卖
2227	婚姻 不动 动不动 闭门不出 还不如说
22271	闭门不出 来不及了 书不尽言 敢怒敢言
22272	婚姻 动不动 如履如临
22273	不动 还不如说
2228	不适 支不支持 火烧眉毛 不屈不挠 不动如山
22282	恕不奉陪
22283	不适 支不支持 火烧眉毛 不屈不挠 不动如山
2229	不屑 引火烧身 蝴蝶效应 娟好静秀 不留痕迹
22292	引火烧身 娟好静秀 如痴如醉 如火燎原
22293	不屑 蝴蝶效应 不留痕迹
223	不希望 运动员
2231	不想 闲云野鹤 青蝇吊客 面面相睹 未尽事宜
22311	闲云野鹤 青蝇吊客 未尽事宜 那不一定 买静求安
22312	面面相睹
22313	不想 还不一定
2232	婚礼 不灭 未婚妻 怒火中烧 弃如敝屣
22321	未婚妻 舐痈吮痔
22322	婚礼 怒火中烧 弃如敝屣 如弃敝屣
22323	不灭
2233	不禁 不朽 不吃 虮虱相吊 歪不横楞
22331	闲来无事 艳如桃李 阖门百口
22332	面面相窥
22333	不禁 不朽 不吃 虮虱相吊 歪不横楞
2234	不一 不忘 不平 不只 书中
22341	书中 痛痒相关
22342	乐不极盘 如履平地
22343	不一 不忘 不平 不只 不干
2235	不见 不开 不求 君不见 好运一生
22351	未来事件 耕耘树艺
22352	君不见 好运一生 粥粥无能 奴隶社会 魂飞天外
22353	不见 不开 不求 爆炸事件 尺蠖求伸
2236	不再 居民 居于 运动员 不屑于
22362	运动员 强弩末矢 弱不禁风
22363	不再 居民 居于 不屑于 烂熳天真
2237	不正 张居正 素不相识 不敢妄言
22371	素不相识
22372	张居正
22373	不正 不敢妄言
2238	不听 不希望 面面相看 鬼烂神焦
22381	鬼烂神焦
22382	面面相看
22383	不听 不希望
2239	不由 不下 烽火相连 青春年少 不屑一顾
22391	青春年少
22392	面面相觑 强奸民意
22393	不由 不下 烽火相连 不屑一顾
224	静静地 不动产
2241	迎来送往 昏昏欲睡 闲云孤鹤
22411	闲云孤鹤
22412	迎来送往 昏昏欲睡
2242	剧情 蠢蠢欲动 展翅高飞 炉火纯青 始乱终弃
22421	蠢蠢欲动 静如处女
22422	始乱终弃 娓娓道来
22423	剧情 展翅高飞 炉火纯青 不留情面
2243	静静地 局部 未婚夫 将寻斧柯 蚂蚁缘槐
22431	静静地 未婚夫 将寻斧柯
22432	嫌好道恶
22433	局部 蚂蚁缘槐 不敢高攀
2244	不幸 不高 不良 妹子 虫子
22441	痛痛快快 嫠不恤纬 来迎去送 来来去去
22442	妹子 嫌好道歉 嫌好道歹
22443	不幸 不高 不良 虫子 不敢旁骛
2245	不懂 不够 不去 交给 不给
22451	交给 痛不欲生
22452	娇艳欲滴
22453	不懂 不够 不去 不给 不公
2246	不快 娱乐场所 那不就是 面如死灰
22461	那不就是
22462	娱乐场所 面如死灰
22463	不快
2247	不曾 不为 剧烈 不经 不分
22473	不曾 不为 剧烈 不经 不分
2248	不必 不怕 不予 不死 蝮蛇螫手
22481	闭门却扫
22483	不必 不怕 不予 不死 蝮蛇螫手
2249	不堪 不就 不动产 运动场上 不动声色
22492	运动场上 张灯结彩 面如土色 云贵高原
22493	不堪 不就 不动产 不动声色 不避斧钺
225	不适合 婚姻法
2251	不像 不觉 不带 门不停宾 丰屋蔀家
22511	门不停宾 丰屋蔀家 丰屋生灾 疮痍满目
22512	如履薄冰 婀娜多姿
22513	不像 不觉 不带 烟云过眼
2252	不会 不清 交流 不做 不舍
22521	交流 鬼不像鬼
22522	灵活 姐妹们 迎面而来 娱乐活动
22523	不会 不清 不做 不舍 火耕水耨
2253	不合 不便 不适合 如来佛祖 咫尺千里
22532	如来佛祖
22533	不合 不便 不适合 咫尺千里 不辞而别
2254	不住 不停 不放 居住 婚姻法
22541	熬不过去
22542	婚姻法
22543	不住 不停 不放 居住 不留余地
2255	不多 不满 交付 蝼蚁贪生 不辞劳苦
22551	交付 鬼蜮伎俩 舌灿莲花 敢不从命
22552	恕不从命
22553	不多 不满 蝼蚁贪生 不辞劳苦 歪歪斜斜
2256	不但 不值 熠熠生辉 凿壁偷光 不敢苟同
22562	如蝇逐臭
22563	不但 不值 熠熠生辉 凿壁偷光 不敢苟同
2257	不仅 不信 交代 妇人 不遗余力
22571	交代 疾如旋踵
22572	妇人 娓娓而谈 面如傅粉 面面俱圆
22573	不仅 不信 不遗余力
2258	不能 不过 交通 不通 不好过
22581	交通 症状消失
22582	如蚁慕膻 如臂使指 面如满月 弩张剑拔
22583	不能 不过 不通 不好过 尸居余气
2259	蜈支洲岛 炎症介质 不尽人意 居不重席 面面俱到
22592	面面俱到 如痴似醉
22593	蜈支洲岛 炎症介质 不尽人意 居不重席 不如人意
226	还不是
2261	灿烂夺目 表面现象 贵壮贱老
22611	表面现象
22613	灿烂夺目 贵壮贱老
2262	不成 不爽 螳螂奋臂 灯烛辉煌 灿烂辉煌
22621	将门有将 书缺有间
22622	强弓硬弩
22623	不成 不爽 螳螂奋臂 灯烛辉煌 灿烂辉煌
2263	不知 不同 不大 不理 炯炯有神
22631	素面朝天
22633	不知 不同 不大 不理 炯炯有神
2264	不在 不太 灯光 灵光 不凡
22641	青灯黄卷
22642	灵光 面如灰土 恕不远送 姐妹同心
22643	不在 不太 灯光 不凡 蚍蜉戴盆
2265	书房 不时 北门南牙 弘奖风流 装疯卖傻
22651	书房 北门南牙 装疯卖傻 青面獠牙
22652	弘奖风流
22653	不时 贵古贱今
2266	交易 不易 运动量大 不怒自威 蚌病成珠
22661	交易
22662	运动量大
22663	不易 不怒自威 蚌病成珠
2267	不远 来好息师 动静有常
22671	来好息师
22672	动静有常
22673	不远
2268	不是 不明 书包 还不是 痌瘝在抱
22681	书包 痌瘝在抱
22682	嫦娥奔月 好问则裕
22683	不是 不明 还不是 屡建奇功 蝉不知雪
2269	张弛有度 屈艳班香 妇姑勃谿 辞不达意 青云直上
22691	辞不达意 青云直上
22692	张弛有度 妇姑勃谿
22693	屈艳班香 螳螂黄雀
227	不承认 娱乐圈
2271	不管 不算 不语
22713	不管 不算 不语
2272	不断 交谈 书籍 局长 不长
22721	交谈 书籍 症状加剧 素未谋面 癣疥之疾
22722	刹那之间 乐尽悲来 强弓劲弩
22723	不断 局长 不长 飞蛾赴烛 飞蛾赴焰
2273	不回 不许 飞书走檄 丰屋之祸 门闾之望
22731	丰屋之祸 门闾之望
22732	强弩之极 强弩之末
22733	不回 不许 飞书走檄 炮烙之刑 不敢或忘
2274	不说 不止 不忍 不等 娱乐圈
22741	六尺之孤
22742	娱乐圈 弹尽粮绝
22743	不说 不止 不忍 不等 不如说
2275	不了 灵力 不对 不该 不论
22751	魅力 效力 症状加重 丰屋之过
22752	灵力
22753	不了 不对 不该 不论 不符
2276	不出 古书记载 飞将数奇 闪闪发光 屈居第二
22761	闪闪发光
22762	灵蛇之珠
22763	不出 古书记载 飞将数奇 屈居第二 屋如七星
2277	魂动设计 媒妁之言 鬼鬼祟祟 层层叠叠 如运诸掌
22771	鬼鬼祟祟
22772	魂动设计 媒妁之言 如运诸掌
22773	层层叠叠 屠毒笔墨
2278	不起 不足 书记 不肯 不难
22781	书记
22782	弥留之际
22783	不起 不足 不肯 不难 烘云讬月
2279	不行 不让 不走 充闾之庆 燃眉之急
22792	充闾之庆 面面圆到
22793	不行 不让 不走 燃眉之急
228	秦始皇 好运气
2281	灵气 不看 好运气 丰屋延灾 动如脱兔
22811	丰屋延灾
22812	灵气 好运气 动如脱兔 面不改容 妖不胜德
22813	不看
2282	不要 魂魄 不打 飞蛾扑火 敌强我弱
22821	敌强我弱
22822	魂魄
22823	不要 不打 飞蛾扑火 螳螂捕蝉 灯蛾扑火
2283	女娲补天 蚍蜉撼树 如蛆附骨 属辞比事 尸居龙见
22832	女娲补天 如蛆附骨
22833	蚍蜉撼树 属辞比事 尸居龙见
2284	不已 弃故揽新 弹尽援绝 动动脑子 不敢掠美
22842	弃故揽新 弹尽援绝 动动脑子
22843	不已 不敢掠美
2285	不需 古希腊 弃书捐剑 燔书阬儒 乐尽哀生
22851	妆嫫费黛 慧业文人
22852	弃书捐剑 乐尽哀生 魂飞魄散 魂不附体 面壁功深
22853	不需 古希腊 燔书阬儒 蛾眉皓齿
2286	居然 不然 秦始皇 动不失时 疾如雷电
22861	秦始皇 疾如雷电
22862	动不失时
22863	居然 不然 不敢擅专
2287	交手 烂如指掌 不支持了 交臂失之
22871	交手 交臂失之
22873	烂如指掌 不支持了
2288	烧杀抢掠 卿卿我我 烘云托月 动动手指 群蚁附膻
22882	卿卿我我 动动手指 群蚁附膻 弱不胜衣 如蚁附膻
22883	烧杀抢掠 烘云托月
2289	不用 不服 交换 不掉 面不改色
22891	交换 闭门投辖 那不勒斯 表面文章
22892	面不改色 面引廷争 面面皆到
22893	不用 不服 不掉 螳螂拒辙 螳臂挡车
229	不乐意 青春期
2291	不爱 不受 杀敌致果 克尽厥职 北面称臣
22911	北面称臣
22912	杀敌致果
22913	不爱 不受 克尽厥职
2292	不变 不离 还不错来 青蝇点素 片云遮顶
22921	青蝇点素 片云遮顶 闪烁其辞 春蚓秋蛇 春蛙秋蝉
22922	乐不可支 娉婷袅娜 引鬼上门
22923	不变 不离 还不错来
2293	不上 婚后 眉飞色舞 烽火连年 还不至于
22932	婚后 乐不可极
22933	不上 眉飞色舞 烽火连年 还不至于 炮火连天
2294	不久 效率 不甘 不乐意 青春期
22941	效率 青春期 帮闲钻懒 门不夜关 帮不上忙
22942	如闻其声
22943	不久 不甘 不乐意
2295	不可 不错 不应 效应 还不错
22951	效应
22953	不可 不错 不应 还不错 蜻蜓点水
2296	不负 面壁磨砖 门不夜扃 怒不可遏 不屑置辩
22961	门不夜扃
22962	面壁磨砖 怒不可遏
22963	不负 不屑置辩 不问可知
2297	不到 不利 烽烟四起 闪烁其词 妙不可言
22971	闪烁其词 敖不可长
22972	妙不可言 乐不可言
22973	不到 不利 烽烟四起 烽火四起 昼耕夜诵
2298	不少 不愿 不解 凿凿可据 憨状可掬
22981	憨状可掬 交臂历指 表面上看
22983	不少 不愿 不解 凿凿可据 蜿蜒曲折
2299	不小 不顾 不赖 瘦瘦小小 闭门酣歌
22991	瘦瘦小小 闭门酣歌 北门锁钥
22992	面面厮觑 妊娠反应
22993	不小 不顾 不赖 螳臂当辙 螳臂当车
231	不由得 不一定
2311	如实 不吃馒头 不一定都 尽忠职守
23112	如实
23113	不吃馒头 不一定都 尽忠职守
2312	凿柱取书 闲曹冷局 静极思动 闹中取静 甜嘴蜜舌
23121	闲曹冷局 静极思动 闹中取静 甜嘴蜜舌
23123	凿柱取书
2313	如果 丰富
23131	丰富
23132	如果
2314	痛下决心 君辱臣死 刁天决地 不栉进士
23141	痛下决心 刁天决地
23142	君辱臣死
23143	不栉进士
2315	乐天安命
23152	乐天安命
2316	强者 不由得 不见得 病患者 居无定所
23161	病患者
23162	强者
23163	不由得 不见得 居无定所
2317	避免 强制 不一定对 凿空取办 眉开眼笑
23172	强制
23173	避免 不一定对 凿空取办 眉开眼笑
2318	不一定 否定 舌敝耳聋 乱中取胜 火中取栗
23181	舌敝耳聋 乱中取胜
23182	凶年饥岁
23183	不一定 否定 火中取栗
2319	印象 熬更守夜
23191	熬更守夜
23192	印象
232	留下来 静下来
2321	不干不净 屡见不鲜 六神不安 蜂屯蚁聚
23211	六神不安
23213	不干不净 屡见不鲜 蜂屯蚁聚
2322	姐妹 群空冀北 强本弱支 刮骨疗毒 那一刹那
23221	刮骨疗毒 那一刹那 奉天承运
23222	姐妹 群空冀北 强本弱支
23223	否极泰来 不吵不闹 不相闻问
2323	姐姐 问问 强枝弱本 蜂窠蚁穴 强本弱枝
23231	问问 表里不一 表里如一
23232	姐姐 强枝弱本 强本弱枝 好模好样 张口闭口
23233	蜂窠蚁穴 不哼不哈 蛙鸣蝉噪
2324	留下来 静下来 古里古怪 不吐不快 如梦如幻
23241	静下来
23242	留下来 如梦如幻 如兄如弟 面无表情 孀妻弱子
23243	古里古怪 不吐不快 胡天胡帝 胡天胡地 不忘故旧
2325	病毒 不见不散 鬼神不测 煨干避湿 层林尽染
23251	病毒 鬼神不测 艳福不浅 青史留名 疾恶如仇
23252	嫉恶如仇
23253	不见不散 煨干避湿 层林尽染 不年不节 不吐不茹
2326	症状 买椟还珠 不求闻达 好恶不同 丰神如玉
23261	症状 买椟还珠 丰神如玉 丁一卯二
23262	好恶不同
23263	不求闻达
2327	否极泰回 闲见层出 闭口不言 屡禁不止 闭口不谈
23271	闲见层出 闭口不言 闭口不谈 病民蛊国
23272	好梦不长
23273	否极泰回 屡禁不止 烟视媚行 尺椽片瓦
2328	刹那 不见泰山 妖里妖气
23282	刹那 妖里妖气
23283	不见泰山
2329	娱乐 缺一不可 寻根问底 病骨支离 如梦如醉
23291	缺一不可 病骨支离
23292	娱乐 寻根问底 如梦如醉
23293	蛇口蜂针
233	不一样 那一天
2331	她想 闲极无聊 寿与天齐 秦楼楚馆
23311	闲极无聊 寿与天齐 秦楼楚馆
23312	她想
2332	灵机一动 杀妻求将 熔于一炉 春梦无痕 闲神野鬼
23321	春梦无痕 闲神野鬼
23322	灵机一动 杀妻求将
23323	熔于一炉
2333	不见森林 故事梗概 妙想天开 鬼哭神嚎 门禁森严
23331	鬼哭神嚎 门禁森严
23332	妙想天开 弃本求末
23333	不见森林 故事梗概
2334	不一样 如一 不相干 女中丈夫 六神无主
23341	六神无主 司空见惯
23342	如一 女中丈夫
23343	不一样 不相干
2335	避开 飞舞 强权政治 不吃一斗 乐于助人
23352	强权政治 乐于助人 嫁祸于人
23353	避开 飞舞 不吃一斗
2336	飞机 司机 那一天 强横 不亚于
23361	司机 那一天
23362	强横 云开见日
23363	飞机 不亚于 尸骨无存 不见天日
2337	不一样了 姑妄听之
23372	姑妄听之
23373	不一样了
2338	那一年 不一样的 舌敝唇焦
23381	那一年 舌敝唇焦
23383	不一样的
2339	如下 乐呵呵 鳌鸣鳖应 表里一致 寻根究底
23391	鳌鸣鳖应 表里一致
23392	如下 乐呵呵 寻根究底 怒形于色 凶神恶煞
234	不开心
2341	乐祸幸灾
23412	乐祸幸灾
2342	病情 支柱产业 凿楹纳书 张口结舌 刮骨去毒
23421	病情 刮骨去毒 表里为奸
23422	张口结舌
23423	支柱产业 凿楹纳书
2343	将机就机 克嗣良裘 买一送一 避祸就福 女中豪杰
23431	将机就机 买一送一 辞严义正
23432	女中豪杰
23433	克嗣良裘 避祸就福
2344	女权主义 顶天立地 丰神绰约
23441	顶天立地 丰神绰约
23442	女权主义
2345	不见经传 好吃懒做 责无旁贷 居里夫人 煨干就湿
23451	责无旁贷
23452	好吃懒做
23453	不见经传 居里夫人 煨干就湿
2346	问道 飞快 强悍 不无道理
23461	问道
23462	强悍
23463	飞快 不无道理
2347	强烈 不由分说 不相为谋
23472	强烈
23473	不由分说 不相为谋
2348	杀死 不无关系
23482	杀死
23483	不无关系
2349	她就 飞翔 不开心 引吭高歌 面无惭色
23492	她就 引吭高歌 面无惭色
23493	飞翔 不开心
235	那一刻 不相信
2351	门无杂客 门无杂宾 六根清净
23511	门无杂客 门无杂宾 六根清净
2352	如今 她们 不一会 六根清静 闭口藏舌
23521	六根清静 闭口藏舌 春树暮云 泰极而否
23522	如今 她们
23523	不一会
2353	乐嗟苦咄 装模作样 杀一儆百 劈啪作响 不恶而严
23531	装模作样
23532	乐嗟苦咄 杀一儆百 弃本逐末
23533	劈啪作响 不恶而严
2354	司法 问候 不忘沟壑 如梦似幻 丰神俊朗
23541	司法 问候 丰神俊朗
23542	如梦似幻 弃恶从善
23543	不忘沟壑 蚁穴溃堤
2355	如花 鬼神莫测 痛哭流涕 不辱使命 青史传名
23551	鬼神莫测 痛哭流涕 青史传名
23552	如花 妖由人兴 乐天任命
23553	不辱使命 尺树寸泓
2356	还本付息 屁事没有
23563	还本付息 屁事没有
2357	那一刻 杀人 病人 不相信 如水
23571	那一刻 病人 青年人
23572	杀人 如水 乐极生悲 寻事生非
23573	不相信 不想多说 不一而足
2358	强化 问过 乐极生哀 毒副作用 飞也似的
23581	问过 毒副作用
23582	强化 乐极生哀 强本节用
23583	飞也似的
2359	如何 好事多磨 如梦方醒 面无人色 妙舞清歌
23592	如何 好事多磨 如梦方醒 面无人色 妙舞清歌
236	不只是 那也是
2362	乐视影业 装神弄鬼 飞机大炮 蜂虿有毒
23621	装神弄鬼
23622	乐视影业
23623	飞机大炮 蜂虿有毒
2363	强大 如同 尸横遍野 闯下大祸 鬼哭狼嚎
23631	闯下大祸 鬼哭狼嚎 买空卖空
23632	强大 如同 弥天大祸
23633	尸横遍野 不平则鸣
2364	不由自主 乐极则忧 鳌里夺尊
23641	鳌里夺尊
23642	乐极则忧
23643	不由自主
2365	病房 疲于奔命 疲于奔波 青年才俊 乐天知命
23651	病房 疲于奔命 疲于奔波 青年才俊 魁梧奇伟
23652	乐天知命 卵与石斗
2366	司马 版权所有 交相辉映 闻一知十 不复存在
23661	司马 版权所有 交相辉映 闻一知十 来也匆匆
23663	不复存在
2367	否则 好事成双 弥天大谎 云开日出 如椽大笔
23672	好事成双 弥天大谎 云开日出 如椽大笔 乐极则悲
23673	否则
2368	问题 如是 她有 如有 不只是
23681	问题 那也是
23682	如是 她有 如有
23683	不只是 不求有功 不鸣则已
2369	弥天大罪
23692	弥天大罪
237	不平衡
2371	不平衡 青林黑塞 飞檐走脊 好事之徒 履穿踵决
23711	青林黑塞
23712	好事之徒
23713	不平衡 飞檐走脊 履穿踵决 不逞之徒 不舞之鹤
2372	春夏之交 飞檐走壁 秦晋之好 乐极悲来 屋下架屋
23721	春夏之交 秦晋之好
23722	乐极悲来
23723	飞檐走壁 屋下架屋
2373	始于足下 将相之器 承天之祐 弹空说嘴 如天之福
23731	将相之器 承天之祐 背本趋末
23732	始于足下 弹空说嘴 如天之福
23733	不祧之祖
2374	她说 昏天黑地
23742	她说 昏天黑地
2375	问了 否认 乐极悲生 不见舆薪 闳中肆外
23751	问了 闳中肆外
23752	乐极悲生
23753	否认 不见舆薪
2376	强调 强国 飞出 不见踪影 不正之风
23761	门下走狗 青梅竹马
23762	强调 强国 好梦难成
23763	飞出 不见踪影 不正之风
2377	不祥之兆 弩下逃箭 凿空之论 不枉此行 姑妄言之
23772	弩下逃箭 姑妄言之 好梦难圆
23773	不祥之兆 凿空之论 不枉此行 不刊之论 不根之论
2378	如此 印记 乐事劝功 不求回报
23782	如此 印记 乐事劝功
23783	不求回报
2379	强行 飞行 女中尧舜
23792	强行 女中尧舜
23793	飞行
2381	云中白鹤
23812	云中白鹤
2382	乐极哀来
23822	乐极哀来
2383	云里雾里 凿骨捣髓 寻枝摘叶
23832	云里雾里 寻枝摘叶
23833	凿骨捣髓
2384	好一阵子 不忘初心
23842	好一阵子
23843	不忘初心
2385	炽热 强势 凶喘肤汗 云开雾散 表里山河
23851	表里山河
23852	强势 凶喘肤汗 云开雾散 如梦初觉
23853	炽热
2386	她的 嫣然 表示的是 青天白日 弱柳扶风
23861	表示的是 青天白日
23862	她的 嫣然 弱柳扶风
2387	杀手 否极阳回 尽忠报国 那样的话
23871	那样的话
23872	杀手
23873	否极阳回 尽忠报国
2388	强迫 魂亡魄失 凿空投隙 青天霹雳 凶相毕露
23881	青天霹雳 顶礼膜拜 瘦骨嶙峋
23882	强迫 魂亡魄失 凶相毕露 如见肺肝
23883	凿空投隙
2389	如梦初醒 希望工程 面无血色 寻根追底 丰神异彩
23891	丰神异彩
23892	如梦初醒 希望工程 面无血色 寻根追底
2391	交口称赞
23911	交口称赞
2392	表里受敌
23921	表里受敌
2393	如无其事 强唇劣嘴 弃末返本 不相上下 不复当年
23932	如无其事 强唇劣嘴 弃末返本 弃末反本
23933	不相上下 不复当年
2394	如意 春夏秋冬 飞天遁地
23941	春夏秋冬
23942	如意
23943	飞天遁地
2395	印度 熬枯受淡 弸中彪外 火树银花 疲于应付
23951	熬枯受淡 疲于应付 交口称誉
23952	印度 弸中彪外 如见其人
23953	火树银花
2396	敢于较真 乐见其成 痛下针砭
23961	敢于较真 痛下针砭
23962	乐见其成
2397	弦无虚发 弹无虚发 怒极反笑
23972	弦无虚发 弹无虚发 怒极反笑
2398	表示质疑 不无小补 丰年稔岁
23981	表示质疑 丰年稔岁
23983	不无小补
2399	不求甚解 好事连连
23992	好事连连
23993	不求甚解
241	不懂得
2411	壮烈牺牲 乙级联赛 闭着眼睛
24111	壮烈牺牲 乙级联赛 闭着眼睛
2412	壮志凌云 女织男耕 如丧考妣
24121	壮志凌云
24122	女织男耕 如丧考妣
2413	装饰
24131	装饰
2414	闺蜜 来往 乐退安贫 闲情逸志 乐道安贫
24141	闺蜜 来往 闲情逸志
24142	乐退安贫 乐道安贫 面红耳赤
24143	不良资产 不分畛域 不堪造就
2415	古老 乐道安命 阋墙御侮 奉公守法 群情鼎沸
24151	阋墙御侮 奉公守法
24152	乐道安命 群情鼎沸
24153	古老 眉高眼低
2416	尽头 来得 不懂得 不违农时
24161	来得
24163	尽头 不懂得 不违农时
2417	将欲取之 不分彼此 缺心眼儿 闲情逸趣
24171	将欲取之 缺心眼儿 闲情逸趣
24173	不分彼此
2418	面红耳热
24182	面红耳热
2419	好象 尽收眼底 闲情逸致 弘毅宽厚 不为牛后
24191	闲情逸致
24192	好象 弘毅宽厚
24193	尽收眼底 不为牛后 不差累黍
2421	尽心尽职 引咎辞职 奴颜婢睐 丁公凿井
24211	丁公凿井
24212	引咎辞职 奴颜婢睐
24213	尽心尽职
2422	好不 乐道好古 剧烈运动 螓首蛾眉 不关痛痒
24222	好不 乐道好古
24223	剧烈运动 螓首蛾眉 不关痛痒 故旧不弃 否去泰来
2423	北京君正 不声不响 始终如一 闷声不响 君子好逑
24231	北京君正 闷声不响
24232	始终如一 君子好逑 君子不器 奴颜媚骨 好善嫉恶
24233	不声不响 居高不下 不忮不求
2424	好好 装弹 娃娃 娘娘 尽善尽美
24241	装弹 痛心疾首 疚心疾首 痛心病首 辞旧迎新
24242	好好 娃娃 娘娘 面红面绿 面红面赤
24243	尽善尽美 不懂装懂 居心不良 不怕不怕 不绝如缕
2425	疼痛 嫌弃 云卷云舒 妙处不传 乐道遗荣
24251	疼痛 敢为敢做
24252	嫌弃 云卷云舒 妙处不传 乐道遗荣 弃情遗世
24253	不死不活 不死不休 不矜不伐 不愧屋漏 不愧不作
2426	函盖充周 烽鼓不息 来去如风 不愤不启 来处不易
24261	函盖充周 来去如风 来处不易
24263	烽鼓不息 不愤不启
2427	支部书记 不懈努力 如埙如篪 如埙如箎 不悱不发
24271	六亲不认
24272	如埙如篪 如埙如箎
24273	支部书记 不懈努力 不悱不发 不主故常
2428	好运 不慎遗失 壮心不已 奉公不阿 奴颜婢膝
24281	壮心不已 奉公不阿 痴心不改 闷声闷气 辞尊居卑
24282	好运 奴颜婢膝 好声好气 奶声奶气
24283	不慎遗失 屏声静气
2429	火焰 奴颜婢色 不即不离 壮志未酬 不着痕迹
24291	壮志未酬
24292	奴颜婢色
24293	火焰 不即不离 不着痕迹 不郎不秀
243	不公平 好半天
2431	好想 寿终正寝 闻声相思 乐道忘饥 不绝于耳
24311	寿终正寝 闻声相思 六亲无靠 片纸只字
24312	好想 乐道忘饥
24313	不绝于耳 蛇欲吞象
2432	否终复泰 不务正业
24323	否终复泰 不务正业
2433	故事 好事 好吃 将就一下 杀死一只
24331	将就一下 痴心妄想 门墙桃李 问道于盲 奉为楷模
24332	好事 好吃 杀死一只 好善恶恶
24333	故事 不怕一万 不经一事
2434	不公平 烂熟于心 问心无愧 好为事端
24341	问心无愧
24342	好为事端
24343	不公平 烂熟于心
2435	背地里 不良事件 契船求剑 靦颜事仇 始终一贯
24351	背地里 契船求剑 责备求全
24352	靦颜事仇 始终一贯
24353	不良事件 不务空名 不啻天渊
2436	春天 好吧 好吗 来吧 好半天
24361	春天 来吧
24362	好吧 好吗 好半天
24363	业务员 不快也光 烜赫一时
2437	弹丝品竹 君子一言 来去无踪
24371	来去无踪
24372	弹丝品竹 君子一言
2438	好听 蚁封穴雨 奉公正己 不堪一击 鬼斧神工
24381	奉公正己 鬼斧神工
24382	好听
24383	蚁封穴雨 不堪一击
2439	闲情别致 还差一点 熬姜呷醋 背城一战
24391	闲情别致 熬姜呷醋 背城一战
24393	还差一点
244	女孩子 好孩子
2441	装备 装着 动心怵目 君主立宪 不咎既往
24411	装备 装着
24412	动心怵目 君主立宪
24413	不咎既往
2442	尽情 不懂就问
24423	尽情 不懂就问
2443	好歹 不分高下 屈高就下
24432	好歹
24433	不分高下 屈高就下
2444	女孩子 好孩子 古典主义 素丝羔羊 弃旧怜新
24441	素丝羔羊
24442	女孩子 好孩子 弃旧怜新
24443	古典主义
2445	北道主人
24451	北道主人
2446	尽快 不愉快 好高鹜远 来去分明 奉为圭臬
24461	来去分明 奉为圭臬 丰亨豫大
24462	好高鹜远 好高骛远 君子慎独
24463	尽快 不愉快
2447	古怪 尽心竭力 痛悔前非 不差毫发
24471	痛悔前非
24473	古怪 尽心竭力 不差毫发
2448	好端端 不怕死 痛心绝气 闭关却扫
24481	痛心绝气 闭关却扫
24482	好端端
24483	不怕死
2449	好处 故乡 好心 静悄悄 不差毫厘
24491	静悄悄 来情去意
24492	好处 好心
24493	故乡 不差毫厘
245	不高兴 女主人
2451	好像 装作 飞土逐害 避坑落井 女士优先
24511	装作
24512	好像 女士优先 妇道人家
24513	飞土逐害 避坑落井 不堪入目 不堪入耳
2452	来做 尺寸 业务涉及 春心萌动 炮舰外交
24521	来做 春心萌动
24522	奸夫淫妇
24523	尺寸 业务涉及 炮舰外交
2453	好地方 闲着没事 弃道任术 背城借一 不必多礼
24531	闲着没事 背城借一 痛心入骨
24532	好地方 弃道任术
24533	不必多礼
2454	不高兴 装修 灯红酒绿 面墙而立
24541	装修
24542	面墙而立
24543	不高兴 灯红酒绿
2455	支付 好多 引领 女子举重 故地重游
24551	春心荡漾 痛快淋漓 舌绽莲花 春情荡漾 装怯作勇
24552	好多 引领 女子举重 靦颜人世 弃义倍信
24553	支付 故地重游 壁立千仞
2456	屏幕 古墓 不为人知 背道而驰 不约而同
24561	背道而驰
24562	群情激昂 群情激奋
24563	屏幕 古墓 不为人知 不约而同 飞土逐肉
2457	敌人 古代 古人 好人 来人
24571	敌人 来人
24572	好人 好生 女主人 好为人师
24573	古代 古人 不恤人言
2458	来过 好似 好过 痛心伤臆 古为今用
24581	来过 痛心伤臆
24582	好似 好过
24583	古为今用
2459	来源 春节 凿坯而遁 弃公营私 承颜候色
24591	来源 春节 承颜候色
24592	弃公营私 如约而至 引商刻羽
24593	凿坯而遁 凿坏而遁 歪心邪意
246	那就是 不愧是
2461	遨翔自得 不予理睬 闭关自守 疾首蹙额 属垣有耳
24611	遨翔自得 闭关自守 疾首蹙额
24612	动心骇目
24613	不予理睬 属垣有耳
2462	春风 奉子成婚 不为所动 否终则泰 门殚户尽
24621	春风 奉子成婚 门殚户尽
24622	引咎自责
24623	不为所动 否终则泰
2463	尽量 好感 婚纱照中 丰墙硗下 来去自由
24631	丰墙硗下 来去自由
24632	好感 婚纱照中
24633	尽量
2464	来自 好在 火光 函盖乾坤
24641	来自 函盖乾坤
24642	好在
24643	火光
2465	好几 来时 北京大学 业绩暴涨 门单户薄
24651	来时 北京大学 门单户薄 敌忾同仇
24652	好几 妙绝时人
24653	业绩暴涨 居心叵测 不登大雅
2466	奉献 尺码 症结所在 书声琅琅 问羊知马
24661	奉献 症结所在 书声琅琅 问羊知马 来去匆匆
24663	尺码
2467	好友 不规则
24672	好友
24673	不规则
2468	那就是 不愧是 引为知己 妇产医院 丑声远播
24681	那就是 丑声远播
24682	引为知己 妇产医院
24683	不愧是 屏声息气
2469	好奇 蛛丝马迹 不必在意 承前启后 不预则废
24691	承前启后
24692	好奇
24693	蛛丝马迹 不必在意 不预则废
247	不喜欢 女孩儿
2471	尽管 来讲
24711	来讲
24713	尽管
2472	尽数 君子之交 面缚衔璧 阋墙谇帚 不良记录
24721	阋墙谇帚
24722	君子之交 面缚衔璧
24723	尽数 不良记录 不堪言状
2473	不喜欢 来回 女孩儿 飞殃走祸 不幸言中
24731	来回 痛心切骨
24732	女孩儿 君子固穷 面缚舆榇
24733	不喜欢 飞殃走祸 不幸言中 不堪设想 居高临下
2474	来说 来之 君子之道 面红颈赤 动心忍性
24741	来说 来之
24742	君子之道 面红颈赤 动心忍性 弃旧图新
24743	不堪回首 歪八竖八
2475	来了 好了 尽力 尽了 不为瓦全
24751	来了
24752	好了 贸首之仇
24753	尽力 尽了 不为瓦全
2476	阅读 支出 泰国 弃逆归顺 挈瓶之知
24761	阅读 泰国 挈瓶之知
24762	弃逆归顺 充分说明
24763	支出 不义之财
2477	引发 来临 那就算了 不情之请 强颜欢笑
24771	来临 那就算了
24772	引发 强颜欢笑
24773	不情之请 不经之谈 不必言谢
2478	引起 好笑 壮士断腕 贸首之雠 不着边际
24781	壮士断腕
24782	引起 好笑 贸首之雠 始终坚持
24783	不着边际 不关紧要
2479	不死之身 故土难离
24793	不死之身 故土难离
248	不必要 青城山
2481	来看 好看 灶坑打井 飞声腾实 不立文字
24811	来看 六韬三略
24812	好看
24813	灶坑打井 飞声腾实 不立文字
2482	不必要 弹道导弹
24822	弹道导弹
24823	不必要
2483	虱处裈中 不惜工本 杀声震天 引绳排根 居心险恶
24831	虱处裈中
24832	杀声震天 引绳排根 凶终隙末
24833	不惜工本 居心险恶 慰情胜无
2484	支持 引经据典 丰墙峭址 将心比心
24841	丰墙峭址 将心比心
24842	引经据典
24843	支持
2485	引导 支队 古典文学
24852	引导
24853	支队 古典文学
2486	好的 迟疑 嫌疑 遗憾的是 妇孺皆知
24861	舌端月旦
24862	好的 嫌疑 妇孺皆知
24863	迟疑 遗憾的是
2487	支撑 来找 青城山 熬心费力
24871	来找 青城山 熬心费力
24873	支撑
2488	痛心拔脑 丰墙峭阯 青红皂白 古道热肠 不分皂白
24881	痛心拔脑 丰墙峭阯 青红皂白
24883	古道热肠 不分皂白
2489	凿坏以遁 不为已甚 鳌愤龙愁
24891	鳌愤龙愁
24893	凿坏以遁 不为已甚
249	不经意 北京市
2491	不够意思 嫌贫爱富 奉为至宝 不退反进
24911	奉为至宝
24912	嫌贫爱富
24913	不够意思 不退反进
2492	痕迹 火车 春秋 弥缝其阙 春去秋来
24921	痕迹 春秋 春去秋来
24922	弥缝其阙
24923	火车 古典音乐
2493	敌后 不差上下
24931	敌后
24933	不差上下
2494	故意 鬼虎 好意 好久 不经意
24941	鬼虎 北京市级
24942	好意 好久 乐新厌旧
24943	故意 不经意 不堪其忧 不良习惯
2495	强死赖活 不分轻重 适逢其会 寻死觅活 春兰秋菊
24951	适逢其会 春兰秋菊
24952	强死赖活 寻死觅活
24953	不分轻重
2496	素质 君子爱财 不必当真 刮垢磨光
24961	素质 刮垢磨光
24962	君子爱财
24963	不必当真
2497	来到 迟到 北京市 闭关锁国 不予置评
24971	来到 北京市 闭关锁国 六道轮回
24973	迟到 不予置评
2498	支配 女主角 缺心少肺 壮士解腕
24981	缺心少肺 壮士解腕
24982	女主角
24983	支配
2499	门堪罗雀 不良反应 不分轩轾
24991	门堪罗雀
24993	不良反应 不分轩轾
251	支付宝 不值得
2513	还能怎样
25133	还能怎样
2514	不舍得删 痛湔宿垢
25141	痛湔宿垢
25143	不舍得删
2515	如人饮水 未能免俗 熬清守淡
25151	未能免俗 熬清守淡
25152	如人饮水
2516	支付宝 不值得 不觉得 不假思索 故作姿态
25163	支付宝 不值得 不觉得 不假思索 故作姿态
2517	责任制 杀伐决断 熬清守谈 杀伐果断 面带微笑
25171	责任制 熬清守谈
25172	杀伐决断 杀伐果断 面带微笑 妒能害贤
25173	眉花眼笑
2518	将它 面命耳提
25181	将它
25182	面命耳提
2519	将军 眉清目秀 燃萁煮豆
25191	将军
25193	眉清目秀 燃萁煮豆
252	不合适 不能不
2521	蜂合蚁聚 克传弓冶 奉令承教 不依不饶 如法炮制
25211	奉令承教
25212	如法炮制 动荡不安 如渴如饥
25213	蜂合蚁聚 克传弓冶 不依不饶 局促不安 不茶不饭
2522	闪烁 蜡烛 不能不 不但不 烟熏火燎
25221	闪烁 虱多不痒
25223	蜡烛 不能不 不但不 烟熏火燎 不温不火
2523	将她 乱涂乱画 不生不灭 门生故吏 寻花问柳
25231	将她 乱涂乱画 门生故吏
25232	寻花问柳
25233	不生不灭 不清不楚 不蔓不枝 避而不见 烟消火灭
2524	将来 装傻充愣 背信弃义 闳侈不经 不伏烧埋
25241	将来 装傻充愣 背信弃义 闳侈不经 敢作敢为
25243	不伏烧埋 尸位素餐 不仁不义 胡作胡为 胡作乱为
2525	烟消云散 尿流屁滚 好学不倦 不偏不倚 来没来过
25251	来没来过 那倒不会
25252	好学不倦 乐而不淫 面沉如水 乐而不荒
25253	烟消云散 尿流屁滚 不偏不倚 屁滚尿流 克勤克俭
2526	那倒不是 如沐春风 灿若群星 寻消问息 如坐春风
25261	那倒不是
25262	如沐春风 寻消问息 如坐春风
25263	灿若群星
2527	不伦不类 面誉背非 面誉背毁 不仅如此 避而不谈
25271	痛而不言 刁滑奸诈
25272	面誉背非 面誉背毁 如泣如诉 引而不发 群而不党
25273	不伦不类 不仅如此 避而不谈 避而不答 不过如此
2528	不合适 交警支队 将信将疑 杀人凶手 如若不然
25281	交警支队 将信将疑 顶个屁用
25282	杀人凶手 如若不然 如坐云雾
25283	不合适 飞鸿印雪
2529	古代遗迹 交通运输 不舍昼夜 敢作敢当 女人不爱
25291	交通运输 敢作敢当 闻名遐迩
25292	女人不爱 杀人如麻 乐而不厌
25293	古代遗迹 不舍昼夜
253	不清楚 来源于
2531	问舍求田
25311	问舍求田
2532	弃若敝履 弃若敝屣 如芒刺背
25322	弃若敝履 弃若敝屣 如芒刺背
2533	不清楚 毒品 不值一哂 壁垒森严 不学无术
25331	毒品 痛入骨髓 舌剑唇枪 病入骨髓 刁斗森严
25332	杀人灭口
25333	不清楚 不值一哂 壁垒森严 不学无术 屏住呼吸
2534	闪过一丝 鬼使神差 交通枢纽 痛深恶绝 乐而忘死
25341	闪过一丝 鬼使神差 交通枢纽 痛深恶绝
25342	乐而忘死
2535	展开 寻求 闲花埜草 买菜求益 彗汜画涂
25351	闲花埜草 买菜求益 彗汜画涂 闻名于世 病从口入
25352	寻求
25353	展开 古今中外 尺水丈波 不齿于人 屈节辱命
2536	来源于 不能再 运营助理 不过只是 烂漫天真
25361	来源于 奉若神明 那倒也是
25362	运营助理
25363	不能再 不过只是 烂漫天真 灿若繁星
2537	展示 春生夏长 乱作一团 不落窠臼 奉命唯谨
25371	春生夏长 乱作一团 奉命唯谨
25372	鸱鸦嗜鼠
25373	展示 不落窠臼 蜷作一团
2538	六年 不名一文 不值一文 不值一提
25381	六年
25383	不名一文 不值一文 不值一提
2539	殿下 张牙舞爪 背水一战 乐而忘返 不名一钱
25391	背水一战
25392	张牙舞爪 乐而忘返 恕你无罪
25393	殿下 不名一钱 不值一钱 不值一顾
254	不停地 充满着
2541	充满着 贵重首饰 留个心眼
25412	充满着 留个心眼
25413	贵重首饰
2542	春节快乐 动人心弦 火伞高张 灼艾分痛
25421	春节快乐
25422	动人心弦
25423	火伞高张 灼艾分痛
2543	六条 不停地 居住地 病入膏肓 不念旧恶
25431	六条 病入膏肓
25433	不停地 居住地 不念旧恶 尽入彀中
2544	始终 不作死就 娇生惯养 遐方绝壤 静若处子
25441	静若处子
25442	始终 娇生惯养
25443	不作死就 遐方绝壤 不法分子 遐方绝域
2545	不能够 灵活性 故作高深 痛贯心膂 居停主人
25451	痛贯心膂 来鸿去燕
25452	灵活性 留作纪念 婢作夫人
25453	不能够 故作高深 居停主人 避世绝俗 遗世绝俗
2546	痛快 运营商 不通情理 承蒙关照 面若死灰
25461	痛快 承蒙关照
25462	运营商 面若死灰
25463	不通情理
2547	不作为 乜斜缠帐
25471	乜斜缠帐
25473	不作为
2548	动人心魄 蛇化为龙 痛入心脾
25481	痛入心脾
25482	动人心魄
25483	蛇化为龙
2549	责任心 凶多吉少 青藏高原 避重就轻 燃萁煎豆
25491	责任心 青藏高原
25492	凶多吉少
25493	避重就轻 燃萁煎豆
255	不仅仅 责任人
2551	录像带 始作俑者 不作浊富 如法泡制 引人注目
25512	录像带 始作俑者 如法泡制 引人注目 引人深思
25513	不作浊富
2552	痛苦 将会 女人们 飞鸽传书 杀人放火
25521	痛苦 将会 聱牙佶屈
25522	女人们 杀人放火
25523	飞鸽传书 不通水火
2553	姓名 将他 不方便 不仅仅只 蜂合豕突
25531	将他
25532	姓名 弃邪从正 留个念想 引领而望 好酒贪杯
25533	不方便 不仅仅只 蜂合豕突 飞熊入梦
2554	六个 克伐怨欲 不通人情 乱世重典
25541	六个 乱世重典
25543	克伐怨欲 不通人情
2555	如泣草芥 交淡若水 乱世佳人 闯荡江湖 不劳而获
25551	交淡若水 乱世佳人 闯荡江湖 春深似海
25552	如泣草芥 杀人偿命
25553	不劳而获 烟波浩渺
2556	乱世英雄 昼警暮巡 弃伪从真 如花似玉 好勇斗狠
25561	乱世英雄
25562	弃伪从真 如花似玉 好勇斗狠 如花似朵
25563	昼警暮巡
2557	不仅仅 责任人 好多人 留学生 好学生
25571	责任人 闲杂人等
25572	好多人 留学生 好学生
25573	不仅仅
2558	闪过 如汤浇雪 如汤灌雪 引人入胜 女生外向
25581	闪过
25582	如汤浇雪 如汤灌雪 引人入胜 女生外向 如汤沃雪
2559	烂若舒锦 如花似锦 故入人罪 弹剑作歌
25592	如花似锦 弹剑作歌
25593	烂若舒锦 故入人罪
256	不过是 还没有
2561	不合时宜 炊沙成饭 如法砲制 杀人夺宝 虫沙猿鹤
25612	如法砲制 杀人夺宝
25613	不合时宜 炊沙成饭 虫沙猿鹤 不入时宜
2562	闪电 不测风云 业余时间 如芒在背 不做凤尾
25621	闪电
25622	如芒在背
25623	不测风云 业余时间 不做凤尾
2563	展现 责任感 不合理 建仓时机 聱牙戟口
25631	责任感 聱牙戟口 阆苑琼楼
25632	建仓时机 运营成本
25633	展现 不合理 飞流直下 不共戴天 灿若星辰
2564	好消息 闻过则喜 遗世独立 司法独立 如蒙大赦
25641	闻过则喜 司法独立
25642	好消息 如蒙大赦
25643	遗世独立
2565	及时 蝇营狗苟 云散风流 交通大学
25651	交通大学
25652	云散风流
25653	及时 蝇营狗苟
2566	引领风骚 璧坐玑驰
25662	引领风骚
25663	璧坐玑驰
2567	六十 适合自驾 飞流短长 强人所难 留个电话
25671	六十 适合自驾 闲邪存诚
25672	强人所难 留个电话
25673	飞流短长
2568	不过是 还没有 承包 交警大队 如假包换
25681	承包 交警大队
25682	如假包换
25683	不过是 还没有 不能自已 不能自拔 贵人贱己
2569	如你所愿 云淡风轻 好像有点 弦外有音
25692	如你所愿 云淡风轻 好像有点 弦外有音
257	不允许 那会儿
2571	司法鉴定 好生之德 希世之宝 不法之徒 尺泽之鲵
25711	司法鉴定
25712	好生之德 希世之宝
25713	不法之徒 尺泽之鲵
2572	不治之症 飞沿走壁 聱牙诘屈
25721	聱牙诘屈
25723	不治之症 飞沿走壁
2573	不允许 那会儿 燃萁之敏 丰草长林 蠡测管窥
25731	那会儿 丰草长林 痴人说梦 将伯之呼 将伯之助
25732	蠡测管窥 云泥之别 弃邪归正 弦外之响
25733	不允许 燃萁之敏 迟暮之年
2574	弹丸黑子 弃过图新 北斗之尊 弹丸之地 群众路线
25741	北斗之尊
25742	弹丸黑子 弃过图新 弹丸之地 群众路线 弹丸黑志
25743	不法行为 胡作非为 飞禽走兽 尺寸之地
2575	承诺 承认 杀伤力 杀人越货 尾生之信
25751	承诺 承认 交浅言深
25752	杀伤力 杀人越货 妇人之仁 好人难做 群鸿戏海
25753	尾生之信 局外之人 不能瓦全 履薄临深
2576	飞沙走石 希世之珍 希世之才 北斗七星 飞沙走砾
25761	北斗七星 六合之内
25762	希世之珍 希世之才
25763	飞沙走石 飞沙走砾 飞苍走黄
2577	寻常 不苟言笑 不修边幅 女流之辈
25772	寻常 女流之辈
25773	不苟言笑 不修边幅
2578	弱水之隔 飞鸿踏雪 不世之功 火海刀山 尺寸之功
25782	弱水之隔
25783	飞鸿踏雪 不世之功 火海刀山 尺寸之功
2579	聱牙诘曲 弦外之音 不传之秘 不法常可 弦外之意
25791	聱牙诘曲
25792	弦外之音 弦外之意
25793	不传之秘 不法常可
258	不舒服 不重要
2581	交通工具 敌众我寡
25811	交通工具 敌众我寡
2582	不重要 将要 弘扬 熬油费火 不觉技痒
25821	将要 熬油费火
25822	弘扬
25823	不重要 不觉技痒
2583	还能这样
25833	还能这样
2584	不像以前
25843	不像以前
2585	云蒸霞蔚 云消雾散 弱水三千
25852	云蒸霞蔚 云消雾散 弱水三千
2586	承担 逮捕 交通费 不使用时 飞蓬随风
25861	承担 交通费 交个朋友 浆酒霍肉
25862	逮捕 如水投石
25863	不使用时 飞蓬随风 尽人皆知 飞沙扬砾
2587	寻找 不生气了 烂若披掌 不停的说 面似靴皮
25872	寻找 面似靴皮 面从腹诽
25873	不生气了 烂若披掌 不停的说
2588	将近 将我 不重要的 弹丸脱手 奸淫掳掠
25881	将近 将我 青葱岁月 瘠人肥己 将勤补拙
25882	弹丸脱手 奸淫掳掠
25883	不重要的
2589	不舒服 飞鸿雪爪 烂若披锦
25893	不舒服 飞鸿雪爪 烂若披锦
259	不满意 不介意
2591	承受 尺寸可取 敖世轻物 如获至宝 故作镇定
25911	承受 敖世轻物 春华秋实 敢勇当先
25912	如获至宝
25913	尺寸可取 故作镇定 烟波钓徒
2592	胡萝卜 熔今铸古 妙龄少女 业余爱好 春生秋杀
25921	春生秋杀
25922	妙龄少女
25923	胡萝卜 熔今铸古 业余爱好
2593	奖励 劈荆斩棘 不入虎穴 还淳返朴 春荣秋枯
25931	奖励 春荣秋枯
25933	劈荆斩棘 不入虎穴 还淳返朴
2594	及其 将其 不满意 不介意 契合金兰
25941	将其 契合金兰 奖勤罚懒 契若金兰
25943	及其 不满意 不介意
2595	奖学金 熬清受淡 奶油小生 强作解人
25951	奖学金 熬清受淡
25952	奶油小生 强作解人
2596	飞蓬乘风 如获至珍
25962	如获至珍
25963	飞蓬乘风
2597	静水压力 交通银行 昼伏夜出
25971	静水压力 交通银行
25973	昼伏夜出
2598	如坐针毡 书生意气 春花秋月 闷海愁山
25981	书生意气 春花秋月 闷海愁山
25982	如坐针毡
2599	运营秩序 群众意愿 司法程序 不过尔尔 奖优罚劣
25991	司法程序 奖优罚劣 辞多受少
25992	运营秩序 群众意愿 强而后可
25993	不过尔尔 蜕化变质
261	不确定 好几次
2612	贸易往来 好肉剜疮
26122	贸易往来 好肉剜疮
2613	状况 辞职 好几次 强自取柱 屏息凝神
26131	状况 辞职
26132	好几次 强自取柱
26133	屏息凝神
2614	面容 面具 屠所牛羊 买王得羊 不确定性
26141	买王得羊
26142	面容 面具 杀猪宰羊 如狼牧羊
26143	屠所牛羊 不确定性 不知进退
2615	犀照牛渚 不太安全
26153	犀照牛渚 不太安全
2616	面目 不太赞成 灵光乍现
26162	面目 灵光乍现
26163	不太赞成
2617	及时制止 及时咨询
26173	及时制止 及时咨询
2618	不确定 迎风待月 强自取折 群雄割据 不达目的
26182	迎风待月 强自取折 群雄割据 好骑者堕 弃瑕取用
26183	不确定 不达目的
2619	弥日累夜 春风得意
26191	春风得意
26192	弥日累夜
262	不太好
2621	爆炸 弱肉强食 不理不睬
26212	弱肉强食
26213	爆炸 不理不睬
2622	媳妇 卵石不敌 闻所未闻 面南背北 蜂狂蝶乱
26221	闻所未闻
26222	媳妇 卵石不敌 面南背北 奸同鬼蜮
26223	蜂狂蝶乱
2623	疾病 蜂房蚁穴 不太好吧 火光烛天 阎王好见
26231	疾病 阎王好见
26233	蜂房蚁穴 不太好吧 火光烛天
2624	姨娘 蚂蚁 不太好 不知好歹 不破不立
26241	闳大不经
26242	姨娘 希奇古怪
26243	蚂蚁 不太好 不知好歹 不破不立 古貌古心
2625	背景交代 不知不觉 贸易壁垒 灵丹妙药 不知丁董
26251	背景交代
26252	贸易壁垒 灵丹妙药
26253	不知不觉 不知丁董
2626	妈妈 问题不大 不尴不尬 居大不易 不成问题
26261	问题不大
26262	妈妈
26263	不尴不尬 居大不易 不成问题 不是问题 不早不晚
2627	状元及第 好景不常 不骄不躁 好景不长 不同寻常
26271	状元及第 闲是闲非
26272	好景不常 好景不长 面是背非
26273	不骄不躁 不同寻常
2628	不太好看 疾风迅雷 尾大不掉 青黄不接 不明不白
26281	疾风迅雷 青黄不接 司马青衫
26282	群威群胆 弃瑕录用
26283	不太好看 尾大不掉 不明不白 不日不月
2629	弃智遗身 不大不小 屡败屡战 还有不少 如琢如磨
26292	弃智遗身 如琢如磨 如狼如虎
26293	不大不小 屡败屡战 还有不少
263	不影响 来自于
2631	不易一字
26313	不易一字
2632	熄灭 尽态极妍 引风吹火 弓影杯蛇 女大须嫁
26322	引风吹火 弓影杯蛇 女大须嫁
26323	熄灭 尽态极妍
2633	如有神助 不同政见 不太一样 不远万里 如日中天
26332	如有神助 如日中天
26333	不同政见 不太一样 不远万里 遗臭万年
2634	遗忘 将是一场 交感神经 魂牵梦绕 克肩一心
26341	将是一场 交感神经
26342	魂牵梦绕
26343	遗忘 克肩一心
2635	门口 弃瑕忘过 未成年人 六十年代 素昧平生
26351	门口 未成年人 六十年代 素昧平生
26352	弃瑕忘过 魂牵梦萦
26353	不是一个 故态复萌
2636	女神 来自于 不同于 不在于 寿元无量
26361	来自于 寿元无量
26362	女神 灵光一现
26363	不同于 不在于 不明事理 贵贱无二
2637	闭嘴 门槛 闲鸥野鹭 弃易求难 丑态百出
26371	闭嘴 门槛 闲鸥野鹭 丑态百出
26372	弃易求难 张王李赵
26373	贵贱无常
2638	希望 不影响 未成年 痛剿穷迫 函矢相攻
26381	未成年 痛剿穷迫 函矢相攻 刮风下雨 春风夏雨
26382	希望 魂牵梦系
26383	不影响
2639	春风一度
26391	春风一度
264	不知道 表现为
2641	司马懿 不知羞耻
26411	司马懿
26413	不知羞耻
2642	面孔 好成绩 姑息养奸
26422	面孔 好成绩 姑息养奸
2643	将成斧柯 不知就里 买二送一 不知纪极
26431	将成斧柯 买二送一
26433	不知就里 不知纪极
2644	女子 面子 疯子 好日子 及时组织
26441	疯子
26442	女子 面子 好日子 贸易逆差
26443	及时组织 炎黄子孙
2645	女孩 女性 不知死活 不太高兴 不知高低
26452	女孩 女性
26453	不知死活 不太高兴 不知高低 不知为何 不知端倪
2646	不知道 遗憾 及早就医 炫石为玉 女貌郎才
26462	女貌郎才
26463	不知道 遗憾 及早就医 炫石为玉
2647	女士 表现为 好戴高帽 面是心非 弃短就长
26471	表现为
26472	女士 好戴高帽 面是心非 弃短就长 好自为之
26473	不知道了 不太喜欢
2648	面前 门前 及时收集 及时收手 弃同即异
26481	门前 闻风丧胆
26482	面前 弃同即异 好大喜功
26483	及时收集 及时收手 不知悔改 不知去向 不太熟悉
2649	遗产 好奇心 背景颜色 乐昌分镜 不太吉利
26491	背景颜色 瘗玉埋香
26492	好奇心 乐昌分镜
26493	遗产 不太吉利
265	那时候 女同学
2651	女同学 不自觉 病理学家 引狼入室 顶风作案
26511	病理学家 顶风作案
26512	女同学 引狼入室 如风过耳
26513	不自觉
2652	及早治疗 北大药业 不二法门 闻风而动 春风满面
26521	北大药业 闻风而动 春风满面
26523	及早治疗 不二法门 不辨菽麦
2653	贵重 贵族 弓影浮杯 青州从事 不远千里
26531	青州从事 春暖花开
26532	弓影浮杯 如日方中
26533	贵重 贵族 不远千里 不太清楚
2654	那时候 古时候 乐成人美 遐州僻壤 留有余地
26541	那时候
26542	乐成人美 留有余地 姑息迁就
26543	古时候 遐州僻壤 业内人士 不成体统 不知生死
2655	责令 痛自创艾 春晖寸草 春光漏泄 不太方便
26551	责令 痛自创艾 春晖寸草 春光漏泄 乱砍滥伐
26553	不太方便 不知深浅 不同流俗 不存芥蒂
2656	遗传 适时休息 怒猊渴骥 飞珠溅玉 不二法则
26561	适时休息
26562	怒猊渴骥
26563	遗传 飞珠溅玉 不二法则
2657	女人 女生 装载能力 表达能力 来日方长
26571	装载能力 表达能力 来日方长 六十花甲 责有攸归
26572	女人 女生
26573	飞短流长 不成方圆 不感兴趣 尺短寸长 古是今非
2658	责任 六十多岁 寻瑕伺隙 不太舒服 春风化雨
26581	责任 六十多岁 春风化雨 阑风伏雨
26582	寻瑕伺隙 贸易保护 如日方升
26583	不太舒服 歪风邪气 尺布斗粟
2659	门外 群雄逐鹿 不太满意 如狼似虎 不成敬意
26591	门外 闻风而至 六马仰秣
26592	群雄逐鹿 如狼似虎 面有菜色
26593	不太满意 不成敬意
266	不存在 火辣辣
2661	女王 不是真实
26612	女王
26613	不是真实
2662	闲暇时间 建成时间 六十大寿 不知所云 买贱卖贵
26621	闲暇时间 六十大寿 买贱卖贵 春光明媚
26622	建成时间
26623	不知所云
2663	不知肉味 不太理想 不同凡响 不明真相
26633	不知肉味 不太理想 不同凡响 不明真相
2664	状态 不存在 司马光 背盟败约 贸易顺差
26641	状态 司马光 背盟败约
26642	贸易顺差 强直自遂
26643	不存在 不知所终
2665	驽马十舍 不知有汉 不辨真伪 不同凡俗 春风风人
26651	春风风人
26652	驽马十舍
26653	不知有汉 不辨真伪 不同凡俗
2666	疯狂 贸易 不太明显 不知凡几 尺有所短
26661	疯狂 乱琼碎玉
26662	贸易 群星璀璨 姆巴巴内
26663	不太明显 不知凡几 尺有所短
2667	女友 贵州智诚 责有所归 不知所谓 不知所踪
26671	责有所归 来日大难
26672	女友 驽马十驾
26673	贵州智诚 不知所谓 不知所踪 不自量力
2668	面包 交易所 魆风骤雨 不知所措 疾风骤雨
26681	交易所 魆风骤雨 疾风骤雨 疾风暴雨 那是自然
26682	面包 如有所失 如左右手
26683	不知所措 不知所以 不太明白 贵远贱近
2669	昏暗 火辣辣 乐昌破镜 静电感应
26691	静电感应
26692	昏暗 乐昌破镜
26693	火辣辣
267	表现出 强有力
2671	不二之选
26713	不二之选
2672	及时行乐 好丹非素 闭户读书 女大难留 屦贱踊贵
26721	闭户读书
26722	好丹非素 女大难留
26723	及时行乐 屦贱踊贵
2673	女儿 将夺固与 不在话下 门户之见 张王赵李
26731	将夺固与 门户之见
26732	女儿 张王赵李
26733	不在话下
2674	六十甲子 不在此列 不易之典 不同之处
26741	六十甲子
26743	不在此列 不易之典 不同之处
2675	面对 疯了 强有力 灵丹圣药
26751	疯了
26752	面对 强有力 灵丹圣药
2676	表现出 不太认同 飞砂走石 引玉之砖
26761	表现出
26762	引玉之砖
26763	不太认同 飞砂走石
2677	爆发 面临 面试 不太认识 不易之论
26772	面临 面试
26773	爆发 不太认识 不易之论 烛照数计
2678	昏迷 及时出手 好奇尚异 阑风长雨 不时之需
26781	阑风长雨
26782	昏迷 好奇尚异
26783	及时出手 不时之需
2679	及时赶到 乐昌之镜 北风之恋 面有难色 门户之争
26791	北风之恋 门户之争
26792	乐昌之镜 面有难色
26793	及时赶到 不太了解
268	不明白 不在乎
2681	适量摄取 买马招军
26811	适量摄取 买马招军
2682	不明白 面黄肌瘦 迎风招展 如是我闻 不太看好
26821	春风拂面
26822	面黄肌瘦 迎风招展 如是我闻
26823	不明白 不太看好
2683	如影随形 炼石补天 迟早的事 火冒三丈
26832	如影随形
26833	炼石补天 迟早的事 火冒三丈
2684	不在乎
26843	不在乎
2685	局骗拐带 古巴比伦 北大西洋 不同的人 如石投水
26851	北大西洋
26852	如石投水
26853	局骗拐带 古巴比伦 不同的人
2686	妈的 女的 面向 嫁狗随狗 弃琼拾砾
26861	敌暗我明 敌明我暗
26862	妈的 女的 面向 嫁狗随狗 弃琼拾砾
26863	飞砂扬砾 飞黄腾达 炫玉贾石
2687	缺乏 凶手 否则的话 飞黄腾踏 遗大投艰
26871	缺乏
26872	凶手 弃短用长
26873	否则的话 飞黄腾踏 遗大投艰 不成三瓦
2688	买马招兵 故布疑阵 丑态毕露
26881	买马招兵 丑态毕露
26883	故布疑阵
2689	缺陷 片光零羽
26891	缺陷 片光零羽
269	不在意 不同意
2691	好有意思 不知廉耻 不知利害
26912	好有意思
26913	不知廉耻 不知利害
2692	遗迹 女大当嫁 煽风点火
26922	女大当嫁
26923	遗迹 煽风点火
2693	面上 缺点 面积 闭上 门上
26931	缺点 闭上 门上
26932	面上 面积 乐在其中 驽马恋栈
26933	尼日利亚
2694	不在意 不同意 不太习惯 不成其为
26943	不在意 不同意 不太习惯 不成其为
2695	缺医少药 不太可能 不知轻重 北达科他 不大可能
26951	缺医少药 北达科他
26953	不太可能 不知轻重 不大可能 火星四溅 不在其位
2696	面色 辜负 飞砂转石 不知其二
26962	面色
26963	辜负 飞砂转石 不知其二
2697	六朝金粉 张大其词 不知其详 姚黄魏紫 驽马铅刀
26971	六朝金粉
26972	张大其词 姚黄魏紫 驽马铅刀
26973	不知其详
2698	迅速 缺少 面庞 云南省 不理解
26981	迅速 缺少 憨态可掬 春风和气
26982	面庞 云南省
26983	不理解
2699	交易秩序 不同程度 不知其可 故弄玄虚
26991	交易秩序
26993	不同程度 不知其可 故弄玄虚
271	还记得 建筑物
2711	充实 怒发冲冠 疾足先得
27111	疾足先得
27112	充实 怒发冲冠
2712	杀鸡取卵
27122	杀鸡取卵
2714	不起眼 遣词造句 印第安纳
27142	印第安纳
27143	不起眼 遣词造句
2715	张家 面试官 印第安人
27152	张家 面试官 印第安人
2716	动物 舌头 还记得 建筑物 如数家珍
27161	舌头
27162	动物 建筑物 如数家珍
27163	还记得
2717	炼制 克制 不断实践 阅读次数 不记得了
27171	阅读次数 甜言蜜语 闲言冷语
27173	炼制 克制 不断实践 不记得了 蜗行牛步
2718	不切实际
27183	不切实际
2719	引颈待戮
27192	引颈待戮
272	面对面
2721	烦躁不安
27213	烦躁不安
2722	始料不及 片甲不还 乐此不疲 始料未及 群雌粥粥
27221	片甲不还 片瓦不留 片甲不留
27222	始料不及 乐此不疲 始料未及 群雌粥粥
27223	古调不弹 不管不问
2723	层出不穷 奉行故事 嬉笑怒骂
27231	奉行故事
27232	嬉笑怒骂
27233	层出不穷
2724	怒火 刷屏 胡行乱为 姹紫嫣红 不识好歹
27241	来回来去
27242	怒火 姹紫嫣红
27243	刷屏 胡行乱为 不识好歹 不讲面子 辜恩背义
2725	奴隶 嫉贤妒能 妒贤嫉能 乐此不倦
27252	奴隶 嫉贤妒能 妒贤嫉能 乐此不倦
2726	面对面 建议及早 屡试不爽 好语如珠 妙语如珠
27261	问长问短 来之不易 片甲不存 闲非闲是
27262	面对面 建议及早 好语如珠 妙语如珠 如切如磋
27263	屡试不爽 不识不知 蝶粉蜂黄
2727	不言不语 痛诬丑诋 买笑寻欢 闲言赘语 甜言媚语
27271	痛诬丑诋 买笑寻欢 闲言赘语 甜言媚语 春笋怒发
27272	群策群力 面谀背毁
27273	不言不语 胡言乱语 尽管如此 飞起来了 不止不行
2728	动静 烦躁不已 弃之不用 居之不疑 屡劝不改
27281	买东买西
27282	动静 弃之不用
27283	烦躁不已 居之不疑 屡劝不改 不识泰山
2729	昏迷不醒 不管不顾 建筑面积 未尝不可 履舄交错
27291	未尝不可
27292	昏迷不醒 建筑面积
27293	不管不顾 履舄交错
273	书记员 飞行员
2731	不难想象 片言一字 不止一次 不讲武德 片言只字
27311	片言一字 片言只字 丑类恶物
27313	不难想象 不止一次 不讲武德
2732	弃之敝屣 片语只辞 如此一来 春诵夏弦 女长须嫁
27321	片语只辞 春诵夏弦 痴儿呆女
27322	弃之敝屣 如此一来 女长须嫁 张敞画眉
27323	不识一丁
2733	蛇鼠一窝 乐趣无穷 君临天下 问计于民 如出一口
27331	问计于民
27332	乐趣无穷 君临天下 如出一口 妙算神机
27333	蛇鼠一窝
2734	引足救经 背恩忘义 片词只句
27341	背恩忘义 片词只句
27342	引足救经
2735	张开 业精于勤 青出于蓝 不止一个 妙趣横生
27351	青出于蓝
27352	张开 妙趣横生 强加于人 如此下作
27353	业精于勤 不止一个 及笄年华
2736	书记员 动机 动员 飞行员 尻舆神马
27361	书记员 片瓦无存 片甲无存
27362	动机 动员 杀鸡吓猴
27363	飞行员 尻舆神马 不长一智
2737	张嘴 好言相劝 不发一言 片言只语 不足与谋
27371	片言只语
27372	张嘴 好言相劝
27373	不发一言 不足与谋
2738	飞起一脚 片长末技
27381	片长末技
27383	飞起一脚
2739	如出一辙 不说也罢
27392	如出一辙
27393	不说也罢
274	不简单 不足道
2741	疲惫 不简单 来因去果 阔步前进 未了公案
27411	疲惫 来因去果 阔步前进 未了公案
27413	不简单
2742	疫情 不计前嫌 古调单弹 建筑公司 六出纷飞
27421	疫情 六出纷飞
27422	建筑公司
27423	不计前嫌 古调单弹
2743	鬼迷心窍 不足为患 乱了心神 痰迷心窍
27431	鬼迷心窍 乱了心神 痰迷心窍
27433	不足为患
2744	胡说八道 闳识孤怀 乐行忧违 乐观主义 不足为怪
27441	闳识孤怀
27442	乐行忧违 乐观主义 引起公愤
27443	胡说八道 不足为怪
2745	不足为凭 妙语惊人 不识高低
27452	妙语惊人
27453	不足为凭 不识高低
2746	不足道 嫌长道短 不足为奇
27462	嫌长道短
27463	不足道 不足为奇
2747	充分 支出预算 好说歹说 乱七八糟 闳言高论
27471	乱七八糟 闳言高论 来踪去路 将计就计 甜言美语
27472	充分 好说歹说 好谋善断
27473	支出预算 不足为训
2748	不讲义气 不足为据
27483	不讲义气 不足为据
2749	动产 不忍心 不足为虑 来踪去迹
27491	来踪去迹
27492	动产
27493	不忍心 不足为虑
275	那些人 好办法
2751	动作 不加节制 耕读传家
27511	耕读传家
27512	动作
27513	不加节制
2752	如蹈汤火 如蹈水火
27522	如蹈汤火 如蹈水火
2753	尸体 烟盒 不言而喻 火力全开 尺幅千里
27533	尸体 烟盒 不言而喻 火力全开 尺幅千里
2754	烟蒂 疲倦 好办法 如临深谷 蛊惑人心
27541	疲倦
27542	好办法 如临深谷
27543	烟蒂 蛊惑人心 尽力而为
2755	充满 烟花 不计代价 不欢而散 不默而生
27551	乱了方寸 六七个人 问诸水滨
27552	充满 妙笔生花 如临深渊 恕难从命
27553	烟花 不计代价 不欢而散 不默而生 尽欢而散
2756	充值 未读消息 杀鸡儆猴
27561	未读消息
27562	充值 杀鸡儆猴
2757	片刻 动人 那些人 闲言泼语 飞谋荐谤
27571	片刻 那些人 闲言泼语 闲言淡语 丰筋多力
27572	动人 弃甲倒戈 弃笔从戎
27573	飞谋荐谤 胡言汉语 不足齿数
2758	如此而已 不起作用 六七个月 片长薄技 炼精化气
27581	六七个月 片长薄技
27582	如此而已
27583	不起作用 炼精化气 不因人热
2759	不足介意 迎刃而解 迎难而上
27592	迎刃而解 迎难而上
27593	不足介意
276	不论是
2761	面对现实
27612	面对现实
2762	强记博闻 强识博闻 不请自来 弥足珍贵 如临大敌
27622	强记博闻 强识博闻 弥足珍贵 如临大敌 如箭在弦
27623	不请自来 烦言碎辞
2763	张大 强词夺正 不忍直视 如图所示
27632	张大 强词夺正 如图所示
27633	不忍直视
2764	动态 春回大地 不识时务 那些日子 故步自封
27641	春回大地 那些日子
27642	动态
27643	不识时务 故步自封
2765	遗精早泄 鬼出电入 努力奋斗 不识大体 如之奈何
27651	鬼出电入
27652	努力奋斗 如之奈何
27653	遗精早泄 不识大体 及第成名
2766	阅读量大 燃糠自照 不言自明 强词夺理 杀鸡骇猴
27661	阅读量大
27662	强词夺理 杀鸡骇猴
27663	燃糠自照 不言自明
2767	不说短话 闲言碎语 不出所料 烘堂大笑 建言献策
27671	闲言碎语 青筋暴起 六出奇计
27672	建言献策
27673	不说短话 不出所料 烘堂大笑 不说二话
2768	不论是 六七十岁 弃甲曳兵 弓调马服
27681	六七十岁
27682	弃甲曳兵 弓调马服
27683	不论是
277	不认识 不对劲
2771	静观默察
27711	静观默察
2772	好说话 不讳之门 如此说来
27722	好说话 如此说来
27723	不讳之门
2773	不认识 不惑之年 胡越之祸 舐皮论骨 闻鸡起舞
27731	舐皮论骨 闻鸡起舞 静谧之中
27733	不认识 不惑之年 胡越之祸 不识之无
2774	不足之处 婉言谢绝
27742	婉言谢绝
27743	不足之处
2775	努力 动力 妖言惑众 如此之多
27752	努力 动力 妖言惑众 如此之多
2777	版式设计 古诗鉴赏 卯足了劲 不了了之 运筹帷幄
27771	版式设计 闲言长语
27772	卯足了劲 运筹帷幄 寻行数墨
27773	古诗鉴赏 不了了之 避让贤路
2778	不对劲 充足 建设之初 乱糟糟的 嬉皮笑脸
27781	乱糟糟的
27782	充足 建设之初 嬉皮笑脸
27783	不对劲 不赏之功
278	不足以 买东西
2781	怒气
27812	怒气
2782	秦越肥瘠 如此看来 遗簪坠屦
27821	秦越肥瘠
27822	如此看来
27823	遗簪坠屦
2783	燎发摧枯 承欢膝下 属词比事
27831	承欢膝下
27833	燎发摧枯 属词比事
2784	动脉 动之以情 妙言要道 不断提高 乱箭攒心
27841	乱箭攒心
27842	动脉 动之以情 妙言要道 如此这般
27843	不断提高
2785	不足以 建筑技艺 蜂出泉流 青紫被体 六七月份
27851	青紫被体 六七月份
27852	建筑技艺
27853	不足以 蜂出泉流 不识抬举 不足挂齿
2786	片言折狱 弃甲丢盔 北叟失马
27861	片言折狱 北叟失马
27862	弃甲丢盔
2787	动手 嫁鸡随鸡 买笑追欢 闳言崇议 弃甲投戈
27871	买笑追欢 闳言崇议
27872	动手 嫁鸡随鸡 弃甲投戈 面谩腹诽 剥皮抽筋
27873	不难看出 克难攻坚
2788	烟雨 不常用的 建设指导 乱了阵脚 杀鸡抹脖
27881	乱了阵脚
27882	建设指导 杀鸡抹脖
27883	烟雨 不常用的
2789	克服 动摇 动用 买东西 好东西
27891	买东西 函数指针 六街三市
27892	动摇 动用 好东西
27893	克服 飞粮挽秣 尼加拉瓜
279	不了解 泰戈尔
2791	不计后果 妙语解颐
27912	妙语解颐
27913	不计后果
2792	动车 驽箭离弦 弃甲负弩 女长当嫁 妙语解烦
27922	动车 驽箭离弦 弃甲负弩 女长当嫁 妙语解烦
2793	不谋其政
27933	不谋其政
2794	弃之可惜 如临其境
27942	弃之可惜 如临其境
2795	熬夜 弃之度外 不出意外 好戏连台
27951	熬夜
27952	弃之度外 好戏连台
27953	不出意外
2796	古籍整理 昼长夜短 蝇粪点玉 妙语连珠 好行小惠
27962	妙语连珠 好行小惠
27963	古籍整理 昼长夜短 蝇粪点玉
2797	飞谋钓谤 不忍卒读 不计其数 建设银行 甜言软语
27971	甜言软语
27972	建设银行
27973	飞谋钓谤 不忍卒读 不计其数
2798	不了解 春困秋乏
27981	春困秋乏
27983	不了解
2799	泰戈尔 飞米转刍 疾言厉色 静观其变 闻之色变
27991	泰戈尔 疾言厉色 静观其变 闻之色变 魅力四射
27992	寻踪觅迹 引颈受戮
27993	飞米转刍
281	支持者
2811	怒气冲冲
28112	怒气冲冲
2812	女扮男装
28122	女扮男装
2813	那颗 那次 建造 鳌掷鲸吞 鳌掷鲸呿
28131	那颗 那次 鳌掷鲸吞 鳌掷鲸呿
28132	建造 怒气冲天 杀气冲天
28133	屏气凝神
2815	那家 妨功害能 不乏先例 蛟龙得水
28151	那家
28152	妨功害能
28153	不乏先例 蛟龙得水
2816	那头 还得 支持者
28161	那头
28163	还得 支持者
2817	动手实践 强兵富国
28172	动手实践 强兵富国
2818	蝉腹龟肠 不用客气
28183	蝉腹龟肠 不用客气
282	青霉素
2821	还未 还敢 迟疑不决 青山不老 胡拼乱凑
28211	青山不老
28213	还未 还敢 迟疑不决 胡拼乱凑
2822	还不 那不 面向未来 问这问那 运指如飞
28221	那不 问这问那
28222	面向未来 运指如飞
28223	还不 不衫不履 烟霞痼疾
2823	帮她 表姐 强手如林 不文不武 丰肌弱骨
28231	帮她 表姐 丰肌弱骨 舌挢不下
28232	强手如林
28233	不文不武
2824	青春 灿烂 还好 青蛙 青霉素
28241	青春 青蛙 青霉素
28242	希旨承颜
28243	灿烂 还好 克己奉公
2825	乐山乐水 背山面水 娘要嫁人 泰山北斗 弱势群体
28251	背山面水 泰山北斗 春雨如油
28252	乐山乐水 娘要嫁人 弱势群体 如堕烟海 如胶如漆
28253	烟雾弥漫
2826	表面 那间 履险如夷
28261	表面 那间
28263	履险如夷
2827	运动 燃烧 那张 那片 春山如笑
28271	那张 那片 春山如笑
28272	运动 如手如足
28273	燃烧
2828	奶奶 静静 动手动脚 青山不改 飞霜六月
28281	静静 青山不改 虱胫虮肝 六月飞霜 六月飞雪
28282	奶奶 动手动脚 如堕烟雾 好巧不巧
28283	飞霜六月 蜂附云集 不阴不阳 不折不扣
2829	青云 不三不四 不卑不亢
28291	青云
28293	不三不四 不卑不亢
283	适用于
2831	还想 面授机宜
28312	面授机宜
28313	还想
2833	不拘一格 弥山亘野 片文只事 妙手空空 克己复礼
28331	片文只事
28332	弥山亘野 妙手空空 弹雨枪林
28333	不拘一格 克己复礼 不胜杯杓
2834	那样 那只 那一 疾控中心 灿然一新
28341	那样 那只 那一 疾控中心
28342	乐以忘忧 群龙无首
28343	灿然一新 屏气吞声 歪打正着 焕然一新
2835	那里 群里 灵异事件 不胜枚举 寿山福海
28351	那里 寿山福海 门衰祚薄
28352	群里 灵异事件
28353	不胜枚举
2836	属于 那天 适用于 面朋口友
28361	那天 适用于
28362	面朋口友
28363	属于
2837	帮助 表示 嫣然一笑 不要忘记 青山一发
28371	帮助 表示 青山一发
28372	嫣然一笑
28373	不要忘记
2838	青年 那年
28381	青年 那年
2839	那也 张三李四 不提也罢
28391	那也
28392	张三李四
28393	不提也罢
284	还以为 局限性
2841	背着 丰功懿德 引以为耻 不以为耻 不追既往
28411	背着 丰功懿德
28412	引以为耻
28413	不以为耻 不追既往
2842	表情 尽释前嫌 建功立业
28421	表情
28422	建功立业
28423	尽释前嫌
2843	帮忙 那条 适用死刑 她的心里 烦文缛礼
28431	帮忙 那条 适用死刑 将用斧柯
28432	她的心里 弃文就武
28433	烦文缛礼
2844	君子 胡子 引以为豪 毒手尊前 云雾缭绕
28441	毒手尊前 未雨绸缪 门捷列夫
28442	君子 引以为豪 云雾缭绕 动魄惊心
28443	胡子
2845	建立 属性 那句 还给 局限性
28451	那句 青山绿水 闭月羞花
28452	建立 引以为傲 如拾地芥
28453	属性 还给 局限性
2846	那道 那块 艳阳高照 遗失声明 泰山盘石
28461	那道 那块 艳阳高照 泰山盘石 泰山磐石
28463	遗失声明 不以规矩 不近情理 不以为奇 炮龙烹凤
2847	那般 还以为 引以为戒 泰然处之 痛改前非
28471	那般 泰然处之 痛改前非
28472	引以为戒
28473	还以为 克己慎行
2848	背叛 支援部队 不以为然 来龙去脉 怒气填胸
28481	背叛 来龙去脉
28482	怒气填胸
28483	支援部队 不以为然 不失圭撮
2849	北京 那就 她的颜色 不露声色 不以为意
28491	北京 那就 敌我矛盾
28492	她的颜色
28493	不露声色 不以为意 不露圭角 不失毫厘
285	那么多 嫌疑人
2851	表演 运营 那件 如雷灌耳 凿隧入井
28511	表演 那件 丰功茂德 刮肠洗胃
28512	运营 如雷灌耳 妙手偶得 如雷贯耳
28513	凿隧入井
2852	还会 蜂拥而来 古肥今瘠
28523	还会 蜂拥而来 古肥今瘠
2853	适合 北方 群体 帮他 寻衅滋事
28531	适合 北方 帮他 装聋作哑 泰山梁木
28532	群体 寻衅滋事 如振落叶
28533	不拘泥于 炼气化神
2854	那个 那位 那份 妙手仁心 丰功伟绩
28541	那个 那位 那份 丰功伟绩
28542	妙手仁心
28543	不近人情 不胜荣幸 不服水土
2855	群众 那么多 故技重施 来势汹汹 那么多人
28551	那么多 来势汹汹 那么多人
28552	群众 如胶似漆
28553	故技重施 蜂拥而入 故技重演 烘托渲染
2856	弹斤估两 屏气敛息 奉扬仁风 飞文染翰
28561	奉扬仁风
28562	弹斤估两
28563	屏气敛息 飞文染翰
2857	还没 还贷 那人 嫌疑人 交接仪式
28571	那人 交接仪式 适用范围
28572	嫌疑人 如丘而止
28573	还没 还贷 不胜酒力 飞扬浮躁 不用多说
2858	还能 充血水肿 火势蔓延 故我依然 装腔作势
28581	装腔作势 片接寸附 泰山鸿毛
28582	充血水肿
28583	还能 火势蔓延 故我依然 还我河山 展脚伸腰
2859	帮你 帮您 静以修身 强文浉醋 强文假醋
28591	帮你 帮您 静以修身 素袖藏金
28592	强文浉醋 强文假醋 如释重负 如龙似虎
28593	蜂拥而上 蜂拥而至
286	女朋友 好朋友
2861	还真 故障现象 不吝赐教 阐幽明微 丰功硕德
28611	阐幽明微 丰功硕德
28613	还真 故障现象 不吝赐教
2862	尾巴 建成 闲的时间 那段时间 运用自如
28621	闲的时间 那段时间
28622	建成 运用自如 妙手丹青
28623	尾巴 贵阴贱璧
2863	表现 不失时机 间接影响 好的时机 飞龙在天
28631	表现 间接影响
28632	好的时机
28633	不失时机 飞龙在天
2864	还在 背景 背影 如持左券 丰功盛烈
28641	背景 背影 丰功盛烈
28642	如持左券 如操左券 妈拉巴子
28643	还在
2865	那时 闲的时候 不胜感激 尽我所能 不疑有他
28651	那时 闲的时候 泰然自若
28653	不胜感激 尽我所能 不疑有他 居功自傲 蟒袍玉带
2866	缺斤短两 不扶自直 不攻自破 不揣冒昧 恕我冒昧
28661	缺斤短两 阐扬光大
28662	恕我冒昧
28663	不扶自直 不攻自破 不揣冒昧 不吝珠玉
2867	女朋友 好朋友 交朋友 不接电话 恕我直言
28671	交朋友
28672	女朋友 好朋友 恕我直言
28673	不接电话
2868	还是 还有 那是 表达 表明
28681	那是 表达 表明 背包 寿比南山
28682	好的医院
28683	还是 还有 不擒二毛 不打自招 屈打成招
2869	弃文存质 将功赎罪 胡服骑射 门阶户席
28691	将功赎罪 门阶户席
28692	弃文存质
28693	胡服骑射
287	不要紧 不用说
2871	还算 支气管 丰衣足食 不白之冤 履霜坚冰
28711	丰衣足食
28713	还算 支气管 不白之冤 履霜坚冰
2872	还请 弹指之间 支气管炎 妙手回春 弓折刀尽
28722	弹指之间 妙手回春 弓折刀尽 剥肤之痛
28723	还请 支气管炎
2873	那儿 麦丘之祝 那么回事 背山起楼
28731	那儿 麦丘之祝 那么回事 背山起楼
2874	建议 还说 不用说 不毛之地 不拔之志
28741	素隐行怪
28742	建议
28743	还说 不用说 不毛之地 不拔之志
2875	肃然起敬 不腆之仪
28752	肃然起敬
28753	不腆之仪
2876	飞扬跋扈 不按常理
28763	飞扬跋扈 不按常理
2877	建设 那双 不要紧 故障诊断 还手之力
28771	那双
28772	建设 如指诸掌
28773	不要紧 故障诊断 还手之力 不用管了 履霜之戒
2878	那些 那边 建筑 屠龙之技
28781	那些 那边
28782	建筑
28783	屠龙之技
2879	运行 面露难色
28792	运行 面露难色
288	不需要 不要脸
2881	运气 间接投资 不吝指教 飞升腾实 阐幽抉微
28811	间接投资 阐幽抉微
28812	运气
28813	不吝指教 飞升腾实
2882	还要 不需要 表白
28821	表白
28823	还要 不需要
2883	那段 恕我失礼
28831	那段
28832	恕我失礼
2884	闲的要死 不用担心
28841	闲的要死
28843	不用担心
2885	那么 还需 不要脸 运费险 不需要做
28851	那么 将功补过 瘠己肥人
28852	运费险 弱势震荡 如胶投漆
28853	还需 不要脸 不需要做 尸山血海
2886	运费 火然泉达
28862	运费
28863	火然泉达
2887	屁股 那股 青山 胡扯 壮阳补肾
28871	那股 青山 壮阳补肾 闻雷失箸
28872	面折廷诤
28873	屁股 胡扯 不然的话
2888	帮我 那我 不择手段 张皇失措 杀气腾腾
28881	帮我 那我
28882	张皇失措 杀气腾腾
28883	不择手段
2889	适用 运用 不需要钱 如隔三秋 将功折罪
28891	适用 将功折罪
28892	运用 如隔三秋 面折廷争
28893	不需要钱
2891	缺衣少食
28911	缺衣少食
2892	适当 卵覆鸟飞 如山压卵 瘴雨蛮烟 胡肥锺瘦
28921	适当 瘴雨蛮烟 静脉曲张 泰山压顶 泰山压卵
28922	卵覆鸟飞 如山压卵
28923	胡肥锺瘦 不胜其烦 不改其乐 虾兵蟹将 飞龙乘云
2893	那种 背后 背上 丰肌秀骨 属毛离里
28931	那种 背后 背上 丰肌秀骨
28933	属毛离里
2894	胡搅蛮缠
28943	胡搅蛮缠
2895	适应 运输 还可 那座 那可
28951	适应 那座 那可 青山秀水
28952	运输 乐山爱水
28953	还可 还比较多 不拘小节 居功至伟 不露锋芒
2896	青色 青铜 运转 还比较大 缺斤少两
28961	青色 青铜 缺斤少两
28962	运转
28963	还比较大 不要当真
2897	故障原因 火的原因 屈指可数
28973	故障原因 火的原因 屈指可数
2898	缺肢少腿 春露秋霜
28981	缺肢少腿 春露秋霜
2899	适用税率 奉陪到底 面折庭争 丰功厚利 泰山其颓
28991	适用税率 奉陪到底 丰功厚利 泰山其颓
28992	面折庭争
291	闭上眼 不稳定
2911	弃其馀鱼 不甘寂寞 不可造次
29112	弃其馀鱼
29113	不甘寂寞 不可造次
2913	不可靠 买上告下
29131	买上告下
29133	不可靠
2914	甜蜜 闭上眼 动辄得咎
29141	甜蜜 闭上眼
29142	动辄得咎
2915	闲置资源 不可告人 门庭冷落
29151	闲置资源 门庭冷落
29153	不可告人
2916	如期完成 如期实现 未卜先知 春秋鼎盛 炊金馔玉
29161	未卜先知 春秋鼎盛
29162	如期完成 如期实现
29163	炊金馔玉
2917	不可思议 不可教训
29173	不可思议 不可教训
2918	不稳定 闳意眇指
29181	闳意眇指
29183	不稳定
2919	如虎得翼 买铁思金
29191	买铁思金
29192	如虎得翼
2921	屋顶 六畜不安
29211	六畜不安
29213	屋顶
2922	火急火燎 不离不弃 如醉如痴 舌锋如火 耕当问奴
29221	舌锋如火 耕当问奴
29222	如醉如痴
29223	火急火燎 不离不弃
2923	不上不下 好久不见 群魔乱舞 如醉如梦 北辕适楚
29231	北辕适楚 交梨火枣
29232	好久不见 群魔乱舞 如醉如梦
29233	不上不下
2924	迎来 犀角烛怪 敢爱敢恨 刁钻古怪 妖魔鬼怪
29241	敢爱敢恨 刁钻古怪
29242	迎来 妖魔鬼怪 面色如土
29243	犀角烛怪
2925	遐尔闻名 不斩来使 艳压群芳 不负责任 舌战群儒
29251	艳压群芳 舌战群儒
29253	遐尔闻名 不斩来使 不负责任 烂醉如泥 遐迩闻名
2926	克爱克威 卸磨杀驴 春意阑珊 不可不知 屡战屡败
29261	卸磨杀驴 春意阑珊 来历不明
29262	如醉如狂
29263	克爱克威 不可不知 屡战屡败
2927	书香门第 承受不起 不醉不归 那可不行 不可否认
29271	书香门第 承受不起 那可不行
29273	不醉不归 不可否认
2928	闳意妙指 不亦乐乎 屡战屡胜 不可动摇 不可不防
29281	闳意妙指
29282	剥床及肤
29283	不亦乐乎 屡战屡胜 不可动摇 不可不防 不亢不卑
2929	嬷嬷 乐乐 乙酸乙酯 门可张罗 古色古香
29291	乙酸乙酯 门可张罗 门庭如市
29292	嬷嬷 乐乐 怒其不争
29293	古色古香 不可缺少 不稼不穑
293	不至于 青少年
2931	飞上枝头 帮虎吃食 弹铗无鱼 不可想象 青钱万选
29311	帮虎吃食 青钱万选
29312	弹铗无鱼
29313	飞上枝头 不可想象
2932	不甘示弱 不可开交
29323	不甘示弱 不可开交
2933	买上嘱下 不至于吧
29331	买上嘱下
29333	不至于吧
2934	飞遁鸣高 昏庸无道
29342	昏庸无道
29343	飞遁鸣高
2935	屋里 不可救药 不可一世 不可再生 如锥画沙
29352	如锥画沙 姑射神人
29353	屋里 不可救药 不可一世 不可再生 遐迩一体
2936	不至于 不利于 尻轮神马 面上无光
29362	面上无光
29363	不至于 不利于 尻轮神马
2937	不顾一切 不可究诘
29373	不顾一切 不可究诘
2938	青少年 适应形势 引锥刺股
29381	青少年 适应形势
29382	引锥刺股
2939	不至于到 闲愁万种
29391	闲愁万种
29393	不至于到
294	不小心 不甘心
2941	不可兼得 建章立制
29412	建章立制
29413	不可兼得
2942	业绩 燎原烈火 飞鸟惊蛇
29423	业绩 燎原烈火 飞鸟惊蛇
2943	不后悔 如意吉祥 克罗地亚 歪瓜裂枣 秦镜高悬
29431	秦镜高悬
29432	如意吉祥
29433	不后悔 克罗地亚 歪瓜裂枣
2944	屋子 不肖子孙
29443	屋子 不肖子孙
2945	好习惯 不习惯 不可端倪 青翠欲滴 如鸟兽散
29451	青翠欲滴
29452	好习惯 如鸟兽散
29453	不习惯 不可端倪 蝉翼为重 不可懈怠
2946	业主 飞鸾翔凤 不可终日 奖罚分明
29461	奖罚分明
29463	业主 飞鸾翔凤 不可终日
2947	业务
29473	业务
2948	不久前 不可收拾
29483	不久前 不可收拾
2949	不小心 不甘心 火车站 门庭赫奕 顶针续麻
29491	门庭赫奕 顶针续麻 病魔缠身 将错就错
29493	不小心 不甘心 火车站 不可逆转
295	不可能 不少人
2951	不劣方头 不可多得 不期而遇
29513	不劣方头 不可多得 不期而遇
2952	不可企及 不翼而飞 不可名状 不期修古 遐迩著闻
29523	不可企及 不翼而飞 不可名状 不期修古 遐迩著闻
2953	媒体 病原体 不负众望 不可能吧 不省人事
29531	病原体
29532	媒体 如解倒悬
29533	不负众望 不可能吧 不省人事
2954	炼虚合道 不当人子
29543	炼虚合道 不当人子
2955	火上浇油 刁钻刻薄 粥少僧多 不废江河 不可全信
29551	刁钻刻薄
29552	粥少僧多
29553	火上浇油 不废江河 不可全信 飞鸟依人 及瓜而代
2956	弥漫 不可侵犯 不可估量 乱点鸳鸯 六畜兴旺
29561	乱点鸳鸯 六畜兴旺 甜酸苦辣
29562	弥漫
29563	不可侵犯 不可估量
2957	不少人 买受人 刷身份证 及身份证 适应能力
29571	买受人 适应能力 春色满园 承受能力 适可而止
29573	不少人 刷身份证 及身份证 不可逾越 及锋而试
2958	不可能 尽可能 表率作用 建置沿革 不可能的
29581	表率作用
29582	建置沿革
29583	不可能 尽可能 不可能的 不可外扬 不战而胜
2959	尼罗河 昏镜重磨 屙金溺银 不甘落后 如期而至
29591	门庭若市
29592	昏镜重磨 如期而至 如虎添翼 如虎生翼 如醉方醒
29593	尼罗河 屙金溺银 不甘落后 不期而至 不可偏废
296	张爱玲
2961	买爵贩官 不可遏制 不欺暗室 火上弄冰
29611	买爵贩官
29613	不可遏制 不欺暗室 火上弄冰
2962	背后是鬼
29621	背后是鬼
2963	适当时机 承上启下 如上所述 不可理喻 飞觥献斝
29631	适当时机 承上启下
29632	如上所述
29633	不可理喻 飞觥献斝
2964	不应有恨 犀颅玉颊 不解风情 迟到早退
29643	不应有恨 犀颅玉颊 不解风情 迟到早退
2965	张爱玲 昼夜颠倒 买犁卖剑 青铜时代 尽其所能
29651	买犁卖剑 青铜时代
29652	张爱玲 杀身成仁
29653	昼夜颠倒 尽其所能
2966	丰度翩翩 飞鹰奔犬 娇小玲珑 支离破碎 春和景明
29661	丰度翩翩 春和景明
29662	娇小玲珑 面上有光
29663	飞鹰奔犬 支离破碎
2967	门当户对 麦秀两歧 不可知论 不甚明了 尽其所长
29671	门当户对 麦秀两歧 麦穗两歧 门到户说
29673	不可知论 不甚明了 尽其所长
2968	麦穗两岐 麦秀两岐 不负所托 春意盎然
29681	麦穗两岐 麦秀两岐 春意盎然
29683	不负所托
2969	炫耀 引虎自卫
29692	引虎自卫
29693	炫耀
297	不应该
2971	乐趣 好色之徒 不速之客 不轨之徒 不可言宣
29712	乐趣 好色之徒
29713	不速之客 不轨之徒 不可言宣
2972	不利因素 不可言状 不可或缺
29723	不利因素 不可言状 不可或缺
2973	乐观 古迹之一 不羁之民 弃车走林 蠡酌管窥
29731	秦庭之哭
29732	乐观 弃车走林 蠡酌管窥
29733	古迹之一 不羁之民 不可言喻 古稀之年 飞觞走斝
2974	不解之缘 飞针走线 如意算盘 不急之务
29742	如意算盘
29743	不解之缘 飞针走线 不急之务
2975	不应该 承受之重 不可言传 不负此生 春秋笔法
29751	承受之重 春秋笔法
29753	不应该 不可言传 不负此生 不甘雌伏 不虞之誉
2976	飞鹰走狗 飞鹰走犬 飞鹰走马 不羁之才
29763	飞鹰走狗 飞鹰走犬 飞鹰走马 不羁之才
2977	不虚此行 不甚了了 问罪之师
29771	问罪之师
29773	不虚此行 不甚了了
2978	不亦说乎 层峦叠嶂
29783	不亦说乎 层峦叠嶂
2979	屋乌之爱 蜗角之争
29793	屋乌之爱 蜗角之争
298	还可以 那当然
2982	不可推卸
29823	不可推卸
2983	不可以吗
29833	不可以吗
2984	翅膀 迎接 迅速集结 剥削阶级 寻章摘句
29841	迅速集结
29842	迎接 剥削阶级 寻章摘句
29843	翅膀
2985	还可以 如原以偿 如愿以偿 烧香拜佛 春色撩人
29851	春色撩人
29852	如原以偿 如愿以偿
29853	还可以 烧香拜佛
2986	那当然 乙酰胆碱 不可限量 好整以暇 素车白马
29861	那当然 乙酰胆碱 素车白马
29862	好整以暇
29863	不可限量 不置褒贬
2987	不可抗力 不可胜数 那当然了 不可胜言 飞刍挽粒
29871	那当然了
29873	不可抗力 不可胜数 不可胜言 飞刍挽粒 飞刍挽粮
2988	不可以的 不可捉摸 虹销雨霁 飞刍挽粟
29883	不可以的 不可捉摸 虹销雨霁 飞刍挽粟
2989	弥补 不可揆度 如醉初醒 不久以后 不可改变
29892	弥补 如醉初醒 群轻折轴
29893	不可揆度 不久以后 不可改变 不可向迩
299	不愿意 不锈钢
2991	飞刍转饷 强凫变鹤
29912	强凫变鹤
29913	飞刍转饷
2992	未置可否 不厌其烦 不置可否
29921	未置可否
29923	不厌其烦 不置可否
2993	不可小视 不可磨灭 如应斯响
29932	如应斯响
29933	不可小视 不可磨灭
2994	不愿意 北爱尔兰
29941	北爱尔兰
29943	不愿意
2995	不愿意花 飞遁离俗 不可置信 避其锋芒 不甘后人
29953	不愿意花 飞遁离俗 不可置信 避其锋芒 不甘后人
2996	不锈钢 不可移易
29963	不锈钢 不可移易
2997	面争庭论 春秋战国 不厌其详 未可厚非
29971	春秋战国 未可厚非
29972	面争庭论
29973	不厌其详
2998	舌尖上的 避其锐气 不变其文
29981	舌尖上的
29983	避其锐气 不变其文
2999	麦秀黍离 不可小觑 门可罗雀
29991	麦秀黍离 门可罗雀
29993	不可小觑
311	一次次 检察官
3111	万目睽睽 万目睚眦
31113	万目睽睽 万目睚眦
3113	一次次 一颗颗 蚕食鲸吞 一饱眼福 无头告示
31131	无头告示
31133	一次次 一颗颗 蚕食鲸吞 一饱眼福
3114	相思 一眨眼 下定决心 形象思维
31142	相思
31143	一眨眼 下定决心 形象思维
3115	相守 检察官 穿井得人 见物思人
31152	相守 检察官 穿井得人 见物思人
3116	盲目 枕头 想得
31162	枕头 想得
31163	盲目
3117	中宇资讯 中职教师 穷家富路
31171	中宇资讯 中职教师
31172	穷家富路
3118	相遇 民熙物阜 析微察异 民安物阜
31181	民熙物阜 民安物阜
31182	相遇 析微察异
3119	想象 一家老小 盲者得镜 忘象得意
31192	想象
31193	一家老小 盲者得镜 忘象得意
312	一瞬间
3121	画饼充饥 枯鱼病鹤 别具慧眼 遭家不造 相待如宾
31211	别具慧眼
31212	枯鱼病鹤 相待如宾
31213	画饼充饥 遭家不造
3122	响彻云表 野鹤闲云 万家灯火 木头疙瘩 无往不克
31221	响彻云表 野鹤闲云 无往不克
31222	木头疙瘩
31223	万家灯火 神头鬼面
3123	想问 横灾飞祸 无往不复 每饭不忘 一瞑不视
31231	无往不复
31232	想问 横灾飞祸 每饭不忘
31233	一瞑不视 望眼将穿
3124	想来 一字不差
31242	想来
31243	一字不差
3125	遭遇不偶 遭遇运会 啥都不会 求田问舍 严惩不贷
31251	啥都不会 无征不信
31253	遭遇不偶 遭遇运会 求田问舍 严惩不贷 一字不漏
3126	一瞬间 画面 嘘寒问暖 器宇不凡 一物不知
31261	嘘寒问暖 器宇不凡
31263	一瞬间 画面 一物不知 一定不易 神目如电
3127	栖冲业简 只字片语 盲目乐观 事实如此 一寒如此
31271	只字片语
31272	栖冲业简
31273	盲目乐观 事实如此 一寒如此
3128	响彻云霄 只字未提 只字不提 无往不胜 只守不攻
31281	响彻云霄 只字未提 只字不提 无往不胜 只守不攻
31282	空头支票
31283	神头鬼脸
3129	万选青钱 百思不解 无微不至 无往不利 下愚不移
31291	无微不至 无往不利
31293	万选青钱 百思不解 下愚不移
313	想象中 检察员
3131	想想 一页一页 一字一字 哈特福德 杞宋无征
31311	哈特福德 哇凉哇凉 啼饥号寒 别具只眼 无家无室
31312	想想 杞宋无征
31313	一页一页 一字一字 礼先一饭
3132	相互 平头百姓 吆五喝六 无字天书 一男一女
31321	吆五喝六 无字天书 喊冤叫屈 无头无尾 吴头楚尾
31322	相互 平头百姓
31323	一男一女
3133	喧嚣 想吃 别具一格 啜食吐哺 一饮一啄
31331	喧嚣 别具一格 啜食吐哺
31332	想吃 相安无事 平安无事 想都别想
31333	一饮一啄 形容枯槁 一字一板 事齐事楚
3134	想象中 一字一句 樟宜机场 检察机关 万象更新
31342	想象中 樟宜机场 检察机关
31343	一字一句 万象更新 一往无前 一德一心
3135	想见 听得见 朴实无华 口耳相传 无冤无仇
31351	听得见 口耳相传 无冤无仇
31352	想见 朴实无华
31353	万物复苏 形具神生
3136	棺材 相机 检察员 一家一户 一五一十
31361	呼牛呼马
31362	棺材 相机 检察员 格物穷理
31363	一家一户 一五一十 一字一珠
3137	再进一步 更进一步 吃饱喝足 更进一竿
31371	吃饱喝足
31373	再进一步 更进一步 更进一竿
3138	事实根据 楞头呆脑 一冷一热 呆头呆脑 患得患失
31381	呆头呆脑 患得患失 另眼相看 吴牛喘月 叹老嗟卑
31382	楞头呆脑 平头正脸 析律舞文 木头木脑 楞头楞脑
31383	事实根据 一冷一热
3139	一老一少 一老一小 相安相受 更待干罢 无思无虑
31391	无思无虑
31392	相安相受
31393	一老一少 一老一小 更待干罢 万象森罗 一鳞一爪
314	一次性 下决心
3141	想着 一官半职 天寒地冻 礼先壹饭
31412	想着
31413	一官半职 天寒地冻 礼先壹饭
3142	相逢 一家眷属 天灾地妖 平安喜乐 天冠地屦
31422	相逢 平安喜乐
31423	一家眷属 天灾地妖 天冠地屦 夏鼎商彝 天凝地闭
3143	相亲 格鲁吉亚 望眼欲穿 一决高下
31432	相亲 格鲁吉亚
31433	望眼欲穿 一决高下
3144	一家子 忠实义务 神思恍惚 材德兼备 植物纤维
31441	忠实义务
31442	材德兼备 植物纤维 椎牛飨士
31443	一家子 神思恍惚 一睹为快 夏五郭公
3145	想去 一次性 口耳并重 一往情深 开宗立派
31451	口耳并重
31452	想去 树德务滋
31453	一次性 一往情深 开宗立派 天老地荒
3146	相关 亚特兰大
31462	相关
31463	亚特兰大
3147	无聊死了 天造地设 吃饭去了 一鳞半甲
31471	无聊死了 吃饭去了
31473	天造地设 一鳞半甲
3148	想必 杜微慎防
31482	想必 杜微慎防
3149	相处 下决心 一鳞半爪 别鹤孤鸾 天灾地变
31491	别鹤孤鸾
31492	相处
31493	下决心 一鳞半爪 天灾地变
315	一定会 一家人
3151	横征苛役 无待蓍龟
31511	无待蓍龟
31512	横征苛役
3152	一定会 想念 想做 年老体弱 一饮而尽
31521	无头苍蝇
31522	想念 想做 年老体弱 林寒洞肃
31523	一定会 一饮而尽 蚕头燕尾 一室生春
3153	中职学校 植物油中 每况愈下 天灾人祸 咬得菜根
31531	中职学校 咬得菜根
31532	植物油中 每况愈下 空室清野
31533	天灾人祸
3154	想法 相伴 忠孝节义 橡饭菁羹 无果而终
31541	忠孝节义 无果而终 忠孝节悌
31542	想法 相伴 橡饭菁羹
3155	中职学生 横征苛敛 听者藐藐 万家生佛 楚界汉河
31551	中职学生 听者藐藐
31552	横征苛敛 楚界汉河
31553	万家生佛
3156	呼牛作马 更待何时 木牛流马 天造草昧
31561	呼牛作马
31562	木牛流马
31563	更待何时 天造草昧
3157	相信 一家人 梯愚入圣 根牢蒂固 一定范围
31572	相信 梯愚入圣 根牢蒂固
31573	一家人 一定范围
3158	想过 相似 一定能 相依 标准化
31582	想过 相似 相依 标准化 年老体衰
31583	一定能 事实依据
3159	想你 相得益彰 一字千金 枯鱼涸辙 相得益章
31591	无德而称
31592	想你 相得益彰 枯鱼涸辙 相得益章 见兔放鹰
31593	一字千金 一饭千金 一牛九锁
316	一定是 互联网
3161	极目远眺
31612	极目远眺
3162	互联网 午睡时间 横冲直闯 繁征博引
31622	午睡时间 横冲直闯 繁征博引
31623	互联网
3163	相同 事实真相 极目迥望 骨鲠在喉
31632	相同 极目迥望
31633	事实真相 骨鲠在喉
3164	无寇暴死 别具匠心 开宗明义 喧宾夺主 开物成务
31641	无寇暴死 别具匠心 喧宾夺主 唯吾独尊
31643	开宗明义 开物成务
3165	见微知萌 横征暴敛 见微知著 见者有份 忠孝两全
31651	忠孝两全
31652	见微知萌 横征暴敛 见微知著 见者有份
3166	更容易 一定是有 横征暴赋
31662	横征暴赋
31663	更容易 一定是有
3167	品头题足 一目十行 一馈十起
31671	品头题足
31673	一目十行 一馈十起
3168	一定是 一定有 横冲直撞 穷寇勿追 楞头磕脑
31682	横冲直撞 穷寇勿追 楞头磕脑
31683	一定是 一定有
3169	中馈犹虚
31691	中馈犹虚
317	想象力 检察长
3171	事先设定 骨鲠之臣 无耻之徒 一得之愚
31711	无耻之徒
31713	事先设定 骨鲠之臣 一得之愚
3172	检察长 形容词 事物之间 年富力强 万物之灵
31721	民富国强 民安国泰
31722	检察长 年富力强
31723	形容词 事物之间 万物之灵
3173	相识 一得之见
31732	相识
31733	一得之见
3174	想说 一家之主 一定之规 骨头架子 析律贰端
31742	想说 析律贰端
31743	一家之主 一定之规 骨头架子
3175	相对 想了 想象力 忠实观众 枉物难消
31751	忠实观众 口耳之学
31752	相对 想了 想象力 枉物难消
3176	想出 林徽因 一决雌雄 枯鱼衔索 事实证明
31761	无耻之尤
31762	想出 林徽因 枯鱼衔索 复制粘贴
31763	一决雌雄 事实证明
3177	事实说话 一家之言 权宜之计 品头论足 一字之师
31771	品头论足 品头评足 中冓之言
31772	权宜之计 枯鱼之肆
31773	事实说话 一家之言 一字之师 再造之恩 一家之计
3178	想起 一目了然 年老力衰 一得之功
31782	想起 年老力衰
31783	一目了然 一得之功
3179	百家超市 天姿国色
31793	百家超市 天姿国色
318	一定要 检察院
3181	检察院 另眼看待
31811	另眼看待
31812	检察院
3182	想要 一定要 须要 万头攒动 年头月尾
31822	想要 须要 年头月尾
31823	一定要 万头攒动
3183	忠实拥趸 梦寐以求 一家三口 松鹤延年
31831	忠实拥趸
31832	梦寐以求 松鹤延年
31833	一家三口
3185	本职工作 一头雾水 口蜜腹剑 遭遇际会
31851	口蜜腹剑
31852	本职工作
31853	一头雾水 遭遇际会
3186	想把 下井投石 一字褒贬
31862	想把
31863	下井投石 一字褒贬
3187	想找 骨寒毛竖
31872	想找
31873	骨寒毛竖
3188	相比 别具肺肠
31881	别具肺肠
31882	相比
3189	攀鳞附翼
31892	攀鳞附翼
319	事实上 想得到
3191	相爱 忘寝废食
31912	相爱
31913	忘寝废食
3192	相当 无聊透顶
31921	无聊透顶
31922	相当
3193	欠钱 事实上 百家争鸣 天宝当年
31932	欠钱
31933	事实上 百家争鸣 天宝当年
3194	史密斯 焉得虎子 一字连城
31941	史密斯
31943	焉得虎子 一字连城
3195	相应 干净利落
31952	相应 干净利落
3196	无家可奔 干净利索 格物致知 下得厨房 中饱私囊
31961	无家可奔 中饱私囊 器宇轩昂
31962	干净利索 格物致知 见兔顾犬
31963	下得厨房
3197	想到 相反 想得到 无家可归 相得甚欢
31971	无家可归
31972	想到 相反 想得到 相得甚欢
3198	一定可以 由守转攻 年老色衰 下塞上聋
31981	由守转攻
31982	年老色衰
31983	一定可以 下塞上聋
3199	求职意愿 一定程度
31993	求职意愿 一定程度
321	见不得 由不得
3211	一间教室 开阔眼界 吃不饱饭 横眉冷眼
32111	吃不饱饭
32112	横眉冷眼
32113	一间教室 开阔眼界
3212	事不宜迟
32123	事不宜迟
3213	一飞冲天 福寿齐天 枪炮齐鸣
32132	枪炮齐鸣
32133	一飞冲天 福寿齐天
3214	互联 一片宫商 听不进去 民不畏死 一片冰心
32141	听不进去 民不畏死
32143	互联 一片宫商 一片冰心
3215	李氏家族 杨氏家族 求浆得酒 亡不待夕 民不聊生
32151	民不聊生
32152	李氏家族 杨氏家族 乞浆得酒
32153	求浆得酒 亡不待夕 视如寇仇
3216	礼物 见不得 由不得 吸引眼球 也不容易
32161	由不得 吸引眼球 吹弹得破
32162	见不得 也不容易 见不得光
32163	礼物
3218	逼不得已 万不得已 也不怎么 枘凿冰炭
32182	也不怎么 枘凿冰炭
32183	逼不得已 万不得已
322	一刹那 一片片
3221	本来面目 横眉怒目 开眉展眼
32212	本来面目 横眉怒目
32213	开眉展眼
3222	别动不动 一动不动 吮痈舐痔
32221	别动不动 吮痈舐痔
32223	一动不动
3223	一不留神 由表及里 骂不还口 亘古不灭 呵壁问天
32231	由表及里 骂不还口 呵壁问天
32233	一不留神 亘古不灭
3224	吸引 吃闭门羹 开疆辟土 妻不如妾 一面如旧
32241	吸引 吃闭门羹
32243	开疆辟土 妻不如妾 一面如旧 开疆展土
3225	枪支弹药 百毒不侵 再好不过 机动灵活 百病不侵
32251	民间疾苦
32252	枪支弹药 机动灵活
32253	百毒不侵 再好不过 百病不侵 下不来台 万古留芳
3226	杯弓蛇影 亘古未有 穿壁引光
32262	杯弓蛇影 穿壁引光
32263	亘古未有
3227	严肃 互动 一片片 一张张 望闻问切
32272	格杀不论
32273	严肃 互动 一片片 一张张 望闻问切
3228	一刹那 禁毒支队 吊古寻幽 须眉交白 相交不拆
32281	吊古寻幽 逞强好胜
32282	禁毒支队 须眉交白 相交不拆 也不尽然
32283	一刹那
3229	吕氏春秋 民贵君轻 亘古不变
32291	吕氏春秋 民贵君轻
32293	亘古不变
323	听不见 想不想
3231	互相 想不想 楞眉横眼 也不一定 吃不下饭
32311	吃不下饭 无病无灾 无不无聊
32312	想不想 楞眉横眼 也不一定 楚尾吴头 楚弓楚得
32313	互相 再来一次 互不相容
3232	叮嘱 一闪一闪 一动一动 中建一局 一间一间
32321	叮嘱 中建一局 味如嚼蜡
32323	一闪一闪 一动一动 一间一间 一闲下来 一张一弛
3233	一弦一柱 无病呻吟 无尽无穷 无故呻吟 见弹求鸮
32331	无病呻吟 无尽无穷 无故呻吟 无敌天下 口燥唇干
32332	见弹求鸮 枯燥无味 穷凶极恶
32333	一弦一柱 互不相欠 开阔视野 形如枯木 开云见天
3234	哪一 一来一去 吃来吃去 虽疾无声 吃不下去
32341	哪一 吃来吃去 虽疾无声 吃不下去 呼来喝去
32342	穴居野处
32343	一来一去 开不开心 开门见喜
3235	哪里 听不见 想不开 社交礼仪 中毒事件
32351	哪里 听不见 中毒事件 吸毒事件 无背无侧
32352	想不开 刺杀事件 见弃于人 相克相济 朴素无华
32353	社交礼仪 恶居下流 亘古亘今
3236	再来一遍 窄门窄户 哄动一时 桃弧棘矢 嚣张一时
32361	哄动一时 嚣张一时
32362	窄门窄户 桃弧棘矢
32363	再来一遍 开云见日 百不一存
3237	严格 一问一答 格杀无论 叩阍无路 呆如木鸡
32371	叩阍无路 呆如木鸡
32372	格杀无论 桃来李答
32373	严格 一问一答
3238	一瘸一拐 吞云吐雾 无动于衷 一片空白 开门见山
32381	无动于衷 喷云吐雾
32383	一瘸一拐 吞云吐雾 一片空白 开门见山 互不干扰
3239	乞丐 吃不下 啮檗吞针 唯妙唯肖 无昼无夜
32391	吃不下 啮檗吞针 唯妙唯肖 无昼无夜
32392	乞丐
324	听不懂 天灵盖
3241	咬着 事业编制 事业部制 一门心思 一片死寂
32411	咬着
32412	横眉立目 桂殿兰宫
32413	事业编制 事业部制 一门心思 一片死寂 一如既往
3242	天灵盖 亘古新闻 无痛分娩 史不绝书
32421	无痛分娩 史不绝书
32423	天灵盖 亘古新闻
3243	丈夫 呼不给吸 骂不绝口 无间冬夏
32431	呼不给吸 骂不绝口 无间冬夏
32433	丈夫
3244	妻子 吸收 杯子 天妒红颜 下不着地
32441	吸收 吐故纳新
32442	杯子
32443	妻子 天妒红颜 下不着地 福寿绵绵 恶不去善
3245	听不懂 视如土芥 事业单位 也不为过 焚书坑儒
32451	听不懂 民不堪命 嘴甜心苦
32452	也不为过 焚书坑儒
32453	视如土芥 事业单位 下不为例 天不绝人 一片坦途
3246	味道 本来就是 天昏地暗 穿云裂石 灭门绝户
32461	味道 无动为大
32462	本来就是 穿云裂石 材剧志大
32463	天昏地暗 灭门绝户 夏炉冬扇
3247	极为 祸不单行 呼群结党 天昏地黑
32471	呼群结党
32472	极为
32473	祸不单行 天昏地黑
3248	哪怕 极端 一闪即逝 禁毒总队 事不关己
32481	哪怕
32482	极端 禁毒总队 杜门却扫
32483	一闪即逝 事不关己 亡魂丧胆 亡魂丧魄
3249	恶心 杜门绝迹 一片心意 百病缠身 悬灯结彩
32492	杜门绝迹
32493	恶心 一片心意 百病缠身 悬灯结彩
325	只不过 也不能
3251	复印件 极乐世界 画眉举案 正面人物 吃尽苦头
32511	吃尽苦头
32512	复印件 极乐世界
32513	画眉举案 正面人物 望屋而食 一辞莫赞
3252	事业学业 一片混乱 别不耐烦 更阑人静 穷阎漏屋
32521	别不耐烦
32522	穷阎漏屋
32523	事业学业 一片混乱 更阑人静
3253	严重 与他 听不清楚 无业人员 无业游民
32531	听不清楚 无业人员 无业游民
32533	严重 与他 一片生机 天不假年
3254	哪个 禁不住 中书侍郎 中古世纪 无疾而终
32541	哪个 中书侍郎 中古世纪 无疾而终
32542	禁不住
32543	百业萧条 一炮而红 天不作美
3255	格古通今 禅絮沾泥 也不例外 干将莫邪 一闪而过
32551	吊古伤今
32552	格古通今 也不例外 干将莫邪
32553	禅絮沾泥 一闪而过 神鬼莫测 一片汪洋 天女散花
3256	亚洲 也不会是 一表人才 天妒英才 干云蔽日
32562	也不会是 干云蔽日
32563	亚洲 一表人才 天妒英才 百辞莫辩
3257	与人 吸引人 机动能力 枘凿方圆 亡不旋踵
32571	吸引人 口不能言 郢书燕说
32572	机动能力 枘凿方圆 也不能说
32573	与人 亡不旋踵 亡不旋跬 一片漆黑 画蛇添足
3258	只不过 也不能 也不过 想不通 窥间伺隙
32581	只不过 喘不过气 喷云泄雾
32582	也不能 也不过 想不通 窥间伺隙 枯耘伤岁
32583	事不过三 一闪而逝
3259	与你 咬牙 福不重至 根蟠节错 万古千秋
32591	咬牙
32592	根蟠节错
32593	与你 福不重至 万古千秋 敝帚千金
326	也不是
3261	视如珍宝 突飞猛进 杜门自守 互不理睬 一来二往
32612	突飞猛进 杜门自守 杳如黄鹤
32613	视如珍宝 互不理睬 一来二往 一蛇两头 一浆十饼
3262	枉尺直寻 亘古奇闻
32622	枉尺直寻
32623	亘古奇闻
3263	极大 相门有相 望表知里 互不影响 唾面自干
32631	唾面自干
32632	极大 相门有相
32633	望表知里 互不影响
3264	一间房子 嗜杀成性 也不知道 一来二去 咋不知道
32641	嗜杀成性 咋不知道
32642	也不知道 杜门自绝 柳絮才高
32643	一间房子 一来二去 开门大吉
3265	校验 神魂颠倒 一尸两命 一片狼藉 听不太清
32651	听不太清 无如奈何 口不二价
32652	校验 梦魂颠倒
32653	神魂颠倒 一尸两命 一片狼藉 夏虫朝菌
3266	敝帚自珍 一片光明 天将破晓 辱门败户
32663	敝帚自珍 一片光明 天将破晓 辱门败户
3267	一展所长 无间是非 格杀勿论 咋不早说
32671	无间是非 咋不早说
32672	格杀勿论
32673	一展所长
3268	也不是 哪有 礼貌 中乙球队 无病自炙
32681	哪有 中乙球队 无病自炙
32682	也不是 想不明白 穿云破雾
32683	礼貌 祥云瑞气
3269	祖云达斯 杜门晦迹 一展风采 百炼成钢 更弦易辙
32692	杜门晦迹
32693	祖云达斯 一展风采 百炼成钢 更弦易辙
327	忘不了 吸引力
3271	中印边界 嗟来之食 灭顶之灾 另辟蹊径 百尺竿头
32711	中印边界 嗟来之食 另辟蹊径
32712	横眉竖眼 杜门谢客
32713	灭顶之灾 百尺竿头 夏虫语冰 开眉笑眼
3272	校长 副局长 画不出来 喝不出来 一面之交
32721	喝不出来 啮臂之好 嗜痂之癖
32722	校长 想不起来 想不出来
32723	副局长 画不出来 一面之交 万古长青 事不师古
3273	哪儿 一怒之下 开不了口 一将难求
32731	哪儿
32733	一怒之下 开不了口 一将难求
3274	虽说 中印边境 望云之情 一面之缘 口舌之快
32741	虽说 中印边境 口舌之快 口不对心
32743	望云之情 一面之缘 百舌之声
3275	极了 忘不了 吸引力 口舌之便 想尽办法
32751	吸引力 口舌之便 无如之何 无疆之休
32752	极了 想尽办法
32753	忘不了 福慧双修 福如东海 末如之何 迈古超今
3276	校园 嚣张跋扈 无如之奈 万古长存 一表非凡
32761	嚣张跋扈 无如之奈
32762	校园
32763	万古长存 一表非凡
3277	检疫监管 一面之词 神来之笔 一臂之力
32772	检疫监管
32773	一面之词 神来之笔 一臂之力
3278	哪些 与此 福不双降 味如鸡肋
32781	哪些 味如鸡肋
32783	与此 福不双降
3279	口舌之争 口舌之利 逞凶肆虐
32791	口舌之争 口舌之利 逞凶肆虐
328	也不要
3281	夏虫疑冰 更姓改物 开门延盗 望屋以食 开门揖盗
32813	夏虫疑冰 更姓改物 开门延盗 望屋以食 开门揖盗
3282	也不要 中建三局 悬疣附赘 示敌以弱
32821	中建三局
32822	也不要
32823	悬疣附赘 示敌以弱
3283	只适用于 百不随一 祛病延年 见素抱朴 百不失一
32831	只适用于
32832	见素抱朴 攀蟾折桂
32833	百不随一 祛病延年 百不失一 万不失一
3284	极限 也不失为 本来以为 里丑捧心 开疆拓境
32841	里丑捧心
32842	极限 也不失为 本来以为 穷不失义
32843	开疆拓境 礼乐崩坏 开疆拓土 一片焦土
3285	救火投薪 查缺补漏 一屁股债 穿凿附会 救火扬沸
32852	查缺补漏 穿凿附会
32853	救火投薪 一屁股债 救火扬沸 一不扭众
3286	虽然 焚尸扬灰 亡秦三户
32861	虽然
32862	焚尸扬灰
32863	亡秦三户
3287	格杀弗论 视如己出 更不用说 口不择言 吃奶的劲
32871	口不择言 吃奶的劲
32872	格杀弗论
32873	视如己出 更不用说 望门投止
3288	攀炎附热 梳妆打扮 亡魂失魄 一弹指顷
32882	攀炎附热 梳妆打扮
32883	亡魂失魄 一弹指顷
3289	空不异色 年壮气锐 更弦改辙
32892	空不异色 年壮气锐
32893	更弦改辙
329	想不到 机动车
3292	机动车 恶魔 概不负责 突如其来
32922	机动车 概不负责 突如其来
32923	恶魔
3293	史上 严厉 一丁点 想不到吧 干卿底事
32931	史上 吹弹歌舞
32932	想不到吧 干卿底事
32933	严厉 一丁点
3294	极其 与其 极致 恶意 由始至终
32941	由始至终 口不应心
32942	极其 极致 析交离亲 相女配夫
32943	与其 恶意 一不小心
3295	极度 相适应 无间可伺 更不可能 一不压众
32951	无间可伺
32952	极度 相适应
32953	更不可能 一不压众
3296	也未可知 吹弹可破
32961	吹弹可破
32962	也未可知
3297	想不到 听不到 见不到 窥牖小儿 也不应该
32971	听不到 忠君爱国
32972	想不到 见不到 窥牖小儿 也不应该 繁弦急管
3298	极速 恶劣 福建省 正业科技 唇不离腮
32982	极速 机不可失
32983	恶劣 福建省 正业科技 唇不离腮 再不其然
3299	中印战争 机动车辆 无间可乘 礼不可废
32991	中印战争 无间可乘
32992	机动车辆
32993	礼不可废
331	再一次 下一次
3311	事实 咖啡馆 忠于职守 一只眼睛 干干净净
33111	咖啡馆 忠于职守 口呆目瞪
33112	干干净净 平平安安 朴朴实实
33113	事实 一只眼睛 天下熙熙 遭事制宜
3312	本案 无兄盗嫂 饕口馋舌 天干物燥
33121	无兄盗嫂 饕口馋舌
33122	本案
33123	天干物燥
3313	再一次 下一次 植树造林 嗷嗷待哺
33131	嗷嗷待哺
33132	植树造林
33133	再一次 下一次
3314	中年得子 一棰定声 梅妻鹤子 无形资产
33141	中年得子 无形资产
33142	梅妻鹤子
33143	一棰定声
3315	器官 只想睡觉 焚枯食淡 刑事案件 枉突徙薪
33151	器官 只想睡觉 鸣野食苹
33152	焚枯食淡 枉突徙薪 焚天煮海
33153	刑事案件
3316	事物 吓得 患者 赢得 吃完
33161	吓得 患者 吃完
33163	事物 赢得 天末凉风
3317	事先
33173	事先
3318	标准 查无实据 别无选择 一口老血 穷年累月
33181	别无选择
33182	标准 查无实据 穷年累月
33183	一口老血
3319	吃饭 一顿饭 口呆目钝 祸枣灾梨 百无聊赖
33191	吃饭 口呆目钝
33192	穷极思变
33193	一顿饭 祸枣灾梨 百无聊赖
332	再也不 一开始
3321	天年不齐 无恶不造 百年不遇 横祸飞灾 吐吐舌头
33211	无恶不造 吐吐舌头
33212	横祸飞灾
33213	天年不齐 百年不遇 望梅阁老 百万买宅
3322	本书 再也不 民政局 正中书局 互相嫌弃
33221	民政局 鄙于不屑 吵吵闹闹 口干舌燥 叽叽歪歪
33222	本书 机械运动 平平静静
33223	再也不 正中书局 互相嫌弃 神神鬼鬼 一见如故
3323	帘窥壁听 楚棺秦楼 咂嘴舔唇 开口闭口 空空如也
33231	咂嘴舔唇 鸮啼鬼啸
33232	帘窥壁听 楚棺秦楼 空空如也 穷形尽相 格格不吐
33233	开口闭口 神号鬼哭
3324	本来 事故 天年不遂 格格不纳 福禄寿喜
33241	无一不备 无恶不为 嚎天动地
33242	本来 格格不纳 桃李门墙
33243	事故 天年不遂 福禄寿喜 开天辟地 一见如旧
3325	一开始 天年不测 无空不入 木朽蛀生 栩栩如生
33251	无空不入 喋喋不休 无恶不作 口福不浅 呶呶不休
33252	木朽蛀生 栩栩如生 楚楚动人 格格不入 森严壁垒
33253	一开始 天年不测 唇枪舌剑 一窍不通 百年好合
3326	另一面 朽木不雕 空穴来风 无一不知 桃李春风
33261	另一面 无一不知
33262	朽木不雕 空穴来风 桃李春风
3327	嚣张 一再强调 神机妙算 无平不颇 严格来讲
33271	嚣张 无平不颇 野无遗贤
33272	桃李不言 根椽片瓦
33273	一再强调 神机妙算 严格来讲 礼无不答
3328	品牌 唏嘘不已 嘘唏不已 楚梦云雨 枪林弹雨
33281	品牌 唏嘘不已 嘘唏不已 咆哮如雷 口干舌焦
33282	楚梦云雨 枪林弹雨
3329	事业 求神问卜 万事如意 百吃不厌 想望丰采
33292	想望丰采
33293	事业 求神问卜 万事如意 百吃不厌 天机云锦
333	每一天 一天天
3331	梦想 万事万物 一板一眼 一天一次 一口咬定
33311	唯一一次
33312	梦想 木本植物 空无一物 穷极无聊 机杼一家
33313	万事万物 一板一眼 一天一次 一口咬定 一年一次
3332	品味 枯枝再春 咂嘴咂舌 平民百姓 万里无云
33321	品味 咂嘴咂舌 无穷无尽
33322	枯枝再春 平民百姓 空中楼阁 枉口嚼舌
33323	万里无云 天下无敌 万口一辞 恶形恶状 唇干口燥
3333	森林 本事 祝福 副本 呆呆
33331	呆呆 咒骂 叽叽喳喳 咯噔一下 呱唧呱唧
33332	森林 本事 核武器 窸窸窣窣 枯枿朽株
33333	祝福 副本 神神叨叨 一一一一 一模一样
3334	梦中 视野 无形中 一根根 一只只
33341	无形中 中枢神经 嚎天喊地 骂天咒地 哭天喊地
33342	梦中 相形见绌 杜口吞声
33343	视野 一根根 一只只 正中下怀 再下一城
3335	梦里 梦见 相呴相济 再也无法 鸣枪示警
33351	鸣枪示警 口口相传 咄咄逼人 唯一一个 听天由命
33352	梦里 梦见 相呴相济 枝繁叶茂 空口无凭
33353	再也无法 祸福相依 百年树人 百无一能 礼下于人
3336	每一天 杉木 一天天 哪一天 想想也是
33361	哪一天 无天无日 无形无影 嘴里一套
33362	每一天 杉木 想想也是 平平无奇 窥见一斑
33363	一天天 一事无成 百无一是
3337	一百万 一事一议 相视一笑 一横一竖 忠于祖国
33371	忠于祖国 别树一帜 哑口无言
33372	相视一笑 桃李无言
33373	一百万 一事一议 一横一竖 一呼百诺 天下无双
3338	哗啦啦 相形见拙 一榻横陈 开口见胆 百无一用
33381	哗啦啦 无权无势
33382	相形见拙 杜鹃啼血 松一口气 楚材晋用
33383	一榻横陈 开口见胆 百无一用 百无禁忌 于事无补
3339	事中事后 一唱一和 无天于上 一年一度 一呼百应
33391	无天于上
33392	穷根究底
33393	事中事后 一唱一和 一年一度 一呼百应 一天一夜
334	一下子 另一半
3341	哭着 枢机主教 无一幸免 天下为家 天材地宝
33411	哭着 无一幸免
33412	枢机主教
33413	天下为家 天材地宝 妻梅子鹤
3342	事情 祖父 一年级 一一道来 邮政总局
33421	邮政总局
33422	枯木逢春 枯树逢春
33423	事情 祖父 一年级 一一道来 互相残杀
3343	视线 本地 一桩心事 咄咄怪事 相与为一
33431	咄咄怪事
33432	本地 相与为一
33433	视线 一桩心事
3344	一下子 标志 吃惊 正正经经 一下子就
33441	吃惊 口口声声
33442	标志 根株结盘 林林总总 松松垮垮
33443	一下子 正正经经 一下子就 神神经经 天下为公
3345	本性 根本性 相由心生 焚林竭泽 一鸣惊人
33451	史无前例
33452	本性 根本性 相由心生 焚林竭泽 标本兼治
33453	一鸣惊人 万事亨通
3346	呼吸道 黾穴鸲巢 邮政编码 一年半载 相见恨晚
33461	呼吸道 黾穴鸲巢 邮政编码
33462	相见恨晚 格林纳达 槁木死灰 朽木死灰 枯木死灰
33463	一年半载 形槁心灰 天平地成
3347	事务 视为 天下为笼 每一句话 事无绝对
33471	呢喃细语 喃喃细语 咄嗟立办
33472	每一句话
33473	事务 视为 天下为笼 事无绝对
3348	另一半 一年前 武林高手 天悬地隔 无与为比
33481	另一半 无与为比
33483	一年前 武林高手 天悬地隔
3349	本就 梦境 视野缩小 一相情愿 每一分钟
33491	别无分店
33492	本就 梦境 每一分钟
33493	视野缩小 一相情愿 万丈红尘 助天为虐
335	机器人 中年人
3351	事件 每一个字 唇亡齿寒 别无他物 顿开茅塞
33511	别无他物
33512	每一个字 每下愈况 焚林而田 焚林而畋
33513	事件 唇亡齿寒 顿开茅塞 百年偕老
3352	天空海阔 别开生面 呼啸而来 窈窕淑女 年迈体弱
33521	别开生面 呼啸而来 无权过问 另一方面
33522	窈窕淑女 年迈体弱 相机而动 析骨而炊
33523	天空海阔 天下莫敌 一一过问
3353	每一件事 乞穷俭相 一柱擎天 天下兴亡 形神俱灭
33531	嗡嗡作响 别无他求 无事生事
33532	每一件事 乞穷俭相 想也没想 干啼湿哭
33533	一柱擎天 天下兴亡 形神俱灭 悬悬而望
3354	本法 哭泣 每一个 一见倾心 万事俱备
33541	哭泣
33542	本法 每一个 根正苗红 相视莫逆
33543	一见倾心 万事俱备 万别千差
3355	本领 空空荡荡 枯树生花 咀嚼英华 正本清源
33551	咀嚼英华 另一个人 无一例外 别无他法 口吐莲花
33552	本领 空空荡荡 枯树生花 平平淡淡 每一个人
33553	正本清源 天下汹汹 天下苍生 一哄而散 万万千千
3356	祖母 焚林而狩 枯骨生肉 无中生有 繁刑重赋
33561	无中生有
33562	焚林而狩 枯骨生肉 繁刑重赋 焚林而猎
33563	祖母 百口莫辩 再也没有 一望而知 骨骼清奇
3357	本人 机器人 中年人 下一代 植株生长
33571	中年人 邮政信箱 无根而固 咄嗟便办 无事生非
33572	本人 机器人 植株生长 相视而笑 见机而行
33573	下一代 一概而论 天与人归
3358	本能 吃过 严禁使用 相互作用 柳下借阴
33581	吃过 无副作用 无与伦比
33582	本能 相互作用 柳下借阴
33583	严禁使用 下下个月 万民涂炭
3359	祝您 咬咬牙 本末倒置 无福消受 吊民伐罪
33591	咬咬牙 无福消受 吊民伐罪
33592	本末倒置 枯杨生稊
33593	祝您 蜃楼海市
336	也只是 也只有
3361	正视现实 一无所得 一干二净 一无所取
33613	正视现实 一无所得 一干二净 一无所取
3362	吃亏 妄口巴舌 咂嘴弄舌 天下大乱 叱咤风云
33621	吃亏 咂嘴弄舌 叱咤风云 民穷财尽
33623	妄口巴舌 天下大乱 与民同乐 一哭二闹
3363	咂嘴弄唇 号咷大哭 一天两天 别无所求 一无所求
33631	咂嘴弄唇 号咷大哭 别无所求 嚎啕大哭 号啕大哭
33632	彬彬有礼 枯枝败叶
33633	一天两天 一无所求 天下大事 天下太平 万里晴空
3364	只想知道 一无是处 析骸易子 槁形灰心 梦见周公
33641	只想知道
33642	析骸易子 槁形灰心 梦见周公 模棱两端 村野匹夫
33643	一无是处 事无巨细 万丈雄心 正午时分 万事大吉
3365	年年有余 一枕黄梁 林下风范 无万大千 画栋雕梁
33651	无万大千
33652	年年有余 林下风范 格林威治 格于成例 梦想颠倒
33653	一枕黄梁 画栋雕梁 一无所获 一视同仁 万丈光芒
3366	号码 一无所知 一无所有 一无所成 一口两匙
33661	号码 吃哑巴亏 口吐珠玑 咳唾成珠 民穷财匮
33662	梦想成真 平平凡凡
33663	一无所知 一无所有 一无所成 一口两匙 天无二日
3367	一无所长 画中有诗 喃喃自语 百年大计 百万雄师
33671	喃喃自语
33672	桃李成蹊
33673	一无所长 画中有诗 百年大计 百万雄师 天下独步
3368	标题 也只是 也只有 一只大手 忠于自己
33681	忠于自己
33682	标题 也只是 也只有 林下风气 想望风褱
33683	一只大手 县中医院 一穷二白 一无所失
3369	刑事犯罪 哈根达斯 一枝独秀 想望风采 梦里南轲
33691	哈根达斯 别无二致
33692	想望风采 梦里南轲 根株牵连 梅开二度 模棱两可
33693	刑事犯罪 一枝独秀 一叶知秋 万事顺意 形枉影曲
337	下一步 每一步
3371	桃李之教 枯骨之馀 无妄之灾 百年难遇 万里长征
33711	无妄之灾 别无长物
33712	桃李之教 枯骨之馀 横祸非灾 穿窬之盗 桃李之馈
33713	百年难遇 万里长征 一无长物
3372	严格说来 忘年之交 忘年之好 忘年之契 口中蚤虱
33721	口中蚤虱 呼吸之间
33722	枉口诳舌 松柏之寿
33723	严格说来 忘年之交 忘年之好 忘年之契 忘形之契
3373	事儿 梦中说梦 见机行事 天下第一 另一回事
33731	另一回事 无形之中 无须之祸 无妄之福 无本之木
33732	梦中说梦 见机行事 杞梓之林 木梗之患 相机行事
33733	事儿 天下第一 一枝之栖 百年之柄
3374	禁止 朽木粪墙 无妄之忧 天下归心 万里长城
33741	无妄之忧 无下箸处
33742	禁止 朽木粪墙 朽木粪土
33743	天下归心 万里长城
3375	吃了 哭了 赢了 标签 样样精通
33751	吃了 哭了 无噍类矣
33752	标签 样样精通 想想办法 枯朽之余 枯木发荣
33753	赢了 福禄双全 万恶之源 望梅止渴 正正之旗
3376	祖国 野史记载 口中雌黄 一年之内 救亡图存
33761	野史记载 口中雌黄 只欠东风 鸮鸣鼠暴
33762	横平竖直 横枪跃马
33763	祖国 一年之内 救亡图存 武无第二 妄下雌黄
3377	视频 下一步 每一步 哈里发 刑事诉讼
33771	哈里发 唯唯诺诺
33772	每一步 平平常常
33773	视频 下一步 刑事诉讼 曹社之谋 祖祖辈辈
3378	哈哈笑 吃相难看
33781	哈哈笑 吃相难看
3379	材朽行秽 开柙出虎 无形之罪 更唱叠和 福无双至
33791	无形之罪
33792	材朽行秽 杞天之虑
33793	开柙出虎 更唱叠和 福无双至 一年之后 百年之后
338	一口气 神枪手
3381	一口气 本院 事项 吃干抹净 一叶障目
33811	吃干抹净
33812	本院
33813	一口气 事项 一叶障目 一板三眼
3382	刑事拘留 枉口拔舌 呆里撒奸 一口三舌
33821	呆里撒奸
33822	枉口拔舌
33823	刑事拘留 一口三舌
3383	根株附丽 万里挑一 一唱三叹 百里挑一 天助我也
33832	根株附丽
33833	万里挑一 一唱三叹 百里挑一 天助我也 严格要求
3384	横无忌惮 骂天扯地 年事已高 呼天抢地 哭天抢地
33841	骂天扯地 呼天抢地 哭天抢地
33842	横无忌惮 年事已高 极天际地
3385	相呴以湿 口吐白沫 求神拜佛 严刑峻法 吃里扒外
33851	口吐白沫 吃里扒外 哭天抹泪 吴下阿蒙 无与比伦
33852	相呴以湿 榆木脑袋 空口白牙
33853	求神拜佛 严刑峻法
3386	吃的 标的 望空捉影 呜呼哀哉 焚骨扬灰
33861	吃的 呜呼哀哉
33862	标的 焚骨扬灰
33863	望空捉影
3387	神枪手 杜口裹足 互相推诿 空口白话 析骸以爨
33871	吐哺握发 口无择言
33872	杜口裹足 空口白话 析骸以爨
33873	神枪手 互相推诿 政由己出
3388	检查指导 严禁抄袭 干干脆脆 顿口拙腮 年年岁岁
33882	检查指导 干干脆脆 年年岁岁 本相毕露 栖栖遑遑
33883	严禁抄袭 顿口拙腮 天下攘攘
3389	由下向上 天天向上 更唱迭和 万里鹏翼 吃穿用度
33891	由下向上 吃穿用度
33892	相形失色
33893	天天向上 更唱迭和 万里鹏翼 万里鹏程
339	另一种 每一种
3391	李下瓜田 啧啧称赞 一年到头 一无可取 松柏后凋
33911	啧啧称赞
33912	李下瓜田 松柏后凋
33913	一年到头 一无可取
3392	咖啡厅 百事可乐 桃李争妍 裘弊金尽
33921	咖啡厅
33922	桃李争妍
33923	百事可乐 裘弊金尽
3393	事后 另一种 每一种 根本上 忘啜废枕
33931	另一种 无形当中 无事可干 呵欠连天
33932	每一种 根本上 樱桃小嘴 樗栎庸材 木干鸟栖
33933	事后 忘啜废枕
3394	一见钟情 事与愿违 呼天钥地 楚楚可怜 啧啧称羡
33941	呼天钥地 啧啧称羡 唯唯连声 喏喏连声
33942	楚楚可怜
33943	一见钟情 事与愿违
3395	本金 忠于原著 由里到外 哈里斯堡 杳无音信
33951	忠于原著 由里到外 哈里斯堡 无事可做 吃里爬外
33952	本金 杳无音信 穷于应付
33953	望穿秋水 万木争荣
3396	品质 本质 啧啧称奇 一天到晚
33961	品质 啧啧称奇
33962	本质
33963	一天到晚
3397	本身 福利 嗫嚅小儿 窃窃私语 根本原因
33971	嗫嚅小儿
33972	本身 窃窃私语 根本原因 窃窃私议
33973	福利
3398	视角 检查督导 口无遮拦
33981	口无遮拦
33982	检查督导
33983	视角
3399	本店 咖啡店 形形色色 一嗨租车 再一点点
33991	咖啡店 无机可乘
33992	本店 干干翼翼 林林种种 平平仄仄 每一秒钟
33993	形形色色 一嗨租车 再一点点 忑忑忐忐 一年四季
341	嗓子眼
3411	忠心耿耿 亡羊得牛
34111	忠心耿耿
34113	亡羊得牛
3412	平安
34122	平安
3413	一次 一颗 年高德勋 中心思想
34131	中心思想
34132	年高德勋
34133	一次 一颗
3414	一眼 一具 一字 嗓子眼 相夫教子
34141	嗓子眼
34142	相夫教子
34143	一眼 一具 一字
3415	一家 视为畏途 百端待举 天缘凑合
34153	一家 视为畏途 百端待举 天缘凑合
3416	一头 只得 骨头 一审 恶性循环
34161	只得
34163	一头 骨头 一审 恶性循环 求亲靠友
3417	一级教师 年高德卲 年高德劭 天道宁论
34172	年高德卲 年高德劭
34173	一级教师 天道宁论
3418	一定 晋级选手 一级教授 百夫决拾 无关宏旨
34181	无关宏旨
34182	平心定气
34183	一定 晋级选手 一级教授 百夫决拾 正义凛然
3419	干净 一瞬 中级职称 味道鲜香 互为犄角
34191	中级职称 味道鲜香 无处容身 无处安身 无为牛后
34192	干净
34193	一瞬 互为犄角
342	神经病
3421	天地不容
34213	天地不容
3422	一层 社交 神经毒素 一丝不乱 平地青云
34221	吊死问疾 兄弟姐妹 无关痛痒 吃着不尽
34222	平地青云
34223	一层 社交 神经毒素 一丝不乱 天道好还
3423	干燥 一如 神经病 见死不救 横殃飞祸
34232	干燥 见死不救 横殃飞祸 也就那样
34233	一如 神经病 一声不响 万劫不复 互为表里
3424	只好 一支 一来 民心不壹 一塌刮子
34241	只好 民心不壹 兄弟阋墙
34242	见怪不怪 年谷不登
34243	一支 一来 一塌刮子 一着不慎 丈八蛇矛
3425	一闪 一丝不苟 神志不清 天高云淡 万般不舍
34251	无孔不入 中立不倚
34252	极为不满
34253	一闪 一丝不苟 神志不清 天高云淡 万般不舍
3426	一面 中间 一间 一门 无线充电
34261	中间 无线充电 无处不在
34263	一面 一间 一门
3427	一片 一张 一动 无般不识 救经引足
34271	无般不识
34273	一片 一张 一动 救经引足 百般刁难
3428	平静 一群 神经病的 一丝不挂 复旧如初
34281	吃惊不已 叶公好龙
34282	平静 复旧如初 平心静气 棋逢敌手
34283	一群 神经病的 一丝不挂 礼坏乐崩 一丝不紊
3429	神憎鬼厌 万般留恋 极为不利 万夫不当 无孔不钻
34291	无孔不钻
34292	极为不利
34293	神憎鬼厌 万般留恋 万夫不当
343	骨子里 正处于
3431	只想 一棵 一想 晋级正赛 一惊一乍
34311	只想
34312	村夫野老
34313	一棵 一想 晋级正赛 一惊一乍 祸为福先
3432	一杯 一味 鸮心鹂舌 嗟悔无及 吸新吐故
34321	鸮心鹂舌 嗟悔无及 吸新吐故 无缘无故 无亲无故
34323	一杯 一味 天塌下来
3433	根本 一副 一本 一事 一冬一夏
34331	无地于下 无欲无求 只怕万一 无冬无夏
34332	根本
34333	一副 一本 一事 一冬一夏 神经中枢
3434	一样 一只 一概 一枚 一一
34341	无旧无新 无情无绪 无情无义 无愧于心 逞性妄为
34342	见墙见羹 想着想着 棋高一着 桃红柳绿 本乡本土
34343	一样 一只 一概 一枚 一一
3435	一口 只见 一开 吩咐 一见
34351	只见 吩咐 无適无莫 无咎无誉 无拳无勇
34352	松开 极端事件 枉道事人 年高望重 平地楼台
34353	一口 一开 一见 骨子里 一死一伤
3436	一再 中午 一天 正处于 无愧于
34361	中午 无愧于 无声无息 无声无臭
34362	相差无几 年幼无知 相去无几
34363	一再 一天 正处于 万般无奈 一般无二
3437	一顿 一万 一盏 一般见识 无喜无悲
34371	无喜无悲
34372	桃羞杏让
34373	一顿 一万 一盏 一般见识 一死百了
3438	一年 一百 一听 中年 只听
34381	中年 只听 嗳声叹气 嗲声嗲气 唉声叹气
34383	一年 一百 一听 一无 一株
3439	一下 干嘛 一心一意 于公于私 无情无彩
34391	无情无彩 无声无色 无忧无虑
34392	干嘛 相亲相爱 桴鼓相应
34393	一下 一心一意 于公于私 一前一后 一分一秒
344	一道道 一部分
3441	一旁 叫着 野兽 画地为牢
34411	叫着 野兽
34413	一旁 画地为牢
3442	一声 一场 一级 叫声 平地登云
34421	叫声 兄死弟及
34422	平地登云 攀高结贵
34423	一声 一场 一级 逼良为娼 天残地缺
3443	一条 干部 一部 一款 一线
34432	干部
34433	一条 一部 一款 一线 一条条
3444	样子 一丝 一惊 一封 一丝丝
34441	中心主义 唯心主义 由着性子
34442	样子 极端主义 析缕分条 析圭分组 平均主义
34443	一丝 一惊 一封 一丝丝 天经地义
3445	一句 一并 忘却 见善必迁 干端坤倪
34452	见善必迁 干端坤倪 焚典坑儒 析毫剖芒
34453	一句 一并 忘却 一分收获 严父慈母
3446	一道 一块 一道道 平均 叫道
34461	叫道 口快心直
34462	平均 焚膏继晷 相逢恨晚
34463	一道 一块 一道道 一块块 礼为情貌
3447	一般 一分 只为 一部分 一缕
34471	只为
34472	根结盘固
34473	一般 一分 一部分 一缕 一缕缕
3448	一半 一堆 只怕 再立新功 材士练兵
34481	只怕 哭丧着脸 忠心赤胆
34482	材士练兵 根结盘据 标新立异
34483	一半 一堆 再立新功 敝鼓丧豚 天塌地陷
3449	中心 一处 一愣 一心 野心
34491	中心 野心 中高级车
34492	空前绝后 见缝就钻 析毫剖厘
34493	一处 一愣 一心 神经递质 一线城市
345	一般人 相结合
3451	一件 一千 一带 中学 只觉
34511	中学 只觉 无条件
34513	一件 一千 一带 正义使者 遭逢会遇
3452	社会 一会 只会 叫做 一世
34521	只会 叫做 兄弟们
34522	平淡 概念 干活
34523	社会 一会 一世 一寸 祸必重来
3453	一名 一方 平台 一体 相结合
34531	无端生事
34532	平台 相结合 刊心刻骨 杜绝人事 穷乡僻野
34533	一名 一方 一体 一线生机 一级演员
3454	一个 一份 一位 一滴 一共
34541	中共 民主人士
34542	本单位 村夫俗子 李郭仙舟 根盘蒂结 见义勇为
34543	一个 一份 一位 一滴 一共
3455	一剑 一九 核心价值 一盘散沙 无为而治
34551	无为而治
34552	核心价值 根孤伎薄
34553	一剑 一九 一盘散沙 一统江湖
3456	一幕 桔子水晶 事关重大 梦幻泡影 相惊伯有
34561	无为而成 无愧衾影
34562	桔子水晶 梦幻泡影 相惊伯有
34563	一幕 事关重大
3457	一生 一人 一刻 一代 叫人
34571	叫人
34572	枉辔学步 平心而论 空心汤圆 平地而起 年登花甲
34573	一生 一人 一刻 一代 一般人
3458	只能 中华 副主任 一鼓作气 叩心泣血
34581	只能 中华 叩心泣血 呕心沥血
34582	极为重要 椎心泣血
34583	副主任 一鼓作气 唇红齿白 万壑千岩
3459	万恨千愁 无颜落色 无处藏身 相煎何急 极为满意
34591	无颜落色 无处藏身
34592	相煎何急 极为满意 空心萝卜 析圭儋爵
34593	万恨千愁 一分价钱 万夫莫当 一壶千金
346	也就是 百八十
3461	一直 一碗 一晚 无地自容 饕餮盛宴
34611	无地自容 饕餮盛宴
34613	一直 一碗 一晚 开怀畅饮
3462	社区 无线电 本地区 中级专业 妻妾成群
34621	无线电 中级专业 无关大局
34622	本地区
34623	社区 妻妾成群 天地同寿
3463	一旦 一大 一朵 一同 一声巨响
34632	梵册贝叶
34633	一旦 一大 一朵 一同 一声巨响
3464	一遍 平凡 只在 一周 相继成立
34641	只在 无丝有线 无土栽培 兄弟同心 饕餮大餐
34642	平凡 相继成立 李郭同船 焚舟破釜 李郭同舟
34643	一遍 一周 事预则立 天壤王郎
3465	平时 一时 一两 遭逢时会 开卷有益
34651	虽死犹生 无关大体 无为自化
34652	平时 杯盘狼藉 相去几何 平地风波 见性成佛
34653	一时 一两 遭逢时会 开卷有益 开朗大方
3466	中央 天高日远 无为自成 天惊石破 野心勃勃
34661	中央 无为自成 野心勃勃 无欲则刚
34663	天高日远 天惊石破
3467	一日 一套 一十 平日 百八十
34672	平日 也就是说 相逢狭路 年纪大了 横槊赋诗
34673	一日 一套 一十 百八十 万美元
3468	只是 只有 也就是 事务所 正规医院
34681	只是 只有 中心医院 民心所向
34682	也就是 平地风雷 平心易气 木心石腹
34683	事务所 正规医院 副总裁刘 望子成龙 一心两用
3469	无地自厝 空即是色 万死犹轻 窜端匿迹 相煎太急
34691	无地自厝
34692	空即是色 窜端匿迹 相煎太急
34693	万死犹轻 一差二错
347	一句话 百分之
3471	平衡 神道设教 平地起家 互为因果 饕餮之徒
34711	饕餮之徒
34712	平衡 平地起家 横死街头
34713	神道设教 互为因果
3472	一句话 再站起来 机关算尽 檀郎谢女 天地之间
34722	机关算尽 檀郎谢女 干父之蛊 干城之将
34723	一句话 再站起来 天地之间
3473	一回 一幅 一刀 一块儿 百分之一
34733	一回 一幅 一刀 一块儿 百分之一
3474	一圈 平等 百分之 一说 一粒
34741	无主之地
34742	平等 年经国纬
34743	一圈 百分之 一说 一粒 一条街
3475	忘了 叫了 一对 干了 吐了
34751	叫了 吐了 民主党派 无心之过 无为之治
34752	干了
34753	忘了 一对 一塌糊涂 下坂走丸
3476	中国 一团 一出 一篇 只因
34761	中国 只因 忠诚 吐出 野性难驯
34762	相继出现
34763	一团 一出 一篇 一类 县志记载
3477	一切 一步 一路 一双 平常
34771	民主党 叹为观止
34772	平常 杜绝言路
34773	一切 一步 一路 一双 一趟
3478	一些 一起 一边 一笑 忘记
34781	无关紧要 无心之失
34782	棋逢对手 本性难改 平地起雷
34783	一些 一起 一边 一笑 忘记
3479	一辈 一行 一言 中级调整 天地长久
34791	中级调整
34792	空谷足音 本性难移 极为出色
34793	一辈 一行 一言 天地长久 正心诚意
348	板着脸 开场白
3481	一看 一项 一挥 中文 只看
34811	中文 只看
34813	一看 一项 一挥 亡羊补牢
3482	只要 根据 开场白 神经衰弱 攀高接贵
34821	只要
34822	根据 攀高接贵 年终岁尾 机关用尽
34823	开场白 神经衰弱 百般抚慰
3483	一段 一抹 天子脚下
34833	一段 一抹 天子脚下
3484	一脚 一霎 一心向善 神经系统 无产阶级
34841	无产阶级 中产阶级
34842	空谷幽兰
34843	一脚 一霎 一心向善 神经系统
3485	一脸 只需 板着脸 神经阻滞 救死扶伤
34851	只需
34852	板着脸 相关工作 机缘巧合
34853	一脸 神经阻滞 救死扶伤 祖孙三代 遭逢际会
3486	中的 一把 一击 干扰 一向
34861	中的 唾壶击碎
34862	干扰 空谷白驹
34863	一把 一击 一向 天高气爽
3487	一股 一番 一手 只手 一招
34871	只手
34872	横翔捷出
34873	一股 一番 一手 一招 一排
3488	叫我 一批 格子衬衫 中心摇摇 穿着打扮
34881	叫我 中心摇摇
34882	格子衬衫 穿着打扮
34883	一批 百般阻挠
3489	一阵 干脆 忘掉 木坏山颓 盲翁扪钥
34892	干脆 木坏山颓 见缝插针 析圭担爵 桂子飘香
34893	一阵 忘掉 盲翁扪钥 百般折磨 祸结兵连
349	一分钟 一首歌
3491	一曲 忘餐废寝 礼义廉耻 无地可容
34911	无地可容
34913	一曲 忘餐废寝 礼义廉耻
3492	只剩 一变 平庸 一级上将 神经错乱
34921	只剩 无情少面 无处可寻
34922	平庸
34923	一变 一级上将 神经错乱 祸首罪魁
3493	一种 一点 平和 一分钟 中场战事
34931	中场战事 无处遁形 无冬历夏
34932	平和 杜绝后患
34933	一种 一点 一分钟 百兽率舞
3494	一致 一级市场 一夫当关 一场虚惊 无处可去
34941	无处可去
34943	一致 一级市场 一夫当关 一场虚惊 事必躬亲
3495	一座 一轮 一度 副主席 政绩卓著
34951	无处躲藏
34952	木公金母
34953	一座 一轮 一度 副主席 政绩卓著
3496	一辆 神兽金刚 蚕绩蟹匡 相去甚远 天地玄黄
34962	相去甚远 格高意远
34963	一辆 神兽金刚 蚕绩蟹匡 天地玄黄 下情上达
3497	一身 县级市 无处可逃
34971	无处可逃
34973	一身 县级市
3498	中原 神经质的 无懈可击
34981	中原 无懈可击
34983	神经质的
3499	一秒 一小 一首歌 中级轿车 平分秋色
34991	中级轿车 无心恋战
34992	平分秋色 年纪轻轻
34993	一秒 一小 一首歌 正颜厉色
351	更何况 一个字
3511	核实 吃人家饭 中药制剂 一件家具 哗众取宠
35111	吃人家饭 中药制剂 哗众取宠 口多食寡
35112	核实
35113	一件家具 万众瞩目
3512	事件进展 噤若寒蝉 繁荣富强 再作冯妇
35121	噤若寒蝉
35122	繁荣富强
35123	事件进展 再作冯妇
3513	每次 更何况 李施德林 无千待万 遭倾遇祸
35131	无千待万 民生凋敝 吊人胃口
35132	每次 李施德林 枯藤老树
35133	更何况 遭倾遇祸
3514	检察 形容 一个字 开眼 一人得道
35141	口沸目赤
35142	检察
35143	形容 一个字 开眼 一人得道 画荻教子
3515	政治家 一滴眼泪 福过灾生 下逐客令 百花齐放
35151	啜菽饮水
35153	政治家 一滴眼泪 福过灾生 下逐客令 百花齐放
3516	见得 里头 盲人瞎马 万贯家财
35161	里头
35162	见得
35163	盲人瞎马 万贯家财
3517	社会实践
35173	社会实践
3518	顿学累功 无从选择 天人五衰
35181	无从选择
35183	顿学累功 天人五衰
3519	形象 枉法徇私 万贯家私
35192	枉法徇私
35193	形象 万贯家私
352	一方面 政治局
3521	求生不得 相敬如宾 野生动物 求而不得 悬而未决
35211	野生动物
35212	相敬如宾
35213	求生不得 求而不得 悬而未决 天外来客 一介不取
3522	政治局 恶作剧 神仙姐姐 中华书局 无施不效
35221	中华书局 无施不效 听而不闻
35223	政治局 恶作剧 神仙姐姐 百龄眉寿 政治运动
3523	中共建政 吸油烟机 视而不见 一波未平 攀花问柳
35231	中共建政 吸油烟机
35232	攀花问柳
35233	视而不见 一波未平 天潢贵胄 恶湿居下
3524	开来 正人君子 窃位素餐 求全责备
35242	窃位素餐
35243	开来 正人君子 求全责备
3525	开始 开展 一介书生 吃消炎药 画沙印泥
35251	吃消炎药 无人问津 嗜酒如命 哈萨克族 鄂温克族
35252	敏而好学 述而不作
35253	开始 开展 一介书生 画沙印泥 一个顶俩
3526	里面 见面 形状 开门 一方面
35261	里面
35262	见面 见状 见过面
35263	形状 开门 一方面 与众不同 一个问题
3527	只涨不跌 事件不断 樵苏不爨 一派胡言 一个来回
35271	只涨不跌
35272	樵苏不爨
35273	事件不断 一派胡言 一个来回 一念及此 神施鬼设
3528	一蓑烟雨 器满将覆 无名火气 横僿不文 天华乱坠
35281	器满将覆 无名火气 叫苦不迭
35282	横僿不文
35283	一蓑烟雨 天华乱坠 天花乱坠
3529	只多不少 欠债还钱 年逾古稀 天人交战 口齿留香
35291	只多不少 口齿留香 无施不可
35292	欠债还钱 年逾古稀
35293	天人交战 百世不磨
353	一件事 天花板
3531	无怨无德 无倚无靠 视若无睹 再苦再累 无依无靠
35311	无怨无德 无倚无靠 无依无靠 口含天宪
35312	空洞无物
35313	视若无睹 再苦再累
3532	一荤一素 一举一动 妄生穿凿 相生相克 口沫横飞
35321	口沫横飞
35322	相生相克 攀今吊古
35323	一荤一素 一举一动 妄生穿凿 万世无疆 天生天杀
3533	一件事 刑事 悬梁刺骨 鹘仑吞枣 悬旌万里
35331	无济于事 无法无天 呲牙咧嘴 呵佛骂祖 无千无万
35332	平治天下
35333	一件事 刑事 悬梁刺骨 鹘仑吞枣 悬旌万里
3534	模样 口中 一个样 视觉中心 一件事情
35341	口中 无怨无悔
35342	模样
35343	一个样 视觉中心 一件事情 万众一心 一个模子
3535	开口 哈哈 村里 穿梭 哎呀
35351	哈哈 哎呀 口若悬河 吃没吃过 听没听过
35352	村里 穿梭 模型 李代桃僵 想没想过
35353	开口 一代一代 政治事件 一生一世 一滴一滴
3536	每天 检查 村民 哆嗦 李世民
35361	哆嗦 中共中央 听人穿鼻 无伤无臭
35362	每天 检查 村民 李世民 平澹无奇
35363	一代天骄 百依百顺 万世一时
3537	政治权力 呆似木鸡 无休无了 一带一路 天生一对
35371	呆似木鸡 无休无了 无休无止 呆若木鸡 无偏无党
35372	根深柢固 穷途末路 根深本固
35373	政治权力 一带一路 天生一对 祸从口出 救苦救难
3538	每年 喉咙 政治形势 悬剑空垄 串通一气
35381	喉咙 串通一气 无从下手 无凭无据 无偏无陂
35382	每年 枯苗望雨
35383	政治形势 悬剑空垄 一个礼拜 下个礼拜 祸从天降
3539	咳嗽 天花板 政治权利 事件本身 再低一点
35391	咳嗽 吃人嘴软
35393	天花板 政治权利 事件本身 再低一点 与世无争
354	下水道 社会性
3541	穿着 政治纪律 一劳永逸 检测结果 开华结果
35411	无能为役
35412	穿着 检测结果 本草纲目 平流缓进
35413	政治纪律 一劳永逸 开华结果 天荒地老 开花结实
3542	妻荣夫贵 助人为乐 嘈杂纷乱 楼台亭阁
35421	嘈杂纷乱
35422	楼台亭阁
35423	妻荣夫贵 助人为乐
3543	年过半百 杞人忧天 由他去吧 橘化为枳 天荆地棘
35431	由他去吧
35432	年过半百 杞人忧天 橘化为枳
35433	天荆地棘
3544	村子 叫花子 严重违纪 机体组织 社会主义
35441	叫花子 民族主义 吓个半死
35442	村子 机体组织 干涉主义 材能兼备
35443	严重违纪 社会主义 再创新高 天假良缘 与邻为善
3545	里去 社会性 也能够 复杂性 刺激性
35451	里去 品学兼优
35452	也能够 复杂性 刺激性 穷源朔流 相依为命
35453	社会性 事件经过 神仙眷侣 且住为佳 一潭死水
3546	县城 下水道 事件处理 再作道理 再做道理
35463	县城 下水道 事件处理 再作道理 再做道理
3547	迄今为止 无能为力 望而却步 喷薄欲出 天生地设
35471	无能为力 喷薄欲出
35472	迄今为止 根生土长
35473	望而却步 天生地设 末节细行
3548	本世纪 也没关系 口传心授 天人永隔 里外夹攻
35481	口传心授 里外夹攻
35482	本世纪 也没关系
35483	天人永隔
3549	开心 核心 事件结束 一九八四 事件主角
35492	核心 根牙磐错 根牙盘错
35493	开心 事件结束 一九八四 事件主角 天旋地转
355	一个人 每个人
3551	繁荣 一件件 社会学 政治人物 政治学家
35512	繁荣 穷苦人家 焚薮而田
35513	一件件 社会学 政治人物 政治学家 政治体制
3552	开会 中药治疗 与生俱来 一亿像素 一个方面
35521	中药治疗 无人生还 民营企业 无人能敌 无人能及
35522	桃花人面
35523	开会 与生俱来 一亿像素 一个方面 顿涅茨克
3553	舞台 一落千丈 一泻千里 一生何求 望洋兴叹
35532	舞台
35533	一落千丈 一泻千里 一生何求 望洋兴叹 一傅众咻
3554	每个 开放 刑法 一滴滴 再创世纪
35541	中药生产
35542	每个 根深蒂结
35543	开放 刑法 一滴滴 再创世纪 一个世纪
3555	开花 模仿 空荡荡 柯伊伯带 口齿伶俐
35551	口齿伶俐 吃苦耐劳 由浅入深
35552	模仿 空荡荡 柯伊伯带 概莫能外 桃花流水
35553	开花 开源节流 一带而过 与人方便 末位淘汰
3556	检测 野外生存 无名英雄 万念俱灰 由外而内
35561	野外生存 无名英雄 由外而内 民族英雄
35562	检测 年湮世远 枕流漱石 繁荣兴旺
35563	万念俱灰 百花生日 万苦千辛
3557	一个人 每个人 口袋 口水 中学生
35571	口袋 口水 中学生 喷涌而出 里通外国
35572	每个人 橡茹藿歠 年过花甲 根深蒂固
35573	一个人 天人共鉴 天命攸归
3558	见过 穿过 繁华 一体化 社会化
35581	民怨沸腾 另作他用 民生涂炭
35582	见过 穿过 繁华 梗泛萍飘
35583	一体化 社会化 政治学系 一个多月 万水千山
3559	求你 悬浮 开创 事件营销 严重逾期
35591	民淳俗厚 只能作罢 口齿生香
35592	繁花似锦 平沙落雁
35593	求你 悬浮 开创 事件营销 严重逾期
356	也没有 正能量
3561	检索 社会现实 一举两得 无人理睬 天生尤物
35611	无人理睬
35612	检索
35613	社会现实 一举两得 天生尤物
3562	形成 夏令时间 悬梁自尽 开合自如 视若罔闻
35623	形成 夏令时间 悬梁自尽 开合自如 视若罔闻
3563	开启 敏感 正能量 事件影响 事件真相
35631	中流砥柱 唯命是听
35632	敏感 权倾朝野
35633	开启 正能量 事件影响 事件真相 更令明号
3564	形态 枯体灰心 无何有乡 极深研幾 民族大义
35641	无何有乡 民族大义 唾沫星子
35642	枯体灰心 极深研幾 木人石心 干名犯义
35643	形态 一体同心 一寸丹心
3565	检验 正值暑假 视觉影像 杜伦大学 政法大学
35651	野人献芹 唯命是从 哈佛大学 无伤大雅 无伤大体
35652	检验 杜伦大学 相沿成俗
35653	正值暑假 视觉影像 政法大学 一举成名 一个两个
3566	别人牵驴 无人知晓 繁荣昌盛 无从知晓 野人献曝
35661	别人牵驴 无人知晓 无从知晓 野人献曝
35662	繁荣昌盛
3567	每日 开个玩笑 天命有归 神而明之
35672	每日
35673	开个玩笑 天命有归 神而明之
3568	也没有 中游球队 一件大衣 器满则覆 禅世雕龙
35681	中游球队 器满则覆 无法自拔
35682	也没有
35683	一件大衣 禅世雕龙 一清二白 天清日白
3569	槁苏暍醒 呼伦贝尔 唯邻是卜 一个星期 叶落知秋
35691	呼伦贝尔 唯邻是卜 叶落知秋
35692	槁苏暍醒 相沿成习 年深日久
35693	一个星期 下个星期 一个晚上 恶名昭彰 神游太虚
357	一会儿 平方米
3571	检测试剂 中苏边界 一代谈宗 万法归宗 亡命之徒
35711	中苏边界 无价之宝
35712	检测试剂
35713	一代谈宗 万法归宗 亡命之徒 盲人说象
3572	模糊 一念之间 一夕之间 与世长辞 更仆难尽
35722	模糊 材茂行絜
35723	一念之间 一夕之间 与世长辞 更仆难尽 万人之敌
3573	一会儿 见识 见证 栋梁之材 无方之民
35731	无方之民 嗑牙料嘴 叶落归根 无法言喻 听命行事
35732	见识 见证 栋梁之材 木落归本 穷途之哭
35733	一会儿 天渊之别 一人之下 天命之年 天假之年
3574	一个劲地 梦熊之喜 天假因缘 神仙精怪 无人之地
35741	无人之地 无人之境
35742	梦熊之喜 杯酒戈矛 杞人之忧
35743	一个劲地 天假因缘 神仙精怪 一念之差 更仆难终
3575	见了 开了 穿了 救了 核对
35751	无源之水 咬牙切齿
35752	见了 穿了 核对 枯蓬断草 材茂行洁
35753	开了 救了 事件发生 天作之合 一佛出世
3576	穿越 开出 平方米 无名之璞 无人驾驶
35761	无名之璞 无人驾驶 无涯之戚
35762	穿越 平方米
35763	开出 一世之雄
3577	开发 无名之师 无名之辈 品而第之 天台路迷
35771	无名之师 无名之辈 品而第之 无从谈起 无能之辈
35772	想入非非 杯酒言欢 极而言之
35773	开发 天台路迷 万全之策 一波又起 一个劲儿
3578	形式 模式 一个劲 开幕式 一个劲的
35782	模式
35783	形式 一个劲 开幕式 一个劲的 天人之际
3579	民生加银 见多识广 万人之上
35791	民生加银
35792	见多识广
35793	万人之上
358	干什么 更重要
3581	口气 严重失职 盲人摸象 百代文宗 杜渐防微
35811	口气
35812	杜渐防微 穷巷陋室
35813	严重失职 盲人摸象 百代文宗
3582	更重要 查漏补缺 救过补阙 更名改姓 盲人扪烛
35821	野蔌山肴
35822	查漏补缺 攀今揽古 攀今掉古
35823	更重要 救过补阙 更名改姓 盲人扪烛 一世龙门
3583	年龄段 中兴手机 检测技术 事件描述 繁华损枝
35831	中兴手机 中流击楫
35832	年龄段 检测技术 繁华损枝 攀花折柳
35833	事件描述
3584	中河失舟 事倍功半 天清气朗
35841	中河失舟
35843	事倍功半 天清气朗
3585	干什么 形势 叫什么 刑警队 相濡以沫
35851	叫什么
35852	干什么 相濡以沫 攀藤附葛 攀藤揽葛 杜渐防萌
35853	形势 刑警队 天涯比邻
3586	须菩提 神清气爽 年过三十 百念皆灰
35862	须菩提 年过三十
35863	神清气爽 百念皆灰
3587	政治势力 事件追踪 别生气了 无法挽回 别浪费了
35871	别生气了 无法挽回 别浪费了
35873	政治势力 事件追踪
3588	无名指 一个月的 恶贯已盈 政治改革 一波三折
35881	无名指
35882	每个阶段
35883	一个月的 恶贯已盈 政治改革 一波三折 一个手指
3589	悬崖 每月 每个月 副作用 一个月
35891	无洞掘蟹 叩源推委
35892	每月 每个月 年深月久 年深岁久
35893	悬崖 副作用 一个月 末学肤受
359	武汉市 社会上
3591	器满意得 万众期待 一个钟头
35911	器满意得
35913	万众期待 一个钟头
3592	每当 开车 视觉暂留 一觉醒来 更深夜静
35922	每当
35923	开车 视觉暂留 一觉醒来 更深夜静
3593	穿上 社会上 政治上 一件小事 无药可救
35931	无药可救 叫苦连天 无法可想 无从置喙
35932	穿上
35933	社会上 政治上 一件小事 一个上午 天假其年
3594	村庄 正佳广场 蚕丛鸟道 开台锣鼓
35942	村庄
35943	正佳广场 蚕丛鸟道 开台锣鼓
3595	杯水车薪 见豕负涂 祖传秘方 形而上学 祖传配方
35952	杯水车薪 见豕负涂 干名采誉
35953	祖传秘方 形而上学 祖传配方 社燕秋鸿
3596	年代久远 吴带当风 一个小时 神通广大 下学上达
35961	吴带当风
35962	年代久远
35963	一个小时 神通广大 下学上达
3597	见到 哈利 究竟 刑罚 武汉市
35971	哈利 吴侬软语 无名小辈
35972	见到 究竟
35973	刑罚 武汉市 天津市 事件原因 武侠小说
3598	开庭 穿透 严重质疑 吃拿卡要 材薄质衰
35981	吃拿卡要 口没遮拦
35982	穿透 材薄质衰 穷而后工
35983	开庭 严重质疑
3599	政治意愿 一个季度 政治秩序 穷源竟委 无名小卒
35991	无名小卒
35992	穷源竟委
35993	政治意愿 一个季度 政治秩序
3611	遭时定制 遭时制宜 焚琴煮鹤 一索得男
36112	焚琴煮鹤
36113	遭时定制 遭时制宜 一索得男
3612	下马冯妇 概日凌云 一时冲动 焉有完卵 无理取闹
36121	无理取闹
36122	概日凌云
36123	下马冯妇 一时冲动 焉有完卵
3613	再次 天宫 亡猿灾木 万马齐喑
36133	再次 天宫 亡猿灾木 万马齐喑
3614	再往 无所畏惮 无所畏惧 天王老子 无所容心
36141	无所畏惮 无所畏惧 无所容心
36143	再往 天王老子 亡戟得矛
3615	材雄德茂 礼奢宁俭
36152	材雄德茂
36153	礼奢宁俭
3616	植物 再审 木头 一直守在
36162	植物 木头
36163	再审 一直守在
3617	复制 机制 刺客
36172	复制 机制 刺客
3618	机遇 助理教授 栖风宿雨 吸风饮露 无所畏忌
36181	吸风饮露 无所畏忌
36182	机遇 栖风宿雨
36183	助理教授
3619	穷则思变
36192	穷则思变
362	一时间 一大群
3621	无所不容 焚琴鬻鹤 天理不容 喘息未定 骨肉未寒
36211	无所不容 喘息未定
36212	焚琴鬻鹤
36213	天理不容 骨肉未寒
3622	更不 再不 天真烂熳 无所不及 无明业火
36221	无所不及 无明业火 无远不届
36223	更不 再不 天真烂熳
3623	更强 见所未见 一日不见 恶直丑正
36232	见所未见
36233	更强 一日不见 恶直丑正
3624	更好 再来 再好 视丹如绿 无所不为
36241	无所不为 无所不备
36242	穷理尽性
36243	更好 再来 再好 视丹如绿
3625	平风静浪 遭时不偶 梗顽不化 无所适从 天真烂漫
36251	无所适从 无所不能 无所不通 无所不作
36252	平风静浪 梗顽不化
36253	遭时不偶 天真烂漫 于理不合 一败如水
3626	一时间 民间 无所不在 无所不知 无奇不有
36261	民间 无所不在 无所不知 无奇不有 无所不晓
36263	一时间
3627	机动 一大片 只是建议 正是如此 万有引力
36271	只是建议 无肉不欢 啧有烦言
36272	机动 也是如此
36273	一大片 正是如此 万有引力 更是如此
3628	构建 一大群 望风希旨 盲风妒雨 望风希指
36282	构建
36283	一大群 望风希旨 盲风妒雨 望风希指 百感交集
3629	无所不至 形影不离 无所不可 一成不变 亡矢遗镞
36291	无所不至 无所不可
36293	形影不离 一成不变 亡矢遗镞
363	武则天 突破口
3631	咆哮 也是事实 只是一次 一周一次 无才无德
36311	咆哮 只是一次 无才无德 只有一次
36312	也是事实
36313	一周一次 一日一次 一琴一鹤
3632	只有一支 一元复始 味同嚼蜡
36321	只有一支 味同嚼蜡
36323	一元复始
3633	民事 机器 鄙视 正是由于 只有一只
36331	民事 鄙视 只有一只 嚼在嘴里 无所事事
36332	机器 也有助于 相貌平平
36333	正是由于 形影相吊 亡猿祸木 一匡天下 一日万机
3634	一时一地 只是一句 穷奢极欲 横驱别骛 枉矢哨壶
36341	只是一句 别有天地 吠影吠声 野马无缰
36342	穷奢极欲 横驱别骛 枉矢哨壶 橙黄橘绿
36343	一时一地 骨肉相残 百犬吠声
3635	再见 突破口 中医中药 只有一件 一朝一夕
36351	中医中药 只有一件 无尤无怨 无颠无倒 只有一个
36352	突破口 树大根深 穷奢极侈
36353	再见 一朝一夕 天真无邪 髀肉复生 正理平治
3636	机构 天天 夏天 喷嚏 天神
36361	喷嚏 咳珠唾玉
36362	机构 窥豹一斑
36363	天天 夏天 天神 武则天 一直一直
3637	机械 民政 吞噬 只是形式 只是中国
36371	民政 只是形式 只是中国 无影无踪
36372	机械
36373	吞噬
3638	天空 再无 呼风唤雨 嘲风咏月 形影相随
36381	呼风唤雨 嘲风咏月 无牵无挂 别有一番 吟风咏月
36382	本同末异
36383	天空 再无 形影相随 恶有恶报
3639	天下 再也 一大一小 只是一种 只是一点
36391	只是一种 只是一点 无明无夜 无大无小
36393	天下 再也 一大一小 弊大于利 正直无私
364	一大堆 一大半
3641	神兽 喊着 校验结果 与时并进 求真务实
36411	喊着
36412	校验结果
36413	神兽 与时并进 求真务实
3642	神情 机场 盲风怪云 天南地北
36422	机场
36423	神情 盲风怪云 天南地北
3643	更新 天地 憋在心里 析珪判野 天成地平
36432	析珪判野
36433	更新 天地 憋在心里 天成地平
3644	椅子 更高 叶子 天子 正直善良
36441	叶子 唯所欲为 口直心快 叩石垦壤 嘴直心快
36442	椅子 见猎心喜
36443	更高 天子 正直善良 天网恢恢 天理良心
3645	再去 天性 再给 一时半会 口是心苗
36451	口是心苗 无照经营 兄友弟恭 口感绝佳
36452	树碑立传
36453	再去 天性 再给 一时半会 一时半刻
3646	机关 民主 喊道 喝道 更快
36461	民主 喊道 喝道
36462	机关 极有道理 相知恨晚
36463	更快 天亮 妄自尊大 一鼻子灰 悬驼就石
3647	神经 更为 天域 虽远必诛 中央首长
36471	虽远必诛 中央首长 口是心非
36473	神经 更为 天域 一两句话
3648	一大堆 一大半 一直去的 盲风怪雨 别有心肝
36481	别有心肝
36482	木石心肠
36483	一大堆 一大半 一直去的 盲风怪雨 末大必折
3649	于心 亚马逊 政协主席 一星半点 一骑绝尘
36491	无暇兼顾 无暇分身 嘴硬心软
36493	于心 亚马逊 政协主席 一星半点 一骑绝尘
3651	更深 与时俱进 只是觉得 中医世家 一两个字
36511	只是觉得 中医世家
36513	更深 与时俱进 一两个字 万马千军
3652	机会 咱们 复活 天南海北 万户千门
36521	咱们 吹大法螺
36522	机会 复活 相时而动
36523	天南海北 万户千门
3653	民族 复杂 天使 神族 柜台
36531	民族 只专注于 中医学中 别有洞天
36532	复杂 柜台 焚巢荡穴 繁星满天
36533	天使 神族 与有荣焉 与狼共舞 一日千里
3654	民法 复兴 无所作为 礼顺人情 事在人为
36541	民法 无所作为 别太过分 吐刚茹柔
36542	复兴 权威人士 见景生情 见风使舵 木雕泥塑
36543	礼顺人情 事在人为 与日俱增 一败涂地 天理人情
3655	更多 再多 民众 只是学生 中大学生
36551	民众 只是学生 中大学生 只是举例 无风作浪
36552	枉矫过激 枕石漱流 见几而作
36553	更多 再多 妄自菲薄 一专多能 百卉千葩
3656	神州信息 柳暗花明 一直没有 福大命大 穿房入户
36562	柳暗花明 穿房入户
36563	神州信息 一直没有 福大命大
3657	天生 民生 吞没 另有企图 一时兴起
36571	民生 另有企图 无所依归 叩马而谏
36573	天生 吞没 一时兴起 望风而逃
3658	刺激 神仙 神通 正在消失 盲风涩雨
36581	无有伦比 别风淮雨
36582	刺激 标同伐异 栉风沐雨
36583	神仙 神通 正在消失 盲风涩雨 一两个月
3659	喝酒 天涯 天河 中医体质 无所重轻
36591	喝酒 中医体质 无所重轻 民有菜色 里勾外连
36592	繁星似锦 窃玉偷香
36593	天涯 天河 一两个钟 望风而靡 万载千秋
366	一直在 一大早
3661	天真 正在研制 吃现成饭 窗明几净 一曝十寒
36611	吃现成饭
36612	窗明几净
36613	天真 正在研制 一曝十寒
3662	构成 一有时间 只是时间 极短时间 机电专业
36621	只是时间
36622	构成 极短时间 机电专业 相知有素
36623	一有时间
3663	更大 天赋 呈现 天大 一朵朵
36631	呈现 只是在于 别有风味
36632	查明真相 穷猿奔林
36633	更大 天赋 天大 一朵朵 一大盛事
3664	一直在 恶狠狠 正在犹豫 中央大道 口碑载道
36641	中央大道 口碑载道 民贼独夫
36643	一直在 恶狠狠 正在犹豫
3665	天猫 天内 天狼星 中暑晕倒 唯才是举
36651	中暑晕倒 唯才是举 虽败犹荣 无独有偶
36652	枉直同贯 横赋暴敛 复旦大学
36653	天猫 天内 天狼星 神态自若 祸在旦夕
3666	一大早 只是现在 正大光明 天理昭昭
36661	只是现在
36663	一大早 正大光明 天理昭昭
3667	突破 只是有些 中医辨证 中央直管 下自成行
36671	只是有些 中医辨证 中央直管 另有所图 别有风趣
36672	突破 相映成趣
36673	下自成行 下自成蹊
3668	于是 更是 天才 更有 查明
36681	中大医院 另有所指 嘲风弄月 听风是雨 吟风弄月
36682	查明 棋布星陈 术有专攻 见风是雨
36683	于是 更是 天才 更有 一直在找
3669	神奇 神州专车 见貌辨色 天理昭彰 一石二鸟
36692	见貌辨色 棋布星罗
36693	神奇 神州专车 天理昭彰 一石二鸟
367	无所谓 开玩笑
3671	无所谓 一时语塞 天理难容 无则加勉
36711	无所谓 无则加勉
36713	一时语塞 天理难容
3672	神话 一时之间 析辩诡辞 析辨诡辞 亚肩叠背
36721	喘息之间 无所回避 响遏行云
36722	析辩诡辞 析辨诡辞
36723	神话 一时之间 亚肩叠背 事态发展
3673	更加 再加 再回 喘息之机 焉知非福
36731	喘息之机 无奈之下
36732	朴斫之材
36733	更加 再加 再回 焉知非福 一肉之味
3674	再说 天堂 神圣 天黑 复议
36741	只是因为
36742	复议
36743	再说 天堂 神圣 天黑 正是因为
3675	材料 喝了 喊了 一时糊涂 视同路人
36751	喝了 喊了 无风起浪
36752	材料
36753	一时糊涂 视同路人 百川归海 一日之雅 天威难测
3676	查询 突出 嘲讽 一息尚存 无冕之王
36761	嘲讽 无冕之王 品貌非凡
36762	查询 突出
36763	一息尚存
3677	正是因此 无所谓了 相貌堂堂 吹灰之力 窒碍难行
36771	无所谓了 吹灰之力
36772	相貌堂堂 窒碍难行 析辨诡词
36773	正是因此 一日之长 骨肉团圆 视同儿戏
3678	嘲笑 开玩笑 于此 天边 天夺之魄
36781	嘲笑 吓破了胆
36782	材大难用
36783	开玩笑 于此 天边 天夺之魄 下大力气
3679	正有此意 见财起意 一石数鸟
36792	见财起意
36793	正有此意 一石数鸟
368	一大批 一大把
3681	天气 查看 再看 只是这次 检验报告
36811	只是这次
36812	查看 检验报告
36813	天气 再看
3682	更要 一直以来 一网打尽 无远弗届 穷大失居
36821	无远弗届
36822	穷大失居
36823	更要 一直以来 一网打尽
3683	天际 正是这样 只是这样 机电技术 型直升机
36831	只是这样 中央集权
36832	机电技术 平易近民 焚巢捣穴 穷猿投林 枉直随形
36833	天际 正是这样 型直升机
3684	员工 更改 无所忌惮 析珪胙土 无所用心
36841	员工 无所忌惮 无所用心 别有用心 另有隐情
36842	析珪胙土
36843	更改 一则以喜 一日三餐 一则以惧 望影揣情
3685	助理导演 想自己做 平易近人 无风扬波 一时三刻
36851	无风扬波
36852	想自己做 平易近人
36853	助理导演 一时三刻 妄自揣测 一二月份 神州陆沉
3686	突然 天然 一大把 灭景追风 树大招风
36862	突然 树大招风
36863	天然 一大把 灭景追风 望风捕影 望风扑影
3687	一二三 只是欣赏 只是这些 校短推长 无所用之
36871	只是欣赏 只是这些 无所用之 无所忌讳
36872	校短推长
36873	一二三 形同陌路
3688	一大批 社威擅势 无所措手 别有肺肠
36881	无所措手 别有肺肠
36883	一大批 社威擅势
3689	更换 只是比较 天赋异禀 一日三省 一二三四
36891	只是比较
36893	更换 天赋异禀 一日三省 一二三四 望风披靡
369	一直到 窝囊废
3691	更有甚者 一马当先 夏日可畏
36913	更有甚者 一马当先 夏日可畏
3692	悬石程书 无所可否 无暇顾及
36921	无所可否 无暇顾及
36923	悬石程书
3693	天上 天后 只是辅助 只知其一 无所遁形
36931	只是辅助 只知其一 无所遁形
36933	天上 天后
3694	神秘 亚硝酸盐 无所顾惮 见风转舵 骨肉至亲
36941	无所顾惮
36942	见风转舵
36943	神秘 亚硝酸盐 骨肉至亲
3695	再度 极有可能 另有其人 骨肉离散 也有可能
36951	另有其人
36952	极有可能 也有可能 干巴利落
36953	再度 骨肉离散
3696	神色 材质 天色 由左至右 哈博罗内
36961	由左至右 哈博罗内
36962	材质
36963	神色 天色 丈二金刚 一两小时
3697	一直到 窝囊废 只是少数 中央银行 形同虚设
36971	只是少数 中央银行 由易到难 唱独角戏
36972	窝囊废
36973	一直到 形同虚设 求马唐肆 丈二和尚
3698	中电鑫龙 饕风虐雪 无所顾忌 天夺其魄 裘马轻肥
36981	中电鑫龙 饕风虐雪 无所顾忌
36982	棋布错峙 干巴利脆
36983	天夺其魄 裘马轻肥
3699	唱歌 望远镜 中央省市 吹影镂尘 繁星点点
36991	唱歌 中央省市 吹影镂尘
36992	繁星点点
36993	望远镜 一两点钟
371	无数次
3711	见贤思齐
37112	见贤思齐
3712	中等教育 神圣职责 礼尚往来
37121	中等教育
37123	神圣职责 礼尚往来
3713	无数次 无语凝噎 干劲冲天
37131	无数次 无语凝噎
37132	干劲冲天
3714	更加审慎
37143	更加审慎
3715	窃国者侯
37152	窃国者侯
3716	万物 枕戈待旦 楼堂馆所
37162	枕戈待旦 楼堂馆所
37163	万物
3717	政策咨询 木讷寡言 枕戈寝甲
37172	木讷寡言 枕戈寝甲
37173	政策咨询
3718	杰出教授 梧鼠五技
37182	杰出教授 梧鼠五技
3719	开路先锋 妻儿老小 妻儿老少
37193	开路先锋 妻儿老小 妻儿老少
372	听起来 想起来
3721	中国古都 哭笑不得 求之不得 见之不取 开国承家
37211	中国古都 哭笑不得
37212	见之不取
37213	求之不得 开国承家
3722	格局 平步青云 另起炉灶
37221	另起炉灶
37222	格局 平步青云
3723	正如 中国故事 神话故事 嘻笑怒骂 下笔如神
37231	中国故事 嘻笑怒骂
37233	正如 神话故事 下笔如神
3724	正好 武装 听起来 想起来 万古
37241	听起来 口谐辞给 口出不逊 品竹弹丝
37242	想起来
37243	正好 武装 万古 忘恩背义 顿足不前
3725	中式装修 无论如何 一言不合 神出鬼没 横行不法
37251	中式装修 无论如何 只鸡絮酒
37252	横行不法 梦断魂劳 枘圆凿方
37253	一言不合 神出鬼没
3726	正面 中国书协 万国来朝
37261	中国书协
37263	正面 万国来朝
3727	中国古籍 一言不发 只言片语 相对来说 正该如此
37271	中国古籍 只言片语
37272	相对来说
37273	一言不发 正该如此
3728	一蹶不振 无坚不摧 吞刀刮肠 平步青霄 无坚不陷
37281	无坚不摧 无坚不陷
37282	平步青霄
37283	一蹶不振 吞刀刮肠
3729	松紧适度 百读不厌 一团乱麻 更谈不上 一力承当
37292	松紧适度
37293	百读不厌 一团乱麻 更谈不上 一力承当
373	想了想 中国梦
3731	想了想 别想 正想 中国中冶 再试一次
37311	别想 中国中冶 只此一次 只此一家 吹箫乞食
37312	想了想 平等相待
37313	正想 再试一次 再说一次 一路平安
3732	树枝 万丈 一步一鬼 百试百灵 平行空间
37322	树枝 平行空间
37323	万丈 一步一鬼 百试百灵 吞刀吐火
3733	武器 嘴唇 树林 中国梦 一回事
37331	嘴唇 中国梦 别出机杼
37332	树林 想了一想 横行天下
37333	武器 一回事 百发百中 百步穿杨 妄谈祸福
3734	万一 另一 别墅 楼梯 一对一
37341	另一 别墅 吃了一惊 嚼墨喷纸 吃了枪子
37342	楼梯 刺刀见红
37343	万一 一对一 一箭穿心 礼贤下士 万籁无声
3735	嘴里 万里 横加干涉 天各一方 相因相生
37351	嘴里 无毁无誉 无了根蒂 无党无偏 无了无休
37352	横加干涉 相因相生 平起平坐
37353	万里 天各一方 再等一会 末路穷途 一览无余
3736	别再 树叶 树木 一长一短 相切相磋
37361	别再 无踪无影
37362	树叶 树木 相切相磋 穷鼠啮狸
37363	一长一短 更长梦短 再说一遍 一路福星 事出无奈
3737	咖啡 嘿嘿 政权 互谅互让 一粒一粒
37371	咖啡 嘿嘿 中国机长 吵了一架 吹糠见米
37372	相对无言
37373	政权 互谅互让 一粒一粒 一刀一刀 一帧一帧
3738	万年 一语中的 横行无忌 无边无际 叹了口气
37381	无边无际 叹了口气 野调无腔 吁了口气
37382	横行无忌 松了口气 桃蹊柳陌
37383	万年 一语中的 恶语相向 一路攀升 一箪一瓢
3739	楼下 树下 再长一点 无精嗒彩 桃蹊柳曲
37391	无精嗒彩 中国政府
37392	楼下 树下 桃蹊柳曲 平等互利
37393	再长一点 亡国灭种 一了百当
374	一辈子 正因为
3741	中国首家 正式编制 一言为定 忠言逆耳 析精剖微
37411	中国首家 忠言逆耳
37412	析精剖微
37413	正式编制 一言为定 天长地老
3742	正义 中国纸业 极力主张 干柴烈火 呼之即来
37421	中国纸业 呼之即来
37422	极力主张 干柴烈火
37423	正义
3743	辱国殃民 辱国殄民 杞国忧天 一步登天 祸国殃民
37431	听了半天 患难夫妻
37432	杞国忧天 平步登天
37433	辱国殃民 辱国殄民 一步登天 祸国殃民 天诛地灭
3744	一辈子 嗓子 下辈子 极简主义 形式主义
37441	嗓子 中国商务 另谋高就 民粹主义 口诵心惟
37442	极简主义 桃园结义
37443	一辈子 下辈子 形式主义 正儿八经
3745	树立 横行逆施 天圆地方
37452	树立 横行逆施
37453	天圆地方
3746	开发商 一语道破 别出心裁 一路逆风 横刀立马
37461	别出心裁 另请高明
37462	横刀立马
37463	开发商 一语道破 一路逆风 天堂地狱 社鼠城狐
3747	万分 正经 正因为 只因为 一言既出
37471	只因为 呼之欲出
37472	相忍为国
37473	万分 正经 正因为 一言既出 一言半语
3748	兄弟 极简单的
37481	兄弟
37482	极简单的
3749	平常心 无止境 中国竞彩 空谈快意 天长地久
37491	无止境 中国竞彩 吊儿郎当
37492	平常心 空谈快意 木鸡养到 复蹈前辙
37493	天长地久 下回分解
375	中国人 想办法
3751	万千 万籁俱寂 一言九鼎 吃了个饭 里出外进
37511	吃了个饭 里出外进
37513	万千 万籁俱寂 一言九鼎
3752	权益 年谊世好 一筹莫展 由此而来 政出多门
37521	由此而来
37522	权益 年谊世好
37523	一筹莫展 政出多门 开篇伊始
3753	中加学校 中等学校 天之僇民 一跃而下 中国人民
37531	中加学校 中等学校 中国人民
37533	天之僇民 一跃而下 一行作吏
3754	想办法 政法 祸起萧墙 一蹴而就 万紫千红
37542	想办法
37543	政法 祸起萧墙 一蹴而就 万紫千红
3755	政治 桃花 祖籍江苏 一切众生 中国举重
37551	中国举重 听之藐藐 只鸡斗酒
37552	桃花 见识浅薄 穿街过巷 穷困潦倒 梦笔生花
37553	政治 祖籍江苏 一切众生 恶语伤人 一笑而过
3756	另行通知 禁止入内 繁衍生息
37561	另行通知
37562	禁止入内 繁衍生息
3757	别人 中国人 万人 武汉 穷人
37571	别人 中国人 中式英语 听之任之 里谈巷议
37572	穷人 横恩滥赏 相对而言
37573	万人 武汉 正常人 更难仆数 万语千言
3758	政策依据 嘻皮涎脸
37581	嘻皮涎脸
37583	政策依据
3759	另外 格外 更加依赖 相对湿度 无足重轻
37591	另外 无足重轻
37592	格外 相对湿度 突出重点 植党营私
37593	更加依赖 一诺千金 百了千当 一发千钧 一笑千金
376	开发区
3761	更加耀眼 一国两制 析言破律 开国元老 灭此朝食
37612	析言破律
37613	更加耀眼 一国两制 开国元老 灭此朝食 亡国破家
3762	嘴巴 开发区 中式元素 复试时间 一双两好
37621	嘴巴 中式元素
37622	复试时间
37623	开发区 一双两好 一簧两舌
3763	权威 助理 中国影视 一党专政 下笔有神
37631	中国影视 唯力是视
37632	权威 舞刀弄枪 突发奇想 干戈载戢
37633	助理 一党专政 下笔有神 开国元勋 开发成本
3764	正在 叹息 与对照组 中式早餐 再说几句
37641	叹息 中式早餐 吴越同舟
37642	相识是缘 枉墨矫绳 相对独立
37643	正在 与对照组 再说几句 天之骄子 与此有关
3765	顿时 中国远洋 中国石油 中东石油 中国十佳
37651	中国远洋 中国石油 中东石油 中国十佳 无师自通
37652	见识短浅 见笑大方
37653	顿时
3766	一路顺风 相帅成风 无计所奈 与此同时 吃了大亏
37661	无计所奈 吃了大亏
37662	相帅成风 乞儿马医
37663	一路顺风 与此同时 一帆风顺 一长两短
3767	一刀两断 一语成谶 下笔成篇 横行直走 事出有因
37671	哄堂大笑 口出狂言 口出大言
37672	横行直走 相鼠有皮
37673	一刀两断 一语成谶 下笔成篇 事出有因 一路同行
3768	正是 别是 另有 史记索隐 中国医院
37681	别是 另有 史记索隐 中国医院 响答影随
37682	横行直撞 椎髻布衣
37683	正是 一发破的 一语破的 下笔成文 恶紫夺朱
3769	正确 一笔勾销 焚符破玺 横刀夺爱 天长日久
37692	焚符破玺 横刀夺爱
37693	正确 一笔勾销 天长日久 下笔成章 一路风尘
377	忘记了 一步步
3771	听说读写 望衡对宇
37711	听说读写
37713	望衡对宇
3772	无米之炊 百足之虫 一路走好 哭了起来 一路走来
37721	无米之炊 哭了起来 患难之交 品竹调弦
37722	杵臼之交
37723	百足之虫 一路走好 一路走来 一言难尽
3773	政策 亡国之社 无力回天 亡国之器
37731	无力回天
37733	政策 亡国之社 亡国之器
3774	别说 一圈圈 祖国各地 更加详细 民困国贫
37741	别说 民困国贫 品竹调丝
37742	杞国之忧 横七竖八
37743	一圈圈 祖国各地 更加详细 一语双关 天籁之声
3775	权力 忘记了 穿街走巷 呈堂证供 口诛笔伐
37751	呈堂证供 口诛笔伐 叹观止矣
37752	权力 穿街走巷 楚囚对泣
37753	忘记了
3776	正因 史记记载 史籍记载 一箭双雕 无证驾驶
37761	史记记载 史籍记载 无证驾驶 中坚力量
37762	横戈跃马
37763	正因 一箭双雕
3777	正常 一步步 政党 由设计师 极简设计
37771	由设计师 中国国籍
37772	极简设计 样式设计 朴讷诚笃 横说竖说
37773	正常 一步步 政党 一走了之 神符之语
3778	正式 嘻皮笑脸
37781	嘻皮笑脸
37783	正式
3779	别让 一步之遥 天籁之音 一箭之遥 亡国之音
37791	别让
37793	一步之遥 天籁之音 一箭之遥 亡国之音 一之谓甚
378	吃东西
3781	叹气 开国功臣
37811	叹气
37813	开国功臣
3782	正要 横加指责 由此看来 喙长三尺 望断白云
37821	由此看来 喙长三尺
37822	横加指责
37823	正要 望断白云
3783	中国援助 口讲指画 梧鼠技穷
37831	中国援助 口讲指画
37832	梧鼠技穷
3784	权限 见诸报端 横行霸道 一切随缘 一路向前
37842	权限 见诸报端 横行霸道
37843	一切随缘 一路向前 礼让三分 万箭攒心 一国三公
3785	妄加揣测 年该月值 中国文学
37851	中国文学
37852	年该月值
37853	妄加揣测
3786	别的 突出贡献 嗤之以鼻 喉长气短
37861	别的 嗤之以鼻 喉长气短
37862	突出贡献
3787	武功 万签插架 严加看管 无言以对 啼笑皆非
37871	无言以对 啼笑皆非 别跟我说
37873	武功 万签插架 严加看管
3788	桃之夭夭 恶籍盈指 互诉衷肠 顿足捶胸 神圣工巧
37882	桃之夭夭
37883	恶籍盈指 互诉衷肠 顿足捶胸 神圣工巧
3789	吃东西 中国股市 无精打彩 无精打采 救困扶危
37891	吃东西 中国股市 无精打彩 无精打采
37893	救困扶危 一笔抹煞 恶叉白赖
379	一路上 模糊音
3791	武力解决
37913	武力解决
3792	正当 别离 恶言詈辞
37921	别离
37923	正当 恶言詈辞
3793	树上 一路上 楼上 天之戮民
37932	树上 楼上
37933	一路上 天之戮民
3794	示意 一粒种子 机甲战士 吠非其主 橡皮钉子
37941	吠非其主 无路可退
37942	机甲战士 橡皮钉子
37943	示意 一粒种子 忘恩负义 一箭上垛
3795	政府 一步到位 无足轻重 无计可施 屯粮积草
37951	无足轻重 无计可施
37952	权衡轻重
37953	政府 一步到位 屯粮积草 一谦四益
3796	正式受理 中国广电 助边输财 无出其右 由此可知
37961	中国广电 无出其右 由此可知 无计可奈 口尚乳臭
37963	正式受理 助边输财
3797	权利 一笑置之 正式上架 见识到了 一路小跑
37971	中篇小说 无路可走 无言可对 中国银行
37972	权利 见识到了 相谈甚欢 空话连篇
37973	一笑置之 正式上架 一路小跑
3798	嘴角 一试身手 政策转向 一团和气 天诱其衷
37981	嘴角
37983	一试身手 政策转向 一团和气 天诱其衷
3799	模糊音 正常秩序 中东战争 恶言厉色 乞儿乘车
37991	中东战争
37992	模糊音 乞儿乘车
37993	正常秩序 恶言厉色 正言厉色
381	标的物
3811	开拓进取
38113	开拓进取
3812	无聊 梦撒寮丁 无以塞责 干霄凌云
38121	无聊 无以塞责
38122	梦撒寮丁 干霄凌云
3813	无畏 开雾睹天 民胞物与 开山老祖
38131	无畏 民胞物与
38133	开雾睹天 开山老祖
3814	栖丘饮谷 乞哀告怜
38142	栖丘饮谷 乞哀告怜
3815	见异思迁 哄抬物价
38151	哄抬物价
38152	见异思迁
3816	听得 邮寄 标的物 事以密成 见鞍思马
38161	听得 邮寄
38162	标的物 见鞍思马
38163	事以密成
3817	响彻 听取
38171	响彻 听取
3818	严以律己 正气凛然
38183	严以律己 正气凛然
3819	再三考虑
38193	再三考虑
382	突然间 吸血鬼
3821	一票否决 助我张目
38213	一票否决 助我张目
3822	无效 无不 无幽不烛 神焦鬼烂 相失交臂
38221	无效 无不 无幽不烛
38222	相失交臂
38223	神焦鬼烂
3823	开山始祖 吹拉弹唱 相持不下 唇焦舌敝 口血未干
38231	吹拉弹唱 口血未干
38232	相持不下
38233	开山始祖 唇焦舌敝
3824	年来 无尽 无敌 吸血鬼 也用不着
38241	无尽 无敌 吸血鬼 中际装备 口气不善
38242	年来 也用不着
38243	神工鬼斧 礼崩乐坏
3825	百姓 一文不名 一手交货 遭际不偶 穷追不舍
38251	虽然不能 呼朋引伴
38252	穷追不舍
38253	百姓 一文不名 一手交货 遭际不偶 一文不值
3826	空间 突然间 无辜 喝西北风 虽然不是
38261	无辜 喝西北风 虽然不是
38262	空间 突然间
3827	中的函数 百折不回 一向如此 呼朋引类
38271	中的函数 呼朋引类
38273	百折不回 一向如此
3828	一霎那 一毛不拔 百折不挠
38283	一霎那 一毛不拔 百折不挠
3829	也找不到 百看不厌 一手交钱 年近古稀 无乎不可
38291	无乎不可
38292	也找不到 年近古稀
38293	百看不厌 一手交钱 一改故辙
383	下雨天 无异于
3831	根据事实 桃腮柳眼 咬文嚼字 再看一眼 一月一次
38311	咬文嚼字
38312	根据事实 桃腮柳眼
38313	再看一眼 一月一次 恶衣恶食
3832	呼吸 无极 呼啸 祈祷 桃夭柳媚
38321	呼吸 无极 呼啸 吹毛求疵 喷雨嘘云
38322	桃夭柳媚 桃夭李艳 平白无辜 平白无故 枉费口舌
38323	祈祷 天兵天将 一脉相承 一脸无辜 一番口舌
3833	无视 中的一员 只要一想 无补于事 一掷百万
38331	无视 中的一员 只要一想 无补于事
38333	一掷百万
3834	唯一 空中 无一 穷泉朽壤 梯山栈谷
38341	唯一 无一 无拘无缚 民脂民膏
38342	空中 穷泉朽壤 梯山栈谷 复工复产 李白桃红
38343	天衣无缝 与我无关 一把年纪 严气正性 一丘一壑
3835	听见 窗口 无形 百里 鄙吝复萌
38351	听见 无形 鄙吝复萌 口坠天花 无脸见人
38352	窗口 繁文末节 穷山恶水 枉己正人 刺股悬梁
38353	百里 形势逼人 一脉相传 一脉相通
3836	下雨天 无异于 横抢武夺 再接再砺 咏月嘲风
38361	无异于 咏月嘲风 呼朋唤友 无拘无碍 无挂无碍
38362	横抢武夺
38363	下雨天 再接再砺 一气呵成 再看一遍 一龙一猪
3837	百万 无助 无穷 中的一些 一招一式
38371	无助 无穷 中的一些 无以复加 吓我一跳
38373	百万 一招一式 开山祖师 一手一足
3838	百年 听听 无望 一阵一阵 形势严峻
38381	听听 无望 啮雪吞毡
38382	札手舞脚 楞手楞脚 析肝吐胆 杏脸桃腮 栋折榱崩
38383	百年 一阵一阵 形势严峻 百衣百随 天要下雨
3839	呼唤 再接再厉 再接再历 再三再四 一探究竟
38391	呼唤 无拘无束 吆三喝四 叨陪末座
38393	再接再厉 再接再历 再三再四 一探究竟
384	一系列 一阵子
3841	望着 听着 严防死守 一雪前耻 枉费心思
38411	听着
38412	枉费心思
38413	望着 严防死守 一雪前耻
3842	无声 无情 无缘 年级 一击必杀
38421	无声 无情 无缘 兄肥弟瘦
38422	年级
38423	一击必杀 悬崖绝壁 一肚子火 天摇地动
3843	无悔 根据地 一击即中 开阶立极 根据槃互
38431	无悔
38432	根据地 根据槃互 根据盘互 枉费心机 枉用心机
38433	一击即中 开阶立极
3844	一阵子 一肚子 空腹高心 天崩地坍 天崩地裂
38441	无以为继 无肠公子
38442	空腹高心 楚腰纤细
38443	一阵子 一肚子 天崩地坍 天崩地裂 天崩地塌
3845	望去 一拍即合 繁文缛节 形势喜人 一把死拿
38452	繁文缛节 梯山航海
38453	望去 一拍即合 形势喜人 一把死拿
3846	无关 无忧 也已经是 材疏志大 天文地理
38461	无关 无忧 啮血为盟
38462	也已经是 材疏志大
38463	天文地理 天覆地载 天震地骇
3847	一系列 百分 别以为 天授地设 枉费心计
38471	别以为
38472	枉费心计 相提并论 枉费心力
38473	一系列 百分 天授地设 一脸坏笑
3848	年纪 年前 窗前 忠肝义胆 一肚子气
38481	忠肝义胆 无以为报 啮雪餐毡 口服心服
38482	年纪 年前 窗前
38483	一肚子气 一系列的 天气预报 天翻地覆 天崩地陷
3849	无心 无处 中的主角 下气怡色 一抹亮色
38491	无心 无处 中的主角 唯手熟尔
38493	下气怡色 一抹亮色 天崩地解
3851	邮件 一手住宅 天文学家 横扫千军 恶衣蔬食
38511	邮件
38512	横扫千军
38513	一手住宅 天文学家 恶衣蔬食 恶衣菲食
3852	无胫而来 噬脐何及 口腔溃疡 中西合璧 无以名状
38521	无胫而来 噬脐何及 口腔溃疡 中西合璧 无以名状
3853	无名 听他 啮血沁骨 与我何干 一扫而空
38531	无名 听他 啮血沁骨 无功而禄
38533	与我何干 一扫而空 一脸苦相 百巧千穷
3854	无法 析肝沥悃 望文生义 开拓创新 一挥而就
38541	无法 吐胆倾心 无功而退 嗒然若丧
38542	析肝沥悃 枵腹从公
38543	望文生义 开拓创新 一挥而就 下乔迁谷
3855	年龄 百花 亚裔学生 一衣带水 天工人代
38551	吃斋念佛
38552	年龄 槁项没齿 空腹便便 横扫而过 模山范水
38553	百花 亚裔学生 一衣带水 天工人代 一拥而入
3856	棒打鸳鸯 无的放矢 一氧化碳 一扫而光 虽然没有
38561	无的放矢 虽然没有
38562	棒打鸳鸯 干霄蔽日
38563	一氧化碳 一扫而光 神气活现 一挥而成
3857	无人 年代 一以贯之 树的生长 禁忌游戏
38571	无人 无需多言 无需多说 无胫而行 无胫而走
38572	年代 树的生长 禁忌游戏 空手而回 相向而行
38573	一以贯之 戛然而止 望文生训
3858	年华 听过 无能 一损俱损 中的作用
38581	听过 无能 中的作用
38582	年华 横拖倒拽 横拖倒扯 横峰侧岭
38583	一损俱损 一脸茫然 下乔入幽
3859	窗外 望你 听你 啤酒 一掷千金
38591	听你 啤酒 无胫而至 无功而返 啖以重利
38592	窗外
38593	望你 一掷千金 天随人原 百岁千秋 一拥而上
386	一阵风 礼拜日
3861	正月十五
38613	正月十五
3862	唯独 一阵风 呆的时间 年的时间 一段时间
38621	唯独 呆的时间 无毛大虫
38622	年的时间
38623	一阵风 一段时间 骨腾肉飞 一雷二闪
3863	无奈 无知 无理 开山鼻祖
38631	无奈 无知 无理
38633	开山鼻祖
3864	窗户 望岫息心 唯我独尊 一抔黄土 木已成舟
38641	唯我独尊 嗜血成性
38642	窗户 木已成舟 槁项黄馘
38643	望岫息心 一抔黄土 望峰息心
3865	年时 中山大学 遭际时会 一拍两散 喷血自污
38651	中山大学 喷血自污 中文大学
38652	年时 舞文弄法
38653	遭际时会 一拍两散 下比有余
3866	横抢硬夺 亚拉巴马 政以贿成
38662	横抢硬夺
38663	亚拉巴马 政以贿成
3867	礼拜日 中山南路 析疑匡谬 神气十足 一手包办
38671	中山南路 中气十足
38672	析疑匡谬 舞文弄墨
38673	礼拜日 神气十足 一手包办
3868	无所 唯有 中山医院 枉费日月 一推两搡
38681	无所 唯有 中山医院
38682	枉费日月 穷追猛打
38683	一推两搡 忘乎所以 形势所迫 一搭两用 一手独拍
3869	中的最后 天粟马角 横三顺四
38691	中的最后
38692	横三顺四
38693	天粟马角
387	听我说 一番话
3871	无语 天文数字 口腹之累 恶衣粝食
38711	无语 口腹之累
38713	天文数字 恶衣粝食
3872	无数 听话 一番话 副院长 无以言表
38721	无数 听话 无以言表
38722	刺股读书
38723	一番话 副院长
3873	无非 中的精神 穷兵黩武 一气之下 相比之下
38731	无非 中的精神 喟然长叹
38732	穷兵黩武 相比之下
38733	一气之下 一票难求 一脚踩空 一脚踏空 一隅之见
3874	听说 听我说 柏拉图 呈指数级 口腹之欲
38741	听说 听我说 呈指数级 口腹之欲 无服之丧
38742	柏拉图 梯山架壑
38743	一隅之地
3875	无论 听了 无力 望了 下阪走丸
38751	无论 听了 无力
38753	望了 下阪走丸 一脸迷茫 开山之作
3876	攀龙讬凤 无衣之赋 一丘之貉
38761	无衣之赋
38762	攀龙讬凤
38763	一丘之貉
3877	无双 无常 一技之长 一己之力 一手策划
38771	无双 无常 无胆鼠辈 由衷之言
38772	空费词说
38773	一技之长 一己之力 一手策划 一拼之力
3878	响起 无边 中的数据 中工国际 横拖竖拉
38781	响起 无边 中的数据 中工国际
38782	横拖竖拉 桃腮粉脸
3879	无言 一脚劲射 一己之私 悬崖之上 横三竖四
38791	无言
38792	横三竖四
38793	一脚劲射 一己之私 悬崖之上
388	只需要 一阵阵
3881	空气 严阵以待 杜隙防微
38812	空气 杜隙防微
38813	严阵以待
3882	只需要 空白 更需要 梦撒撩丁 天打雷劈
38821	只需要 吐气扬眉
38822	空白 梦撒撩丁
38823	更需要 天打雷劈 悬崖峭壁 夏热握火
3883	更接近于 正月初一 一手托天
38833	更接近于 正月初一 一手托天
3884	无限 枯脑焦心 再衰三竭 枉费工夫 吹气胜兰
38841	无限 吹气胜兰
38842	枯脑焦心 枉费工夫
38843	再衰三竭
3885	无需 年衰岁暮 再衰三涸 窃据要津 夏雨雨人
38851	无需
38852	年衰岁暮 窃据要津
38853	再衰三涸 夏雨雨人
3886	无疑 望向 邮费 一把把 正月初十
38861	无疑 邮费
38862	攀龙附骥 攀龙附凤
38863	望向 一把把 正月初十 悬崖勒马
3887	一把手 一股股 一排排 中集集团 哑然失笑
38871	中集集团 哑然失笑
38873	一把手 一股股 一排排 一股脑儿
3888	无比 武陵山脉 见招拆招 析肝刿胆 一腔热血
38881	无比
38882	见招拆招 析肝刿胆 突然袭击 穿衣打扮
38883	武陵山脉 一腔热血
3889	无用 一阵阵 一把抓 穿衣服 正月初四
38891	无用
38892	穿衣服 栎阳雨金
38893	一阵阵 一把抓 正月初四 一隅三反
389	救护车 中山市
3891	画龙点睛 唾手可得 画脂镂冰
38911	唾手可得
38913	画龙点睛 画脂镂冰
3892	空虚 救护车 相比较 无际可寻
38921	无际可寻
38922	空虚 相比较
38923	救护车
3893	年后 干这种事 一手遮天 神兵利器 只手遮天
38931	只手遮天 无功受禄
38932	年后 干这种事
38933	一手遮天 神兵利器 神乎其神 忘乎其形
3894	无意 槁项黧馘 下陵上替
38941	无意
38942	槁项黧馘
38943	下陵上替
3895	无可 年度 严打整治 正襟危坐 干脆利落
38951	无可
38952	年度 干脆利落
38953	严打整治 正襟危坐
3896	神摇意夺 干脆利索 一以当十 舞衫歌扇
38962	干脆利索 舞衫歌扇
38963	神摇意夺 一以当十
3897	听到 年轻 中山市 事已至此 吹毛利刃
38971	听到 中山市 吹毛利刃 无肠可断
38972	年轻
38973	事已至此 武功秘籍
3898	年少
38982	年少
3899	中的角色 中的速度 一己私利 无隙可乘 空乏其身
38991	中的角色 中的速度 无隙可乘
38992	空乏其身
38993	一己私利
391	一转眼
3912	档案 正当职业
39122	档案
39123	正当职业
3913	下次 见钱眼开 无期徒刑
39131	无期徒刑
39132	见钱眼开
39133	下次
3914	也很 一转眼 再度聚首 棋输先着 一身五心
39142	也很 棋输先着 见利思义
39143	一转眼 再度聚首 一身五心 开科取士
3915	百废待兴 棋输先著 无可取代 一身冷汗 百废待举
39151	无可取代
39152	棋输先著 材轻德薄
39153	百废待兴 一身冷汗 百废待举
3916	也都 也得 由得 下头 相当容易
39161	由得
39162	也都 也得 相当容易
39163	下头
3917	社稷次之 窃钩者诛
39172	窃钩者诛
39173	社稷次之
3918	遭遇 民康物阜 望秋先零
39181	民康物阜
39183	遭遇 望秋先零
3919	灭虢取虞 忘战者危 一锤定音 攀车卧辙 攀辕卧辙
39192	攀车卧辙 攀辕卧辙
39193	灭虢取虞 忘战者危 一锤定音
392	无意间
3921	也未 相庄如宾 哺乳动物 无可奉告 无可避免
39211	哺乳动物 无可奉告 无可避免
39212	也未 相庄如宾
3922	也不 望尘不及
39222	也不
39223	望尘不及
3923	更上层楼 无庸赘述 焚香顶礼 机变如神
39231	无庸赘述
39232	焚香顶礼 机变如神
39233	更上层楼
3924	下来 也好 百战不殆 穿针引线 李广未封
39242	也好 穿针引线 李广未封
39243	下来 百战不殆
3925	无可如何 忠贞不渝 一钱不值 事到如今 一尘不染
39251	无可如何 忠贞不渝 口轻舌薄
39252	李广不侯
39253	一钱不值 事到如今 一尘不染 万应灵药 一钱如命
3926	下面 无意间 权钱交易 无私奉献 忠贞不二
39261	无意间 无私奉献 忠贞不二 口角春风
39262	权钱交易
39263	下面 万应灵丹
3927	复变函数 县委书记 平稳运行 无可否认
39271	无可否认
39272	复变函数 平稳运行
39273	县委书记
3928	下属 神采飞扬
39283	下属 神采飞扬
3929	无可不可 只轮不返 见雀张罗 相当不错 杯觥交错
39291	无可不可 只轮不返
39292	见雀张罗 相当不错 杯觥交错
393	相当于 一整天
3931	桎梏 响应机制 森罗万象 无虑无思
39311	响应机制 无虑无思
39312	桎梏 森罗万象
3932	民和年丰 根连株逮 百金求间 一点也不 相爱相杀
39321	民和年丰
39322	根连株逮 相爱相杀
39323	百金求间 一点也不
3933	一连串 一上一下 严岛神社 患至呼天 木秀于林
39331	患至呼天
39332	木秀于林
39333	一连串 一上一下 严岛神社 一觞一咏
3934	无意中 一针一线 万赖无声 形销骨立 无虑无忧
39341	无意中 无虑无忧 呼庚呼癸 鸣锣开道 鸣锣喝道
39342	见利忘义
39343	一针一线 万赖无声 形销骨立 政府机关 且战且退
3935	一点一滴 神秘事件 无可柰何 恶尘无染 柙虎樊熊
39351	无可柰何 无可救药 品种繁多 嘤其鸣矣
39352	柙虎樊熊 榜上无名 究其根源 树上开花
39353	一点一滴 神秘事件 恶尘无染 恶意中伤
3936	由于 下午 相当于 一整天 吃香喝辣
39361	由于 吃香喝辣 呼卢喝雉 无罣无碍
39362	相当于 相辅相成 相反相成 年少无知 横蛮无理
39363	下午 一整天 互利互惠 弊车羸马
3937	下楼 也别 救市政策 祝愿中国 窃钩窃国
39371	另当别论 吴市吹箫
39372	也别 窃钩窃国 相顾无言 午夜梦回
39373	下楼 救市政策 祝愿中国
3938	也无 想当年 根连株拔 无束无拘 恶积祸盈
39381	无束无拘 无遮无拦
39382	也无 想当年 根连株拔 焚香礼拜
39383	恶积祸盈 一身正气 一针见血 百战百胜
3939	呵呵 呜呜 天底下 一点一点 一辆一辆
39391	呵呵 呜呜 只轮无反 民和年稔 咬钉嚼铁
39392	极其恶劣 复习复习
39393	天底下 一点一点 一辆一辆 一错再错 一至于斯
394	无意义 一致性
3941	下单 一反既往
39413	下单 一反既往
3942	下场 无意义 福至心灵 神色慌张 中秋快乐
39421	无意义 中秋快乐
39423	下场 福至心灵 神色慌张 开基立业
3943	中小规模 一争高下
39431	中小规模
39433	一争高下
3944	下子 神秘主义 神秘兮兮 一点就着 天愁地惨
39443	下子 神秘主义 神秘兮兮 一点就着 天愁地惨
3945	下去 一致性 骨质增生 妻离子散 一触即溃
39451	无可替代
39453	下去 一致性 骨质增生 妻离子散 一触即溃
3946	中原地区 棱角分明 天罗地网
39461	中原地区
39462	棱角分明
39463	天罗地网
3947	下列 也曾 中速增长 一意孤行 一触即发
39471	中速增长
39472	也曾
39473	下列 一意孤行 一触即发
3948	野战部队 鸣金收兵
39481	野战部队 鸣金收兵
3949	也就 中原高速 中轴线上 一厢情愿 极致享受
39491	中原高速 中轴线上 吊尔郎当
39492	也就 极致享受 桂馥兰香
39493	一厢情愿 忘战必危 天罡地煞
395	年轻人 哈尔滨
3951	哈尔滨 中小学 万赖俱寂 见可而进
39511	哈尔滨 中小学
39512	见可而进
39513	万赖俱寂
3952	也会 村委会 中小企业 望尘莫及 天上人间
39521	中小企业 无可名状 无翼而飞
39522	也会 村委会
39523	望尘莫及 天上人间 下车伊始 开基创业
3953	下方 祁奚举午 互利共赢 事急从权 由上而下
39531	由上而下
39533	下方 祁奚举午 互利共赢 事急从权
3954	下注 望尘僄声 穷鸟入怀
39542	穷鸟入怀
39543	下注 望尘僄声
3955	中小学生 里应外合 株连九族 一醉方休 一应俱全
39551	中小学生 里应外合
39552	株连九族 焚香沐浴
39553	一醉方休 一应俱全 一致通过 百废俱兴 神秘莫测
3956	口壅若川 百身莫赎 百身何赎 下车作威 口角生风
39561	口壅若川 口角生风
39563	百身莫赎 百身何赎 下车作威
3957	也没 年轻人 呷醋节帅 梗迹萍踪 枕席过师
39571	呷醋节帅 吃错药了
39572	也没 年轻人 梗迹萍踪 枕席过师 相辅而行
39573	百转千回 一触而发
3958	也能 也可能 逼上梁山 梗迹蓬飘 无其伦比
39581	无其伦比
39582	也能 也可能 梗迹蓬飘 极其重要
39583	逼上梁山 妄尘而拜 形色仓皇 望尘而拜
3959	中秋节 鄂尔多斯 年少多金 中原逐鹿 下车泣罪
39591	中秋节 鄂尔多斯 中原逐鹿
39592	年少多金
39593	下车泣罪
396	里程碑
3961	祝愿大家 枉曲直凑 一身两头 史上最牛 一身两役
39611	史上最牛
39612	枉曲直凑
39613	祝愿大家 一身两头 一身两役
3962	下巴 响应时间 再铸辉煌 望尘奔北 一床两好
39621	响应时间
39623	下巴 再铸辉煌 望尘奔北 一床两好
3963	史上最严 一连几天 无私有弊 平原易野 福尔马林
39631	史上最严 无私有弊 唯利是视 唯利是求
39632	平原易野 平铺直述
39633	一连几天 福尔马林
3964	也在 也太 窒息 年少有为 中原大地
39641	中原大地 史上最差 口角风情
39642	也在 也太 窒息 年少有为 年轻有为
39643	恶迹昭着 求其友声
3965	只争朝夕 年度十佳 史上最多 恶迹昭著 无其奈何
39651	只争朝夕 史上最多 无其奈何 听其自流 无可奈何
39652	年度十佳 横科暴敛 榜上有名 平铺直叙
39653	恶迹昭著 亡可奈何 一夜风流 神色自若 一夜成名
3966	杭州 史上最大 百鸟朝凤 相习成风 无可辩驳
39661	史上最大 无可辩驳
39662	杭州 相习成风
39663	百鸟朝凤 画虎成狗 祥麟威凤 一轨同风
3967	下班 史上最长 唯利是图 只可远观
39671	史上最长 唯利是图 只可远观
39673	下班
3968	也是 也有 里程碑 野战医院 枚速马工
39681	里程碑 野战医院 民殷财阜 听其自然 器小易盈
39682	也是 也有 枚速马工 平反昭雪 杷罗剔抉
39683	望其肩项 一身是胆 忘其所以
3969	一点两点 见解独到 一致同意 平铺直序 无私有意
39691	无私有意
39692	见解独到 平铺直序 穿金戴银
39693	一点两点 一致同意 天上石麟
397	下意识 一点儿
3971	也算 见习记者 事到临头 民殷国富 横躺竖卧
39711	民殷国富
39712	也算 见习记者 横躺竖卧
39713	事到临头 一麾出守
3972	极少数 一致行动 下车之始 亚利桑那 一夜之间
39721	无可言状
39722	极少数 年轻力壮
39723	一致行动 下车之始 亚利桑那 一夜之间
3973	也许 吵架 下意识 一点儿 无意识
39731	吵架 无意识 无意之中
39732	也许
39733	下意识 一点儿
3974	也说 与其说 中庸之道 一席之地 横针竖线
39741	中庸之道
39742	也说 横针竖线 李广难封
39743	与其说 一席之地 一致认为 天意难违
3975	也该 也应该 祁奚之举 极少数人 祁奚之荐
39752	也该 也应该 极少数人
39753	祁奚之举 祁奚之荐
3976	无私之光 一反常态 画虎类狗
39761	无私之光
39763	一反常态 画虎类狗
3977	无庸讳言 无可非议 相当困难 无稽之谈 无可讳言
39771	无庸讳言 无可非议 无稽之谈 无可讳言 无稽之言
39772	相当困难 平庸之辈
39773	天府之国
3978	由此 中钢国际 中银国际 下意识的 横遮竖挡
39781	由此 中钢国际 中银国际
39782	横遮竖挡
39783	下意识的
3979	见色起意 天香国色 骨软筋酥
39792	见色起意
39793	天香国色 骨软筋酥
398	也可以 武当山
3981	也看 福利院 开利除害 无罪推定 无可比象
39811	无罪推定 无可比象
39812	也看
39813	福利院 开利除害
3982	也要 严厉指责 望其项背 无可指责
39821	无可指责
39822	也要
39823	严厉指责 望其项背
3983	曹操 骨质疏松 与其这样
39833	曹操 骨质疏松 与其这样
3984	下降 也已 一座皆惊 焚香扫地
39842	也已 焚香扫地
39843	下降 一座皆惊
3985	也可以 正当工作 年久失修 见危授命 望尘拜伏
39851	无可比伦
39852	也可以 年久失修 见危授命
39853	正当工作 望尘拜伏
3986	呵护 中度抑郁 亚历山大 年少气盛 无可限量
39861	呵护 中度抑郁 无可限量 无可挑剔
39862	年少气盛
39863	亚历山大
3987	下手 也被 下山 武当山 也可以说
39871	中小股东 无可挽回
39872	也被 也可以说
39873	下手 下山 武当山
3988	下雨 一键升降 正当手段 无可比拟 无可抗拒
39881	无可比拟 无可抗拒 无可指摘
39882	焚香膜拜
39883	下雨 一键升降 正当手段
3989	正当防卫 望尘追迹 相顾失色
39892	相顾失色
39893	正当防卫 望尘追迹
399	核辐射 一点点
3991	遭受 无章可循 本小利微
39911	无章可循
39912	本小利微
39913	遭受
3992	下车 相当麻烦 无迹可寻 望尘靡及
39921	无迹可寻
39922	相当麻烦
39923	下车 望尘靡及
3993	一点点 一致意见 由上至下 查尔斯顿 无迹可求
39931	由上至下 无迹可求 无可置喙
39932	查尔斯顿 平原督邮
39933	一点点 一致意见
3994	也罢 无置锥地 一秉至公
39941	无置锥地
39942	也罢
39943	一秉至公
3995	核辐射 也应 一季度 严厉整治 中质原油
39951	中质原油 只可意会 吹角连营
39952	核辐射 也应
39953	一季度 严厉整治
3996	无庸置辩 年少轻狂 本小利大 无可争辩 无可置辩
39961	无庸置辩 无可争辩 无可置辩
39962	年少轻狂 本小利大
3997	遭到 本质上讲 究其原因 无可厚非 相当可观
39971	无可厚非
39972	本质上讲 究其原因 相当可观
39973	遭到
3998	遭受质疑 遭到质疑 枉勘虚招 无庸置疑 无可置疑
39981	无庸置疑 无可置疑
39982	枉勘虚招
39983	遭受质疑 遭到质疑 形迹可疑
3999	板上钉钉 神采奕奕 天上麒麟 福尔摩斯
39992	板上钉钉
39993	神采奕奕 天上麒麟 福尔摩斯
4111	着实 半准决赛 亲眼目睹
41111	着实
41112	半准决赛
41113	亲眼目睹
4112	死者家属 孤男寡女 半老徐娘
41121	死者家属
41122	孤男寡女 半老徐娘
4113	总决赛里 既定目标
41132	总决赛里
41133	既定目标
4114	着眼 懂得都懂
41141	着眼
41142	懂得都懂
4115	新宿御苑 孤家寡人
41152	孤家寡人
41153	新宿御苑
4116	京都御所 矜愚饰智 孤寡鳏独
41161	京都御所
41162	孤寡鳏独
41163	矜愚饰智
4117	道德实践 兼职教师
41172	道德实践 兼职教师
4118	细微 兼职教授
41182	兼职教授
41183	细微
4119	单鹄寡凫
41192	单鹄寡凫
412	判决书 公安局
4121	心律不齐
41212	心律不齐
4122	判决书 公安局 送往迎来 良家妇女 善者不来
41221	善者不来
41222	判决书 公安局 送往迎来
41223	良家妇女
4123	幸灾乐祸 悦耳动听
41231	幸灾乐祸
41232	悦耳动听
4124	备好 为老不尊 为德不终 喜得贵子 既往不咎
41242	备好 喜得贵子 惜客好义
41243	为老不尊 为德不终 既往不咎 新老交替
4125	结果如何 为富不仁 恪守不渝 剖决如流
41252	恪守不渝
41253	结果如何 为富不仁 剖决如流
4128	性教育 纲目不疏
41282	性教育
41283	纲目不疏
4129	惜字如金 为德不卒
41292	惜字如金
41293	为德不卒
413	心目中
4132	亲密无间 继往开来 送往事居 敲冰求火
41321	敲冰求火
41322	送往事居
41323	亲密无间 继往开来
4133	规定严禁 高官极品
41331	高官极品
41332	规定严禁
4134	心目中 分家析产 父老兄弟
41342	心目中 分家析产 父老兄弟
4135	细微末节 地老天荒
41351	地老天荒
41353	细微末节
4136	冬天 土牛木马
41361	土牛木马
41362	冬天
4137	嘉实中证 旁逸横出 幸免于难 必先与之 地造一双
41371	幸免于难 地造一双
41372	嘉实中证 必先与之
41373	旁逸横出
4139	公耳忘私 殚思极虑
41391	殚思极虑
41392	公耳忘私
414	公安部 规律性
4141	细细 遵守纪律
41412	遵守纪律
41413	细细
4142	公安分局 红男绿女
41422	公安分局
41423	红男绿女
4143	单纯 公安部 予取予求
41432	单纯 公安部
41433	予取予求
4144	列宁主义 养老送终 美容养颜 父老乡亲 怵目惊心
41441	列宁主义 养老送终 美容养颜
41442	父老乡亲 怵目惊心 惜老怜贫
4145	规律性 兼容并蓄 贫富分化
41452	规律性 兼容并蓄 贫富分化
4146	死者为大 兼容并包
41461	死者为大
41462	兼容并包
4147	嘉实增长 就睡着了 贫富差距 美容美发 逆耳良言
41471	就睡着了 美容美发
41472	嘉实增长 贫富差距 逆耳良言
4148	惧怕 预定义的 道德情操 缩头缩脑 愣头愣脑
41482	惧怕 道德情操 愣头愣脑
41483	预定义的 缩头缩脑 立字为据
4149	细心 高官尊爵 违害就利
41491	高官尊爵 违害就利
41493	细心
415	美联储
4151	列鼎而食
41511	列鼎而食
4152	善男信女
41521	善男信女
4153	综合 高官重禄 养家活口 埋头苦干
41531	高官重禄 养家活口 埋头苦干
41533	综合
4154	单位 缩放 备注 道德沦丧 劫富济贫
41541	劫富济贫
41542	单位 备注 道德沦丧 孤臣孽子
41543	缩放
4155	缘定今生 孤军深入 心得体会
41552	孤军深入 心得体会
41553	缘定今生
4156	羡慕 预测 约定俗成 恃宠而骄 养军千日
41561	羡慕 养军千日
41562	恃宠而骄
41563	预测 约定俗成
4157	旁人 美联储 就职演说 就职仪式 旁逸斜出
41571	美联储 就职演说 就职仪式
41573	旁人 旁逸斜出
4158	站得住脚 分进合击 心宽体胖
41582	分进合击 心宽体胖
41583	站得住脚
4159	细节 孤军作战
41592	孤军作战
41593	细节
416	前男友 新鲜感
4161	高瞻远瞩 恪守成宪 心安理得 逆取顺守
41611	高瞻远瞩
41612	恪守成宪 心安理得 逆取顺守
4162	单独 预定时间 坑家败业 旁征博引 残军败将
41621	坑家败业 残军败将
41622	单独
41623	预定时间 旁征博引
4163	新鲜感 亲眼所见
41633	新鲜感 亲眼所见
4164	孔思周情 逆臣贼子
41642	孔思周情 逆臣贼子
4165	高冠博带 懒得理你 主客颠倒
41651	高冠博带
41652	懒得理你
41653	主客颠倒
4166	分宵达曙 高头大马
41661	高头大马
41662	分宵达曙
4167	前男友 豪取智笼 高睨大谈
41671	豪取智笼 高睨大谈
41672	前男友
4168	送进医院 送往医院 士饱马腾
41681	士饱马腾
41682	送进医院 送往医院
4169	孤军奋战 高官显爵 墙头马上 快犊破车
41691	高官显爵 墙头马上
41692	孤军奋战 快犊破车
417	经得起
4171	预算
41713	预算
4172	坎井之蛙 怀宝迷邦
41721	坎井之蛙
41722	怀宝迷邦
4173	务实精神 养家糊口 忧思难忘
41731	养家糊口
41732	务实精神 忧思难忘
4175	着力 预料
41751	着力
41753	预料
4176	帝国 预计 关进监狱 丧家之犬 立定跳远
41761	丧家之犬 裂冠毁冕
41762	关进监狱
41763	帝国 预计 立定跳远
4177	红得发紫 逆耳之言
41772	逆耳之言
41773	红得发紫
4178	旁边 经得起 高卧东山
41781	高卧东山
41783	旁边 经得起
4179	封官许原 高头讲章 收官之战 封官许愿
41791	封官许原 高头讲章 封官许愿
41793	收官之战
418	首先要
4181	细看 冬寒抱冰
41812	冬寒抱冰
41813	细看
4182	首先要 子宫肌层 盖头换面 怀冤抱屈 朗目疏眉
41821	盖头换面
41822	首先要 子宫肌层 怀冤抱屈
41823	朗目疏眉
4183	养老院里 八字打开
41831	养老院里
41832	八字打开
4184	忙得要死 填饱肚子 怕得要死 堵得要死
41841	填饱肚子 堵得要死
41842	忙得要死 怕得要死
4185	预防 兼职工作 分守要津 退思补过
41852	兼职工作 分守要津
41853	预防 退思补过
4186	细胞 纪实摄影 堆案盈几
41861	堆案盈几
41863	细胞 纪实摄影
4187	着手
41871	着手
4189	亲密接触 道德文章
41892	道德文章
41893	亲密接触
419	养老金 土耳其
4191	缩头乌龟
41913	缩头乌龟
4192	着急
41921	着急
4193	主减速器 织物座椅 高官厚禄 前思后想
41931	高官厚禄
41932	前思后想
41933	主减速器 织物座椅
4194	预期 土耳其 尊老爱幼
41941	土耳其
41942	尊老爱幼
41943	预期
4195	养老金 兽聚鸟散 既得利益 维吾尔族 志得意满
41951	养老金 志得意满
41952	兽聚鸟散
41953	既得利益 维吾尔族 新官上任
4196	埋头顾影 死得其所 童牛角马 前目后凡
41961	埋头顾影 死得其所
41962	前目后凡
41963	童牛角马
4197	单身 逆耳利行
41972	单身 逆耳利行
4199	缩小 嘉实基金 遵守秩序 孤犊触乳 前瞻后顾
41992	嘉实基金 遵守秩序 孤犊触乳 前瞻后顾
41993	缩小
421	怪不得 恨不得
4211	恪尽职守 死不瞑目 地丑德齐 死眉瞪眼
42111	死不瞑目 地丑德齐 死眉瞪眼
42112	恪尽职守
4212	纲挈目张 子丑寅卯 义不容辞 恃强凌弱 立业安邦
42122	子丑寅卯 恃强凌弱
42123	纲挈目张 义不容辞 立业安邦
4213	情况 公司职员
42132	情况 公司职员
4214	壶浆塞道 悍不畏死 城北徐公
42141	壶浆塞道 城北徐公
42142	悍不畏死
4215	并不完全 冬烘先生
42152	并不完全 冬烘先生
4216	怪不得 恨不得 并不容易 绝顶聪明 剖蚌得珠
42161	美如冠玉 餐云卧石
42162	怪不得 恨不得 并不容易
42163	绝顶聪明 剖蚌得珠
4217	商业资讯 纳履决踵
42173	商业资讯 纳履决踵
4218	新闻联播
42183	新闻联播
4219	恨如头醋 新来乍到
42192	恨如头醋
42193	新来乍到
422	新局面
4221	惊魂未定 心如古井 半间不界
42212	惊魂未定 心如古井 半间不界
4222	美女如云 绝妙好辞
42221	美女如云
42223	绝妙好辞
4223	喜闻乐见 养痈遗患 退耕还林 豪门贵胄
42231	养痈遗患 豪门贵胄
42232	喜闻乐见
42233	退耕还林
4224	缘故 赤舌烧城 送故迎新
42241	赤舌烧城
42242	送故迎新
42243	缘故
4225	贫病交侵 高屋建瓴 残缺不全 心静如水 妾不如偷
42251	高屋建瓴 残缺不全
42252	贫病交侵 心静如水
42253	妾不如偷
4226	爸妈 场面 新局面 八面来风 绝不姑息
42261	场面
42262	爸妈 八面来风 快如闪电 前古未有
42263	新局面 绝不姑息
4227	高效运行 贫病交加 心素如简
42271	高效运行
42272	贫病交加 心素如简
4228	毫不动摇 红装素裹 颜面尽失 毫不迟疑 贫病交攻
42281	毫不动摇 毫不迟疑
42282	贫病交攻 贫病交迫
42283	红装素裹 颜面尽失
4229	心乱如麻 愧不敢当 纷乱如麻 吉凶未卜 八面张罗
42291	吉凶未卜
42292	心乱如麻 愧不敢当 八面张罗
42293	纷乱如麻
423	立交桥 主动权
4231	幻想 心弛神往 并不一定 孤云野鹤
42312	心弛神往 并不一定 孤云野鹤
42313	幻想
4232	毫不示弱 孤魂野鬼 殃及无辜
42321	毫不示弱 殃及无辜
42322	孤魂野鬼
4233	毫不相干 吉凶祸福 瓮尽杯干 公门桃李
42331	毫不相干 吉凶祸福
42332	瓮尽杯干 公门桃李
4234	统一 怀中 声中 丧尽天良 分烟析产
42341	声中 丧尽天良
42342	怀中 分烟析产 恍如梦境
42343	统一
4235	情形 怀里 冬虫夏草 分烟析生 羞面见人
42351	羞面见人 封建社会 幸不辱命
42352	情形 怀里 冬虫夏草 分烟析生 心如悬旌
4236	剖蚌求珠 亲如骨肉 分门别户 八面见光
42362	分门别户 八面见光
42363	剖蚌求珠 亲如骨肉
4237	级别 主动权 继承权 竞业禁止 登录邮箱
42371	旧病复发
42372	登录邮箱 分门别类 喜怒无常
42373	级别 主动权 继承权 竞业禁止 为蛇画足
4238	声响 立交桥 就业形势 首屈一指 公司员工
42381	声响 就业形势 盖不由己
42382	首屈一指 公司员工
42383	立交桥
4239	首尾呼应 鹬蚌相争 首尾相应
42392	首尾呼应 首尾相应
42393	鹬蚌相争
424	主动性 够不够
4241	情绪 怀着 鹑居鷇食 慈眉善目
42411	鹑居鷇食
42412	情绪 怀着 慈眉善目
4242	爸爸 爷爷 情怀 公司主业 商业公司
42421	死贵死贵
42422	爸爸 爷爷 情怀 公司主业 子承父业
42423	商业公司 端屎端尿 为鬼为蜮
4243	父亲 八条 纸条 烈焰红唇 瓮牖绳枢
42431	烈焰红唇 封胡羯末
42432	父亲 八条 瓮牖绳枢
42433	纸条
4244	八卦 孔子 善始善终 关门弟子 绕来绕去
42441	善始善终
42442	八卦 孔子 关门弟子 恬不为怪
42443	绕来绕去 丝来线去
4245	主动性 够不够 美妙绝伦 高不高兴 愤不欲生
42451	够不够 美妙绝伦 高不高兴 烈火烹油
42452	愤不欲生
42453	主动性
4246	声道 纽约 心如死灰 公买公卖 半青半黄
42461	声道
42462	心如死灰 公买公卖 半青半黄
42463	纽约
4247	义务 缘分 经帮纬国 喜不喜欢 熟门熟路
42471	熟门熟路
42472	喜不喜欢
42473	义务 缘分 经帮纬国
4248	赤红 绝顶高手 死不悔改 曾不惨然
42481	赤红 死不悔改
42482	曾不惨然
42483	绝顶高手
4249	公交站点 毫不逊色 维妙维肖 惟妙惟肖 去泰去甚
42491	毫不逊色 去泰去甚
42492	公交站点 惟妙惟肖 恬不为意 关门养虎
42493	维妙维肖
425	差不多 就不会
4251	红烧带鱼 缉毒警察 殃及池鱼
42511	殃及池鱼
42513	红烧带鱼 缉毒警察
4252	就不会 怀念 绝不会 并不会 分不清
42521	就不会
42522	怀念 并不会 分不清 忙不过来 关门落闩
42523	绝不会
4253	场合 情侣 并不多见 分不清楚 地痞流氓
42531	场合 地痞流氓
42532	情侣 并不多见 分不清楚 道尽途穷
4254	八个 公司法 逢凶化吉 收买人心 道尽涂殚
42541	声闻过情
42542	八个 公司法 逢凶化吉 道尽涂殚
42543	收买人心 旁门邪道 绕不过去 亲痛仇快 旁门外道
4255	差不多 统治 高效节水 新春佳节 贫不学俭
42551	差不多 高效节水
42552	贫不学俭 怀古伤今 惊蛇入草 八面莹澈
42553	统治 新春佳节 为蛇若何
4256	父母 关门放狗
42562	父母 关门放狗
4257	情人 坏人 残疾人 继承人 颁奖仪式
42571	坏人 残疾人 差不多了 死不旋踵
42572	情人 颁奖仪式 登录游戏
42573	继承人 竭尽全力 为蛇添足
4258	普通 就不能 绝不能 恨不能 并不能
42581	就不能 高居深拱 丧魂落魄
42582	普通 恨不能 并不能 半壁江山
42583	绝不能 即将消失 站不住脚 绝不放手 纸贵洛阳
4259	情节 毫不介意 缓不济急 差强人意 声如洪钟
42591	毫不介意 差强人意 声如洪钟 声动梁尘
42592	情节
42593	缓不济急 新婚燕尔
426	并不是 就不是
4261	恬不知耻 豪门巨室
42611	豪门巨室
42612	恬不知耻
4262	情恕理遣 毫不夸张 高门大屋 怕鬼有鬼
42621	毫不夸张 高门大屋
42622	情恕理遣 怕鬼有鬼
4263	情感 殊不知 心不在焉 前不巴村 喜不自禁
42631	殊不知 封疆大吏 养痈成患 封胡遏末
42632	情感 心不在焉 前不巴村 喜不自禁 情不自禁
4264	场景 普遍 情景 毫不犹豫 恬不知愧
42641	场景 毫不犹豫 膏火自煎 高飞远翔
42642	普遍 情景 恬不知愧 关门大吉 并不知道
42643	退居二线 旁门左道 为好成歉
4265	丧门星 竭尽所能 尊姓大名 毫不理会 差不太多
42651	丧门星 毫不理会 差不太多 高姓大名 高飞远举
42652	尊姓大名
42653	竭尽所能
4266	绿码 烈火辨日 高门大户 八面玲珑 享帚自珍
42661	烈火辨日 高门大户 享帚自珍
42662	八面玲珑 八面威风 八面驶风
42663	绿码
4267	八十 志不在此 并不是说 去留两难 高飞远走
42671	志不在此 去留两难 高飞远走
42672	八十 并不是说
4268	并不是 场所 就不是 孔明 高飞远集
42681	场所 就不是 高飞远集
42682	并不是 孔明 喜不自胜 情不自已
4269	心灵感应 高飞远遁 逆来顺受
42691	高飞远遁
42692	心灵感应 逆来顺受
427	总书记 经不起
4271	纳履踵决 乡书难寄 毫不起眼 惨不忍睹 纳屦踵决
42711	毫不起眼
42712	惨不忍睹 心如刀割 喜眉笑眼
42713	纳履踵决 乡书难寄 纳屦踵决
4272	统筹 纪群之交 惨不忍闻 半面之交
42722	惨不忍闻 半面之交
42723	统筹 纪群之交
4273	结婚证 公司监事 逢君之恶
42732	公司监事 逢君之恶
42733	结婚证
4274	主动请缨 死不足惜 并不认为 心如刀绞 半面之旧
42741	死不足惜
42742	并不认为 心如刀绞 半面之旧
42743	主动请缨
4275	坏了 商业精英 韦弦之佩 美女簪花 心如止水
42751	坏了 韦弦之佩 美女簪花
42752	心如止水 心痒难耐 八面圆通 颂古非今
42753	商业精英
4276	统计
42763	统计
4277	总建筑师 养育之恩 毫不讳言 惨不忍言
42771	养育之恩 毫不讳言
42772	总建筑师 惨不忍言
4278	总书记 经不起 膏火之费 主动出击 心痒难挠
42781	膏火之费
42782	总书记 心痒难挠
42783	经不起 主动出击
4279	惊弓之鸟
42792	惊弓之鸟
428	就不要 并不比
4281	毫不掩饰
42811	毫不掩饰
4282	就不要 违强陵弱 必不挠北 喜怒哀乐 道不拾遗
42821	就不要 违强陵弱 城门失火
42822	必不挠北 喜怒哀乐 道不拾遗 心烦技痒
4283	子弹击中 登录手机 心闲手敏 剪烛西窗
42832	子弹击中 登录手机 心闲手敏 剪烛西窗
4284	怀孕 忙不迭 终将逝去 美不胜收 颜面扫地
42841	美不胜收 死不改悔
42842	怀孕 忙不迭
42843	终将逝去 颜面扫地 退居三线
4285	高效工作 产业革命 退避三舍 收尾工作 绞尽脑汁
42851	高效工作
42852	恍如隔世 尊古卑今 忙不择价
42853	产业革命 退避三舍 收尾工作 绞尽脑汁 纯属巧合
4286	怀疑 怀抱 父皇 赫然 怀敌附远
42861	赫然
42862	怀疑 怀抱 父皇 怀敌附远 关门捉贼
42863	商业气息
4287	分居异爨 慌不择路 毫不费力 毫不费劲 亲如手足
42871	毫不费力 毫不费劲
42872	分居异爨 慌不择路
42873	亲如手足
4288	并不比 就业指导 并不需要 地动山摇 心灵手巧
42881	就业指导 地动山摇
42882	并不比 并不需要 心灵手巧
4289	情报 退如山移 前门拒虎
42892	情报 前门拒虎
42893	退如山移
429	公交车 产业链
4291	收效甚微 乡壁虚造
42913	收效甚微 乡壁虚造
4292	公交车 必不可缺 心烦意乱 八面受敌
42922	公交车 必不可缺 心烦意乱 八面受敌
4293	鼓励 场上 绿卡 纯属虚构 高不可攀
42931	场上 高不可攀
42932	鼓励
42933	绿卡 纯属虚构 红飞翠舞
4294	前不久 高效率 恰如其分 结不解缘 情不可却
42941	高效率 高不可登
42942	前不久 恰如其分 情不可却
42943	结不解缘 旁门小道
4295	并不意外 纯属意外 必承其重 总不可能
42952	并不意外 必承其重 总不可能
42953	纯属意外
4296	绿色 高素质 心如铁石
42961	高素质
42962	心如铁石
42963	绿色
4297	孤履危行 商业银行 孰不可忍 旁引曲证
42971	孰不可忍
42972	孤履危行
42973	商业银行 旁引曲证
4298	情愿 毫不利己 悔不当初 拳不离手 赤壁鏖兵
42981	毫不利己 赤壁鏖兵 烈火轰雷
42982	情愿 悔不当初 拳不离手
4299	声音 产业链 必不可少 怀璧其罪
42991	声音
42992	必不可少 怀璧其罪
42993	产业链
431	地下室 高标准
4311	收视冠军 高枕安卧 孤悬客寄 死也瞑目 高枕安寝
43111	高枕安卧 死也瞑目 高枕安寝 残民害物
43112	孤悬客寄
43113	收视冠军
4312	规律 死于安乐
43121	死于安乐
43122	规律
4313	终极目标
43133	终极目标
4314	新鲜 亲密
43143	新鲜 亲密
4315	餐松饮涧 逢机遘会 毫无察觉 兰桂齐芳
43151	餐松饮涧 毫无察觉
43152	逢机遘会 兰桂齐芳
4316	新冠 新事物 永无宁日 违天害理 残民害理
43161	违天害理 残民害理
43163	新冠 新事物 永无宁日
4317	高校教师 盖棺定论 毫无征兆
43171	高校教师 盖棺定论 毫无征兆
4318	规定 高标准 经年累月 残杯冷炙
43181	高标准 残杯冷炙
43182	规定
43183	经年累月
4319	纯净 地下室 商事制度 公示制度
43191	地下室
43192	公示制度
43193	纯净 商事制度
4321	新闻 羌无故实 心神不定 心神不安
43211	羌无故实
43212	心神不定 心神不安
43213	新闻
4322	夫妇 既不 豪迈不群 赤口毒舌
43221	豪迈不群 赤口毒舌
43222	夫妇
43223	既不
4323	毫末不札 柔枝嫩叶 心术不正 义正辞严 前事不忘
43231	毫末不札
43232	心术不正 前事不忘 心口不一 心口如一
43233	柔枝嫩叶 义正辞严
4324	新娘 柔枝嫩条 典妻鬻子 为恶不悛 惊天动地
43242	惊天动地 怙恶不悛 尊严尽丧
43243	新娘 柔枝嫩条 典妻鬻子 为恶不悛 绝口不道
4325	欲求不满 缛礼烦仪 规模效益 绿林好汉 前无古人
43251	美丽动人
43252	欲求不满 规模效益 前无古人
43253	缛礼烦仪 绿林好汉
4326	部门 地面 残疾 分别门户 竭忠尽智
43261	地面 残疾
43262	分别门户 公平交易
43263	部门 竭忠尽智
4327	缄口不言 高攀不起 美中不足 高视阔步 舟中敌国
43271	高攀不起 美中不足 高视阔步 高材疾足
43273	缄口不言 舟中敌国
4328	豪末不掇 惊叹不已 夫唱妇随 绝口不提 公正不阿
43281	豪末不掇
43282	惊叹不已 夫唱妇随 公正不阿
43283	绝口不提
4329	高悬秦镜 必里迟离 纵横交错 惨遭屠戮 吉祥如意
43291	高悬秦镜 吉祥如意
43292	必里迟离 惨遭屠戮
43293	纵横交错 盘根问底
433	红楼梦 慢吞吞
4331	熟视无睹 盖棺事定 为天下先 贫下中农 缘木求鱼
43311	熟视无睹 盖棺事定
43312	贫下中农 登木求鱼
43313	为天下先 缘木求鱼
4332	夫妻 贫嘴恶舌 心中一动 乡野村妇 心中一痛
43322	夫妻 贫嘴恶舌 心中一动 心中一痛
43323	乡野村妇
4333	红楼梦 盘木朽株 餐松啖柏 敲骨吸髓 土木形骸
43331	餐松啖柏 敲骨吸髓 土木形骸
43333	红楼梦 盘木朽株
4334	公平正义 分一杯羹 高枕无忧 单口相声 壶中天地
43341	高枕无忧 壶中天地
43342	公平正义 分一杯羹 单口相声 夫妻一场
43343	经史百子
4335	规模 新型 地里 死亡事件 劫机事件
43351	地里 死亡事件 劫机事件 塔里木河 死里求生
43352	规模 欲哭无泪 冬裘夏葛
43353	新型 端本正源 纷繁复杂 细枝末节 旁枝末节
4336	慢吞吞 心想事成 韬形灭影 赤县神州 公平正直
43361	韬形灭影 赤县神州 地平天成
43362	慢吞吞 心想事成 公平正直 惨无天日 孤形吊影
4337	心中无数 退一万步 丧权辱国 必遭天谴
43371	丧权辱国
43372	心中无数 必遭天谴
43373	退一万步
4338	欲望 童年
43382	欲望
43383	童年
4339	地下 地板 喜形于色 喜见于色 公正无私
43391	地下 地板
43392	喜形于色 喜见于色 公正无私 公平无私 规求无度
43393	义形于色 盘根究底
434	结构性 地平线
4341	忙着 八百孤寒 列祖列宗 绿林豪客 父严子孝
43411	列祖列宗
43412	忙着 八百孤寒 父严子孝
43413	绿林豪客
4342	总统 亲情 慌里慌张 新年快乐 首开纪录
43422	总统 慌里慌张 首开纪录 分别部居
43423	亲情 新年快乐 航空公司 缄口结舌
4343	组织 亲亲 条款 地平线 殖民地
43431	地平线 殖民地
43432	条款 祭祀典礼 怪模怪样 半吞半吐
43433	组织 亲亲 细嚼慢咽
4344	总结 喜悦 绳子 新增 殖民主义
43441	殖民主义 高下立判 高干子弟
43442	总结 喜悦 心无旁骛 心神恍惚
43443	绳子 新增 经天纬地
4345	结构性 逆天违众 为民父母 公开场合 羞与为伍
43451	羞与为伍 违天悖人
43452	逆天违众 公开场合 忙里忙外 愧天怍人
43453	结构性 为民父母
4346	地道 违天悖理 悄无声息 良辰美景 良辰吉日
43461	地道 违天悖理 善恶分明 违天逆理
43462	悄无声息 逆天违理
43463	良辰美景 良辰吉日
4347	部分 地址 纪检组长 关于终止 逢机立断
43471	地址 毫无预兆 高开高走
43472	关于终止 逢机立断 公事公办 兼权熟计 公听并观
43473	部分 纪检组长 删繁就简 为裘为箕
4348	经史子集 鼓舞士气 毫无关系 纬武经文
43481	毫无关系
43482	鼓舞士气
43483	经史子集 纬武经文
4349	坎坷 地产 公平竞争 半梦半醒 毫无逊色
43491	坎坷 地产 毫无逊色
43492	公平竞争 半梦半醒 贫无立锥
435	新一代 高中生
4351	条件 孤悬浮寄 毫无节制 绚丽多姿 综核名实
43511	毫无节制 高枕而卧
43512	条件 孤悬浮寄 釜中游鱼 釜中生鱼
43513	绚丽多姿 综核名实
4352	总会 弟兄们 单见浅闻 坏事做尽 美味佳肴
43521	坏事做尽 美味佳肴 毫无保留 善与人交 死无全尸
43522	总会 弟兄们 单见浅闻 忙里偷闲 贫嘴薄舌
4353	地方 总体 组合 地中海 高中低档
43531	地方 地中海 高中低档 高中住校
43532	总体 夫复何求 夹枪带棒 夹枪带棍
43533	组合 绵里薄材
4354	地位 部位 条例 纯洁 总政治部
43541	地位 高中低端 高下任心 封妻荫子 埋天怨地
43542	条例 总政治部 惨无人道 鼓舞人心
43543	部位 纯洁 航空母舰 旁求俊彦
4355	规范 心事重重 细嗅蔷薇 逢年过节 纵横江湖
43552	规范 心事重重 逢年过节 喜极而泣 心无杂念
43553	细嗅蔷薇 纵横江湖
4356	残年暮景 兹事体大 处事作风 绝无仅有 柔中带刚
43561	残年暮景
43562	兹事体大 处事作风 公平合理 惨无人理
43563	绝无仅有 柔中带刚
4357	夫人 新生 新人 亲人 新一代
43571	高中生 城里人 高开低走 埋下伏笔 残年余力
43572	夫人 道听途说 公忠体国
43573	新生 新人 亲人 新一代 乡下人
4358	总能 地下修文 分形共气 毫无作用
43581	地下修文 毫无作用
43582	总能 分形共气
4359	埋怨 绵里藏针
43591	埋怨
43593	绵里藏针
436	幸福感 商品房
4361	线索 逆天暴物 旁求博考 豪干暴取 咎由自取
43611	豪干暴取
43612	逆天暴物 咎由自取
43613	线索 旁求博考
4362	地区 组成 忙碌 恢复时间 织楚成门
43621	地区 膏唇贩舌 养虺成蛇
43622	忙碌 恢复时间 心里有鬼 心中有鬼 贫嘴贱舌
43623	组成 织楚成门 立木南门
4363	地球 幸福感 高下在口 毫无理由 心中所想
43631	地球 幸福感 高下在口 毫无理由
43632	心中所想
4364	亲自 埋在 总在 高枕勿忧 就正有道
43641	埋在 高枕勿忧 就正有道 壶里乾坤 高下在心
43642	总在 普天匝地
43643	亲自 绝无二心
4365	商品房 吉林大学 绿树成荫
43651	吉林大学
43653	商品房 绿树成荫
4366	规矩 美梦成真 逆天犯顺 兼听则明 纵横驰骋
43661	美梦成真 去也匆匆 毫无所知
43662	规矩 逆天犯顺 兼听则明 单枪匹马 恨相知晚
43663	纵横驰骋
4367	规则 地狱 总裁 心里有些 心里有数
43671	地狱 高见远识
43672	规则 总裁 心里有些 心里有数 心中有数
43673	红叶题诗 绕一大圈
4368	总是 总有 既是 高下在手 壶天日月
43681	高下在手 壶天日月 壶中日月
43682	总是 总有 首开风气 忙中有失 分形同气
43683	既是 绿叶成阴
4369	亲戚 心里有底 韬神晦迹 高楼大厦 慈禧太后
43691	韬神晦迹 高楼大厦 去年同期 毫无二致
43692	心里有底 慈禧太后 普天同庆 忙中有错
43693	亲戚
437	新中国 退一步
4371	总算 盖棺论定 孤枕难眠
43711	盖棺论定
43712	总算 孤枕难眠
4372	童话 心里话 永无止尽 义正言辞 殆无孑遗
43721	殆无孑遗 膏唇试舌 膏肓之疾
43722	心里话
43723	童话 永无止尽 义正言辞
4373	喜欢 就事论事 瓮天之见 普天之下 瓮中之鳖
43731	就事论事 去末归本
43732	喜欢 瓮天之见 普天之下 瓮中之鳖
4374	总之 地图 残忍 永无止境 替天行道
43741	地图 残忍 声嘶力竭 死一边去 姜桂之性
43742	总之 替天行道 惟口起羞
43743	永无止境 红杏出墙 终天之恨
4375	死里逃生 死于非命 毫无办法 为民请命
43751	死里逃生 死于非命 毫无办法
43753	为民请命
4376	新中国 城下之盟 豪横跋扈
43761	城下之盟 豪横跋扈
43763	新中国
4377	规划 地步 条路 亲切 退一步
43771	地步 死无对证 吉祥止止
43772	规划 条路 必由之路 夫妻双双
43773	亲切 退一步 结构简式
4378	款式
43781	款式
4379	纯粹
43793	纯粹
438	孙中山
4381	款项 为民除害
43811	款项
43813	为民除害
4382	总要 膏唇岐舌 膏唇拭舌 毫无疑问 夫妻肺片
43821	膏唇岐舌 膏唇拭舌 毫无疑问 填空补缺
43822	总要 夫妻肺片 剪恶除奸 情见乎辞 情见势屈
43823	纵横捭阖
4383	地震 瓮中捉鳖 情窦初开 残民以逞
43831	地震 残民以逞
43832	瓮中捉鳖 情窦初开
4384	前一阵子 毫无疑义 收复失地
43841	毫无疑义
43842	前一阵子
43843	收复失地
4385	部队 拳中掿沙 逆天改命
43852	拳中掿沙 逆天改命
43853	部队
4386	新的 既然 愕然 士别三日 心无挂碍
43861	士别三日
43862	愕然 心无挂碍
43863	新的 既然
4387	新手 亲手 孙中山 逢恶导非 高材捷足
43871	高材捷足
43872	孙中山 逢恶导非
43873	新手 亲手
4388	亲近 剖析肝胆 前一阶段 为虺弗摧
43882	前一阶段
43883	亲近 剖析肝胆 为虺弗摧
4389	新月 死乞白赖 心平气和 土木工程 死求白赖
43891	死乞白赖 土木工程 死求白赖
43892	心平气和
43893	新月
439	差一点 新一轮
4391	亲爱 残酷 部署 喜爱 夫妻反目
43911	残酷
43912	喜爱 夫妻反目
43913	亲爱 部署
4392	竞争
43923	竞争
4393	地上 地点 线上 差一点 快一点
43931	地上 地点 差一点 美味可口
43932	快一点
43933	线上 收视反听
4394	统一战线 毫无意义 退无可退 普天率土 高天厚地
43941	毫无意义 高天厚地
43942	普天率土
43943	统一战线 退无可退
4395	新一轮 公正廉洁 八万四千 盘根错节 纵横四海
43952	公正廉洁 八万四千
43953	新一轮 盘根错节 纵横四海
4396	高品质 约一小时 公正廉明 殆无虚日
43961	高品质 殆无虚日
43962	公正廉明
43963	约一小时
4397	忧患意识 瓮里醯鸡
43972	忧患意识 瓮里醯鸡
4398	地铁 毫无顾忌 公器私用 前呼后拥 分形连气
43981	地铁 毫无顾忌 高下其手
43982	公器私用 前呼后拥 分形连气
4399	义无反顾 差一点点 贫无置锥
43991	差一点点
43992	贫无置锥
43993	义无反顾
4411	结实 结结实实 残羹冷饭 瓶罄罍耻
44111	残羹冷饭
44112	瓶罄罍耻
44113	结实 结结实实
4412	义务教育
44123	义务教育
4413	结果 高考 高级职员 孤立寡与 就地取材
44131	高考 高级职员 就地取材
44132	孤立寡与
44133	结果
4414	善待 死死盯着
44141	善待 死死盯着
4415	养老 商务宴会 遵规守信 遵纪守法 高情逸兴
44151	养老 高情逸兴
44152	遵规守信 遵纪守法
44153	商务宴会
4416	丫头 拳头 高情逸态 良性循环
44161	高情逸态
44162	丫头 拳头
44163	良性循环
4417	收取 公规密谏 柔懦寡断 童颜鹤发
44172	公规密谏
44173	收取 柔懦寡断 童颜鹤发
4418	残羹冷炙 处处掣肘
44181	残羹冷炙
44182	处处掣肘
4419	高级职称 处子赛季 柔情密意 柔情蜜意 豪情逸致
44191	高级职称 豪情逸致
44192	处子赛季
44193	柔情密意 柔情蜜意 主情造意
442	分公司 慢慢来
4421	惴惴不安 忸怩不安 分毫不取
44212	惴惴不安 忸怩不安 分毫不取
4422	结婚 结局 高效 高层 站着不动
44221	高效 高层 坛坛罐罐 赫赫炎炎
44222	怏怏不乐 快快乐乐 爸爸妈妈 瓶瓶罐罐 弟弟妹妹
44223	结婚 结局 站着不动 红红火火 纹丝不动
4423	增强 墙壁 封印 分公司 子公司
44231	增强 墙壁 封印 城乡居民 坎坷不平
44232	分公司 子公司 总公司 逢吉丁辰 愤愤不平
44233	新增装机 立地书橱 柔心弱骨 纷纷不一
4424	良好 子弹 幸好 慢慢来 半懂不懂
44241	幸好 豪情壮志
44242	子弹 慢慢来 半懂不懂 恇怯不前 分毫不差
44243	良好 经纪业务 络绎不绝 绵绵不绝 丝毫不差
4425	高级将领 商务运营 孜孜不倦 分毫不值 孳孳不倦
44251	高级将领 塔吉克族 赤贫如洗
44252	孜孜不倦 分毫不值 孳孳不倦 半死不活
44253	商务运营 纠缠不清 童心未泯 缠夹不清
4426	子女 高贵 敲门 封闭 殊为不易
44261	高贵 敲门 封闭 殊为不易 丧心病狂
44262	子女 夹着尾巴 分毫不爽
44263	柔情媚态
4427	逆道乱常 悔恨交加 绵绵不断 惊喜不断
44272	逆道乱常 悔恨交加 惊喜不断
44273	绵绵不断
4428	幸运 养育 惊喜不已 死性不改 心怀鬼胎
44281	幸运 养育 死性不改
44282	惊喜不已 心怀鬼胎 惊心动魄 懊恼不已 怀着鬼胎
4429	惬心贵当 欲盖弥彰 关塔那摩 立地书厨 处惊不变
44292	惬心贵当 欲盖弥彰 关塔那摩 处惊不变 心慈面软
44293	立地书厨
443	公务员 孙悟空
4431	赤心相待
44311	赤心相待
4432	商务社交 心心相印 单忧极瘁 纳新吐故 慢性咽炎
44321	旧情复燃
44322	心心相印 单忧极瘁 慢性咽炎 道高一尺 关心民瘼
44323	商务社交 纳新吐故
4433	幸福 道高一丈 条条框框 登高一呼 慢慢吞吞
44331	幸福 豪情万丈 就怕万一 善善恶恶
44332	道高一丈 条条框框 登高一呼 慢慢吞吞 孤立无助
44333	经纬天下 永永无穷
4434	高中 惺惺相惜 分丝析缕 乡规民约 愧悔无地
44341	高中
44342	惺惺相惜 分丝析缕 愧悔无地
44343	乡规民约 经纬万端
4435	终究 典型 垃圾桶 商务礼仪 违条舞法
44351	垃圾桶 违条舞法 就地正法 地缘政治
44352	悃愊无华 子孙万代 惊为天人 性情中人 惨绿年华
44353	终究 典型 商务礼仪 红颜祸水 绝地求生
4436	终于 结构 善于 惊天 高于
44361	善于 高于 高级助理
44362	惊天 公务员 快递员 分毫无爽 登高望远
44363	终于 结构 经典再现
4437	纠正 惊叹 孩子哭了 主义政党 并为一谈
44372	惊叹 孩子哭了 并为一谈
44373	纠正 主义政党
4438	惊呼 高空 孙悟空 剖心析胆 必死无疑
44381	高空 地坼天崩
44382	惊呼 孙悟空 必死无疑 怡声下气 孤立无援
44383	剖心析胆 柔声下气 剖心析肝
4439	分毫析厘 恰恰相反
44392	分毫析厘 恰恰相反
444	慢慢地 悄悄地
4441	收缩 组织纪律 组织编制 父慈子孝 怜贫惜老
44412	父慈子孝 怜贫惜老 怜贫恤老
44413	收缩 组织纪律 组织编制
4442	垃圾 高级 列土封疆
44421	垃圾 高级 列土封疆
4443	慢慢地 惊喜 悄悄地 惊愕 缓缓地
44431	善颂善祷 毫分缕析
44432	慢慢地 惊喜 悄悄地 惊愕 慢条丝礼
44433	缓缓地
4444	善良 培养 纷纷 纠纷 纠结
44441	善良 培养 高高 地地道道 死心塌地
44442	惺惺惜惺 首首经典 子子孙孙 喜结良缘 悱恻缠绵
44443	纷纷 纠纷 纠结 终结 丝丝
4445	惊慌 绝处逢生 膏场绣浍 兼收并蓄 养尊处优
44451	膏场绣浍 养尊处优 声情并茂 旧恨新仇 裂土分茅
44452	惊慌 兼收并蓄
44453	绝处逢生
4446	憧憬 高级经理 绘声绘影 柔情绰态 惊喜欲狂
44461	高级经理
44462	憧憬 惊喜欲狂
44463	绘声绘影 柔情绰态
4447	商务总监 组织部长 残编裂简 细声细语 快去快回
44471	残编裂简
44472	快去快回
44473	商务总监 组织部长 细声细语 柔声细语 红墙绿瓦
4448	丝毫 垃圾收集 剖心坼肝 细声细气 瓮声瓮气
44481	垃圾收集
44482	瓮声瓮气 父为子隐 怪声怪气 怯声怯气 惊心悼胆
44483	丝毫 剖心坼肝 细声细气
4449	纠缠 良心 子孙 绘声绘色 义愤填膺
44492	子孙 忙前忙后 慈航普度 快心遂意
44493	纠缠 良心 绘声绘色 义愤填膺 郎情妾意
445	孩子们 经纪人
4451	给予警告 怜贫敬老 惨绝人寰 绰约多姿 道高益安
44512	怜贫敬老 惨绝人寰 道高益安
44513	给予警告 绰约多姿
4452	孩子们 收益 高低 乡亲们 增收节支
44521	高低 增收节支 死去活来 高义薄云
44522	孩子们 卷土重来 情绪激动 逢场作乐
44523	收益 乡亲们
4453	结合 替他 剪纸艺术 组织活检 惮赫千里
44531	赧颜汗下 赤地千里 烈士暮年
44532	替他 剪纸艺术 惮赫千里 道旁苦李
44533	结合 组织活检 柔情侠骨
4454	高兴 填坑满谷 惙怛伤悴 慷慨激烈 忧喜参半
44541	高兴 填坑满谷 款款深情 豪情满怀
44542	惙怛伤悴 慷慨激烈 忧喜参半 慷慨仗义 兰心蕙性
4455	收敛 增多 款款深深 旧地重游 志士仁人
44551	增多 款款深深 旧地重游 志士仁人 高高兴兴
44552	情绪低落 慢慢悠悠 心心念念 普普通通 曾经沧海
44553	收敛 柔情似水 红颜薄命 纳垢藏污 纷纷洋洋
4456	收获 收藏 惺惺作态 公道合理 惊喜若狂
44562	惺惺作态 公道合理 惊喜若狂 忸怩作态 慷慨激昂
44563	收获 收藏
4457	惊人 高人 替代 经纪人 总经济师
44571	高人 善善从长 款款而谈
44572	惊人 替代 总经济师 公祭仪式 逢场作戏
44573	经纪人 组织警力 商务英语 纪纲人论 新新人类
4458	收入 收货 主场优势 剖心泣血 旁敲侧击
44582	慷慨激扬
44583	收入 收货 主场优势 剖心泣血 旁敲侧击
4459	快心满意 条分节解 兰心蕙质 郎心似铁
44592	快心满意 条分节解 兰心蕙质
44593	郎心似铁
446	总经理 新纪元
4461	孔情周思 红颜易老 逆子贼臣
44612	孔情周思 逆子贼臣
44613	红颜易老
4462	养成 高翔远引 孤舟独桨 关心则乱 处处碰壁
44621	养成 高翔远引
44622	孤舟独桨 关心则乱 处处碰壁 恼羞成怒
44623	为善最乐
4463	高大 总经理 高级专员 逊志时敏 继绝存亡
44631	高大 高级专员
44632	总经理 逊志时敏
44633	继绝存亡
4464	怀恨在心 永结同心 亭亭玉立 夫子自道 公子王孙
44641	亭亭玉立
44642	怀恨在心 夫子自道 公子王孙
44643	永结同心 朗朗乾坤 纷红骇绿
4465	恢恢有余 绰绰有余 慷慨大方 赫赫有名 立地成佛
44651	赫赫有名 违条犯法
44652	恢恢有余 慷慨大方 心怀叵测
44653	绰绰有余 立地成佛
4466	细细碎碎 句句在理 结结巴巴 忙忙碌碌 鼓鼓囊囊
44661	句句在理
44662	忙忙碌碌 鼓鼓囊囊 遵养时晦
44663	细细碎碎 结结巴巴
4467	新纪元 心惊肉跳 兽性大发 为情所困
44672	心惊肉跳 兽性大发
44673	新纪元 为情所困
4468	享有 登高自卑 豪商巨贾
44681	享有 豪商巨贾
44682	登高自卑
4469	惊奇 高分辨率 旁收博采 韬声匿迹 高高在上
44691	高分辨率 韬声匿迹 高高在上 埋声晦迹 高情远致
44692	惊奇 八纮同轨 分情破爱
44693	旁收博采
4471	结算 亲子鉴定 殊为难得
44711	殊为难得
44713	结算 亲子鉴定
4472	增长 终归 城乡之间 夹道欢迎 缟纻之交
44721	增长 城乡之间 残圭断璧 残垣断壁 善为说辞
44722	夹道欢迎 心去难留 道义之交 心织笔耕
44723	终归 缟纻之交
4473	增加 收回 丫鬟 主义精神 新增长极
44731	增加
44732	丫鬟 逢场竿木 拳拳之枕
44733	收回 主义精神 新增长极 结绳记事
4474	终止 慈悲 新约圣经 永恒之城 必经之地
44741	赤子之心
44742	慈悲 必经之地 怀土之情 孔孟之道 慷慨赴义
44743	终止 新约圣经 永恒之城 缧绁之忧
4475	惊讶 结论 经典之作 逆坂走丸 新亭对泣
44751	亨嘉之会
44752	惊讶 逆坂走丸 处高临深
44753	结论 经典之作 新亭对泣
4476	培训 首善之区 鼓盆之戚 赫赫之光
44761	培训 赫赫之光
44762	首善之区 鼓盆之戚
4477	高尚 高级讲师 地主之谊 必经之路 丝绸之路
44771	高尚 高级讲师 地主之谊 残编断简 违心之论
44772	必经之路 半部论语
44773	丝绸之路 纷纷籍籍
4478	收起 绮纨之岁 赫赫之功 心悦诚服
44781	赫赫之功
44782	心悦诚服
44783	收起 绮纨之岁
4479	慷慨悲歌 惝恍迷离 羞愧难当 志美行厉
44791	羞愧难当 志美行厉
44792	慷慨悲歌 惝恍迷离
448	红细胞 前列腺
4481	孩子气
44812	孩子气
4482	纡尊降贵 登坛拜将
44822	登坛拜将
44823	纡尊降贵
4483	收集 高新技术 商务手机 孩子近视 孜孜以求
44831	高新技术
44832	孩子近视 孜孜以求 分贫振穷 孜孜追求
44833	收集 商务手机
4484	丧失 高峰 韦编三绝
44841	丧失 高峰 韦编三绝
4485	收拾 死死抓住 殊死搏斗 冬练三九 孙子兵法
44851	死死抓住 殊死搏斗
44852	冬练三九 孙子兵法 心高气傲 慷慨捐生
44853	收拾
4486	惊恐 收费 红细胞 快递费 商务用户
44861	坑绷拐骗
44862	惊恐 快递费 慎终追远
44863	收费 红细胞 商务用户 乡土气息
4487	熟悉 高手 高山 高级技师 就熟悉了
44871	熟悉 高手 高山 高级技师 就熟悉了
44872	慷慨陈词 悼心失图 慷慨以赴
44873	纳士招贤 红绳系足
4488	前列腺 必经阶段 组织指导 纷纷拥拥 分心挂腹
44881	残冬腊月 敲敲打打 赫赫扬扬 赫赫巍巍
44882	前列腺 必经阶段 分心挂腹 惊慌失措 惊惶失措
44883	组织指导 纷纷拥拥 纷纷扬扬 收为己用 亲亲热热
4489	缝隙 心惊胆战 分道扬镳 羚羊挂角 兰亭集序
44891	羚羊挂角
44892	心惊胆战 分道扬镳 兰亭集序 心慈手软 拳拳服膺
44893	缝隙
449	违约金 公子哥
4491	享受 残羹剩饭 孺子可教
44911	享受 残羹剩饭
44912	孺子可教
4492	眷恋 恼羞变怒 心慌意乱 喜新厌故 慷慨输将
44922	眷恋 恼羞变怒 心慌意乱 喜新厌故 慷慨输将
44923	纲纪废弛
4493	墙上 终点 惊声尖叫 慢条斯礼 慢条厮礼
44931	墙上
44932	惊声尖叫 慢条斯礼 慢条厮礼 惨绿少年
44933	终点 朗朗上口
4494	善意 总经销商 喜新厌旧 怜新厌旧 殊为可惜
44941	善意 殊为可惜 土豪劣绅
44942	总经销商 喜新厌旧 怜新厌旧 惨绿愁红
4495	高度 违约金 子孙后代 违乡负俗 羝羊触藩
44951	高度 违约金 违乡负俗 羝羊触藩 塔塔尔族
44952	子孙后代 恰逢其会
4496	惊醒 慢条斯理 慷慨解囊
44962	惊醒 慢条斯理 慷慨解囊
4497	结束 收到 终身 地级市 就结束了
44971	地级市 就结束了 高情厚谊
44972	公子哥儿
44973	结束 收到 终身
4498	高速 绝地反击 缠绵床褥
44981	高速
44983	绝地反击 缠绵床褥
4499	公子哥 遵义市委 主义色彩 处心积虑 前前后后
44991	烈烈轰轰 残膏剩馥
44992	公子哥 遵义市委 处心积虑 前前后后
44993	主义色彩 绵绵瓜瓞
451	普信男 总觉得
4511	公寓 殡仪馆 孤鸿寡鹄
45111	殡仪馆
45112	公寓 孤鸿寡鹄
4512	公安 立案 新兴职业 纲举目张 忆苦思甜
45121	款学寡闻
45122	公安 忆苦思甜
45123	立案 新兴职业 纲举目张
4513	公告 综合征
45132	公告
45133	综合征
4514	却很 分外眼红 高人逸士 恬淡寡欲
45141	却很 高人逸士
45142	分外眼红 恬淡寡欲
4515	新世界 商誉减值 死水微澜 公共资源 公共安全
45151	死水微澜 旧仇宿怨 善游者溺
45152	公共资源 公共安全
45153	新世界 商誉减值
4516	懂得 总觉得 经营者 统治者 分泌物
45162	懂得 总觉得 分泌物 忧深思远
45163	经营者 统治者 端人家碗 经济实惠 经济制裁
4517	普信男 养生资讯 柔茹寡断
45171	养生资讯
45172	普信男
45173	柔茹寡断
4518	经营宗旨 着人先鞭 餐葩饮露
45181	着人先鞭 餐葩饮露
45183	经营宗旨
4519	立命安身
45193	立命安身
452	普信女 维生素
4521	并未 去买 良莠不齐 为仁不富 道而不径
45211	去买
45212	并未 道而不径
45213	良莠不齐 为仁不富
4522	并不 却不 永不 慌乱 郑人买履
45221	却不
45222	并不 慌乱 郑人买履 分外妖娆 孤傲不群
45223	永不 纸落云烟
4523	公司 给她 给个甜枣 经济支柱 高低不平
45231	高低不平 堤溃蚁穴
45232	公司 喜溢眉梢
45233	给她 给个甜枣 经济支柱 义薄云天 永垂不朽
4524	恰好 维生素 半生不熟 违法乱纪 堤溃蚁孔
45241	违法乱纪 堤溃蚁孔
45242	恰好 半生不熟 性命交关 贫而乐道
45243	维生素
4525	经济效益 愤世嫉俗 收入不菲 心花怒放 绿草如茵
45251	美人迟暮 死活不信 死而不僵
45252	愤世嫉俗 心花怒放 判若云泥 曾参杀人 半信不信
45253	经济效益 收入不菲 绿草如茵
4526	普信女 单方面 竞价交易 柔而不犯 高低贵贱
45261	高低贵贱 美人如玉 坦荡如砥
45262	普信女 单方面 惊鸿艳影
45263	竞价交易 柔而不犯 柔能克刚
4527	总体来说 即便如此 绿蓑青笠 备位充数
45272	总体来说 备位充数
45273	即便如此 绿蓑青笠
4528	却还 绿水青山 八方支援 去他妈的 八方支持
45281	却还 去他妈的 去他娘的
45282	八方支援 八方支持 备而不用
45283	绿水青山
4529	前途未卜 豪放不羁 高而不危 心活面软
45291	豪放不羁 高而不危
45292	前途未卜 心活面软
453	高水平 新华社
4531	并且 新生事物 冬温夏凊 绣花枕头 心外无物
45311	死过一次
45312	并且 冬温夏凊 心外无物
45313	新生事物 绣花枕头
4532	公共事业 夫荣妻贵 亭台楼阁 就汤下面
45321	亭台楼阁 就汤下面
45322	公共事业 夫荣妻贵
4533	懂事 去吃 兼济天下 吉人天相 关注一下
45331	去吃 吉人天相
45332	懂事 兼济天下 关注一下 公共机构 恨入骨髓
45333	柔若无骨 永世无穷
4534	公平 惨叫 却只 高水平 新华社
45341	却只 高水平 死而无憾 死而无悔
45342	公平 惨叫 公共事务 恬淡无为 恬淡无欲
45343	新华社 立法机关
4535	公开 公里 去见 经济事件 竭泽焚薮
45351	去见 旧念复萌 死而复生 孰能无过
45352	公开 公里 条入叶贯 条修叶贯 心领神会
45353	经济事件 竭泽焚薮 旁若无人 缘浅福薄
4536	公民 去吧 立于 立夏 为人正直
45361	去吧
45362	公民 前途无量
45363	立于 立夏 为人正直 亲生骨肉
4537	性格 公正 经营权 心生一计 盖世无双
45371	盖世无双 高人一筹 羹藜唅糗 高人一等
45372	性格 公正 心生一计 快人一步 贫而无谄
45373	经营权 纰漏百出
4538	并无 去年 却无 经济形势 孤注一掷
45381	去年 却无
45382	并无 孤注一掷 喜从天降
45383	经济形势 经营形势 绝世武功 航海梯山
4539	却也 膏粱年少 兰熏桂馥 地方政府 八方呼应
45391	却也 膏粱年少 地方政府
45392	兰熏桂馥 八方呼应 公而忘私 兰薰桂馥
45393	盘游无度
454	主人公 父母亲
4541	纤细 公修公德 怕苦怕累
45412	公修公德 怕苦怕累
45413	纤细
4542	立场 怜悯 父债子还
45422	怜悯 父债子还
45423	立场
4543	永恒 父母亲 分花约柳 违法必究 坏人心术
45431	违法必究 坏人心术 熟人熟事
45432	父母亲 分花约柳 喜逐颜开 快人快事
45433	永恒
4544	公子 孩子 瓶子 愉悦 收件地址
45441	养生送死 膏梁子弟 膏粱子弟
45442	公子 孩子 瓶子 愉悦 条贯部分
45443	收件地址 经济纠纷 新仇旧恨
4545	公公 恰恰 主人公 综合性 情深缘浅
45451	违世绝俗 土洋结合 去没去过
45452	公公 恰恰 情深缘浅 惨淡经营 情深义重
45453	主人公 综合性 永生永世 为人处世 为人父母
4546	公主 愉快 郑重声明 公共场所 公众场所
45462	公主 愉快 郑重声明 公共场所 公众场所
45463	为人熟知 退而结网
4547	土生土长 快人快语 羡慕死了 悖入悖出
45471	土生土长 羡慕死了
45472	快人快语 悖入悖出
4548	给予 纤维 新世纪 残余部队 绝世高手
45481	残余部队 膏粱纨袴 膏梁纨袴
45482	半信半疑 公共关系
45483	给予 纤维 新世纪 绝世高手
4549	立即 并处 孰优孰劣 高薪养廉 心生惧意
45491	孰优孰劣 高薪养廉 差若毫厘
45492	并处 心生惧意
45493	立即 纳什维尔
455	普通人 经济学
4551	经济学 经济体制 享誉世界 经济学家 公众人物
45511	享誉世界
45512	公众人物 替人消灾 夹袋人物
45513	经济学 经济体制 经济学家
4552	公会 去做 去世 性生活 高耸入云
45521	去做 去世 高耸入云 封豨修蛇
45522	公会 性生活 判若水火 喜从何来
45523	永垂千古 为人作嫁
4553	给他 性命 经济体 声泪俱下 良药苦口
45531	声泪俱下
45532	性命
45533	给他 经济体 良药苦口
4554	公共 立法 懒洋洋 慢悠悠 经人介绍
45541	高人雅士
45542	公共 懒洋洋 慢悠悠 半个世纪 性命攸关
45543	立法 经人介绍
4555	公众 经济停滞 违世乖俗 高举深藏 普渡众生
45551	违世乖俗 高举深藏 高深莫测 残渣余孽 高垒深沟
45552	公众 普渡众生 孤苦仃俜 情深似海 孤苦伶仃
45553	经济停滞 绝代佳人 竭泽而渔
4556	盖世英雄 高节清风
45561	盖世英雄 高节清风
4557	立刻 并没 却没 普通人 收件人
45571	却没 羹藜含糗 声名鹊起 声誉鹊起
45572	并没 普通人 逆施倒行 恒河沙数 总体而言
45573	立刻 收件人 收货人 结伴而行
4558	去过 性能 规范化 即使使用 八九个月
45581	去过 熟能生巧
45582	性能 规范化 八九个月 半个多月
45583	即使使用
4559	给你 给您 懂你 情人节 半途而废
45592	懂你 情人节 半途而废 逆流而上 公共汽车
45593	给你 给您
456	纪念日
4561	为渊驱鱼
45613	为渊驱鱼
4562	新兴专业 高名大姓 收放自如 高牙大纛
45621	高名大姓 高牙大纛
45623	新兴专业 收放自如
4563	绝佳时机 关注时事 关注时政 声名大噪 为法自弊
45631	声名大噪 善莫大焉 残花败柳
45632	关注时事 关注时政 兰艾同焚 前人栽树 惟命是听
45633	绝佳时机 为法自弊 收入囊中 柔茹刚吐
4564	却在 即使知道 养生有道 旁蒐远绍 悔过自新
45641	却在 养生有道
45642	悔过自新 分茅赐土
45643	即使知道 旁蒐远绍 绝世独立
4565	纪念大会 主治医生 惊世骇俗 高世骇俗 惊涛骇浪
45651	高世骇俗 声名狼藉 去芜存菁 盖世太保 声价十倍
45652	惊世骇俗 惊涛骇浪 惟命是从 判若两人
45653	纪念大会 主治医生 绝代风华 立人达人
4566	立马 去伪存真 高傲自大
45661	去伪存真 高傲自大
45663	立马
4567	永远 公布 公元 纪念日 主治医师
45671	高举远蹈 去住两难 殊途同归
45672	公布 公元 孤芳自赏 兼而有之
45673	永远 纪念日 主治医师
4568	却是 却有 经济大势 声名远扬 八九十岁
45681	却是 却有 声名远扬 声名远播 声名大振
45682	八九十岁 八方风雨 心劳日拙 道法自然
45683	经济大势
4569	经济大省 违法犯罪 为丛驱雀 为丛驱爵
45691	违法犯罪
45693	经济大省 为丛驱雀 为丛驱爵
457	普通话 公信力
4571	必修课 缉拿归案 兰芷之室 剪水双瞳 慢藏诲盗
45712	必修课 兰芷之室 剪水双瞳 慢藏诲盗
45713	缉拿归案
4572	普通话 父母之邦 封豕长蛇 为人师表 总体说来
45721	封豕长蛇
45722	普通话 父母之邦 总体说来
45723	为人师表 纤芥之疾
4573	并非 公证 孩儿 新生儿 纤介之祸
45732	并非 公证 孩儿 分寸之末
45733	新生儿 纤介之祸
4574	懵圈 经营之道 养生之道 兰艾难分 逆水行舟
45741	养生之道
45742	懵圈 兰艾难分 逆水行舟 性命之忧 心余力绌
45743	经营之道
4575	去了 给了 够了 懂了 公信力
45751	去了 够了 高台跳水 高低起伏
45752	懂了 公信力 惊世之作 惊人之举 父母恩勤
45753	给了 细水长流 绿水长流 即兴之作 纠合之众
4576	公园 绝代双骄 美芹之献 新生力量 结草衔环
45761	美芹之献 盖世之才
45762	公园 八斗之才
45763	绝代双骄 新生力量 结草衔环
4577	公路 孳蔓难图 道傍之筑 综合国力 总而言之
45771	羞人答答 粲花之论
45772	公路 孳蔓难图 道傍之筑 总而言之
45773	综合国力 绵薄之力
4578	公诉 纤介之失 分劳赴功 为人说项 逢人说项
45782	公诉 分劳赴功 逢人说项 瓶沉簪折
45783	纤介之失 为人说项
4579	却又 公益讲座 分化瓦解 绕梁之音 纵酒欢歌
45791	却又
45792	公益讲座 分化瓦解
45793	绕梁之音 纵酒欢歌
458	为什么 半个月
4581	去看 首节比赛
45811	去看
45812	首节比赛
4582	惨白 孤苦零丁 缓过气来
45822	惨白 孤苦零丁
45823	缓过气来
4583	新兴技术 即使这样 曾母投杼 良禽择木 分花拂柳
45832	曾母投杼 分花拂柳 剪草除根
45833	新兴技术 即使这样 良禽择木
4584	却已 统治阶级 孤学坠绪 良苦用心 美人胚子
45841	却已 美人胚子 膏粱文绣
45842	孤学坠绪 分茅胙土
45843	统治阶级 良苦用心
4585	为什么 怕什么 处世哲学 违世异俗 夫人裙带
45851	违世异俗
45852	怕什么 处世哲学 夫人裙带 八九月份 孟母三迁
45853	为什么
4586	纵然 公益捐赠 绕梁三日 心旌摇曳 坑蒙拐骗
45861	坑蒙拐骗
45862	公益捐赠 心旌摇曳
45863	纵然 绕梁三日
4587	去找 却被 心浮气躁 高潮迭起
45871	去找 却被 高潮迭起
45872	心浮气躁
4588	给我 性价比 袁世凯 红旗报捷 前人失脚
45881	袁世凯
45882	性价比 前人失脚 惊涛拍岸 心慕手追
45883	给我 红旗报捷
4589	半个月 关注的点 关注股市 膏泽脂香 约法三章
45891	膏泽脂香
45892	半个月 关注的点 关注股市
45893	约法三章
459	增值税 收益率
4591	半个钟头 残汤剩饭 端倪可察 残茶剩饭
45911	残汤剩饭 残茶剩饭
45912	半个钟头
45913	端倪可察
4592	羊入虎群
45921	羊入虎群
4593	维多利亚 郑重其事 郑人争年 经济危机 羊入虎口
45931	羊入虎口 高位厚禄
45932	郑重其事 郑人争年
45933	维多利亚 经济危机
4594	永久 增值税 收益率 新兴市场 分茅锡土
45941	增值税 膏梁锦绣 膏粱锦绣
45942	分茅锡土 前仆后继
45943	永久 收益率 新兴市场
4595	终生受益 综合整治 前俯后仰 前仰后合 前倨后恭
45951	美人香草 殊深轸念
45952	前俯后仰 前仰后合 前倨后恭 公共卫生 盆满钵满
45953	终生受益 综合整治
4596	性质 旁通曲畅 半个小时 公共厕所
45962	性质 半个小时 公共厕所
45963	旁通曲畅
4597	总体上讲 总体上说 心满意足 旁通曲鬯 道消魔长
45972	总体上讲 总体上说 心满意足 道消魔长
45973	旁通曲鬯
4598	声誉受损 经世致用 死而后已
45981	声誉受损 死而后已
45983	经世致用
4599	经营秩序 首节战罢 八九点钟
45992	首节战罢 八九点钟
45993	经营秩序
461	公有制
4611	孤独鳏寡
46112	孤独鳏寡
4612	心理安慰
46122	心理安慰
4613	填写 首次 分房减口
46131	填写
46132	首次 分房减口
4614	关联 规矩准绳 心理准备 心明眼亮
46142	关联 规矩准绳 心理准备 心明眼亮
4615	商家 餐风宿草 逢时遇节 餐风宿水
46151	餐风宿草 餐风宿水
46152	逢时遇节
46153	商家
4616	道德 首都 地大物博 韬晦待时 练达老成
46161	地大物博 韬晦待时
46162	道德 首都
46163	练达老成
4617	首先 编制 公有制 即时资讯 心理咨询
46172	首先 公有制 心理咨询
46173	编制 即时资讯
4618	约定 餐风宿雨 道存目击 餐风饮露 餐风宿露
46181	餐风宿雨 餐风饮露 餐风宿露
46182	道存目击
46183	约定
4619	士有饥色
46191	士有饥色
4621	郎才女姿 心照不宣 怀才不遇 坑灰未冷
46211	坑灰未冷
46212	心照不宣 怀才不遇
46213	郎才女姿
4622	心有灵犀 情同姐妹 烈日炎炎 前所未闻 纹风不动
46221	烈日炎炎
46222	心有灵犀 情同姐妹 前所未闻
46223	纹风不动
4623	站在那里 前所未见 帝王将相 竭智尽忠
46232	前所未见
46233	站在那里 帝王将相 竭智尽忠
4624	美好 送来
46241	美好
46242	送来
4625	分风劈流 半自动化 堆砌辞藻 悯时病俗 残暴不仁
46251	堆砌辞藻 残暴不仁
46252	分风劈流 半自动化 悯时病俗
4626	美女 关闭 分星擘两 分星劈两 心理问题
46261	美女
46262	关闭 分星擘两 分星劈两 心理问题 前所未有
46263	为时不晚 郎才女貌
4627	主动 愤怒 主张 高才疾足 惟日不足
46271	高才疾足
46272	愤怒 惟日不足
46273	主动 主张
4628	细大不捐
46283	细大不捐
4629	快乐 商业 美妙 心有不甘 吉光片羽
46291	美妙 吉光片羽
46292	快乐 心有不甘 惜时如金 贫贱不移
46293	商业
463	前几天 就在于
4631	既成事实 心驰神往
46312	心驰神往
46313	既成事实
4632	死灰复燃 冬日夏云 裂石穿云 冬扇夏炉 心照神交
46321	死灰复燃 裂石穿云
46322	冬日夏云 冬扇夏炉 心照神交
4633	商品 处理器 高自标树 总有一天 死灰槁木
46331	高自标树 死灰槁木
46332	处理器 总有一天
46333	商品
4634	终有一死 继晷焚膏 心旷神怡 心直口快
46342	心旷神怡 心直口快
46343	终有一死 继晷焚膏
4635	城里 郑易里 孤独一生 即有机会 半自助游
46351	城里 高自标誉
46352	郑易里 孤独一生 半自助游 必有一伤 八十年代
46353	即有机会 纯真年代
4636	关于 恢复 前几天 就在于 前两天
46361	就在于 美玉无瑕
46362	关于 恢复 前几天 前两天 公明正大
4637	站在一起 立马万言 总有一些 城狐社鼠 慈明无双
46371	城狐社鼠
46372	总有一些 慈明无双
46373	站在一起 立马万言
4638	美丽 前几年 必有一失 餐风啮雪 餐风咽露
46381	美丽 餐风啮雪 餐风咽露
46382	前几年 必有一失 快马一鞭
4639	韬光灭迹 必有一彪 高自标置
46391	韬光灭迹 高自标置
46392	必有一彪
464	公元前 普遍性
4641	志在必得
46411	志在必得
4642	主义 道歉 关怀 柔远怀来 惊才绝艳
46422	道歉 关怀 惊才绝艳
46423	主义 柔远怀来
4643	美景良辰 心理分析 吉日良辰 公才公望
46431	美景良辰 吉日良辰
46432	心理分析 公才公望
4644	经验主义 必有死夫 惟所欲为 柔远绥怀 绝大部分
46441	羊大为美
46442	必有死夫 惟所欲为
46443	经验主义 柔远绥怀 绝大部分 为所欲为 绘影绘声
4645	送给 慢性 普遍性 孰真孰假 高才绝学
46451	孰真孰假 高才绝学 志同道合 高风亮节 违时绝俗
46452	送给 慢性 普遍性 心存善念
46453	良知良能
4646	慢慢 恍惚 吉星高照 志在高远 韬光韫玉
46461	吉星高照 志在高远 韬光韫玉 韬光养晦 就知道玩
46462	慢慢 恍惚 条理分明 遵时养晦
4647	道士 商务 惆怅 即时结算 孰是孰非
46471	孰是孰非 就知道了 殚财竭力 殚智竭力 善自为谋
46472	道士 惆怅 公是公非
46473	商务 即时结算
4648	快递 纳兰 公元前 善有善报 惟日为岁
46481	善有善报
46482	快递 公元前 惟日为岁 怕风怯雨
46483	纳兰 绠短绝泉
4649	关心 城乡 柔远怀迩 心存善意 埋在心底
46491	城乡 埋在心底
46492	关心 心存善意 惜玉怜香
46493	柔远怀迩
465	新时代 心理学
4651	心理学 飒爽英姿 心理学家 豪奢放逸 恃才傲物
46511	豪奢放逸
46512	心理学 心理学家 恃才傲物 心存敬畏 谷贱伤农
46513	飒爽英姿
4652	快活 约会 死有余辜 烹犬藏弓 红光满面
46521	死有余辜 烹犬藏弓 烹狗藏弓
46522	快活
46523	约会 红光满面
4653	主体 忧伤 城堡 志在千里
46531	城堡 志在千里
46532	忧伤
46533	主体
4654	关注 心有余悸 心存侥幸 必有勇夫 半截入土
46541	志在沛公
46542	关注 心有余悸 心存侥幸 必有勇夫 半截入土
46543	即景生情
4655	高大英俊 心存芥蒂 绠短汲深
46551	高大英俊
46552	心存芥蒂
46553	绠短汲深
4656	约莫 韬曜含光 韬光俟奋 曾几何时 既有今日
46561	韬曜含光 韬光俟奋
46562	曾几何时
46563	约莫 既有今日
4657	主人 新时代 美人 商人 道人
46571	美人 增砖添瓦
46572	道人
46573	主人 新时代 商人 预知能力 绝大多数
4658	主任 纳入 永远消失 餐风茹雪 心理作用
46581	餐风茹雪 餐风沐雨 列风淫雨
46582	心理作用 前几个月
46583	主任 纳入 永远消失 绰有余裕 矜才使气
4659	关节 并肩作战 高自位置 韬光敛迹 韬光敛彩
46591	高自位置 韬光敛迹 韬光敛彩 增光添彩 地旷人稀
46592	关节 并肩作战
46593	柔远能迩
466	亮晶晶
4661	八珍玉食 高才大德
46611	高才大德
46612	八珍玉食
4662	红斑狼疮
46623	红斑狼疮
4663	道理 商量 总是在想 心理暗示 必有所求
46632	道理 总是在想 心理暗示 必有所求 必成大器
46633	商量
4664	即时在线
46643	即时在线
4665	塌房 享有盛誉 道远日暮 高才大学 暨南大学
46651	塌房 享有盛誉 高才大学 羊狠狼贪
46652	道远日暮 心存感激 贫贱骄人
46653	暨南大学 为时晚矣 终日奔波
4666	亮晶晶 道远知骥
46661	亮晶晶
46662	道远知骥
4667	美元 高才远识 差太远了 高明远识
46671	美元 高才远识 差太远了 高明远识
4668	送达 主题 忧郁 单则易折 志大才疏
46681	志大才疏 声威大震
46682	送达 忧郁 单则易折
46683	主题
4669	高凤自秽 情有独钟 心有猛虎 心有独钟 韬光晦迹
46691	高凤自秽 韬光晦迹
46692	情有独钟 心有猛虎 心有独钟
467	就是说
4671	主管 盘石之安 磐石之安
46713	主管 盘石之安 磐石之安
4672	高遏行云 贫贱之交 子曰诗云 丧明之痛
46721	高遏行云 丧明之痛
46722	贫贱之交 子曰诗云
4673	主观 情理之中 必有回响 分内之事
46732	情理之中 必有回响 分内之事
46733	主观
4674	就是说
46741	就是说
4675	亮了 关了 快了 美元计价 盘石桑苞
46751	亮了 美元计价 高风劲节
46752	关了 快了
46753	盘石桑苞 经明行修
4676	美国 心同此理 为时尚早 亲自出马 贫贱之知
46761	美国
46762	心同此理 贫贱之知
46763	为时尚早 亲自出马
4677	道路 快步 剪裁设计 盘石之固 磐石之固
46771	韬晦之计
46772	道路 快步 剪裁设计 贫贱糟糠
46773	盘石之固 磐石之固 经验之谈
4678	即时数据 快马加鞭
46782	快马加鞭
46783	即时数据
4679	孔融让梨
46792	孔融让梨
4681	终南捷径 餐风露宿 豪夺巧取 惊猿脱兔
46811	餐风露宿 豪夺巧取
46812	惊猿脱兔
46813	终南捷径
4682	主要 快要 高矮胖瘦
46821	高矮胖瘦
46822	快要
46823	主要
4684	关系 主持 总是以为 收购要约 必有近忧
46842	关系 总是以为 必有近忧 逆风翻盘
46843	主持 收购要约
4685	喜马拉雅 立时三刻 高风峻节
46851	高风峻节
46852	喜马拉雅
46853	立时三刻
4686	美的 坦然 恍然 旧的 分星拨两
46861	美的 坦然 旧的 韬光隐晦 韬光用晦
46862	恍然 分星拨两 心狠手辣 心知肚明 心理障碍
46863	为时已晚 亲戚朋友
4687	遵照执行 高才捷足 必有我师 情同手足 永矢弗谖
46871	高才捷足
46872	遵照执行 必有我师 情同手足
46873	永矢弗谖 新硎初试 红日三竿
4688	单独指导 经验指导 道貌岸然
46882	单独指导 道貌岸然
46883	经验指导
4689	韬光隐迹 心存疑虑
46891	韬光隐迹
46892	心存疑虑
469	新时期 地球上
4691	即时战略 心灰意冷 欲戴其冠 咎有应得
46912	心灰意冷 欲戴其冠 咎有应得
46913	即时战略
4692	关键 忧愁 线索移交 兰博基尼 盘马弯弓
46922	关键 忧愁 兰博基尼 心存魏阙
46923	线索移交 盘马弯弓
4693	块钱 快点 关上 编辑 道上
46931	块钱 地球上 烈日当空 地狱变相
46932	快点 关上 道上 必有后福
46933	编辑 船上
4694	主意 新时期 心灰意懒
46942	心灰意懒
46943	主意 新时期
4695	主席 首席 即时战斗 志在四方
46951	志在四方
46952	首席
46953	主席 即时战斗
4696	城镇 心猿意马 结驷连骑
46961	城镇
46962	心猿意马
46963	结驷连骑
4697	城市 送到 约束 情真意切 高才卓识
46971	城市 高才卓识
46972	送到 情真意切 心理压力
46973	约束 退有后言
4698	快速 主角 怀有身孕 心理负担
46982	快速 怀有身孕 心理负担
46983	主角
4699	怕硬欺软 柔远镇迩 情有可原 冬日可爱
46992	怕硬欺软 情有可原 冬日可爱
46993	柔远镇迩
471	旁观者
4711	八国联军
47112	八国联军
4712	高等教育 孤儿寡妇 立国安邦
47121	高等教育
47122	孤儿寡妇
47123	立国安邦
4713	塑造
47132	塑造
4715	旁观者清 孤儿寡母 填街塞巷
47151	填街塞巷
47152	孤儿寡母
47153	旁观者清
4716	怪物 旁观者 并驾齐驱
47162	怪物 并驾齐驱
47163	旁观者
4717	主讲老师 去粗取精
47171	去粗取精
47173	主讲老师
4718	为准 情非得已
47182	情非得已
47183	为准
472	站起来 并发症
4721	为之动容 兰因絮果
47212	兰因絮果
47213	为之动容
4722	心力交瘁 养儿育女 悔之不及
47221	养儿育女
47222	心力交瘁 悔之不及
4723	为她 并发症 怪力乱神 红粉青楼 高步阔视
47231	高步阔视 坦桑尼亚
47232	并发症 怪力乱神
47233	为她 红粉青楼
4724	站起来 怪诞不经 并行不悖 忧国奉公 半筹不纳
47242	怪诞不经 并行不悖 忧国奉公 半筹不纳
47243	站起来
4725	继承 终止运营 欲语还休 绝对不会 美言不信
47251	美言不信 却之不恭
47252	欲语还休 惊师动众
47253	继承 终止运营 绝对不会 纳谏如流
4726	细皮嫩肉 毫发不爽
47261	毫发不爽
47263	细皮嫩肉
4727	豪言壮语 高谈弘论 高谈阔论 绝对不行 贫困交加
47271	豪言壮语 高谈弘论 高谈阔论 高步云衢
47272	贫困交加
47273	绝对不行 绳趋尺步
4728	登记表 红紫乱朱 处之泰然
47282	登记表 处之泰然
47283	红紫乱朱
4729	船坚炮利 惜墨如金 立足未稳
47292	惜墨如金
47293	船坚炮利 立足未稳
473	贫困县
4731	坦诚相待 赤诚相待 忧国忘家 竭诚相待
47311	坦诚相待 赤诚相待
47312	忧国忘家
47313	竭诚相待
4732	悔之无及 剪发杜门
47322	悔之无及 剪发杜门
4733	颜筋柳骨 坦诚相见 土了吧唧
47331	坦诚相见 土了吧唧
47333	颜筋柳骨
4734	收发由心 死路一条
47341	死路一条
47343	收发由心
4735	分开 贫困县 公之于众 绑架事件 公诸于世
47351	毫发无伤
47352	分开 贫困县 公之于众 公诸于世 喜出望外
47353	绑架事件
4736	为民 就等于是 立竿见影
47361	就等于是
47363	为民 立竿见影
4737	分别 贫穷 增长见识 鼓足干劲 绕了一圈
47371	增长见识 高出一筹
47372	分别 贫穷 鼓足干劲
47373	绕了一圈
4738	分析 为之一振 志趣相投 毫发无损 童言无忌
47381	志趣相投 毫发无损
47382	分析
47383	为之一振 童言无忌
4739	主谓一致 埙篪相和 喜行于色 美国政府 童叟无欺
47391	埙篪相和 美国政府 殚精极虑
47392	喜行于色 孤行一意
47393	主谓一致 童叟无欺
474	性行为 新加坡
4741	绕着 预算编制 怙恩恃宠
47412	怙恩恃宠
47413	绕着 预算编制
4742	恬言柔舌
47422	恬言柔舌
4743	经常死机 慈悲为本 忧国忧民 缘起缘灭 惟精惟一
47432	慈悲为本 忧国忧民 惟精惟一 喜笑颜开
47433	经常死机 缘起缘灭 为国为民 结发夫妻
4744	分享 分子 经典 裂缝 半辈子
47441	裂缝 去国怀乡 高足弟子
47442	分享 分子 半辈子 单边主义 慈悲为怀
47443	经典 主观主义 绝对主义 豫园商城 帝国主义
4746	继续 为主 终止收购 贫困地区
47462	贫困地区
47463	继续 为主 终止收购
4747	曾经 性行为 分裂 新加坡 就简单说
47471	就简单说 培训培训 殚精竭力 韬戈卷甲
47472	曾经 性行为 分裂 懦词怪说 郤诜高第
47473	新加坡 绳愆纠谬 盘算盘算 绝非善类 绵言细语
4748	毫发丝粟 鼓足士气
47481	毫发丝粟
47482	鼓足士气
4749	统筹兼顾 殚精竭虑 差之毫厘
47491	殚精竭虑 差之毫厘
47493	统筹兼顾
475	喜欢你 美国人
4751	经济 经营 统计学 分数优先 尊师重教
47512	分数优先 尊师重教 登堂入室
47513	经济 经营 统计学 为之侧目
4752	就等你来 旧调重弹
47521	就等你来 旧调重弹
4753	为他 道边苦李 韬戈偃武 绵力薄材 卷帙浩繁
47531	韬戈偃武
47532	道边苦李 卷帙浩繁 恨之入骨 贫困人口
47533	为他 绵力薄材 为非作恶
4754	分泌 为非作歹 尊师重道 鼓足信心
47542	分泌 尊师重道 鼓足信心
47543	为非作歹
4755	曾国藩 道路湿滑 为数众多 逆行倒施 贫困潦倒
47551	善刀而藏
47552	曾国藩 道路湿滑 逆行倒施 贫困潦倒
47553	为数众多 退出江湖
4756	良师益友 快步流星
47562	快步流星
47563	良师益友
4757	为人 为生 美国人 公诉人 塑料袋
47571	美国人 高步通衢 坎止流行 款语温言
47572	公诉人 塑料袋
47573	为人 为生
4758	经过 分散 鼓足勇气 绝非偶然 鼓起勇气
47582	分散 鼓足勇气 鼓起勇气 八街九陌
47583	经过 绝非偶然
4759	为你 为何 喜欢你 结党营私 缓步代车
47591	享之千金 养精蓄锐 就此作罢
47592	喜欢你 处堂燕雀
47593	为你 为何 结党营私 缓步代车 旁行斜上
476	就算是 绝对是
4762	心诚则灵 经国大业 公诸同好
47622	心诚则灵 公诸同好
47623	经国大业
4763	经理 为大 惟力是视 郤诜丹桂 绝非易事
47631	高识远见
47632	惟力是视 郤诜丹桂 情难自禁 并非易事 心坚石穿
47633	经理 为大 绝非易事
4764	曾在 首鼠两端 美言几句 单孑独立
47641	美言几句
47642	曾在 首鼠两端 单孑独立
4765	经验 主观感觉 收回成命 高蹈远举 规圆矩方
47651	高蹈远举
47652	规圆矩方 单刀直入 悔之晚矣 备尝辛苦 悔读南华
47653	经验 主观感觉 收回成命 为之奋斗
4766	道之所存 立此存照 高谈雄辩
47661	高谈雄辩
47662	道之所存
47663	立此存照
4767	分布 分辨 培训班 高掌远蹠 高谈大论
47671	培训班 高掌远蹠 高谈大论 高掌远跖
47672	分布 分辨 规行矩步
47673	绕了几圈
4768	就算是 分明 绝对是 曾有 高加索山
47681	就算是 高加索山
47682	分明 曾有
47683	绝对是
4769	主观感受 情之所钟 高堂大厦
47691	高堂大厦
47692	情之所钟
47693	主观感受
477	幼儿园 判断力
4771	经筵讲官 半路出家
47712	半路出家
47713	经筵讲官
4772	分数 主观因素 磬竹难书 立谈之间 罄竹难书
47721	磬竹难书 罄竹难书
47722	分数
47723	主观因素 立谈之间 丝竹管弦
4773	贫困 幼儿 预料之中 收之桑榆 立国之本
47731	敦诗说礼
47732	贫困 孤掌难鸣 关东出相
47733	幼儿 预料之中 收之桑榆 立国之本
4774	分之 为之 为止 曾说 慎之又慎
47741	就此了结
47742	分之 曾说 慎之又慎 关切之情
47743	为之 为止 立足之地
4775	为了 判断力 单刀赴会 备尝艰苦 志坚行苦
47751	志坚行苦
47752	判断力 单刀赴会 备尝艰苦
47753	为了 丝恩发怨
4776	分类 幼儿园 土鸡瓦狗 土鸡瓦犬 怪诞诡奇
47761	土鸡瓦狗 土鸡瓦犬
47762	分类 怪诞诡奇 心长力短 心长发短
47763	幼儿园 经国之才
4777	经常 总设计师 欲言又止 劫数难逃 残篇断简
47771	劫数难逃 残篇断简
47772	总设计师 欲言又止
47773	经常 缚鸡之力 退让贤路
4778	为此 为难 为谁
47783	为此 为难 为谁
4779	心跳加速
47792	心跳加速
478	高跟鞋 孤儿院
4781	孤儿院 道路以目 养儿防老 八难三灾
47811	养儿防老
47812	孤儿院 道路以目 八难三灾
4782	豪管哀弦
47821	豪管哀弦
4783	高等院校 柔筋脆骨 纳米比亚 就算这样 孤行己见
47831	高等院校 就算这样
47832	孤行己见 喜跃抃舞
47833	柔筋脆骨 纳米比亚
4784	士兵 高跟鞋 心力衰竭 豪竹哀丝
47841	士兵 高跟鞋 豪竹哀丝
47842	心力衰竭
4785	删除 怪异 绳之以法 心粗气浮 封刀挂剑
47851	封刀挂剑
47852	怪异 心粗气浮
47853	删除 绳之以法
4786	为的 敲诈勒索 绝长补短
47861	敲诈勒索
47863	为的 绝长补短
4787	分手 主观臆断 心谤腹非 殚精毕力
47871	殚精毕力
47872	分手 心谤腹非
47873	主观臆断
4788	为我 怪我 声东击西
47881	声东击西
47882	怪我
47883	为我
4789	熟了以后 幼发拉底 为国捐躯 孤行己意 分路扬镳
47891	熟了以后
47892	孤行己意 分路扬镳
47893	幼发拉底 为国捐躯
479	着力点
4791	为爱 前因后果
47912	前因后果
47913	为爱
4792	分离 餐厅
47921	餐厅
47922	分离
4793	分钟 着力点
47931	着力点
47932	分钟
4794	经意 竭力虔心 前赴后继 快步上前
47942	前赴后继 快步上前
47943	经意 竭力虔心
4796	为国争光 差距甚大 纶巾羽扇
47961	差距甚大
47963	为国争光 纶巾羽扇
4797	经历 主观意识 主观原因 前言后语 殚谋戮力
47971	殚谋戮力 高谈虚论
47972	前言后语
47973	经历 主观意识 主观原因 童言稚语
4798	分配 幼稚 分解 善加利用 死皮赖脸
47981	善加利用 死皮赖脸 就此罢手
47982	分配 分解
47983	幼稚
4799	练习 主观意愿 终止上市 养精畜锐 心路历程
47991	养精畜锐
47992	心路历程 心回意转 快刀斩麻
47993	练习 主观意愿 终止上市
4811	高脂饮食 声振寰宇
48111	高脂饮食 声振寰宇
4812	纪律 孤陋寡闻 堪以告慰
48121	堪以告慰
48122	孤陋寡闻
48123	纪律
4813	登峰造极 逆我者亡
48132	登峰造极 逆我者亡
4814	前往 封己守残 逆向思维
48141	封己守残
48142	前往 逆向思维
4815	收集资源 餐霞饮液 餐霞饮瀣
48151	餐霞饮液 餐霞饮瀣
48153	收集资源
4816	判决 死者 烹龙煮凤 心肝宝贝 餐霞饮景
48161	死者 烹龙煮凤 餐霞饮景
48162	判决 心肝宝贝
4817	收集资料 予以制止 心向往之 关系密切 赭衣塞路
48171	赭衣塞路
48172	心向往之 关系密切
48173	收集资料 予以制止
4818	前进 必定 增肌减脂 欲扬先抑 毅然决然
48181	增肌减脂
48182	前进 必定 欲扬先抑
48183	毅然决然
4819	红军 心胸宽广 盘龙卧虎
48192	心胸宽广
48193	红军 盘龙卧虎
482	心脏病 坏血病
4821	懦弱 分文不取 分文未取 惶恐不安
48212	懦弱 分文不取 分文未取 惶恐不安
4822	毫不 欲拒还迎 高手如云 前功尽弃 惨然不乐
48221	毫不 高手如云
48222	欲拒还迎 前功尽弃 惨然不乐
4823	心脏病 坏血病 主要动机 主要支柱 收集素材
48231	坏血病 高手如林
48232	心脏病 恍然如梦
48233	主要动机 主要支柱 收集素材
4824	前来 欲擒故纵 经丘寻壑 死要面子 怫然不悦
48241	死要面子
48242	前来 欲擒故纵 怫然不悦
48243	经丘寻壑
4825	必将 柔肤弱体 膏腴贵游 分文不值 心血来潮
48251	膏腴贵游 善气迎人
48252	必将 分文不值 心血来潮 分文不名
48253	柔肤弱体
4826	前面 分文不直 毫毛不犯 亲朋好友 烹龙炮凤
48261	毫毛不犯 烹龙炮凤
48262	前面 分文不直 判然不同
48263	亲朋好友
4827	煎熬 总的来讲 分朋引类 总的来说 既然如此
48271	坦然面对
48272	煎熬 总的来讲 分朋引类 总的来说
48273	既然如此 绵延不断
4828	违背 总的来看 高抬贵手
48281	违背 高抬贵手
48282	总的来看
4829	收集运输 舟山群岛 悍然不顾
48292	悍然不顾
48293	收集运输 舟山群岛
483	就这样 新技术
4831	必须 死亡 剖幽析微 心肌梗塞
48311	死亡
48312	必须 心肌梗塞
48313	剖幽析微
4832	红白相间 豪气干云 惊恐万状 纤悉无遗
48321	豪气干云
48322	惊恐万状
48323	红白相间 纤悉无遗
4833	必需品 收集一下 怀揣梦想 就这样吧 声振林木
48331	就这样吧 声振林木
48332	必需品 怀揣梦想
48333	收集一下
4834	就这样 新技术 主要干道 孤文只义 赤胆忠心
48341	就这样 赤胆忠心 赤手空拳 鹑衣百结
48342	孤文只义 逢山开道 悄然无声 分我杯羹
48343	新技术 主要干道 柔肠百结
4835	死刑 劫持事件 地震事件 主要事件 情随事迁
48351	死刑 劫持事件 地震事件 声气相通
48352	情随事迁
48353	主要事件
4836	半天 心拙口夯 分三别两
48362	半天 心拙口夯 分三别两
4837	差别 收集材料 就这样了 逢山开路
48371	差别 就这样了
48372	逢山开路
48373	收集材料
4838	毫无 半年 半空 餐霞吸露 心服口服
48381	毫无 餐霞吸露 声气相投
48382	半年 半空 心服口服
4839	主要树种 餐腥啄腐 条三窝四 柔肠百转 心手相应
48391	餐腥啄腐
48392	条三窝四 心手相应
48393	主要树种 柔肠百转
484	剖腹产 竞技场
4841	端着
48413	端着
4842	柔情 竞技场 怦然心动 旁系亲属 绿肥红瘦
48422	怦然心动 忙这忙那 怜我怜卿
48423	柔情 竞技场 旁系亲属 绿肥红瘦
4843	土地 退款 违规 前款 新的商机
48431	土地 违规
48432	前款
48433	退款 新的商机 红白喜事 经文纬武
4844	弟子 首要分子 单兵孤城 纨袴子弟 膏腴子弟
48441	膏腴子弟 高文典册
48442	弟子 首要分子 单兵孤城 半推半就
48443	纨袴子弟
4845	死去 递给 必要性 予以关注 纨袴膏粱
48451	死去 士气高涨
48452	递给 必要性 前提条件 慢工细活 情文并茂
48453	予以关注 纨袴膏粱 主导地位 良工心苦
4846	缴纳 违约 收集处理 予以处理 半斤八两
48461	违约
48462	半斤八两
48463	缴纳 收集处理 予以处理
4847	登打士街 半工半读 单文孤证 坦白地讲 高文典策
48471	坦白地讲 高文典策
48472	登打士街 半工半读 单文孤证
4848	弟弟 死死 予以删除 增援部队 缩手缩脚
48481	死死 增援部队
48482	弟弟 慌手慌脚 惨白惨白
48483	予以删除 缩手缩脚 缚手缚脚
4849	判处 憔悴 剖腹产 竞技场上 境随心转
48491	境随心转 差以毫厘
48492	判处 憔悴
48493	剖腹产 竞技场上
485	退换货 主持人
4851	绿衣使者 高阳酒徒 坦白从宽 缩衣节食
48511	高阳酒徒 坦白从宽
48513	绿衣使者 缩衣节食
4852	前世 纪念 主要涉及 纲提领挈 旁推侧引
48521	土阶茅屋 赫然而怒
48522	前世 总揽全局
48523	纪念 主要涉及 纲提领挈 旁推侧引 竞技体育
4853	前方 退休 新的生机 务工人员 怆然泪下
48532	前方 务工人员 怆然泪下
48533	退休 新的生机
4854	违法 半个 维修 高斋学士 收揽人心
48541	违法 高斋学士 旧雨重逢 高岸深谷
48542	半个 心胆俱裂
48543	维修 收揽人心 绝裾而去
4855	士气低落 喜气洋洋 高山流水 缝衣浅带 道山学海
48551	士气低落 高山流水 餐霞漱瀣 死气沉沉 善贾而沽
48552	喜气洋洋 道山学海 分工合作
48553	缝衣浅带 童山濯濯 盘膝而坐 为山九仞
4856	孤胆英雄 声势浩大 养兵千日 朗月清风 剖腹藏珠
48561	声势浩大 养兵千日
48562	孤胆英雄
48563	朗月清风 剖腹藏珠
4857	死人 主持人 主持仪式 竞技游戏 新西游记
48571	死人 高山仰之 高山仰止
48572	慨然允诺 快捷方式 逆势而行 冁然而笑
48573	主持人 主持仪式 竞技游戏 新西游记 新陈代谢
4858	退货 退换货 主要依据 怅然若失 恍然若失
48581	旧雨今雨
48582	怅然若失 恍然若失 惘然若失
48583	退货 退换货 主要依据 剖肝沥胆 剖肝泣血
4859	前途 单兵作战 高朋满座 收拾停当 忿然作色
48591	高朋满座 埋三怨四
48592	前途 单兵作战 忿然作色 怯防勇战 怫然作色
48593	收拾停当
486	主要是
4861	怡然自得
48612	怡然自得
4862	收腰显瘦 前段时间 残兵败将 着手成春
48621	残兵败将 着手成春
48622	前段时间
48623	收腰显瘦
4863	卷三十一 心胸狭窄 心腹大患 绿衣黄里
48632	卷三十一 心胸狭窄 心腹大患
48633	绿衣黄里
4864	死在 土扶成墙 恍然大悟 惟我独尊 高文大册
48641	死在 土扶成墙 高文大册
48642	恍然大悟 惟我独尊
48643	旁搜远绍
4865	单打独斗 矜功自伐 关系匪浅 坦然自若
48651	坦然自若
48652	单打独斗 关系匪浅
48653	矜功自伐
4866	红码 收集大量 丧失理智 烹龙砲凤
48661	丧失理智 烹龙砲凤
48663	红码 收集大量
4867	前脚刚走 公用电话 高山景行 恬然自足
48671	高山景行
48672	前脚刚走 公用电话 恬然自足
4868	半晌 主要是 怕是 必有 韦裤布被
48681	韦裤布被
48682	半晌 怕是 必有 心胸狭隘 兰摧玉折
48683	主要是 为我所用
4869	主要景点 高抬明镜 毂击肩摩 分鞋破镜 立功赎罪
48691	高抬明镜 毂击肩摩
48692	分鞋破镜 八抬大轿
48693	主要景点 立功赎罪 旁搜博采
487	心血管
4871	心血管
48712	心血管
4872	判断 八拜之交 心腹之交 关西出将 盘龙之癖
48722	判断 八拜之交 心腹之交 关西出将
48723	盘龙之癖
4873	退回 心腹之患
48732	心腹之患
48733	退回
4874	恻隐之心 绨袍之义 首丘之情 孤文断句 单膝跪地
48741	膏腴之地
48742	恻隐之心 首丘之情 孤文断句 单膝跪地 关山迢递
48743	绨袍之义
4875	死了 退了 红了 怕了 登山临水
48751	死了
48752	怕了 登山临水 逆阪走丸
48753	退了 红了
4876	差距 退出
48761	差距
48763	退出
4877	就这些了 线的设计 收腰设计 缓兵之计 主文谲谏
48771	就这些了
48773	线的设计 收腰设计 缓兵之计 主文谲谏 为山止篑
4878	收集数据 收集证据 高山之巅 收拾东西 瓶坠簪折
48781	高山之巅
48782	瓶坠簪折
48783	收集数据 收集证据 收拾东西
4879	前行 前辈 土崩瓦解 坦腹东床
48791	土崩瓦解 坦腹东床
48792	前行 前辈
488	赤裸裸 孤零零
4881	赤裸裸
48811	赤裸裸
4882	必要 高脂血症 收集要素 旁摇阴煽
48821	高脂血症
48822	必要
48823	收集要素 旁摇阴煽
4883	既然这样
48833	既然这样
4884	维持 予以拒绝 地震震级
48841	地震震级
48843	维持 予以拒绝
4885	予以 差异 孤零零 收集雨水 预防措施
48851	差异
48852	孤零零
48853	予以 收集雨水 预防措施
4886	维护 必然 前提 端的 盐的用量
48861	盐的用量
48862	必然 前提 分斤掰两 分斤拨两
48863	维护 端的 良工巧匠
4887	就这么办 必要的话 拳打脚踢 惜指失掌 心脑血管
48871	就这么办
48872	必要的话 拳打脚踢 惜指失掌 心脑血管
4888	半山腰 高手指导 高山峻岭 地崩山摧 关山阻隔
48881	高手指导 高山峻岭 地崩山摧
48882	半山腰 关山阻隔
4889	退换 惊恐失色 怛然失色
48892	惊恐失色 怛然失色
48893	退换
489	高血压 关系到
4891	予以解决 纳贡称臣 红衰翠减 登山小鲁
48912	登山小鲁
48913	予以解决 纳贡称臣 红衰翠减
4892	立功受奖 丧胆销魂
48921	丧胆销魂
48923	立功受奖
4893	差点 柔软 半点 柔和 死后
48931	差点 死后
48932	半点 前后 恫疑虚喝 慢腾斯礼 分崩离析
48933	柔软 柔和 退后 收集意见
4894	红尘 高血压 高峰期 旁文剩义 维持原判
48941	高血压 高峰期 羊肠小道 羊肠鸟道
48943	红尘 旁文剩义 维持原判
4895	半夜 情投意合 残山剩水 公报私仇 慨然应允
48951	残山剩水 羲皇上人 堆山积海
48952	半夜 情投意合 公报私仇 慨然应允
4896	矛盾 红色 收集整理 烹龙庖凤 土龙刍狗
48961	烹龙庖凤 土龙刍狗
48962	惨雨酸风
48963	矛盾 红色 收集整理
4897	违反 关系到 就撞上了 粲然可观 前覆后戒
48971	违反 就撞上了 粲然可观 坦然受之
48972	关系到 前覆后戒 情比金坚 前凸后翘 孤豚腐鼠
48973	旁指曲谕 新手上路
4898	赤膊上阵 公报私雠 前挽后推
48981	赤膊上阵
48982	公报私雠 前挽后推
4899	收集车辆 差三错四
48991	差三错四
48993	收集车辆
491	志愿者
4911	备受瞩目 孤鸾寡鹄
49112	备受瞩目 孤鸾寡鹄
4913	分身减口 前尘往事 鼓角齐鸣
49132	分身减口 前尘往事 鼓角齐鸣
4914	心思 就很 遵章守纪 细针密缕
49141	就很
49142	心思 遵章守纪
49143	细针密缕
4915	境界 遵守
49151	境界
49152	遵守
4916	心头 就得 懒得 志愿者
49161	就得 志愿者
49162	心头 懒得
4919	遵循 规章制度 句斟字酌
49191	句斟字酌
49192	遵循 规章制度
4922	就不 心灵 绝不 终身不嫁 孔席不适
49221	就不
49222	心灵 孔席不适 条解支劈 心急火燎 送上门来
49223	绝不 终身不嫁
4923	就如 就问 颜色艳丽 高顾遐视 喜上眉梢
49231	就如 就问 高顾遐视 养虎遗患
49232	喜上眉梢 心急如焚
49233	颜色艳丽 妾意如棉
4924	就好 心疼 就来 半身不遂 恰到好处
49241	就好 就来
49242	心疼 半身不遂 恰到好处 处变不惊
4925	即将 心痛 登录 经久不愈 单身贵族
49251	豪厘不伐
49252	心痛 登录 单身贵族 普度群生
49253	即将 经久不愈 纤尘不染
4926	经久不息 分钗劈凤 为期不远 毫厘不爽 孔席不暖
49261	毫厘不爽
49262	分钗劈凤 孔席不暖
49263	经久不息 为期不远
4927	心动 公私交困 心醉魂迷
49272	心动 公私交困 心醉魂迷
4928	经久不衰 堆积如山
49281	堆积如山
49283	经久不衰
4929	产业 就业
49291	就业
49293	产业
493	收音机
4931	心想 就想 前庭悬鱼 地上天官 绿色植物
49311	就想 地上天官
49312	心想 前庭悬鱼
49313	绿色植物 剖玄析微 红豆相思
4932	尊严
49322	尊严
4933	产品 心事 颜色校正 前程万里 红尘万丈
49331	馨香祷祝
49332	心事 前程万里 分身无术
49333	产品 颜色校正 红尘万丈 绳其祖武 绝其本根
4934	心中 就叫 分章析句 堪称一绝
49341	就叫 堪称一绝
49342	心中 分章析句
4935	心里 乡村 关键事件 终其一生 善罢干休
49351	善罢干休 地角天涯
49352	心里 关键事件 心意相通
49353	乡村 终其一生 缓急相济
4936	处于 心神 就更 收音机 心到神知
49361	就更
49362	处于 心神 心到神知 孤身只影
49363	收音机
4937	就别 产权 纵身一跃 心醉神迷 绳锯木断
49371	就别 地久天长
49372	心醉神迷
49373	产权 纵身一跃 绳锯木断
4938	绝望 竞争形势 必输无疑
49382	必输无疑
49383	绝望 竞争形势
4939	颜色一致 快速响应 即鹿无虞 公尔忘私
49392	快速响应 公尔忘私
49393	颜色一致 即鹿无虞
494	坏习惯
4941	孤单 站着 甑尘釜鱼 兼程前进
49412	孤单 甑尘釜鱼 兼程前进
49413	站着
4942	心情 备受煎熬 惟肖惟妙
49422	心情 备受煎熬 惟肖惟妙
4943	心地
49432	心地
4944	孙子 经销商处 情意绵绵 着急忙慌 分厘毫丝
49441	着急忙慌 旧愁新恨
49442	孙子 情意绵绵 分厘毫丝
49443	经销商处 红愁绿惨
4945	就去 站立 坏习惯 关键组件 立身处世
49451	就去 坏习惯 孰轻孰重 土穰细流 羡煞旁人
49452	关键组件 公序良俗 分久必合
49453	站立 立身处世
4946	缓慢 京城 怜香惜玉 高尔夫球 公私分明
49461	京城 高尔夫球 毫厘丝忽
49462	怜香惜玉 公私分明 逆反心理 憎爱分明 心小志大
49463	缓慢 良金美玉
4947	处分 缠绕 高速道路 高速增长 心虔志诚
49471	高速道路 高速增长
49472	处分 心虔志诚
49473	缠绕
4948	缠绵 端到端的 半遮半掩
49482	半遮半掩
49483	缠绵 端到端的
4949	缓缓 悄悄 处处 心境 处境
49491	美轮美奂 吉尔吉斯
49492	悄悄 处处 心境 处境 分甘绝少
49493	缓缓 亲身经历 维尔纽斯 绝甘分少
495	纳税人 心上人
4951	就像 地底世界 细致入微 釜底游鱼 惭凫企鹤
49511	就像 地底世界
49512	釜底游鱼 惭凫企鹤
49513	细致入微
4952	就会 纷至沓来 熟魏生张 高危人群 结庐而居
49521	就会 熟魏生张 高危人群
49523	纷至沓来 结庐而居
4953	即使 即便 尊重 红腐贯朽 分庭伉礼
49531	高爵重禄 毫厘千里
49532	尊重 分庭伉礼
49533	即使 即便 红腐贯朽 舟车劳顿
4954	尊敬 乡利倍义 兰质熏心 慎身修永 分期付款
49542	尊敬 兰质熏心 慎身修永 分期付款 兰质薰心
49543	乡利倍义 绝尘而去 绿色通道
4955	为虎作伥 普度众生 劫后余生 缪种流传 分甘共苦
49551	劫后余生
49552	普度众生 分甘共苦
49553	为虎作伥 缪种流传
4956	收到信息 美其名曰 情到浓时
49561	美其名曰
49562	情到浓时
49563	收到信息
4957	产生 就没 心生 纳税人 心上人
49571	就没
49572	心生 心上人 奠基仪式
49573	产生 纳税人 纶音佛语
4958	就能 经久耐用 心广体胖
49581	就能
49582	心广体胖
49583	经久耐用
4959	善解人意 斧钺汤镬 前程似锦 声色俱厉 地广人稀
49591	善解人意 声色俱厉 地广人稀 地利人和 声色货利
49592	斧钺汤镬 前程似锦
49593	为虎添翼 为虎傅翼
496	高质量 半小时
4961	高歌猛进 八音遏密
49611	高歌猛进
49612	八音遏密
4962	孤独 就成 纳斯达克 分香卖履
49621	就成
49622	孤独 分香卖履
49623	纳斯达克
4963	处理 心理 高质量 综上所述 埋轮破柱
49631	高质量 埋轮破柱
49632	处理 心理 分床同梦 惟利是求 惟利是视
49633	综上所述 终身大事
4964	站在 就在 心态 处在
49641	就在
49642	心态 处在
49643	站在
4965	境内 半小时 惟利是营 公私两济 惟利是逐
49651	境内 城市大学
49652	半小时 惟利是营 公私两济 惟利是逐 惟利是命
49653	绿色环保
4966	收受贿赂 前程远大 声色犬马 声色狗马 高车驷马
49661	声色犬马 声色狗马 高车驷马
49662	前程远大
49663	收受贿赂
4967	关键在党 惟利是图 惟利是趋
49672	关键在党 惟利是图 惟利是趋
4968	就是 就有 即是 半透明 送至医院
49681	就是 就有
49682	半透明 送至医院 孙康映雪 八府巡按
49683	即是
4969	心碎 款曲周至 分钗破镜 孤鸾照镜 赫尔辛基
49691	款曲周至 赫尔辛基
49692	心碎 分钗破镜 孤鸾照镜 恢廓大度 公私两利
497	经历了 竞争力
4971	就算 结束语 死到临头
49711	就算 死到临头
49713	结束语
4972	关键词 高速发展 纷至踏来 织当访婢 总角之交
49721	高速发展
49722	关键词 总角之交
49723	纷至踏来 织当访婢 绳床瓦灶
4973	差点儿 情急之下 孔席墨突
49731	差点儿
49732	情急之下 孔席墨突
4974	就说 关键之处 必争之地 立锥之地
49741	就说
49742	关键之处 必争之地
49743	立锥之地
4975	绝对 经历了 愣了 就该 竞争力
49751	就该 违利赴名
49752	愣了 分钗断带 快意恩仇
49753	绝对 经历了 竞争力 约束力
4976	就越 高速驾驶 高速行驶 赫斯之威 堆金叠玉
49761	就越 高速驾驶 高速行驶 赫斯之威 堆金叠玉
4977	心跳 城市设计 高速计算 编程语言 前车之鉴
49771	城市设计 高速计算 残章断简
49772	心跳 前车之鉴 斧钺之诛
49773	编程语言
4978	登记 站起 就此 关键词三 纸上谈兵
49781	就此
49782	登记 关键词三
49783	站起 纸上谈兵 纵虎归山 立身行己
4979	就让 就行 就走 关原之战 郑卫之音
49791	就让 就行 就走
49792	关原之战 郑卫之音 螽斯衍庆
498	就可以 高科技
4981	就看 典章文物
49811	就看
49813	典章文物
4982	就要 高科技 封金挂印 八音迭奏
49821	就要 高科技 封金挂印
49822	八音迭奏
4983	高度近视 分庭抗礼 半夜三更 声应气求 美意延年
49831	高度近视 声应气求 美意延年
49832	分庭抗礼 半夜三更
4984	就已 预受要约 敲锣打鼓 前度刘郎 慨当以慷
49841	就已 敲锣打鼓
49842	前度刘郎 慨当以慷
49843	预受要约
4985	就可以 丧身失节 釜底抽薪 赤身裸体 赤身露体
49851	就可以 丧身失节 赤身裸体 赤身露体
49852	釜底抽薪
49853	立身扬名
4986	就把 悄然 分金掰两 韬迹隐智 为小失大
49861	就把 韬迹隐智 敲金击石
49862	悄然 分金掰两
49863	为小失大
4987	就被 站稳脚跟
49871	就被
49873	站稳脚跟
4988	颊上三毛
49882	颊上三毛
4989	心脏 旧金山市 怀铅提椠
49891	旧金山市
49892	心脏 怀铅提椠
499	处罚金 公积金
4991	心爱 首当其冲 死罪可免
49911	死罪可免
49912	心爱 首当其冲
4992	心底 幺麽小丑 情至意尽
49922	心底 情至意尽
49923	幺麽小丑
4993	心上 登上 高爵厚禄 慈乌返哺 前歌后舞
49931	高爵厚禄
49932	心上 登上 慈乌返哺 前歌后舞
4994	心意 快意当前
49942	心意 快意当前
4995	就可 即可 心酸 处罚金 公积金
49951	就可 善罢甘休
49952	心酸 处罚金 公积金
49953	即可 终身受益 缓急轻重
4996	颜色 处置 膏车秣马 子虚乌有 堆金积玉
49961	膏车秣马 堆金积玉
49962	处置 子虚乌有
49963	颜色
4997	处罚 情色小说 纸醉金迷 羊质虎皮 声罪致讨
49971	羊质虎皮 声罪致讨
49972	处罚 情色小说 孤雏腐鼠
49973	纸醉金迷
4998	就连 缓解 心愿 备受质疑 竞争上岗
49981	就连
49982	心愿 备受质疑
49983	缓解 竞争上岗
4999	高锰酸钾 高原反应
49991	高锰酸钾 高原反应
511	参赛者 菲律宾
5111	生物制剂 药物制剂 节制饮食 世界冠军 众目睽睽
51111	众目睽睽
51112	满目凄凉
51113	生物制剂 药物制剂 节制饮食 世界冠军
5112	从头彻尾 通宵彻昼 举案齐眉
51121	从头彻尾
51122	通宵彻昼 举案齐眉
5113	营造 佥都御史 汗牛塞栋 苦思冥想 伴食宰相
51131	佥都御史 伴食宰相
51132	汗牛塞栋
51133	营造 苦思冥想
5114	深思 傲睨得志
51141	傲睨得志
51142	深思
5115	作家 学家 沉睡 汉鼎宇佑 涸鲋得水
51151	作家
51152	学家 沉睡 汉鼎宇佑 涸鲋得水 治安案件
51153	劳思逸淫 夕寐宵兴 重熙累洽
5116	觉得 作者 学者 参赛者 创造者
51161	作者 创造者
51162	觉得 学者 参赛者 通宵彻旦
51163	蔽聪塞明
5117	生聚教训
51173	生聚教训
5118	菲律宾 沉冤得雪
51182	沉冤得雪
51183	菲律宾
5119	通宵彻夜 法律制度 学富五车
51192	通宵彻夜 法律制度 学富五车
512	警察局
5121	世界屋脊 寸田尺宅 方头不律 茶饭不思 坐卧不安
51211	坐卧不安 坐卧不宁
51212	寸田尺宅
51213	世界屋脊 方头不律 茶饭不思
5122	警察局 世界书局 过眼云烟 过眼烟云 汗牛充屋
51221	众寡不敌
51222	过眼云烟 过眼烟云 汗牛充屋 活字印刷 满目疮痍
51223	警察局 世界书局 勤勉尽责
5123	学问 汗牛充栋 过目不忘
51232	学问 汗牛充栋 过目不忘
5124	带来 生老病死 勇者不惧 法律面前 寸进尺退
51242	勇者不惧 法律面前 寸进尺退
51243	带来 生老病死
5125	从头来过
51251	从头来过
5127	劳动 带动 鸿都买第 低头不语 信守承诺
51271	低头不语 信守承诺
51272	鸿都买第
51273	劳动 带动 英姿焕发 垂头不语
5128	优先支持 法律适用 敛容屏气 仁者乐山 从容不迫
51281	优先支持 敛容屏气 仁者乐山 从容不迫
51282	法律适用
5129	作业 营业 做得不错 温室效应 方头不劣
51291	作业 做得不错
51292	温室效应 鸿鹄将至
51293	营业 方头不劣
513	仅次于 世界杯
5131	世界杯赛 含宫咀徵 傲睨万物 含宫咀征
51311	含宫咀徵 傲睨万物 含宫咀征
51313	世界杯赛
5132	学校 深吸 洗礼 世界杯 仁者无敌
51321	仁者无敌 从头再来 从头开始
51322	学校 深吸 洗礼
51323	世界杯
5133	件事 作品 入井望天 剑头一吷 学老于年
51331	件事 作品 入井望天 剑头一吷
51332	学老于年
51333	藏富于民 茅塞顿开 千思万想 名实相副
5134	深邃 学术 世界中 世界一级 草头天子
51341	坐冷板凳 众寡悬殊
51342	深邃 学术 举目无亲 清净无为
51343	世界中 世界一级 草头天子 茶饭无心 千头万绪
5135	千里 沉吟 值得一游 做得更多 值得一生
51351	值得一游 做得更多 值得一生 仁者见仁 从井救人
51352	沉吟 注定一生 游牧民族
51353	千里 薄寒中人 范进中举 名目繁多 世界一流
5136	演员 学员 仅次于 世界杯时 住宿一晚
51361	仅次于 住宿一晚 做得更大
51362	演员 学员 洞彻事理
51363	世界杯时 世界百大 落井下石 千军万马 千姿百态
5137	千万 值得一试 值得一读 洞察一切 名实相符
51371	值得一试 值得一读 傲睨一切
51372	洞察一切
51373	千万 名实相符 千灾百难
5138	千年 世界形势 值得一提 偏安一隅 九牛一毛
51381	值得一提 偏安一隅 佛眼相看 华冠丽服
51382	九牛一毛
51383	千年 世界形势 苟安一隅
5139	千头万序 涸思干虑 鸿案相庄 花冤枉钱 贪得无厌
51391	贪得无厌 人微望轻 人微权轻
51392	涸思干虑 鸿案相庄 河鱼天雁
51393	千头万序 花冤枉钱 千思万虑
514	创造性 混凝土
5141	带着 沉着 倒头就睡
51411	倒头就睡
51412	沉着
51413	带着
5142	深情 沉声 世界纪录 蓬头垢面 俊男美女
51421	俊男美女
51422	深情 沉声
51423	世界纪录 蓬头垢面 薄物细故
5143	入吾彀中
51431	入吾彀中
5144	营养 保守主义 激进主义 激进分子 世界主义
51441	保守主义 伤害孩子 体物缘情 从容就义
51442	激进主义 激进分子
51443	营养 世界主义 敬老慈幼
5145	带给 创造性 世界首例 劳逸结合
51451	创造性
51453	带给 世界首例 劳逸结合
5146	深圳 英姿飒爽 偷寒送暖 酒食地狱
51461	偷寒送暖
51462	深圳 酒食地狱
51463	英姿飒爽
5147	作为 伸头缩颈 倒果为因 敬老尊贤 能者为师
51471	作为 伸头缩颈 倒果为因 佛头着粪
51472	能者为师
51473	敬老尊贤 生寄死归
5148	混凝土 垂头丧气 法律条文 举鼎绝膑 蓬头赤脚
51482	混凝土 法律条文 举鼎绝膑
51483	垂头丧气 蓬头赤脚
5149	深处 深思熟虑 依头缕当 拿定主意 沉思良久
51491	依头缕当 拿定主意
51492	深处 深思熟虑 沉思良久 能征善战 能征惯战
515	生物学 全家人
5151	深深 深沉 偶像 沉淀 生物学
51511	偶像 倾耳注目
51512	深深 深沉 沉淀 泛宅浮家 贯彻落实
51513	生物学 放眼世界 迁臣逐客 带牛佩犊
5152	学会 做完作业 住得舒适 含冰茹檗 没头苍蝇
51521	做完作业 住得舒适 含冰茹檗 合资企业 人五人六
51522	学会 没头苍蝇
51523	外资企业 名臣勇将
5153	沉重 著名 洗澡 滥官污吏 满目荆榛
51531	贪官污吏 便宜从事 修齐治平 侧目而视 倾耳而听
51532	沉重 洗澡 滥官污吏 满目荆榛 演职人员
51533	著名 名德重望
5154	像个 荣誉 酒井法子 逐字逐句 做实做细
51541	像个 逐字逐句 做实做细 僻字涩句 倾家荡产
51542	酒井法子 法律法规
51543	荣誉 旅进旅退
5155	带领 仁者能仁 倒冠落佩 源头活水 能者多劳
51551	仁者能仁 倒冠落佩 何德何能
51552	源头活水 能者多劳 泪眼汪汪 泥牛入海
51553	带领 放鱼入海
5156	浩瀚 茅室蓬户 仅容旋马 做牛做马 蓝田生玉
51561	仅容旋马 做牛做马 仙姿佚貌
51562	浩瀚
51563	茅室蓬户 蓝田生玉
5157	学生 深刻 泪水 深渊 全家人
51571	全家人 候选人
51572	学生 深刻 泪水 深渊 没完没了
51573	放饭流歠 多灾多难
5158	深入 演化 菲食薄衣 傲头傲脑 佹得佹失
51581	傲头傲脑 佹得佹失 促进作用 倚官仗势 傻头傻脑
51582	深入 演化 法律体系 沉得住气 没头没脑
51583	菲食薄衣
5159	沉鱼落雁 值得信赖 多姿多彩 没老没少
51591	值得信赖
51592	沉鱼落雁 没老没少
51593	多姿多彩
516	淘宝网
5161	渴者易饮 倚老卖老 千军易得 淡饭黄齑
51611	倚老卖老
51612	渴者易饮 淡饭黄齑
51613	千军易得
5162	作风 淘宝网 任职时间 做得最好
51621	作风 任职时间 做得最好
51622	淘宝网
5163	通都巨邑 通都大邑 荣宗耀祖 九鼎大吕
51632	通都巨邑 通都大邑 九鼎大吕
51633	荣宗耀祖
5164	刻鹄成鹜 济寒赈贫 鸿鶱凤立 勇往直前 游目骋怀
51641	含饴弄孙
51642	刻鹄成鹜 济寒赈贫 鸿鶱凤立 勇往直前 游目骋怀
5165	世家大族 世界石油 浊者自浊 命蹇时乖 外宽内深
51651	命蹇时乖 从容自若 偷安旦夕 傲睨自若
51652	浊者自浊 满头大汗 清者自清 汉官威仪
51653	世家大族 世界石油 外宽内深 迁客骚人
5166	外宽内明 通宵达旦 人老珠黄 贯颐奋戟 仙姿玉貌
51661	人老珠黄 仙姿玉貌
51662	通宵达旦 贯颐奋戟
51663	外宽内明
5167	入室昇堂 人老成精 蒿目时艰 过目成诵
51671	入室昇堂 人老成精
51672	过目成诵
51673	蒿目时艰
5168	像是 浓郁 带有 伤害自己 深宅大院
51681	像是 伤害自己
51682	浓郁 深宅大院 鸿鶱凤逝 溘先朝露
51683	带有 外冷内热 外宽内忌
5169	荣耀 世界大战 激进左翼 深思远虑 牟取暴利
51691	众目昭彰 仙姿玉色 仙姿玉质
51692	激进左翼 深思远虑 牟取暴利
51693	荣耀 世界大战
517	世界观 创造力
5171	演讲 九次第定 贯鱼之次 莼鲈之思 伐冰之家
51711	伐冰之家
51712	演讲 九次第定 贯鱼之次
51713	莼鲈之思
5172	通家之好 油头粉面 河鱼之疾
51722	通家之好 油头粉面 河鱼之疾
5173	带回 世界观 世界之窗 世界之树 便宜行事
51731	便宜行事 坐井观天
51733	带回 世界观 世界之窗 世界之树 世界第一
5174	世界各地 刻鹄类鹜 敬畏之心 鸿鹄之志 池鱼之殃
51741	入孝出悌 入孝出弟
51742	刻鹄类鹜 鸿鹄之志 池鱼之殃 九五之尊
51743	世界各地 敬畏之心
5175	作了 创造力 仰卧起坐 从宽发落
51751	作了 创造力 仰卧起坐 从宽发落
5176	沉默 作出 演出 世界之大 人微言贱
51761	作出 人微言贱
51762	沉默 演出
51763	世界之大 放牛归马
5177	从头说起 蓬头跣足 修饰边幅
51771	从头说起 修饰边幅
51773	蓬头跣足
5178	世界之巅 拿得出手
51781	拿得出手
51783	世界之巅
5179	带走 佛头加秽 迁思回虑 人微言轻 池鱼笼鸟
51791	佛头加秽 人微言轻
51792	池鱼笼鸟
51793	带走 迁思回虑
5181	学院 勇冠三军 合眼摸象
51811	合眼摸象
51812	学院 勇冠三军
5182	人头攒动 人靠衣装 藏头露尾 河鱼腹疾
51821	人头攒动 人靠衣装
51822	河鱼腹疾
51823	藏头露尾
5183	洗耳拱听 人定胜天 全军覆灭 惹灾招祸 人取我与
51831	人定胜天 全军覆灭 人取我与
51832	洗耳拱听
51833	惹灾招祸
5184	坐完月子 法家拂士 傻得要死 全取三分 清宫除道
51841	坐完月子 傻得要死 全取三分
51842	法家拂士 清宫除道
5185	传宗接代 满头雾水 全军覆没
51851	传宗接代 全军覆没
51852	满头雾水
5186	偶然 值得拥有 花容月貌
51861	偶然 值得拥有
51863	花容月貌
5187	入室升堂 带减腰围 贯彻执行 满头白发 入室操戈
51871	入室升堂 入室操戈
51872	贯彻执行 满头白发
51873	带减腰围
5188	舒头探脑 举鼎拔山 泪眼朦胧
51881	舒头探脑
51882	举鼎拔山 泪眼朦胧
5189	作用 优先接种 洪都拉斯 生物工程 花容失色
51891	作用 优先接种
51892	洪都拉斯
51893	生物工程 花容失色
519	世界上 做得到
5191	深受
51912	深受
5192	苫眼铺眉 法律顾问 从头到尾 重男轻女 温得和克
51921	从头到尾 佛靠金装 从头至尾 含冤受屈 含冤负屈
51922	法律顾问 温得和克 洞察其奸
51923	苫眼铺眉 重男轻女
5193	世界上 带上 作战 世界和平 芒寒色正
51931	作战 人头畜鸣
51933	世界上 带上 世界和平 芒寒色正 蕤宾铁响
5194	洞察秋毫
51942	洞察秋毫
5195	深夜 深度 作者署名 创先争优 蓬头厉齿
51951	作者署名 创先争优 仁者爱人
51952	深夜 深度 浪得虚名
51953	蓬头厉齿 外御其侮 蓬头历齿
5196	觉醒 优先原则
51961	优先原则
51962	觉醒
5197	浑身 带到 学历 学到 做得到
51971	做得到 保家卫国 从容应对
51972	浑身 学历 学到
51973	带到
5198	藏头亢脑 从头到脚 蒙头转向 淡写轻描
51981	从头到脚
51982	淡写轻描
51983	藏头亢脑 蒙头转向
5199	学习 偶尔 营销 渺小 世界秩序
51991	偶尔
51992	学习 渺小 游目四顾 鸿案鹿车
51993	营销 世界秩序
521	鸿门宴 舍不得
5211	港姐冠军 涉及宗教 偷媚取容 鸿飞冥冥 人来客往
52111	偷媚取容 人来客往
52112	港姐冠军 涉及宗教 鸿飞冥冥
5212	侵害 浮云富贵 没来得及 倚强凌弱 沉疴宿疾
52121	侵害 倚强凌弱
52122	浮云富贵 没来得及 沉疴宿疾
5213	深层次 刻不容松
52132	深层次 刻不容松
5214	法不容情 刻不容缓 人来客去 法不徇情
52141	人来客去
52142	法不容情 刻不容缓 法不徇情
5215	世界 世家 企业家 藏怒宿怨 人不聊生
52151	企业家 人不聊生
52153	世界 世家 藏怒宿怨
5216	低头 鸿门宴 念头 舍不得 劳动者
52161	低头 念头 舍不得 舍得 做完
52162	鸿门宴 刻不待时
52163	劳动者 名贸实易
5217	创业实践 生动实践 沉静寡言
52171	创业实践
52172	沉静寡言
52173	生动实践
5218	淡定 汗青头白 多如牛毛
52182	淡定 汗青头白
52183	多如牛毛
5219	做饭 涉及资金 流动资金 坐不安席
52191	做饭 坐不安席
52192	涉及资金 流动资金
522	从来不 萤火虫
5221	洗眉刷目 若敖鬼馁 舒眉展眼 浓妆艳饰
52211	舒眉展眼
52212	洗眉刷目 浓妆艳饰
52213	若敖鬼馁
5222	从来不 萤火虫 假痴不癫 借尸还魂 人间烟火
52221	从来不 假痴不癫 借尸还魂 人间烟火 人不如故
52222	沉疴痼疾 学如不及
52223	萤火虫 敬业乐群 苦尽甜来
5223	假如 倔强 苍蝇不叮 名留青史 施展不开
52231	假如 倔强
52233	苍蝇不叮 名留青史 施展不开 暮云春树 千古不朽
5224	做好 假装 生不如死 深表遗憾 混乱不堪
52241	做好 假装 何乐不为
52242	深表遗憾 混乱不堪
52243	生不如死 邪门歪道 苦乐不均
5225	汤姆 沙门氏菌 重症病例 涉及交通 外交辞令
52251	入邦问俗 今不如昔 休克疗法 余怒未消 从来不会
52252	汤姆 沙门氏菌 涉及交通 法不责众 浩如烟海
52253	重症病例 外交辞令 方来未艾 薪尽火传
5226	世间 借书留真 桀骜不驯 满面春风 学书不成
52261	借书留真
52262	满面春风 学书不成
52263	世间 桀骜不驯
5227	活动 流动 洪炉燎发 洽闻强记 汗不敢出
52271	入门问讳
52272	活动 流动 洪炉燎发 洽闻强记 汗不敢出
5228	舒适 湖北 葛屦履霜 浓装艳抹 汤烧火热
52281	舒适 从来不用
52282	湖北 浓装艳抹 汤烧火热 浓妆艳抹 浓妆艳服
52283	葛屦履霜 放火烧山 重如泰山
5229	命辞遣意 菲尼克斯 名门闺秀 千古不变 名闻遐迩
52291	命辞遣意
52293	菲尼克斯 名门闺秀 千古不变 名闻遐迩 惹火烧身
523	放不下 化妆品
5231	名不副实 千古一律 倒不一定 生动形象
52311	倒不一定
52313	名不副实 千古一律 生动形象
5232	停不下来 外强中瘠 漏尽更阑 滥杀无辜 千娇百媚
52321	停不下来 伤及无辜 倒屣相迎 人寿年丰 贪蛇忘尾
52322	漏尽更阑 滥杀无辜 水火无交
52323	外强中瘠 千娇百媚 千疮百痍
5233	清楚 做事 做梦 贪婪 世事
52331	做事 做梦 贪婪 化妆品 做好事
52332	清楚 流氓 海阔天空 泽及枯骨
52333	世事 蔓引株求 外强中干
5234	艺术 世贸中心 会展中心 人间正道 千疮百孔
52341	会展中心 人间正道 借面吊丧
52342	水火无情 清静无为 海阔天高 漠不相关 涤故更新
52343	艺术 世贸中心 千疮百孔 千古一帝 千状万端
5235	涉及政治 涉及社会 水门事件 借古喻今 蒙娜丽莎
52351	借古喻今 从未见过 人面桃花
52352	涉及政治 涉及社会 水门事件 治病救人
52353	蒙娜丽莎 名门望族 荒郊野外 迁怒于人 草间求活
5236	今天 会员 低于 重症中暑 千状万态
52361	今天 会员 低于 伯乐相马
52362	海北天南
52363	重症中暑 千状万态 蓼虫忘辛 千门万户 千古一时
5237	债权 侵权 莫展一筹 泼妇骂街 人间天堂
52371	债权 侵权 人间天堂 坐不窥堂
52372	泼妇骂街
52373	莫展一筹
5238	今年 流年 仰望 苍蝇见血 荒郊野岭
52381	今年 仰望 华不再扬
52382	流年
52383	苍蝇见血 荒郊野岭
5239	放不下 低下 演奏一曲 杂乱无章 杂乱无序
52391	低下 人间天上
52392	演奏一曲 杂乱无章 杂乱无序 深不见底
52393	放不下 千古一辙
524	俱乐部 过不去
5241	活着 含着 清单 做着
52411	含着 做着
52412	活着 清单
5242	低声 含义 涉及商业 住建部门 沉灶产蛙
52421	低声 含义 住建部门
52422	涉及商业 沉灶产蛙
5243	俱乐部 创业商机 齰舌缄唇 人间美味 千古绝唱
52431	俱乐部 创业商机 人间美味 仰不愧天
52432	添丁增口
52433	齰舌缄唇 千古绝唱 生不逢辰
5244	舒适愉悦 入阁登坛 傻不愣登 拿来主义 漠不关心
52441	舒适愉悦 入阁登坛 傻不愣登 拿来主义 人面兽心
52442	漠不关心 漫不经心 游闲公子
5245	会给 过不去 流动性 代表性 企业单位
52451	会给 代表性 企业单位 人妖殊途 人鬼殊途
52452	过不去 流动性 深耕细作
5246	人间地狱 生杀予夺 化敌为友 生不逢时 满面红光
52461	人间地狱 化敌为友
52462	满面红光
52463	生杀予夺 生不逢时 藏弓烹狗
5247	债务 著书立说 创业维艰 苦不堪言 激动死了
52471	债务 创业维艰 修辞立诚
52472	激动死了
52473	著书立说 苦不堪言 千古绝调
5248	世纪 泥土 人不为己 水来土掩 婆媳关系
52481	人不为己 仁浆义粟
52482	泥土 水来土掩 婆媳关系 游云惊龙
52483	世纪
5249	苦恼 今北京市 豕交兽畜 深表歉意 漫不经意
52491	今北京市 豕交兽畜
52492	深表歉意 漫不经意
52493	苦恼 生张熟魏
525	会不会 能不能
5251	流泪 低沉 清洗 值不值得 带来伤害
52511	低沉 值不值得 舍不舍得 全面贯彻 代表人物
52512	流泪 清洗 没眉没眼
52513	带来伤害
5252	淡淡 会不会 清澈 苦苦 乖乖
52521	会不会 倚姣作媚 体弱多病 仪静体闲 仰屋著书
52522	淡淡 清澈 游蜂浪蝶 浪蝶游蜂
52523	苦苦 乖乖 荼毒生灵 荡妇淫娃
5253	作育人材 众好众恶 外来人口 从业人员 劳动人民
52531	作育人材 众好众恶 从业人员
52533	外来人口 劳动人民
5254	做法 做个 流浪 伙伴 世俗
52541	做法 做个 伙伴 伺候 保不住
52542	流浪 清洁 游来游去 涉及领域 漂不漂亮
52543	世俗
5255	淡漠 汹涌 放辟淫侈 名门世族 满舌生花
52551	命运多舛 人不像人 倔强倨傲 侯门似海
52552	淡漠 汹涌 满舌生花 海不波溢 浓烟滚滚
52553	放辟淫侈 名门世族 方不方便 放辟邪侈 茹古涵今
5256	健全 流传 会不会是 从来没有 人丁兴旺
52561	健全 会不会是 从来没有 人丁兴旺 倚门傍户
52562	流传 活灵活现 浮云蔽日 台阁生风
52563	蓬门荜户 苌弘化碧 放屁添风
5257	做人 今生 流水 流淌 世人
52571	做人 今生 创始人 信不信 坐不住了
52572	流水 流淌 消毒湿巾 涉嫌酒驾 允不允许
52573	世人 苦涩 莺飞草长
5258	能不能 做过 愈来愈 坐不住的 生灵涂炭
52581	做过 愈来愈 坐不住的 停云落月 使臂使指
52582	能不能 举如鸿毛 沉不住气 浓妆淡抹 淡妆浓抹
52583	生灵涂炭
5259	激素依赖 愈来愈少 人烟浩穰 俭故能广 俾昼作夜
52591	愈来愈少 人烟浩穰 俭故能广 俾昼作夜 坐不重席
52592	激素依赖 润屋润身
526	没问题 莫不是
5261	今晚 人不自安 低眉顺眼 溃不成军 浓眉大眼
52611	今晚 人不自安 低眉顺眼
52612	溃不成军 浓眉大眼
52613	方面大耳
5262	清风 做成 涉及专业 涉及医疗 滞留时间
52621	做成 人强马壮
52622	清风 涉及专业 涉及医疗 滞留时间 浪蝶狂蜂
52623	外弛内张 千古奇闻
5263	清晰 清晨 清理 流量 治疗时机
52631	合适时机 仰面朝天 人间凡品
52632	清晰 清晨 清理 流量 治疗时机
52633	生杀大权
5264	健在 活在 流光 会不知道 人面狗心
52641	健在 会不知道 人面狗心
52642	活在 流光 深表同情 温故知新 泣不成声
52643	草蛇灰线 怨女旷夫
5265	流星 沉痼自若 从未有过 薄弱环节 名牌大学
52651	从未有过 倚门卖俏
52652	流星 沉痼自若 通古博今
52653	薄弱环节 名牌大学
5266	湖南 萧瑟 世间所有 悠闲自在 坐北朝南
52661	悠闲自在 坐北朝南
52662	湖南
52663	萧瑟 世间所有
5267	今日 亿元 茁壮成长 共克时艰 今古奇观
52671	今日 亿元 今古奇观 入不敷出 作如是观
52672	没问题了 鸿业远图
52673	茁壮成长 共克时艰 千古独步
5268	会有 清明 含有 没问题 莫不是
52681	会有 含有 人不犯我
52682	清明 没问题 浮云朝露 满不在乎
52683	莫不是 燕瘦环肥
5269	侵犯 通古达变 作奸犯科 满不在意
52691	侵犯 作奸犯科
52692	通古达变 满不在意
527	劳动力 代表团
5271	涉及国家 名不符实 涎眉邓眼 倘来之物 满面笑容
52711	倘来之物 傥来之物
52712	涉及国家 涎眉邓眼 满面笑容
52713	名不符实 巷尾街头
5272	会长 做不出来 若敖之鬼 全面发展 拿不出来
52721	会长 做不出来 全面发展 拿不出来
52723	若敖之鬼
5273	会儿 水火之中 化痰止咳 货不对板 共青团员
52731	会儿 化痰止咳 货不对板
52732	水火之中 没那回事
52733	共青团员 方凿圆枘
5274	会议 会说 做不了主 花不出去 渺不足道
52741	会议 会说 做不了主
52742	渺不足道
52743	花不出去
5275	做了 活力 会了 会对 活了
52751	做了 会了 会对 入火赴汤 借古讽今
52752	活力 活了 游乐设施 泥古非今 海屋筹添
52753	劳动力 莫敢谁何
5276	做出 会计 估计 低调 流出
52761	做出 会计 估计 低调 代表团
52762	流出
52763	蓬门筚户
5277	假设 深居简出 涉及诉讼 仪表堂堂 沉疴难起
52771	假设 仪表堂堂
52772	深居简出 涉及诉讼 沉疴难起
5278	苦笑 苦难 做起 惹不起 拿不出手
52781	做起 拿不出手
52782	深闭固拒
52783	苦笑 苦难 惹不起
5279	会让 流行 沓来踵至 伤春悲秋 范张鸡黍
52791	会让 伤春悲秋 伤弓之鸟
52792	流行 沓来踵至 漫不加意
52793	范张鸡黍 多故之秋
5281	劳动改造 信及豚鱼 游辞巧饰 你来我往 人弃我取
52811	信及豚鱼 你来我往 人弃我取
52812	游辞巧饰
52813	劳动改造
5282	傲雪 坐不改姓 法不阿贵 传闻异辞 水尽鹅飞
52821	傲雪 坐不改姓 传闻异辞
52822	法不阿贵 水尽鹅飞 水火兵虫
5283	涉及技术 人强胜天 傻不拉叽 益寿延年 合不拢嘴
52831	人强胜天 傻不拉叽 合不拢嘴
52832	涉及技术 益寿延年 泪如雨下 汗如雨下
52833	重门击柝
5284	重装系统
52843	重装系统
5285	泥古拘方 荣古陋今 泪如泉滴 举不胜举 企业文化
52851	企业文化 借交报仇
52852	泥古拘方 泪如泉滴 举不胜举 泪如泉涌 济弱扶倾
52853	荣古陋今 放刁把滥 放刁撒泼
5286	会把 假的 淡然 营业执照 拿云攫石
52861	会把 假的 拿云攫石 人尽皆知
52862	淡然
52863	营业执照 若卵投石
5287	流露 花好月圆 便辞巧说 作嫁衣裳 多不胜数
52871	便辞巧说 作嫁衣裳
52872	流露
52873	花好月圆 多不胜数
5288	流逝 华屋山丘 荡魂摄魄 拿云握雾 拿云捉月
52881	华屋山丘 拿云握雾 拿云捉月 低眉折腰
52882	流逝 鸿飞霜降
52883	荡魂摄魄 若不胜衣
5289	舒服 清脆 涉及隐私 从那以后 鸿飞雪爪
52891	舒服 从那以后
52892	清脆 涉及隐私 鸿飞雪爪 溜门撬锁 沿门托钵
529	湖北省 河北省
5291	苍蝇采蜜 名不虚得 鸿运当头 人烟稠密 人来车往
52911	人烟稠密 人来车往
52912	鸿运当头 能不称官
52913	苍蝇采蜜 名不虚得 敬如上宾
5292	健康 偷闲躲静 济弱锄强 人云亦云 体育锻炼
52921	健康 偷闲躲静 人云亦云 体育锻炼 倩女离魂
52922	济弱锄强 洞烛其奸
52923	苦尽甘来
5293	世上 流程 今后 会上 鸿函钜椟
52931	今后 会上 供不应求 倒不至于
52932	流程 鸿函钜椟
52933	世上 邪不压正 茅屋采椽
5294	从始至终 名不虚立 名卿钜公 人尽可夫 华屋秋墟
52941	从始至终 人尽可夫 华屋秋墟
52943	名不虚立 名卿钜公
5295	今夜 涉及利益 命不久矣 从古至今 从古到今
52951	今夜 命不久矣 从古至今 从古到今 俗不可耐
52952	涉及利益 深不可测 洗尽铅华 泣不可仰
52953	名不虚传 荣古虐今 千古罪人
5296	清醒 流转 清香 位不期骄 人尽其才
52961	位不期骄 人尽其才 俗不可医
52962	清醒 流转 清香
5297	做到 涉及到了 汇丰银行 淫辞秽语 作壁上观
52971	做到 作壁上观 傲不可长 令不虚行
52972	涉及到了 汇丰银行 淫辞秽语
52973	苦不可言
5298	湖北省 河北省 多云转阴 人尽其用 洪炉点雪
52981	人尽其用 使蚊负山
52982	湖北省 河北省 洪炉点雪
52983	多云转阴
5299	生育意愿 沓来麕至 人烟稀少 艺不压身
52991	人烟稀少
52992	沓来麕至
52993	生育意愿 艺不压身
531	低下头 艺术家
5312	伤害 方案 保安 旋律 浅见寡闻
53121	伤害 保安
53122	浅见寡闻 鸠形鹄面
53123	方案 旋律 花开富贵 千年老妖 荷枪实弹
5313	便宜 苹果 混口饭吃 洪福齐天
53131	便宜
53132	混口饭吃 洪福齐天
53133	苹果
5314	名字 草木愚夫 通天彻地 茫无头绪
53142	通天彻地
53143	名字 草木愚夫 茫无头绪
5315	他家 艺术家 人无完人 荆棘塞途
53151	他家 人无完人
53153	艺术家 荆棘塞途
5316	使得 低下头 参与者 亿万家财 演示实验
53161	使得 低下头 亿万家财 伤天害理 人亡物在
53162	参与者 演示实验 浮想联翩
53163	藏器待时
5317	体制 名额 参与实践 艺术实践 艺术资讯
53171	体制 体无完皮
53172	参与实践 勇于实践 学校教师
53173	名额 艺术实践 艺术资讯 千里餽粮
5318	但一定要 体无完肤 漫无目的 旗开得胜
53181	但一定要 体无完肤
53182	漫无目的
53183	旗开得胜
5319	节骨眼上
53193	节骨眼上
532	多年来 停下来
5321	保留 举棋不定 沉吟不决
53211	保留
53212	举棋不定 沉吟不决
5322	而不 台灯 深恶痛疾 滔天怒火 人亡邦瘁
53221	人亡邦瘁
53222	台灯 深恶痛疾 滔天怒火
53223	而不
5323	他问 溃于蚁穴 花里胡哨 浓桃艳李 方桃譬李
53231	他问 坐视不救
53232	溃于蚁穴 浓桃艳李 漫天飞舞 满嘴胡吣
53233	花里胡哨 方桃譬李 名标青史
5324	多年来 停下来 假想敌 伤痕 坐下来
53241	停下来 假想敌 伤痕 坐下来 拿来
53242	深恶痛绝 染神乱志 洞见症结
53243	多年来 重来 生于北京 荣辱不惊
5325	施展 伤痛 劳民动众 价格不菲 人民群众
53251	伤痛 价格不菲 人民群众
53252	学术交流
53253	施展 劳民动众 千万买邻
5326	方面 他妈 傲视群雄 人事不知 齿亡舌存
53261	他妈 傲视群雄 人事不知
53263	方面 齿亡舌存
5327	水中嬉戏 坐视不管 个中妙趣 放下屠刀 重复建设
53271	坐视不管 个中妙趣
53272	水中嬉戏 举无遗策
53273	放下屠刀 重复建设
5328	命运 合适 体育 勇于承担 千万不要
53281	命运 合适 体育 从恶如崩
53282	勇于承担 泣下如雨 泪下如雨
53283	千万不要 重于泰山 方正不阿
5329	千杯不醉 萧曹避席 水平如镜 流年不利 伊于胡底
53291	伊于胡底 人事不省 人事不醒
53292	水平如镜 流年不利 参辰卯酉
53293	千杯不醉 萧曹避席 花枝乱颤
533	深呼吸 艺术品
5331	而且 他想 停妻再娶 入骨相思 刻骨相思
53311	他想 停妻再娶 入骨相思
53312	刻骨相思
53313	而且 草本植物 千年一律
5332	深呼吸 敛骨吹魂 全副武装 何患无辞 从一开始
53321	敛骨吹魂 全副武装 何患无辞 从一开始
53322	深呼吸
53323	草木一春 千形万状 千里神交 千里无烟
5333	重视 艺术品 像神一样 千呼万唤 垂帘听政
53331	像神一样 舍本求末
53333	重视 艺术品 千呼万唤 垂帘听政 千穿万穿
5334	命中 名叫 海中 坐骨神经 命悬一线
53341	命中 坐骨神经 命悬一线
53342	海中 洞天福地 刻画无盐
53343	名叫 荆天棘地
5335	伤口 海里 侮辱 作弊事件 信口开合
53351	伤口 侮辱 作弊事件 信口开合 信口开河
53352	海里 溯本求源 学究天人 漫天开价 漫天叫价
53353	花样年华 荣辱与共 千村万落
5336	重复 满天繁星 名噪一时 重见天日 人亡政息
53361	人亡政息
53362	满天繁星
53363	重复 名噪一时 重见天日
5337	合格 生于中国 郐下无讥 流于形式 世事无常
53371	合格 郐下无讥 众口一词
53372	流于形式
53373	生于中国 世事无常 花样百出
5338	而无 千百年 贪求无已 今年年初 水天相接
53381	贪求无已 今年年初
53382	水天相接
53383	而无 千百年 孽根祸胎
5339	他也 而下 江天一色 水天一色 海枯见底
53391	他也 今年年底 人民政府 贪求无厌 贪婪无厌
53392	江天一色 水天一色 海枯见底 海天一色
53393	而下 若干年后 草木一秋 名下无虚 千里一曲
534	活下去 多年前
5341	拿着 名单 汉武帝 生辰八字 刻木为鹄
53411	拿着
53412	汉武帝 刻木为鹄
53413	名单 生辰八字 苦口逆耳
5342	名声 名义 创下纪录 溺于旧闻 没事就好
53421	创下纪录 人杰地灵
53422	溺于旧闻 没事就好
53423	名声 名义
5343	重新 个中缘由 刻木为吏 添枝增叶 淮橘为枳
53431	个中缘由
53432	刻木为吏 添枝增叶 淮橘为枳
53433	重新
5344	盒子 杂志 沮丧 修正主义 侦查终结
53441	盒子 修正主义 侦查终结 华夏子孙 众口纷纭
53442	杂志 沮丧 漫天盖地 兴灭继绝
53443	薰天赫地 茫无端绪
5345	而去 活下去 油瓶 而立 合并
53451	合并 伤亡惨重 入口即化 偎干就湿 贪吃懒做
53452	活下去 油瓶 学校声誉
53453	而去 而立 多样性 苦口良药 重望高名
5346	人穷志短
53461	人穷志短
5347	名为 千里结言 偶一为之
53471	偶一为之
53473	名为 千里结言
5348	多年前 全无心肝 含哺鼓腹
53481	全无心肝 含哺鼓腹
53483	多年前
5349	旋即 他就 伤心 优于预期 深更半夜
53491	他就 伤心 优于预期
53492	深更半夜
53493	旋即
535	债权人 全社会
5351	合作 命中注定 荆榛满目 位极人臣 流窜作案
53511	合作 命中注定 位极人臣 命里注定 传檄而定
53512	流窜作案 能吃能睡 刻画入微
53513	荆榛满目 苟且偷安
5352	他们 体会 合伙 他会 便会
53521	他们 体会 合伙 他会 便会
53522	演唱会 油嘴滑舌 贯穿今古 游响停云 渺无人烟
53523	董事会 生吞活剥 多嘴多舌 苦中作乐 荒无人烟
5353	方便 重重 使命 而他 重伤
53531	使命 体重 做一件事 从天而下 似模似样
53532	浅浅 油画艺术 染神刻骨 漫天蔽野 没事没事
53533	方便 重重 而他 重伤 草木俱朽
5354	方法 合法 海洋 方位 勇于创新
53541	合法 斗榫合缝 从一而终 人神共愤 作恶多端
53542	海洋 勇于创新 九天九地 刻骨仇恨
53543	方法 方位 花天酒地 千里莼羹 苦口婆心
5355	命令 旅游 保价 灌木丛 生于江苏
53551	命令 保价 全神贯注 人口众多 偏听偏信
53552	灌木丛 漫天过海 流年似水 水木清华 没里没外
53553	旅游 生于江苏 花样游泳 生于浙江 荆棘丛生
5356	保全 通无共有 劳民伤财 丛林法则 生机蓬勃
53561	保全 丛林法则
53562	通无共有
53563	劳民伤财 生机蓬勃
5357	他人 使人 伤人 海水 族人
53571	他人 使人 伤人 债权人 从严治党
53572	海水 汗水 海滩 学术会议 渺无人踪
53573	族人 而生 惹事生非 茂林修竹 莺啼燕语
5358	而过 体能 便能 多样化 伊丽莎白
53581	体能 便能 伊丽莎白 坐于涂炭 何年何月
53582	浃髓沦肌 消极怠工 泣下沾襟 洗髓伐毛
53583	而过 多样化 茫无涯际 芳年华月 草木萧疏
5359	台湾 使你 旅途 海外 沙里淘金
53591	使你 从中渔利 人见人爱 仰事俯畜 低唱浅斟
53592	台湾 海外 沙里淘金 没查没利 沉李浮瓜
53593	旅途 薮中荆曲
5361	勤奋 他真 通邑大都
53611	他真
53612	通邑大都
53613	勤奋
5362	合成 艺术大展 法无二门 人神同嫉 拿下马来
53621	合成 人神同嫉 拿下马来
53622	法无二门 海枯石烂
53623	艺术大展 芒刺在背 苦中有甜 千里犹面
5363	合同 重大 合理 体现 伤感
53631	合同 合理 体现 伤感 僵硬
53632	漫天遍野 泼天大祸
53633	重大 重量 千里骏骨
5364	而在 休息 保存 艺术硕士 会员专享
53641	休息 保存 会员专享 人中狮子 全无是处
53642	油画雕塑 参天两地 漫天遍地 通天达地 漫天匝地
53643	而在 艺术硕士 千年王八
5365	体内 体验 生也有涯 像形夺名 剑桥大学
53651	体内 体验 像形夺名 剑桥大学 人民大学
53652	滔天巨浪 满天星斗
53653	生也有涯 荆棘载途
5366	生机勃勃 通权达理 人穷智短 假一赔十 偏听则暗
53661	人穷智短 假一赔十 偏听则暗 豕突狼奔 人中骐骥
53662	通权达理
53663	生机勃勃 名正理顺 茫无所知 草木知威 藏形匿影
5367	仲裁 艺术博览 众望所归 通材达识 仰天大笑
53671	仲裁 众望所归 仰天大笑
53672	通材达识 漫天大谎 渺无影踪
53673	艺术博览
5368	便是 而是 他是 方才 他有
53681	便是 他是 他有 他所 他才
53682	参辰日月 水平有限 没想明白 兴味索然 浮一大白
53683	而是 方才 英年早逝 生机盎然 花下晒裈
5369	体贴 溥天同庆 落叶知秋 人无远虑 滔天大罪
53691	体贴 人无远虑
53692	溥天同庆 滔天大罪 通权达变
53693	落叶知秋 苍天在上
537	董事长 没事儿
5371	保管 蒲柳之姿 池中之物
53711	保管
53712	池中之物
53713	蒲柳之姿
5372	族长 董事长 溢于言表 方枘圜凿 消极因素
53722	溢于言表 消极因素
53723	族长 董事长 方枘圜凿 方枘圆凿
5373	保证 添加 而非 没事儿 董事监事
53731	保证 做一些事 仰天长啸 仰天长叹
53732	添加 没事儿 添枝加叶 深根固柢
53733	而非 董事监事 落叶归根
5374	他说 漆黑 做一辈子 千里之堤 参天贰地
53741	他说 做一辈子
53742	漆黑 参天贰地 混吃等死 学无止境 漫无止境
53743	千里之堤 苟且之心 耍嘴皮子 千里之志
5375	他对 拿了 伤了 体力 重中之重
53751	他对 拿了 伤了 体力 人材出众
53752	没听说过 九年之蓄
53753	重中之重 落下帷幕 生根发芽 千里之任
5376	拿出 荒野之息 名正言顺 信口雌黄 渺无踪影
53761	拿出 信口雌黄
53762	渺无踪影 深中肯綮
53763	荒野之息 名正言顺
5377	涩于言论 世事难料 千里之行 千里迢迢 众口难调
53771	众口难调
53772	涩于言论
53773	世事难料 千里之行 千里迢迢 千里之足
5378	方式 拿起 而起 使劲 学术论文
53781	拿起 使劲 人中之龙 贪天之功 剑树刀山
53782	学术论文 漫无边际
53783	方式 而起 茫无边际
5379	而言 旅行 而又 而行 拿走
53791	拿走 倒悬之急 倒悬之危
53792	滔天之罪
53793	而言 旅行 而又 而行 多事之秋
538	人民币
5381	斗气 学术报告 凭空捏造 惹祸招灾
53811	斗气 凭空捏造
53812	学术报告
53813	惹祸招灾
5382	重要 学校毕业 花枝招展 多年以来 今年以来
53821	今年以来
53822	学校毕业
53823	重要 花枝招展 多年以来 蓝天白云 生栋覆屋
5383	参与摇号 泥中隐刺 坐吃山空 个中三味 添枝接叶
53831	坐吃山空 个中三味 人一己百
53832	参与摇号 泥中隐刺 添枝接叶 过桥抽板 寸木岑楼
53833	迁于乔木
5384	保持 而已 体系 施工 过一阵子
53841	保持 体系 入木三分 传神阿堵
53842	过一阵子 漫天掩地 刻骨崩心 浪里白条 沸天震地
53843	而已 施工 花样翻新 惹祸招殃
5385	保险 台阶 伤势 漫天要价 清丽脱俗
53851	保险 伤势
53852	台阶 漫天要价 清丽脱俗
5386	他的 保护 方向 他把 萨格勒布
53861	他的 保护 他把 人中龙凤 偷天换日
53862	溜须拍马 举枉措直
53863	方向 萨格勒布 劳民费财
5387	人民币 惹事招非 多口阿师 修桥补路 惹祸招愆
53871	人民币 修桥补路
53872	泪干肠断
53873	惹事招非 多口阿师 惹祸招愆
5388	使我 而这 而我 水中捞月 坐吃山崩
53881	使我 坐吃山崩 傲骨嶙嶙
53882	水中捞月 海中捞月 九天揽月 贯朽粟陈 海啸山崩
53883	而这 而我 草木皆兵 墓木已拱 千里鹅毛
5389	使用 保障 他用 勇于接受 苏亚雷斯
53891	使用 保障 他用 你唱我和 人中龙虎
53892	勇于接受 贯朽粟腐 泮林革音
53893	苏亚雷斯 千棰打锣 苏格拉底 多年以后
539	没想到 多一点
5391	名副其实 仁民爱物
53911	仁民爱物
53913	名副其实
5392	斗争 荡析离居
53921	斗争
53923	荡析离居
5393	重点 台上 而后 旅程 海上
53931	亿万斯年
53932	台上 海上 举一废百
53933	重点 而后 旅程 多一点 苍松翠柏
5394	而至 荔枝角道 沉吟章句 刻骨铭心 幕天席地
53942	沉吟章句 刻骨铭心 刻骨镂心 溥天率土
53943	而至 荔枝角道 幕天席地
5395	便可 方可 生于香港 染须种齿 方员可施
53951	便可
53952	染须种齿 泽吻磨牙 法无可贷 清正廉洁 渺无音信
53953	方可 生于香港 方员可施
5396	旋转 重庆 方针 生于四川 生于广州
53961	从无到有
53962	清正廉明
53963	旋转 重庆 方针 生于四川 生于广州
5397	没想到 拿到 便利 人民银行 倒也罢了
53971	拿到 便利 人民银行 倒也罢了
53972	没想到 渺无音讯 滔天罪行
53973	薄唇轻言
5398	保镖 举一反三
53981	保镖
53982	举一反三
5399	名称 做一点点 从下到上 众口铄金 生无可恋
53991	做一点点 从下到上 众口铄金 人百其身
53993	名称 生无可恋 花开四季
541	生产者
5411	低盐饮食 价高者得 仓颉造字 人心思定
54111	低盐饮食 价高者得 仓颉造字 人心思定
5412	法律 若丧考妣
54122	法律
54123	若丧考妣
5413	警告 敬畏 注册资本 浪子宰相 华亭鹤唳
54131	华亭鹤唳 倡条冶叶
54132	注册资本 浪子宰相
54133	警告 敬畏
5414	个字 警察 迁善塞违 清心寡欲 薄情寡义
54141	个字
54142	清心寡欲
54143	警察 迁善塞违 薄情寡义
5415	法官 佛慈制药 人声鼎沸 生性凉薄
54151	佛慈制药 人声鼎沸
54152	法官
54153	生性凉薄
5416	药物 个头 生产者 人情冷暖 贪夫徇财
54161	个头 人情冷暖 贪夫徇财
54163	药物 生产者
5417	创新实践 优柔寡断 仁柔寡断 人给家足
54171	创新实践 优柔寡断 仁柔寡断 人给家足
5418	注定 法定 放进 鸿商富贾 茧丝牛毛
54181	耸壑凌霄
54182	注定 法定 鸿商富贾
54183	放进 茧丝牛毛 多端寡要 莼羹鲈脍
5419	供给减少 毋为牛后 注册资金 浓情蜜意 渔翁得利
54191	供给减少 人心思变
54192	毋为牛后 注册资金 浓情蜜意 渔翁得利 通前彻后
54193	茶前饭后
5421	停留 参差不齐 全盘否定 温馨甜蜜 坐立不安
54211	停留 全盘否定 坐立不安 作声不得
54212	参差不齐 温馨甜蜜
5422	坐着不动 禽兽不如 坐怀不乱 千般不好 人心不古
54221	坐着不动 禽兽不如 坐怀不乱 人心不古 人心如面
54223	千般不好
5423	例如 法兰克福 参差不一 放心不下 入境问禁
54231	例如 入境问禁
54232	法兰克福 参差不一 寸地尺天
54233	放心不下 莫予毒也
5424	伪装 九死不悔 营养不良 傲慢不逊 从善如登
54241	伪装 傲慢不逊 从善如登 仁义君子
54242	九死不悔 酒绿灯红 寸土尺地 九死未悔
54243	营养不良
5425	放弃 深情故剑 从善如流 重新来过 生死不渝
54251	从善如流 人死留名 入境问俗 入乡问俗
54252	深情故剑 海立云垂
54253	放弃 重新来过 生死不渝
5426	含垢弃瑕 生死不明 生死不知 使羊将狼 他乡故知
54261	含垢弃瑕 使羊将狼 他乡故知 敛声屏息
54263	生死不明 生死不知
5427	修炼 举动 贪心不足 蔚为壮观 寸土不让
54271	修炼 贪心不足
54272	举动 寸土不让
54273	蔚为壮观
5428	水土不服 放纵不拘 沉心静气 敛声屏气 伟绩丰功
54281	敛声屏气 伟绩丰功
54282	水土不服 沉心静气 寸丝不挂
54283	放纵不拘
5429	坐公交车 油盐酱醋 像心如意 像心适意 生死未卜
54291	坐公交车 像心如意 像心适意
54292	油盐酱醋
54293	生死未卜 放纵不羁 生死不离 重心不稳 多快好省
543	杂志社 落地窗
5431	住地下室 世纪互联 含商咀徵 生殖器官 含商咀征
54311	住地下室 含商咀徵 含商咀征
54313	世纪互联 生殖器官
5432	滋味 入地无门 重新开始 洗垢求瘢
54321	入地无门
54322	滋味 洗垢求瘢
54323	重新开始
5433	注视 药品 世纪中叶 作为一只 名高天下
54331	作为一只 人去楼空 傲慢无礼
54332	注视 洗劫一空
54333	药品 世纪中叶 名高天下 千差万别
5434	放松 个中 杂志社 重逆无道 花红柳绿
54341	个中 任性妄为 低首下心
54342	杂志社 汗颜无地
54343	放松 重逆无道 花红柳绿 千丝万缕 名列榜首
5435	放开 生死与共 九死一生 水性杨花 梁孟相敬
54351	位高权重 传统社会 人欲横流 俯首听命 舍死忘生
54352	九死一生 水性杨花 梁孟相敬 刻舟求剑
54353	放开 生死与共 生死相依 共为唇齿
5436	位于 修复 药材 海纳百川 借坡下驴
54361	位于 修复 借坡下驴
54362	海纳百川 泥塑木雕 洗垢求瑕
54363	药材 茹柔吐刚
5437	修正 个别 生死相许 似曾相识 体规画圆
54371	修正 个别 似曾相识 体规画圆 会心一笑
54372	混为一谈 满纸空言
54373	生死相许 千红万紫 萧墙祸起
5438	落地窗 生产中的 洋为中用 生死相搏 萧规曹随
54381	低声下气 倾心吐胆
54382	洋为中用
54383	落地窗 生产中的 生死相搏 萧规曹随 生死相随
5439	放下 停下 贪惏无餍 旗鼓相当 灌夫骂座
54391	停下 贪惏无餍 价增一顾 贪欲无厌
54392	灌夫骂座 溺心灭质
54393	放下 旗鼓相当 千差万错
544	生孩子
5441	仔细 放着 孽子孤臣 仁义道德 生死关头
54411	仔细 仁义道德 传统美德 传经送宝 入土为安
54412	母慈子孝
54413	放着 孽子孤臣 生死关头
5442	注册 人心丧尽 敬终慎始 蓬首垢面
54421	人心丧尽
54422	注册
54423	敬终慎始 蓬首垢面
5443	法规 迁善去恶 注册商标
54432	法规 注册商标
54433	迁善去恶
5444	共享 修养 例子 生孩子 重商主义
54441	修养 例子 供给收缩 修心养性 伤心欲绝
54442	九垓八埏
54443	共享 生孩子 重商主义 共产主义 生关死劫
5445	个性 休声美誉 名列前茅 苦心经营 位列前茅
54451	个性 休声美誉 位列前茅 含垢纳污 俱收并蓄
54453	名列前茅 苦心经营 藏垢纳污
5446	警惕 活着就是 多情善感 人情练达 坐地分赃
54461	人情练达 坐地分赃
54462	活着就是
54463	警惕 多情善感
5447	修为 修士 供给增加 途经道路 低声细语
54471	修为 修士 供给增加 途经道路 低声细语
54473	苦心孤诣
5448	偷声细气 花拳绣腿 寸丝半粟
54481	偷声细气
54482	寸丝半粟
54483	花拳绣腿
5449	放心 共产 添盐着醋 激忿填膺 贪夫殉利
54491	贪夫殉利 众叛亲离 俗务缠身 人心惟危
54492	添盐着醋 激忿填膺 寸土必争 温柔敦厚
54493	放心 共产 蕙心纨质 蕙心兰质
545	个性化 蒲公英
5451	放学 体恤入微 名声过实 清新俊逸 荡产倾家
54511	体恤入微 倍道而进
54512	清新俊逸
54513	放学 名声过实 荡产倾家 劳心苦思
5452	蕴含 含垢藏疾 寸心千古 人情世故 沾亲带故
54521	含垢藏疾 人情世故 佩韦佩弦 人心浮动 仁心仁闻
54522	寸心千古 沾亲带故
54523	蕴含
5453	个体 注重 伴侣 警方 通忧共患
54531	个体 伴侣 凭城借一 仁心仁术
54532	注重 通忧共患 漫地漫天 治丝益棼 溢美溢恶
54533	警方
5454	个个 个例 恭敬 生死攸关 做着做着
54541	个个 个例 做着做着 偏乡僻壤 优良传统
54542	油亮油亮 染旧作新 涛声依旧 满坑满谷 满谷满坑
54543	恭敬 生死攸关 世纪佳缘 重情重义 世道人心
5455	法治 芬芳 学士学位 泥船渡河 澧兰沅芷
54551	何去何从 人心莫测 人心涣散 人情汹汹
54552	法治 学士学位 泥船渡河 澧兰沅芷 没着没落
54553	芬芳 重新做人 营养价值
5456	浪漫 蒲公英 坐着休息 休养生息 含垢藏瑕
54561	坐着休息 休养生息 含垢藏瑕 合情合理 入情入理
54562	浪漫 沾亲带友
54563	蒲公英
5457	个人 法人 参前倚衡 举善荐贤 伯埙仲篪
54571	个人 伯埙仲篪 传为佳话 倾城倾国 创新能力
54572	法人 参前倚衡 举善荐贤
54573	劳心劳力 草船借箭 莺声燕语
5458	放过 菩萨 个性化 水土流失 没心没肺
54581	个性化 人地生疏
54582	水土流失 没心没肺 没羞没臊
54583	放过 菩萨
5459	例外 世纪游轮 假公济私 全心全意 贪声逐色
54591	例外 假公济私 全心全意 贪声逐色 坐收渔利
54592	通前澈后 寸土寸金 台前幕后 洗心涤虑
54593	世纪游轮 若即若离 花心萝卜 夕惕若厉
546	潜规则
5461	兴奋 傍晚
54611	傍晚
54612	兴奋
5462	营养元素 澡垢索疵 节约时间 人约黄昏 化为灰烬
54621	人约黄昏 化为灰烬
54622	澡垢索疵 江郎才尽 洗垢索瘢
54623	营养元素 节约时间 名公巨卿
5463	共同 伟大 放大 生死肉骨 芝兰玉树
54631	伟大 保境息民
54633	共同 放大 生死肉骨 芝兰玉树 生死存亡
5464	放在 住在 从心所欲 含垢包羞 落地有声
54641	住在 从心所欲 含垢包羞 众志成城 人为财死
54643	放在 落地有声
5465	住房 生姜大蒜 生殖医学 世纪最佳 名公巨人
54651	住房 人心叵测
54652	游必有方
54653	生姜大蒜 生殖医学 世纪最佳 名公巨人 放纵驰荡
5466	浪码 法医 世纪左右 潜心专研 夕惕朝乾
54661	贪夫狥财 人高马大 含垢匿瑕 人贫智短
54662	浪码 法医 潜心专研 通情达理 洗垢匿瑕
54663	世纪左右 夕惕朝乾 外柔内刚
5467	法则 潜规则 营养医师 人心所归 蔚为大观
54671	人心所归
54672	法则 潜规则
54673	营养医师 蔚为大观 芳心暗许
5468	住所 共有 深圳医院 生死狙击 酒逢知己
54681	住所 命丧黄泉 斗志昂扬 倾盆大雨 人心所向
54682	深圳医院 酒逢知己 满城风雨 通商惠工 熊心豹胆
54683	共有 生死狙击 千夫所指 名声大振
5469	介绍景点 生死时速 世纪大战 世纪最后 贪夫狥利
54691	介绍景点 贪夫狥利 敛声匿迹 依违两可
54693	生死时速 世纪大战 世纪最后 暮鼓晨钟 迁善远罪
547	共产党 过去了
5471	兴趣 含垢忍耻 清规戒律 芝兰之室 坐立难安
54711	含垢忍耻 坐立难安 俯首帖耳
54712	兴趣 清规戒律 浪子回头 怠惰因循
54713	芝兰之室
5472	修长 世纪之交 生死之交 莫逆之交 洗心回面
54721	修长 入主出奴
54722	洗心回面
54723	世纪之交 生死之交 莫逆之交
5473	法师 个儿 侠义精神 迁善黜恶 浮声切响
54731	个儿 侠义精神 创新精神 低级趣味 含垢忍辱
54732	法师 浮声切响 沦为笑柄
54733	迁善黜恶 共产党员 千分之一 名高难副 而立之年
5474	停止 举办 仔细回忆 似懂非懂 满心欢喜
54741	停止 仔细回忆 似懂非懂 伐性之斧 舍旧谋新
54742	举办 满心欢喜
5475	住了 放了 过去了 停了 潜力
54751	住了 停了 坐地起价 伤心难过 传统观念
54752	过去了 潜力
54753	放了 生产力 生公说法
5476	法国 放出 偭规越矩 恭喜发财
54761	偭规越矩
54762	法国
54763	放出 恭喜发财
5477	共产党 千羊之皮 千夫诺诺 仁义之师 生死难料
54771	仁义之师 人情之常
54772	涓埃之力
54773	共产党 千羊之皮 千夫诺诺 生死难料
5478	举起 仪式 重新召集 重拳出击 人心归向
54781	仪式 人心归向 仁义之兵 代为说项
54782	举起
54783	重新召集 重拳出击
5479	举行 修行 世纪之战 染丝之变 荣幸之至
54791	修行
54792	举行 染丝之变 参商之虞
54793	世纪之战 荣幸之至 生死之战 名声籍甚
548	没关系 没必要
5481	法院 住院 津关险塞 劳心焦思 优孟衣冠
54811	住院 优孟衣冠
54812	法院 津关险塞
54813	劳心焦思
5482	没必要 洁白 传道授业 洗心革面 人心向背
54821	传道授业 人心向背
54822	没必要 洁白 洗心革面 汤去三面
54823	花残月缺
5483	低端手机 洗心换骨 海怀霞想 莎士比亚 花前月下
54831	低端手机 人心险恶 作善降祥 他乡异县
54832	洗心换骨 海怀霞想
54833	莎士比亚 花前月下
5484	修改 没关系 偎慵堕懒 泪迸肠绝 藏着掖着
54841	修改 偎慵堕懒 人心向善 人单势孤
54842	没关系 泪迸肠绝
54843	藏着掖着 生殖系统 放情丘壑
5485	举措 节约用水 满地找牙 清新脱俗 入乡随俗
54851	入乡随俗 你死我活 全情投入 传统文化 全盘西化
54852	举措 满地找牙 清新脱俗 江心补漏
54853	节约用水 迁善改过
5486	浪费 伴随 菩提 仗义疏财 演绎推理
54861	伴随 仗义疏财
54862	浪费 演绎推理 海约山盟
54863	菩提 重规迭矩 花颜月貌
5487	放手 仗义执言 合盘托出 苍颜白发 萧郎陌路
54871	仗义执言 合盘托出
54873	放手 苍颜白发 萧郎陌路
5488	没缝的蛋 营养指导 垂死挣扎 人心皇皇 含情脉脉
54881	人心皇皇 含情脉脉
54882	没缝的蛋 温情脉脉
54883	营养指导 垂死挣扎 生死抉择 放心托胆
5489	个月 莫为已甚 你情我愿 满盘皆输 全盘皆输
54891	个月 你情我愿 全盘皆输
54892	满盘皆输 过为已甚 九烈三贞
54893	莫为已甚
549	深圳市
5491	做志愿者 迁兰变鲍 若烹小鲜
54911	做志愿者
54913	迁兰变鲍 若烹小鲜
5492	停车 过关斩将 通首至尾 传道受业 会逢其适
54921	停车 传道受业 会逢其适
54922	过关斩将 通首至尾
54923	名公钜卿
5493	共和 放声歌唱 生死离别 合纵连横 傲慢少礼
54931	合纵连横 傲慢少礼
54933	共和 放声歌唱 生死离别
5494	注意 兴高采烈
54942	注意 兴高采烈
5495	世纪金源 河道整治 名公钜人 放心解体 夕死可矣
54951	从高到低
54952	河道整治 参差错落
54953	世纪金源 名公钜人 放心解体 夕死可矣 重义轻生
5496	位置 供给质量 坐地铁时 漫条斯理 坐享其成
54961	位置 供给质量 坐地铁时 坐享其成 化为乌有
54962	漫条斯理
54963	重义轻财 恭逢其盛
5497	放到 深圳市 鸿翔鸾起 低级错误 深情厚谊
54971	低级错误
54972	深圳市 鸿翔鸾起 深情厚谊
54973	放到 生死轮回
5498	法庭 何必当初 多退少补
54981	何必当初
54982	法庭
54983	多退少补
5499	波兰斯基 通前至后 像心称意 激情四射 颔首致意
54991	像心称意 颔首致意 修旧利废
54992	波兰斯基 通前至后 激情四射
54993	名缰利锁 苦心积虑
551	全世界 佼佼者
5511	落实 英勇牺牲 清淡饮食 清清凉凉 举世瞩目
55111	任人宰割 令人瞩目 令人瞠目 作何决定 令人目眩
55112	清淡饮食 清清凉凉 举世瞩目 漂母进饭 洪涝灾害
55113	落实 英勇牺牲 生众食寡 苟合取容
5512	令人头疼 荣华富贵 令人安慰 重作冯妇 济世安邦
55121	令人头疼 令人安慰
55122	济世安邦
55123	荣华富贵 重作冯妇
5513	多次 学生资助 人生目标 令人赞叹 济世安民
55131	人生目标 令人赞叹
55132	学生资助 济世安民
55133	多次 菜过五味
5514	从容 舍生取义 贪生畏死 沉沉睡去 作何准备
55141	从容 舍生取义 贪生畏死 作何准备 令人害怕
55142	沉沉睡去 澹泊寡欲
5515	全世界 苍老 深海鱼油 济世安人 鸿俦鹤侣
55151	全世界 含苞待放 人多眼杂
55152	深海鱼油 济世安人 鸿俦鹤侣 沧浪老人 清汤寡水
55153	苍老 落落寡合
5516	从头 佼佼者 化合物 污染物 世俗眼光
55161	从头 佼佼者 化合物 做过实验 体外循环
55162	污染物 鸿消鲤息 波澜老成
55163	世俗眼光
5517	领取 游客 注重实践 浙江鼎力 汉人煮箦
55171	领取
55172	游客 注重实践 浙江鼎力 汉人煮箦 汪洋恣肆
55173	落落寡欢 重信守诺
5518	价值取向 作何选择 花丛老手
55181	价值取向 作何选择
55183	花丛老手
5519	淘沙取金 淘沙得金 洋洋得意 从今往后 茶余饭后
55191	从今往后
55192	淘沙取金 淘沙得金 洋洋得意
55193	茶余饭后
552	人世间 传染病
5521	从未 水生动物 仰人眉睫 令人动容 令人不安
55211	从未 仰人眉睫 令人动容 令人不安 华而不实
55212	水生动物 涕泗交颐
5522	从不 邻居 深水炸弹 海水群飞 熊熊怒火
55221	从不 邻居 侃侃訚訚 含蓼问疾 信而好古
55222	深水炸弹 海水群飞 熊熊怒火 波澜壮阔 寸草不留
55223	勤学好问 方寸不乱
5523	传染病 涕泗交下 念念不忘 人生如棋 人生如梦
55231	传染病 念念不忘 人生如棋 人生如梦 令人遐想
55232	涕泗交下 没世不忘 没齿不忘 没而不朽 湛湛青天
55233	名垂青史 莫余毒也 耐人寻味 垂名青史
5524	从来 多好 澄江如练 津津乐道 停滞不前
55241	从来 停滞不前 人流如织 令人痛心 令人不快
55242	澄江如练 津津乐道 滔滔不绝 波澜不惊 游人如织
55243	多好 草创未就
5525	涉世未深 依依不舍 龃龉不合 添油炽薪 滴水不漏
55251	依依不舍 价值不菲 令人不齿 人淡如菊 从令如流
55252	涉世未深 添油炽薪 滴水不漏 举世闻名 水泄不通
55253	龃龉不合 方兴未艾 方滋未艾
5526	满面 人世间 多方面 方便面 江苏泰州
55261	人世间 做作业时 合浦还珠 傍人门户
55262	满面 江苏泰州 漏泄春光 温润如玉 寸草春晖
55263	多方面 方便面 生命不息 生生不息
5527	治疗 涌动 法治建设 源源不断 优游不断
55271	优游不断 仅仅如此
55272	治疗 涌动 法治建设 源源不断 学艺不精
55273	生花妙笔 菽水承欢
5528	涕泪交集 深藏不露 深信不疑 生生不已 涕泪交零
55281	耸入云霄 含而不露
55282	涕泪交集 深藏不露 深信不疑 涕泪交零 水深火热
55283	生生不已 垂涎不已 放浪不拘 方兴未已
5529	涓涓不壅 河清云庆 令人不解 僧多粥少 放荡不羁
55291	令人不解 僧多粥少 倜傥不羁 债多不愁 人多阙少
55292	涓涓不壅 河清云庆 淋漓尽致 流水不腐 学而不厌
55293	放荡不羁 放浪不羁 苗而不秀 落汤螃蟹 齿牙春色
553	生活中 生命中
5531	多想 水生植物 沧海一鳞 依流平进 令人喷饭
55311	依流平进 令人喷饭 令人神往 人浮于食
55312	水生植物 沧海一鳞 漂泊无定 渴而穿井 水清无鱼
55313	多想 荒淫无耻
5532	从哪 演艺事业 人怨神怒 人怨天怒 敛怨求媚
55321	从哪 人怨神怒 人怨天怒 敛怨求媚 令人咋舌
55322	演艺事业 没没无闻 举世无敌 湮没无闻 泼油救火
55323	千人一面 千汇万状 名垂万古
5533	从事 多事 董事 像水一样 过渡一下
55331	从事 像水一样 供过于求 伏而咶天 人浮于事
55332	过渡一下 深入骨髓 能漂一邑 亥豕相望 没世穷年
55333	多事 董事 方方正正 龇牙咧嘴 千仞无枝
5534	生活中 生命中 从中 供述 合作社
55341	从中 供述 合作社 人生中 舍生忘死
55342	演艺中心 浩渺无垠 流水无情 济河焚舟
55343	生活中 生命中 散落一地 藉草枕块 萍水相逢
5535	花开 借口 生命里 生活里 生活事件
55351	借口 创伤事件 含英咀华 代代相传 含菁咀华
55352	注重礼仪 流水桃花 济世救人 沧海横流 流芳百世
55353	花开 生命里 生活里 生活事件 千龄万代
5536	落叶 莫过于 仅仅只是 苦苦求索 佐治亚州
55361	仅仅只是 佐治亚州 佳偶天成
55362	滴水穿石
55363	落叶 莫过于 苦苦求索 千依百顺 名重一时
5537	价格 借助 著作权 举世无双 法海无边
55371	价格 借助 从今天起 低人一等 人人平等
55372	举世无双 法海无边 济济一堂 漏洞百出 勇而无谋
55373	著作权 生而平等 莫过于此 千方百计 落花无言
5538	多年 放浪无拘 千水万山 学贯中西 人人喊打
55381	人人喊打 令人叹服 坐薪悬胆
55382	学贯中西 沧海一粟 沆瀣一气
55383	多年 放浪无拘 千水万山 节节攀升 劳而无功
5539	落下 坐下 英勇事迹 清澈见底 海涯天角
55391	坐下 假途灭虢
55392	清澈见底 海涯天角 没世无称
55393	落下 英勇事迹 荒淫无度 外合里应 放浪无羁
554	渐渐地 深深地
5541	坐着 借着 领悟 做过兼职 学生兼职
55411	坐着 借着 领悟 做过兼职 令人心寒
55412	学生兼职
55413	落袋为安 勤学善思 落草为寇
5542	多情 汗流夹背 重修旧好 令人心痛 劳燕分飞
55421	令人心痛 人莫予毒
55422	汗流夹背 母凭子贵 熊熊烈火
55423	多情 重修旧好 劳燕分飞 草草收尾
5543	付款 九条 落地 借款 渐渐地
55431	付款 借款 令人惊叹 人命关天 合而为一
55432	九条 渐渐地 满地 深深地 河伯为患
55433	落地 生命线 重温旧梦
5544	仇恨 俊朗 仔仔细细 演艺经纪 浙江嘉善
55441	仇恨 俊朗 仔仔细细 命薄缘悭 似水柔情
55442	演艺经纪 浙江嘉善 济苦怜贫 浪漫主义 水涨船高
55443	生生死死 落英缤纷 花花公子 勤勤恳恳 藏污纳垢
5545	供给 合法性 旌旗卷舒 涓涓细流 获益良多
55451	供给 合法性 令人高兴 含苞欲放 伉俪情深
55452	涓涓细流 深沟高垒
55453	旌旗卷舒 获益良多 垂涎欲滴 莫测高深 苟全性命
5546	多多关照 保外就医 任重道远 泾渭分明 齿若编贝
55461	保外就医 任重道远
55462	泾渭分明
55463	多多关照 齿若编贝 蓬荜增辉 蔑伦悖理
5547	领域 从俗就简 举世公认 债台高筑 借你吉言
55471	领域 从俗就简 债台高筑 借你吉言 令人惊讶
55472	举世公认
5548	从前 多半 菩萨心肠 蒙蒙细雨 伸个懒腰
55481	从前 伸个懒腰 令人怀疑 令人心折
55482	沁人心脾
55483	多半 菩萨心肠 蒙蒙细雨 名落孙山 草草收兵
5549	耐心 沿江高速 沈海高速 深入细致 惹人喜爱
55491	人生经历 人多地少
55492	沿江高速 沈海高速 深入细致 滚滚红尘 海涵地负
55493	耐心 惹人喜爱 重重关卡
555	葡萄牙 学生们
5551	江苏仪征 藏传佛教 花花世界 人生若寄 婆修婆德
55511	人生若寄 仅供参考 令人深思 令人敬畏 众人侧目
55512	江苏仪征 婆修婆德 河沙世界 浮游生物 清茶淡饭
55513	藏传佛教 花花世界 若涉渊冰 多劳多得
5552	洪流 学生们 学生会 华海药业 优生优育
55521	华海药业 优生优育 令人激动 从何而来 逐水而居
55522	洪流 学生们 学生会 流水作业 汗流洽背
55523	名垂千古 菩萨低眉 慕名而来
5553	从而 漩涡 沧海 水浒传中 游泳池里
55531	从而 贪位慕禄 坐没坐相 做人做事 合作共赢
55532	漩涡 沧海 水浒传中 游泳池里 沙沙作响
55533	节外生枝 芝艾俱焚 葫芦依样
5554	多个 游泳 荡漾 全方位 重油重盐
55541	全方位 逐渐散去 假仁假义 愈演愈烈 假人假义
55542	游泳 浙江通志 流通渠道 举个例子 渐入佳境
55543	多个 荡漾 重油重盐 莘莘学子 多多益善
5555	偷偷 众多 多多 茫茫 满满
55551	偷偷 众多 今生今世 逐渐消散 令人莫测
55552	满满 洪涝 潇潇洒洒 汤汤水水 演艺生涯
55553	多多 茫茫 苍茫 世世代代 生生世世
5556	价值 他们俩 节水节电 重油重辣 澄沙汰砾
55561	价值 他们俩 人生苦短 个人英雄
55562	澄沙汰砾 染苍染黄 河清海晏 泥多佛大 浓荫蔽日
55563	节水节电 重油重辣 草薙禽狝 草莽英雄 蓬荜生辉
5557	众人 多人 令人 众生 从没
55571	众人 令人 众生 从没 人世沧桑
55572	活生生 流浪汉 汗流浃踵 深入浅出 泛泛而谈
55573	多人 雅俗共赏 齿牙余论 多多益办 牙牙学语
5558	仿佛 潇洒 落入 没做什么 逐渐消失
55581	仿佛 逐渐消失 逐渐消逝 令人信服
55582	潇洒 没做什么 渐渐消失 海沸江翻 海沸河翻
55583	落入 蔚蓝海岸 苍生涂炭 葵藿倾阳
5559	多余 葡萄牙 湿漉漉 葡萄酒 英勇作战
55591	今浙江省 借酒浇愁 含牙带角 价值千金 伏低做小
55592	湿漉漉 淞沪会战 没过多久 淡泊名利 举重若轻
55593	多余 葡萄牙 葡萄酒 英勇作战 而今而后
556	仅仅是 蒋介石
5561	洋洋自得 蒸沙成饭 流水朝宗 江洋大盗 九流十家
55611	信而有征 催人奋进 休休有容 悠游自得
55612	洋洋自得 流水朝宗 江洋大盗 九流十家 泛滥成灾
55613	蒸沙成饭 生人勿进
5562	海涸石烂 仙液琼浆 通今达古 人荒马乱 沾沾自好
55621	仙液琼浆 人荒马乱 化茧成蝶 人人有责 合浦珠还
55622	海涸石烂 通今达古 沾沾自好 熊熊大火 通今博古
55623	方寸大乱
5563	治理 多大 花朵 使命感 津津有味
55631	使命感 作何感想 个人自由
55632	治理 津津有味 通共有无 水滴石穿 酒池肉林
55633	多大 花朵 外方内员 薰莸同器 生齿日繁
5564	坐在 落在 沾沾自喜 优雅知性 作茧自缚
55641	坐在 优雅知性 作茧自缚 偃旗息鼓 假誉驰声
55642	沾沾自喜 通儒达士 通俗易懂 水能载舟 洪水猛兽
55643	落在 名流巨子 节节败退 荦荦大端 生命财产
5565	多时 液化石油 油价暴涨 涓滴成河 儒雅风流
55651	儒雅风流 贪污狼藉 从没有过 令人骄傲 人生在世
55652	液化石油 油价暴涨 涓滴成河 鸿儒硕学 通儒硕学
55653	多时 多多包涵 获益匪浅 茫茫大海 节能环保
5566	使人昭昭 济世匡时 浑浑噩噩 令人尴尬 旖旎风光
55661	使人昭昭 令人尴尬 仰人鼻息 偏信则暗 悠悠忽忽
55662	济世匡时 浑浑噩噩 泱泱大风
55663	旖旎风光 蓬蓬勃勃 薏苡明珠
5567	九十 多元 蒋介石 过生日 节假日
55671	含齿戴发 念念有词
55672	九十 过生日 汪洋大肆 沾沾自衒 通儒达识
55673	多元 蒋介石 节假日 世伪知贤 方领矩步
5568	仅仅是 潢池弄兵 滂沱大雨 人仰马翻 人若犯我
55681	仅仅是 人仰马翻 人若犯我 作法自毙 人生朝露
55682	潢池弄兵 滂沱大雨 学浅才疏
55683	千人所指 花花太岁
5569	花瓣 英勇献身 落花有意 含牙戴角 蒸蒸日上
55691	含牙戴角 人人自危 任重才轻 仆仆风尘
55692	沦落风尘
55693	花瓣 英勇献身 落花有意 蒸蒸日上
557	价值观 生命力
5571	过江之鲫 海水桑田 蒹葭之思 方领圆冠 沧海桑田
55711	入幕之宾
55712	过江之鲫 海水桑田 沧海桑田 漫藏诲盗
55713	蒹葭之思 方领圆冠 花入各眼
5572	多数 代名词 清水衙门 傍人篱壁 苞苴竿牍
55721	代名词 傍人篱壁 偕生之疾 伯仲之间 俯仰之间
55722	清水衙门 洞若观火 泛泛之交 水过鸭背
55723	多数 苞苴竿牍 方便之门
5573	价值观 花儿 人生观 没世难忘 漂蓬断梗
55731	价值观 人生观 化外之民 依人篱下 令人难忘
55732	没世难忘 漂蓬断梗 九九归一 没齿难忘 婆娑起舞
55733	花儿 恭敬桑梓 草草了事 垂暮之年 敬恭桑梓
5574	范围 多说 江苏常熟 过激行为 举重训练
55741	个人认为 含污忍垢 坐而论道 仰慕之情 令人难堪
55742	江苏常熟 过激行为 举重训练 渡过难关 涓滴归公
55743	范围 多说 方寸之地 迁莺出谷 茕茕孑立
5575	满了 花了 落了 生命力 方法论
55751	入海算沙 作何评价 令人难过 令人起敬 俟河之清
55752	满了 泛泛之人 鸿渐之仪 波澜起伏 九世之仇
55753	花了 落了 生命力 方法论 生命之源
5576	付出 花园 治国 溢出 做游戏时
55761	付出 做游戏时 命世之才
55762	治国 溢出 举例说明 济世之才 举例发凡
55763	花园
5577	游戏 沧桑 滴滴答答 演艺之路 草满囹圄
55771	从何说起 侏儒观戏 侃侃谔谔
55772	游戏 沧桑 滴滴答答 演艺之路 河梁之谊
55773	草满囹圄 重重困难 生花之笔
5578	满足 从此 多源数据 什伍东西 代人说项
55781	从此 什伍东西 代人说项 令人发指 仆仆亟拜
55782	满足 混淆黑白
55783	多源数据 蔓草难除 名垂竹帛
5579	多谢 葡萄糖 江浙行省 淝水之战 添油加醋
55791	令人讨厌
55792	江浙行省 淝水之战 添油加醋 鸿渐之翼 濠梁之上
55793	多谢 葡萄糖 著作等身 菜蔬之色 葑菲之采
558	没什么 凭什么
5581	浑水摸鱼 洗漱用具 作价投资 混水摸鱼 多多指教
55811	作价投资 令人向往
55812	浑水摸鱼 洗漱用具 混水摸鱼 泥名失实 渴而掘井
55813	多多指教 勤俭持家
5582	苍白 垂涎三尺 清汤挂面 苦苦追寻 旌旗招展
55822	清汤挂面 鸿蒙初辟
55823	苍白 垂涎三尺 苦苦追寻 旌旗招展 方寸已乱
5583	迁入这里 潜入这里 参苓白术 苦苦哀求 洗漱用品
55831	偷梁换柱 依草附木 人众胜天 傍花随柳
55832	潜入这里 参苓白术 洗漱用品 过河拆桥
55833	迁入这里 苦苦哀求
5584	名誉扫地 放泼撒豪 令人担心 令人震惊 能人异士
55841	令人担心 令人震惊 令人担忧
55842	能人异士 海沸山裂
55843	名誉扫地 放泼撒豪 劳苦功高
5585	领导 多么 没什么 凭什么 满脸
55851	领导 凭什么 人多势众 人多手杂 你侬我侬
55852	没什么 满脸 激浊扬清 河斜月落 潘江陆海
55853	多么 多余的油 惹草拈花 带水拖泥
5586	茫然 花费 生活费 浙江震元 逐渐疏远
55861	逐渐疏远 众人皆知 令人振奋 人人皆知 任人摆布
55862	浙江震元 浙江龙盛 酒过三巡 河清三日
55863	茫然 花费 生活费 世人皆知
5587	演艺集团 倩人捉刀 汗流接踵 作何打算 代人捉刀
55871	倩人捉刀 作何打算 代人捉刀
55872	演艺集团 汗流接踵
5588	过渡阶段 舒舒服服 悠悠岁月 河梁携手 歙漆阿胶
55881	舒舒服服 悠悠岁月 歙漆阿胶 偷偷摸摸 个人崇拜
55882	过渡阶段 河梁携手 汗洽股栗 沸沸扬扬 沁人肺腑
55883	荡海拔山 苦苦挣扎 龌龊腌臜 勤能补拙
5589	节节胜利 从今以后 令人费解 垂涎已久 英伦三岛
55891	从今以后 令人费解 人体工程
55892	鸿泥雪爪
55893	节节胜利 垂涎已久 英伦三岛
559	没多久 做生意
5591	令人期待 过从甚密 名过其实 傲世轻物
55911	令人期待 傲世轻物
55912	过从甚密
55913	名过其实
5592	莫名其妙 个人爱好
55921	个人爱好
55923	莫名其妙
5593	多种 花钱 落后 全过程 生活小事
55931	全过程 令人厌恶 个人意见
55932	深入虎穴
55933	多种 花钱 落后 生活小事 荣誉称号
5594	满意 多久 没多久 做生意 世俗意义
55941	做生意 价值连城 个人习惯
55942	满意 没多久 过河卒子 参伍错纵 参伍错综
55943	多久 世俗意义
5595	供应 水花四溅 英勇战斗 洗濯磨淬 能牙利齿
55951	供应 个人利益 贪污腐化 贪慕虚荣 代人受过
55952	水花四溅 洗濯磨淬 能牙利齿 泛浩摩苍 沽名钓誉
55953	英勇战斗 名垂后世
5596	花香 杂货铺 做生意时 含沙射影 任重至远
55961	做生意时 含沙射影 任重至远 令人反感 贪污受贿
55962	杂货铺 混世魔王 浑俗和光
55963	花香 芬芳馥郁
5597	落到 坐到 满身 僧伽罗语 低俗小说
55971	坐到 僧伽罗语 低俗小说 合从连衡 伏法受诛
55972	满身 汗流至踵
55973	落到 花旗银行 燕颔虎颈
5598	多少 渗透 江苏省 浙江省 做生意的
55981	做生意的 作何解释 优游卒岁
55982	渗透 江苏省 浙江省 水漫金山
55983	多少
5599	从小 值多少钱 浙江上虞 多多少少 健健康康
55991	从小 值多少钱 健健康康 作何反应 化学反应
55992	浙江上虞
55993	多多少少 落落穆穆
5611	坐在教室
56111	坐在教室
5612	勇猛果敢 重大进展 生旦净丑 清风徐来 通南彻北
56121	仗马寒蝉
56122	勇猛果敢 清风徐来 通南彻北
56123	重大进展 生旦净丑
5613	参考 放在眼里 名存实亡 世所罕见
56132	参考
56133	放在眼里 名存实亡 世所罕见
5614	慕容
56143	慕容
5615	全家 海内鼎沸 酒囊饭袋
56151	全家
56152	海内鼎沸 酒囊饭袋
5616	获得 值得 全都 淘宝 信息实时
56161	值得 全都 信息实时
56162	淘宝
56163	获得
5617	贯彻 获取 优先 汇聚 伊索寓言
56171	优先 伊索寓言 体大思精 舍短取长
56172	贯彻 汇聚
56173	获取
5618	名同实异
56183	名同实异
5619	多有得罪 没石饮羽
56192	没石饮羽
56193	多有得罪
562	通知书 没时间
5621	消息属实 世态炎凉
56212	消息属实
56213	世态炎凉
5622	但不 混乱 若不 全局 通知书
56221	但不 全局
56222	混乱 通知书 过犹不及 温暖如春
56223	若不
5623	但她
56231	但她
5624	传来 外包装 何所不为
56241	传来 何所不为
56243	外包装
5625	传承 英雄好汉 过时不候 消息灵通 英雄迟暮
56251	传承 创巨痛深
56252	过时不候 消息灵通
56253	英雄好汉 英雄迟暮 勤奋好学
5626	全面 没时间 清理门户 生理问题 没有问题
56261	全面 何所不有
56262	没时间 清理门户 没有问题 泥猪癞狗 泥猪疥狗
56263	生理问题 重大问题
5627	今日建议 代理书记 水晶灯笼
56271	今日建议 代理书记
56272	水晶灯笼
5628	但那 众星云集 任达不拘 兴奋不已
56281	但那 众星云集 任达不拘
56282	兴奋不已
5629	贪财好色 何所不至 放达不羁
56291	贪财好色 何所不至
56293	放达不羁
563	过两天 低成本
5631	重大机遇 伊达政宗 节日礼物 修成正果 千载一遇
56311	伊达政宗 修成正果
56313	重大机遇 节日礼物 千载一遇
5632	参与 像电视剧 演电视剧 代马望北 蔽日干云
56321	像电视剧 代马望北
56322	参与 演电视剧
56323	蔽日干云 千态万状 千载一弹
5633	低成本 传感器 住在哪里 供大于求 英明神武
56331	低成本 传感器 住在哪里 供大于求 休息一下
56333	英明神武 莫辨楮叶
5634	若干 英雄救美 信马由缰 千奇百怪 休戚相关
56341	信马由缰 休戚相关 衾影无惭
56343	若干 英雄救美 千奇百怪 千载一逢
5635	洞口 你是一位 重大事件 伤医事件 重磅事件
56351	你是一位 伤医事件 贪贿无艺 休戚与共 仪态万方
56352	洞口 九十年代 漱石枕流
56353	重大事件 重磅事件 千辛万苦 英明一世 千载一合
5636	漫天 全民 过两天 信息检索 坐电梯时
56361	全民 信息检索 坐电梯时 拿贼见赃 命大福大
56362	漫天 过两天
56363	千载一日 重大突破 千真万确 千载一时 千遍万遍
5637	华盛顿 今日正式 游骑无归 海内无双 千载一圣
56371	华盛顿 今日正式 倒载干戈 例直禁简 从明天起
56372	游骑无归 海内无双
56373	千载一圣 英雄末路 桀犬吠尧 生态平衡
5638	渴望 沓冈复岭 酒有别肠 倾囊相授 沉郁顿挫
56381	倾囊相授
56382	渴望 沓冈复岭 酒有别肠 沉郁顿挫 通同一气
5639	但也 英雄事迹 含有叶酸 贪猥无厌 英雄本色
56391	但也 含有叶酸 贪猥无厌
56393	英雄事迹 英雄本色
564	过日子 优惠券
5641	沿着 藏着
56412	沿着
56413	藏着
5642	传统 温馨 耸肩缩背 生日快乐 节日快乐
56421	传统 耸肩缩背
56422	温馨
56423	生日快乐 节日快乐 蓬户瓮牖
5643	母亲 全部 英雄豪杰 合两为一 仙风道格
56431	全部 合两为一 仙风道格 仙风道骨 合二为一
56432	母亲 沈博绝丽 沉博绝丽
56433	英雄豪杰 蒙在鼓里
5644	过日子 优惠券 淋巴结 英雄主义 法网恢恢
56441	优惠券 合成纤维
56442	过日子 淋巴结 法网恢恢 激昂慷慨
56443	英雄主义
5645	但却 合理性 全球性 生理盐水 贪赃坏法
56451	但却 合理性 全球性 贪赃坏法
56453	生理盐水
5646	渠道 优美 今日吉时 今川义元
56461	优美 今日吉时 今川义元
56462	渠道
5647	通才练识 倍日并行 方骖并路
56471	倍日并行
56472	通才练识
56473	方骖并路
5648	温柔 传递 信息收集 代理商的 没有必要
56481	传递 信息收集 代理商的 仙风道气
56482	温柔 没有必要
56483	多财善贾
5649	做贼心虚 放在心上 人自为战
56491	做贼心虚 人自为战
56493	放在心上
565	没有人 代理人
5651	货真价实 汝成人耶 河奔海聚 河同水密 生猛海鲜
56511	货真价实 体贴入微
56512	汝成人耶 河奔海聚 河同水密 沐猴而冠
56513	生猛海鲜
5652	全会 体贴入妙 洽博多闻 做大做强 兴奋激动
56521	全会 体贴入妙 做大做强 人大代表
56522	洽博多闻 兴奋激动 洞房花烛
56523	放马过来
5653	但他 莫名 全体 混合 混沌
56531	但他 全体 仔猪价格 似有似无 作威作福
56532	混合 混沌 浸在水中 通同作弊
56533	莫名 共同体 若存若亡 重在参与 蓬勃生机
5654	合同法 重巡洋舰 散骑侍郎 何时何地 世态人情
56541	合同法 何时何地 借风使船
56543	重巡洋舰 散骑侍郎 世态人情 英雄入彀
5655	污染 英俊 九十九 拿破仑 斗智斗勇
56551	拿破仑 斗智斗勇 人赃俱获 停辛伫苦 人才济济
56552	污染 九十九 没颠没倒 兴风作浪 海晏河清
56553	英俊 多才多艺 苦大仇深
5656	偏偏 葡萄 淘汰 悠哉悠哉 优哉游哉
56561	偏偏 悠哉悠哉 优哉游哉 悠哉游哉 代马依风
56562	淘汰 涎玉沫珠
56563	葡萄 落日余晖 若明若暗 若明若昧
5657	没有人 代理人 淹没 外星人 益智游戏
56571	代理人 似是而非 倾巢而出
56572	没有人 淹没 益智游戏 源远流长 满载而归
56573	外星人 生理参数 生存能力 生日派对 惹是生非
5658	沟通 优化 优雅 信息化 全球化
56581	优化 优雅 信息化 全球化 拿班作势
56582	沟通
56583	多元化 药是假的 药理作用 放马华阳 重大作用
5659	假冒伪劣 没日没夜 涤瑕荡秽 流光溢彩 鹊巢鸠占
56591	假冒伪劣
56592	没日没夜 涤瑕荡秽 流光溢彩 没大没小 流风余韵
56593	鹊巢鸠占 燕巢幕上
566	全明星
5661	优惠 生理现象 信息真实 若有所思 千载奇遇
56611	优惠 信息真实
56613	生理现象 若有所思 千载奇遇
5662	作息时间 今日早间 亿元巨奖 通真达灵 没有时间
56621	作息时间 今日早间 亿元巨奖
56622	通真达灵 没有时间
5663	全球 测量 液晶显示 今明两年 重大影响
56631	全球 今明两年 人财两空 人琴两亡
56632	测量 液晶显示 没有理由
56633	重大影响 世风日下 若有所亡
5664	藏在 但在 生财有道 若有所丧 莫知所为
56641	但在
56642	通时达务 浅显易懂 津巴布韦
56643	藏在 生财有道 若有所丧 莫知所为 生存环境
5665	英雄 全明星 今日猪价 今日最佳 休明盛世
56651	全明星 今日猪价 今日最佳 休明盛世 命在旦夕
56652	通才硕学 举十知九
56653	英雄 外感内伤
5666	众所周知 深有同感
56661	众所周知
56662	深有同感
5667	昔日 瀑布 汝南晨鸡 寸有所长 今是昨非
56671	今是昨非 伯玉知非
56672	瀑布 汝南晨鸡 寸有所长
56673	昔日 董狐直笔
5668	但是 若是 若有 方是真的 住在医院
56681	但是 住在医院 人财两失
56682	流光易逝 清风明月 渴骥奔泉 清风两袖
56683	若是 若有 方是真的 若有所失 旗布星峙
5669	温暖 传奇 深有感受 今日早上 世易时移
56691	传奇 今日早上 倒凤颠鸾
56692	温暖 深有感受 深有感触 染翰成章 通时达变
56693	世易时移
567	没有了 通电话
5671	英语 勇猛精进 通元识微 漏网之鱼 人才难得
56711	人才难得
56712	勇猛精进 通元识微 漏网之鱼
56713	英语 千载难遇
5672	漫长 通电话 蓬勃发展 倾巢出动 蓬户柴门
56721	倾巢出动
56722	漫长 通电话
56723	蓬勃发展 蓬户柴门
5673	参加 莫非 敛影逃形
56731	敛影逃形
56732	参加
56733	莫非
5674	传说 生存之道 生财之道 入理切情 通达谙练
56741	传说 入理切情 人同此心 逐臭之夫 倚马七纸
56742	通达谙练
56743	生存之道 生财之道 共同之处 千载难逢
5675	全力 没有了 鸳鸯戏水 通风讨信 含辛忍苦
56751	全力 含辛忍苦 儋石之储 人才出众
56752	没有了 通风讨信 没有办法 汗马之劳
56753	鸳鸯戏水
5676	全国 伸出 英国 传出 华夷之辨
56761	全国 伸出 传出 华夷之辨
56762	兴旺发达 淮南鸡犬 泥猪瓦狗 淮王鸡狗
56763	英国
5677	测试 全党 散布谣言 凭几之诏 英雄辈出
56771	全党 凭几之诏 人才辈出 偷狗戏鸡
56772	测试 波光粼粼 添砖加瓦 涨知识了
56773	散布谣言 英雄辈出 共同语言 药石之言
5678	莫笑 今日走势 生理数据 华研国际 众矢之的
56781	今日走势 华研国际 众矢之的 借题发挥 众则难摧
56782	流星赶月 旭日东升 汗马之功
56783	莫笑 生理数据
5679	水晶之恋 水晶之夜
56792	水晶之恋 水晶之夜
568	没有用 水电费
5681	英文 没有捷径
56812	没有捷径
56813	英文
5682	混蛋 伺瑕导蠙 伺瑕抵蠙 人是衣妆 众星拱北
56821	伺瑕导蠙 伺瑕抵蠙 人是衣妆 众星拱北
56822	混蛋
56823	苍狗白云
5683	苍黄翻复 举直措枉 凭几据杖 海盟山咒
56831	凭几据杖
56832	举直措枉 海盟山咒
56833	苍黄翻复
5684	你是以为 信息接收 生态系统
56841	你是以为 信息接收
56843	生态系统
5685	什么 优势 能自己做 九十月份 通风报信
56851	什么 优势
56852	能自己做 九十月份 通风报信 汗马功劳 能奈我何
56853	花朝月夕 带砺山河
5686	水电费 他自己有 英雄气短 浮光掠影 酒肉朋友
56861	他自己有 你知我知 逐日追风
56862	水电费 浮光掠影 酒肉朋友
56863	英雄气短
5687	伸手 蔓延 今日指数 重大失误 通风报讯
56871	伸手 今日指数
56872	通风报讯 没有的话
56873	蔓延 重大失误 惹是招非
5688	但这 传播 做自己的 伺瑕抵隙 伺瑕导隙
56881	但这 传播 做自己的 伺瑕抵隙 伺瑕导隙
56882	沉肩坠肘 没有把握
56883	苍黄翻覆 重大损失 苍狗白衣
5689	佩服 汇报 没有用 人有三急 水光山色
56891	佩服 人有三急 含明隐迹 你夺我争
56892	汇报 没有用 水光山色 湖光山色
56893	蓬勃向上
569	没有钱 河南省
5691	倚马可待
56911	倚马可待
5692	苦辣酸甜 从南到北 佛是金妆 放马后炮 莫明其妙
56921	从南到北 佛是金妆
56923	苦辣酸甜 放马后炮 莫明其妙
5693	温和 优点 没有钱 共同点 放在车里
56931	优点 禽息鸟视
56932	温和 没有钱 治理整顿 澳大利亚 清晰可见
56933	共同点 放在车里 苍黄反复
5694	没有意义 含瑕积垢 旋乾转坤 油光锃亮 共同市场
56941	含瑕积垢
56942	没有意义 油光锃亮
56943	旋乾转坤 共同市场 重财轻义
5695	温度 清理整治 生理卫生 燕巢危幕 迁风移俗
56952	温度 清理整治 染风习俗
56953	生理卫生 燕巢危幕 迁风移俗 共同利益
5696	优质 从右到左 从左到右 从早到晚
56961	优质 从右到左 从左到右 从早到晚
5697	全身 油光可鉴 带在身边 生存压力
56971	全身
56972	油光可鉴
56973	带在身边 生存压力
5698	优秀 草原 河南省 湖南省 海南省
56981	优秀
56982	河南省 湖南省 海南省
56983	草原
5699	从大到小 带在身上 寸量铢称 九十点钟
56991	从大到小
56992	寸量铢称 九十点钟
56993	带在身上
571	会议室
5711	作出决定 傍观冷眼 酒足饭饱 贪图安逸
57111	作出决定 傍观冷眼 贪图安逸
57112	酒足饭饱
5712	治国安邦 恭默守静
57122	治国安邦
57123	恭默守静
5713	水果 保国安民 治国安民
57131	保国安民
57132	水果 治国安民
5714	人眼 人足家给
57141	人眼 人足家给
5715	人家 鸿断鱼沉 人力资源 偃鼠饮河
57151	人家 人力资源 偃鼠饮河
57152	鸿断鱼沉
5716	人物 生物 人头 人非物是 旗帜鲜明
57161	人物 人头 人非物是 偷鸡盗狗
57163	生物 旗帜鲜明
5717	游戏资讯 付诸实践 人力物力 过街老鼠 沉默寡言
57171	付诸实践 人力物力
57172	游戏资讯 过街老鼠 沉默寡言
5718	促进
57181	促进
5719	会议室
57191	会议室
572	拿出来
5722	生效 生灵 生发未燥 放言遣辞 生儿育女
57221	体力不支 健步如飞
57222	刻足适屦 汗出如浆
57223	生效 生灵 生发未燥 放言遣辞 生儿育女
5723	生病 代驾司机 酒驾司机 敬谢不敏 拿刀动杖
57231	代驾司机 拿刀动杖 伤筋动骨 人走灯灭
57232	酒驾司机
57233	生病 敬谢不敏 多管闲事 荣归故里
5724	拿出来 没来 涉嫌 人之将死 仰之弥高
57241	拿出来 人之将死 仰之弥高
57242	没来 涉嫌
57243	荒诞不经
5725	涉及 兴师动众 劳师动众 借刀杀人 从谏如流
57251	借刀杀人 从谏如流 入国问俗
57252	涉及 兴师动众 举止娴雅 灌迷魂汤
57253	劳师动众
5726	人间 水面 人面 含糊不明 何尝不是
57261	人间 人面 含糊不明 何尝不是 斗米尺布
57262	水面
57263	多边贸易 苍髯如戟
5727	波动 生动 活蹦乱跳 滥竽充数 波谲云诡
57271	倒戈卸甲 供认不讳 命该如此
57272	波动 活蹦乱跳 滥竽充数 波谲云诡 满足不了
57273	生动 多米尼加
5728	代表 人群 生育 偿还 放诞不拘
57281	代表 人群 偿还 低回不已
57283	生育 放诞不拘
5729	企业 多加留意 兴师问罪 满园春色 众难群移
57291	企业 众难群移 命词遣意
57292	兴师问罪 满园春色 寸步不离 淫词艳曲
57293	多加留意 放诞不羁
573	浏览器 传说中
5731	没想 共识机制 千篇一律 药笼中物
57312	没想
57313	共识机制 千篇一律 药笼中物
5732	人呢 付之一炬 法出一门 重归于好 但讲无妨
57321	人呢 付之一炬 但讲无妨 但说无妨 付之丙丁
57322	法出一门 水米无交
57323	重归于好
5733	没事 信号 人事 人品 浏览器
57331	信号 人事 人品 人言啧啧 付之一叹
57332	没事 浏览器 派出机构 法国梧桐
57333	千刀万剐
5734	水平 水中 传说中 作诗一首 人行横道
57341	传说中 作诗一首 人行横道 亿兆一心
57342	水平 水中
57343	敬贤礼士 莫之与京 多歧亡羊
5735	人口 水里 袋里 借此机会 假力于人
57351	人口 袋里 借此机会 假力于人 人谁无过
57352	水里 鸿笔丽藻
57353	多此一举 多说无益 花街柳巷 千难万苦
5736	人民 人员 生机 蓝天 生于
57361	人民 人员 住了一晚 传诵一时 人非木石
57362	游行示威
57363	生机 蓝天 生于 千刀万剁
5737	人格 演了一出 仅止于此 舛讹百出 千言万说
57371	人格 仅止于此 令行禁止 付之一笑
57372	演了一出 法力无边 能力突出 沉默无语 漆黑一团
57373	舛讹百出 千言万说 千了百了 千言万语 千恩万谢
5738	没听 游戏中的 仅此一项 借鸡下蛋 千难万阻
57381	仅此一项 借鸡下蛋
57382	没听 游戏中的
57383	千难万阻 千难万险 千回百折
5739	千了万当 千回百转 举国一致 泼皮无赖 荒诞无稽
57392	举国一致 泼皮无赖
57393	千了万当 千回百转 荒诞无稽 千了百当 恭行天罚
574	苏东坡 人行道
5741	名师高徒 江东父老
57412	江东父老
57413	名师高徒
5742	人情 花边新闻
57421	人情
57423	花边新闻
5743	贷款 倾诉心事 人非土木 例行公事 恭贺新禧
57431	贷款 倾诉心事 人非土木 例行公事 体国经野
57433	恭贺新禧 千儿八百
5744	代替 没收 多边主义 众说纷纭 拿粗夹细
57441	代替 众说纷纭 拿粗夹细 傲贤慢士
57442	没收 能说惯道 濒临绝境 沧桑坎坷
57443	多边主义
5745	人性 优越性 滚出去 倒行逆施 获此殊荣
57451	人性 优越性 倒行逆施
57452	滚出去
57453	获此殊荣 荒谬绝伦 落发为僧
5746	人行道 何足道哉 能言善辩 游戏规则 何足为奇
57461	人行道 何足道哉 何足为奇 佩紫怀黄
57462	能言善辩 游戏规则
5747	介绍 人为 人士 苏东坡 能言快说
57471	介绍 人为 人士
57472	能言快说 污七八糟 浅尝即止 通计熟筹 能谋善断
57473	苏东坡 多了去了 多谋善断 千帆竞发 放言高论
5748	生死 生怕 生前 深证综指
57482	深证综指
57483	生死 生怕 生前
5749	生产 人心 信心 生就 仪式结束
57491	人心 信心 仪式结束 信赏必罚
57492	没精塌彩 洗颈就戮
57493	生产 生就 勤加练习 藕断丝连 莫此为甚
575	没办法 多数人
5751	传记作者 人走茶凉 仰观俯察
57511	传记作者 人走茶凉 仰观俯察
5752	生活 人们 信念 信仰 人世
57521	人们 信念 信仰 人世 体力劳动
57522	水流 波涛 汗出洽背 浮出水面 游戏人间
57523	生活 生长激素 草长莺飞 多难兴邦 放了个屁
5753	生命 人体 人海 汉族 寸步千里
57531	人体 人海 僭赏滥刑 做了个梦 人非草木
57532	汉族 寸步千里 鸿图华构
57533	生命 劳筋苦骨 燕语莺啼 鹊笑鸠舞
5754	没办法 没法 侍讲学士 舒筋活络 濯足濯缨
57541	侍讲学士 舒筋活络 含笑入地 倾国倾城 侧足而立
57542	没办法 没法 濯足濯缨 杂七杂八 能说会道
57543	燕语莺声 重足而立
5755	代价 游戏游艺 付出代价 游戏人生 潮起潮落
57551	代价 付出代价 信笔涂鸦 人言藉藉 任贤使能
57552	游戏游艺 游戏人生 潮起潮落 洗了个澡 通力合作
57553	重出江湖 荣谐伉俪 苦难深重
5756	倘若 渐行渐远 蓬筚生辉 花园洋房 耸了耸肩
57561	倘若 耸了耸肩
57562	渐行渐远 举国若狂 学识渊博 举步生风
57563	蓬筚生辉 花园洋房
5757	人生 没人 仅仅 婆婆 生生
57571	人生 仅仅 人人 借箸代筹 倾箱倒箧
57572	没人 婆婆 法国人 酒精测试 滴答滴答
57573	生生 生人 多数人 外国人 英国人
5758	信任 没能 水仙 测算依据 付诸洪乔
57581	信任 付诸洪乔 借鸡生蛋 令出法随 含笑九泉
57582	没能 水仙 测算依据 涎皮涎脸 泥足深陷
57583	藏之名山 藏诸名山
5759	浮踪浪迹 没精没彩 浓墨重彩 剑走偏锋 拿糖作醋
57591	剑走偏锋 拿糖作醋 何足介意
57592	浮踪浪迹 没精没彩 浓墨重彩 参回斗转
57593	萍踪浪迹
576	派出所 没出息
5761	鸿篇巨制 劳师远征 莫非王臣 侠之大者
57611	侠之大者
57612	鸿篇巨制
57613	劳师远征 莫非王臣
5762	坐诊时间 水墨丹青 能力所及
57621	坐诊时间
57622	水墨丹青 能力所及
5763	代理 人大 生理 优越感 使驾驶员
57631	代理 人大 优越感 使驾驶员 拿刀弄杖
57632	河东狮吼 过路财神 通衢大邑
57633	生理 施加影响
5764	信息 生存 生态 人影 没出息
57641	信息 人影 人各有志
57642	没出息 鸿篇巨着 溜之大吉
57643	生存 生态 英国硕士 莫非王土
5765	倒计时 代数几何 假戏真做 泥足巨人 倒裳索领
57651	倒计时 代数几何 假戏真做 倒裳索领
57652	泥足巨人 鸿篇巨著 游刃有余 举止大方 没计奈何
57653	外圆内方 放诞风流
5766	水晶 人马 传记电影 涨幅最大 贪墨成风
57661	人马 传记电影 贪墨成风 坐观成败
57662	水晶 涨幅最大
57663	花儿朵朵 外简内明
5767	生日 方言矩行 能忍则忍 涉笔成趣
57672	能忍则忍 涉笔成趣
57673	生日 方言矩行
5768	没有 人才 仅是 仅有 生有
57681	人才 仅是 仅有 从长远看 人困马乏
57682	没有 派出所 学非所用 兴趣盎然
57683	生有
5769	雅各布斯 重力感应 深谋远虑 沉默是金 举国同庆
57692	深谋远虑 沉默是金 举国同庆
57693	雅各布斯 重力感应
577	俗话说 会计师
5772	生长 人数 生长发育 付诸行动
57721	人数 付诸行动
57723	生长 生长发育
5773	允许 水师 会计师 学计算机 重赏之下
57731	会计师 全国第一 倒数第一 斗筲之器
57732	允许 水师 学计算机 泣数行下
57733	重赏之下 莫谈国事 花甲之年
5774	企图 俗话说 人之常情 全国各地
57741	企图 俗话说 人之常情 全国各地
5775	生了 没了 人力 过街设施 付之东流
57751	人力 付之东流 付诸东流
57752	没了 过街设施 流言惑众
57753	生了
5776	人类 生出 倒数计时 苏试试验 斗鸡走狗
57761	人类 倒数计时 斗鸡走狗 入圣超凡
57762	母难之日
57763	生出 苏试试验
5777	似笑非笑 从长计议 坐筹帷幄 流言蜚语 举止言谈
57771	似笑非笑 从长计议 坐筹帷幄 人非圣贤 坐言起行
57772	流言蜚语 举止言谈 寸步难行
57773	巷议街谈
5779	代谢 方足圆颅 方趾圆颅 寸步难移 藏踪蹑迹
57791	代谢 传言非虚
57792	寸步难移
57793	方足圆颅 方趾圆颅 藏踪蹑迹
5781	生气 草行露宿
57813	生气 草行露宿
5782	举起手来 莫桑比克
57822	举起手来
57823	莫桑比克
5783	人际 母鸡打鸣 作答要求 溜之乎也
57831	人际 作答要求
57832	母鸡打鸣 溜之乎也
5784	人工 海桑陵谷 保驾护航 拿粗挟细
57841	人工 保驾护航 拿粗挟细
57842	海桑陵谷
5785	外国文学 何足挂齿
57851	何足挂齿
57853	外国文学
5786	人类文明 游戏三昧 偷鸡摸狗 劳师袭远 能言巧辩
57861	人类文明 偷鸡摸狗
57862	游戏三昧 能言巧辩
57863	劳师袭远
5787	人手 花言巧语 全力以赴 九回肠断
57871	人手 全力以赴
57872	九回肠断
57873	花言巧语
5788	酒精擦拭 葡式蛋挞 偷东摸西 举止失措
57881	偷东摸西
57882	酒精擦拭 举止失措
57883	葡式蛋挞
5789	信用 没用 没精打采 禽困覆车 没精打彩
57891	信用 禽困覆车 从此以后
57892	没用 没精打采 没精打彩 汉语拼音 济困扶危
57893	重蹈覆辙
579	合议庭 保证金
5791	鸿篇钜制 劳师糜饷 企踵可待 名符其实 敬请期待
57911	企踵可待 人言可畏
57912	鸿篇钜制
57913	劳师糜饷 名符其实 敬请期待
5792	含糊其辞 鸦默雀静 兴趣爱好 浮语虚辞
57921	含糊其辞
57922	兴趣爱好 浮语虚辞
57923	鸦默雀静
5793	没钱 重难点 举国上下 保加利亚 漫步其中
57931	保加利亚 何论魏晋
57932	没钱 举国上下 漫步其中
57933	重难点 多许少与
5794	生意 刻意 介意 英语四级 英语原声
57941	介意 坐困愁城
57942	刻意 学步邯郸
57943	生意 英语四级 英语原声 敬贤爱士
5795	没错 保证金 洞鉴废兴 代越庖俎 举足轻重
57951	保证金 代越庖俎 传之其人 仁言利溥
57952	没错 洞鉴废兴 举足轻重
5796	蓝色 仁言利博 坐等其成
57961	仁言利博 坐等其成
57963	蓝色
5797	人身 酒精度数 施加压力 传记小说 浅尝辄止
57971	人身 传记小说 含糊其词
57972	酒精度数 浅尝辄止 浦发银行 污言秽语
57973	施加压力 花团锦簇
5798	合议庭 涎皮赖脸 通衢广陌
57981	合议庭
57982	涎皮赖脸 通衢广陌
5799	从刀尖上 活力四射 流行歌曲
57991	从刀尖上
57992	活力四射 流行歌曲
581	消费者 使用者
5811	涎脸饧眼 俗气得很
58111	俗气得很
58112	涎脸饧眼
5812	能近取譬 添兵减灶
58122	能近取譬 添兵减灶
5813	依靠 他的眼神 深山密林 滥用职权 怨气冲天
58131	依靠 他的眼神
58132	深山密林 滥用职权 漫山塞野
58133	怨气冲天
5814	过往 通往 佛教 法脉准绳
58141	佛教
58142	过往 通往 法脉准绳
5815	使用实例 重气徇命 倚势凌人
58151	使用实例 倚势凌人
58153	重气徇命
5816	过得 消费者 过头 货物 使用者
58161	货物 使用者 领导者 坐以待旦
58162	过得 消费者 过头 水龙头 满腹牢骚
58163	苦雨凄风
5817	过客 偷工减料 蓄势待发 千岁鹤归
58171	偷工减料
58172	过客
58173	蓄势待发 千岁鹤归
5818	茹毛饮血 敛手待毙 傲雪凌霜 坐以待毙 涣然冰释
58181	敛手待毙 傲雪凌霜 坐以待毙
58182	涣然冰释 浩气凛然
58183	茹毛饮血
5819	藏龙卧虎
58193	藏龙卧虎
582	洗手间 伊拉克
5821	勇敢 游击将军 漏脯充饥 通幽动微 人际交往
58211	人际交往
58212	勇敢 游击将军 漏脯充饥 通幽动微 洞幽烛微
5822	化妆 游手好闲 剑拔弩张 依然如故 傲岸不群
58221	化妆 剑拔弩张 依然如故 傲岸不群 全功尽弃
58222	游手好闲 淡扫蛾眉 江山如故 寸阴尺璧
5823	能否 重要支柱 洗手间里 江山如画 洗手不干
58232	能否 洗手间里 江山如画 洗手不干
58233	重要支柱
5824	过来 过好 重要遗址 洗手奉公 人以群分
58241	人以群分
58242	过来 过好 洗手奉公 洁己奉公
58243	重要遗址
5825	鸿毛泰岱 九霄云外 伤势未愈 落月屋梁
58251	伤势未愈
58252	鸿毛泰岱 九霄云外
58253	落月屋梁
5826	澳门 洗手间 斗粟尺布 浑然不知 满脸春风
58261	斗粟尺布
58262	澳门 洗手间 浑然不知 满脸春风 满袖春风
5827	激动 华氏 伊拉克 敛手屏足 拿手好戏
58271	华氏 伊拉克 敛手屏足 拿手好戏 斗折蛇行
58272	激动
5828	江山好改 依然故我 潘文乐旨 涕零如雨 今月古月
58281	依然故我 今月古月 倒持泰阿 含霜履雪
58282	江山好改 潘文乐旨 涕零如雨 鸿毛泰山
5829	名胜古迹 落拓不羁 茫然不解 假以辞色 举措不当
58291	假以辞色
58292	举措不当 满脸春色
58293	名胜古迹 落拓不羁 茫然不解 落魄不羁
583	什么样 使用权
5831	重要事实 何以见得 草衣木食 染指于鼎
58311	何以见得
58312	染指于鼎
58313	重要事实 草衣木食
5832	邪恶 仙山楼阁 凭白无故 名山事业 从零开始
58321	仙山楼阁 凭白无故 从零开始 倒打一耙
58323	邪恶 名山事业
5833	傻逼 什么事 像山一样 蒲鞭示辱 泄露天机
58331	傻逼 什么事 像山一样 人工呼吸 人己一视
58332	泄露天机
58333	蒲鞭示辱 名扬天下 名震天下 荡然一空
5834	什么样 你拔橛子 重要事务 沥血叩心 领导干部
58341	什么样 你拔橛子 领导干部 领导机关 人手一册
58342	沥血叩心 派系林立
58343	重要事务 千山万壑 千岩万壑 千峰万壑 齿白唇红
5835	入口 过敏 没看见 重要事件 伴随一生
58351	入口 伴随一生 他的一生 使用中药 伤势严重
58352	过敏 没看见 混然一体 母系社会 浑然一体
58353	重要事件 名扬中外 千山万水 英气逼人 牙白口清
5836	过于 华夏 勇于 洗衣机 舍近求远
58361	华夏 舍近求远
58362	过于 勇于 洗衣机 没衷一是 浑然天成
58363	莫衷一是 名震一时 荡然无存 千兵万马 千随百顺
5837	使用权 使用术语 伪随机数 汇报材料 倒打一瓦
58371	使用权 使用术语 伪随机数 倒打一瓦
58372	汇报材料 淡然一笑 泣血枕戈
58373	苍白无力
5838	倾听 华丽 过年 优势互补 做这样的
58381	倾听 华丽 优势互补 做这样的 使用中的
58382	过年 浩然正气 涌泉相报
58383	荒山野岭 藏巧于拙 茫然无措 千峰百嶂 千补百衲
5839	任由 举手示意 重要史迹 江山社稷 他的事迹
58391	任由 他的事迹 低三下四
58392	举手示意 江山社稷
58393	重要史迹 敬陪末座
584	重要性 方向盘
5841	过着 节衣缩食 俭以养德 清脆悦耳 多文为富
58411	俭以养德
58412	过着 清脆悦耳
58413	节衣缩食 多文为富
5842	激情 方向盘 重操旧业 母以子贵 倾摇懈弛
58421	倾摇懈弛 保险公司
58422	激情 母以子贵 消失殆尽 洛阳纸贵
58423	方向盘 重操旧业 夕阳产业
5843	他的心里 苟延残喘 坐失良机 蒙以养正 你以为呢
58431	他的心里 坐失良机 你以为呢
58433	苟延残喘 蒙以养正
5844	傻子 你的心声 保险经纪 人文主义 满腹经纶
58441	傻子 你的心声 保险经纪 人文主义 舍己为公
58442	满腹经纶
5845	能够 过去 能给 任性 散去
58451	任性 命比纸薄 舍己为人 俯拾地芥 伐功矜能
58452	能够 过去 能给 举要删芜
58453	散去 重要性 施工单位
5846	依旧 漂亮 通道 仍旧 坐月子时
58461	依旧 仍旧 坐月子时 信以为真 俯拾即是
58462	漂亮 通道
58463	歃血为盟
5847	任务 华为 化为 过分 激烈
58471	任务 华为 化为 倒霉死了
58472	过分 激烈 能为 淡然处之
5848	通红 依山就势 人际关系 侠肝义胆 人脉关系
58481	依山就势 人际关系 侠肝义胆 人脉关系
58482	通红 深以为然
5849	花的颜色 酒的颜色 汗血盐车 化零为整 千岩竞秀
58491	化零为整
58492	酒的颜色 汗血盐车
58493	花的颜色 千岩竞秀
585	领导人 什么人
5851	化作 化学 花的世界 通幽洞微 通幽洞冥
58511	化作 化学 俯拾仰取
58512	通幽洞微 通幽洞冥 能攻能守 洗肠涤胃
58513	花的世界 垂手而得 蔼然仁者
5852	能做 江湖 入侵 人比花娇 世扰俗乱
58521	入侵 人比花娇
58522	能做 江湖 浓抹淡妆 通幽洞灵 活血化瘀
58523	世扰俗乱
5853	能使 九三学社 能文能武 潸然泪下 任打任骂
58531	任打任骂 伐毛洗髓
58532	能使 九三学社 能文能武 潸然泪下 沦肌浃髓
5854	依法 海拔落差 鸿毳沉舟 满脸通红 消防通道
58541	依法
58542	海拔落差 鸿毳沉舟 满脸通红 消防通道
5855	过多 凭借 散落 使用价值 散兵游勇
58551	凭借 使用价值 依山傍水 含血潠人 仗气使酒
58552	过多 溃兵游勇 寸指测渊 油然而生 泯然众人
58553	散落 散兵游勇 蒹霞苍苍 勤工俭学 暮气沉沉
5856	若隐若显 若隐若现 活龙活现 河山带砺 落霞余晖
58562	活龙活现 河山带砺 泓峥萧瑟
58563	若隐若显 若隐若现 落霞余晖
5857	华人 任人 催促 通信 过人
58571	华人 任人 催促 领导人 什么人
58572	通信 过人 漂零蓬断 涎脸涎皮 油腔滑调
58573	重要共识 蓄势而发
5858	通过 通通 浙江 任凭 重要依据
58581	任凭 依据什么 拿腔做势 修改修改 佩服佩服
58582	通过 通通 浙江 寸阴若岁 沥胆濯肝
58583	重要依据 千斤重担 茫然若失 草腹菜肠
5859	任何 逐渐 苛捐杂税 若释重负 生龙活虎
58591	任何 逐渐
58593	苛捐杂税 若释重负 生龙活虎 萍飘蓬转
5861	水肿现象 侯服玉食 悠然自得 清肝明目
58611	侯服玉食 悠然自得
58612	水肿现象 清肝明目
5862	化成 花的时间 活的时间 含胸驼背 外巧内嫉
58621	化成 含胸驼背 仙露琼浆 仙山琼阁
58622	活的时间 没毛大虫
58623	花的时间 外巧内嫉
5863	通知 能量 浙大 通文达礼 通工易事
58632	通知 能量 浙大 通文达礼 通工易事
5864	能在 仍在 海拔最高 剑胆琴心 合胆同心
58641	仍在 剑胆琴心 合胆同心
58642	能在 海拔最高 寸阴是惜 深文周纳
58643	世袭罔替 熏陶成性
5865	海拔最低 重气狥名 通文达艺 鸿隐凤伏 鸠集凤池
58651	人工智能
58652	海拔最低 通文达艺 鸿隐凤伏 鸠集凤池 游山玩水
58653	重气狥名
5866	江南 生气勃勃 刻雾裁风 兴衰成败 假以时日
58661	假以时日 信誓旦旦 仙露明珠
58662	江南 刻雾裁风 兴衰成败 满腹珠玑 通文达理
58663	生气勃勃 生搬硬套 名山大川 蔚然成风 迁延时日
5867	依照 使用时长 住院医师 人皆有之 人我是非
58671	依照 使用时长 住院医师 人皆有之 人我是非
58672	浮白载笔
5868	能有 仍是 似是 萧山医院 江山易改
58681	仍是 似是
58682	能有 江山易改 满腹狐疑
58683	萧山医院 生拉硬扯 茫然自失 迁延日月
5869	重要景点 浴血奋战 洗雪逋负 节哀顺变 个把星期
58691	个把星期 伏龙凤雏 全胜时期 倒三颠四
58692	浴血奋战 洗雪逋负
58693	重要景点 节哀顺变 薄技在身
587	领导力
5871	溘然长往 方以类聚 满脸笑容 河山之德 举手加额
58712	溘然长往 满脸笑容 河山之德 举手加额
58713	方以类聚
5872	苏峻之乱 没看出来
58722	没看出来
58723	苏峻之乱
5873	凭证 做这些事 依我之见 九泉之下 通文调武
58731	凭证 做这些事 依我之见 入文出武 保险起见
58732	九泉之下 通文调武 没这回事
58733	荒腔走板 迁延观望 敬陈管见
5874	能说 便携设备 促膝谈心 迁乔出谷 蓦然回首
58741	便携设备 促膝谈心 位卑言高
58742	能说
58743	迁乔出谷 蓦然回首
5875	能力 过了 散了 领导力 举手之劳
58751	领导力 使用简洁 斗升之水
58752	能力 过了 举手之劳 涂指甲油
58753	散了
5876	他山之石 游龙戏凤 浩气长存 游龙戏珠 荆山之玉
58761	他山之石 伐异党同
58762	游龙戏凤 浩气长存 游龙戏珠
58763	荆山之玉
5877	散发 通常 激发 逐步 愈发
58771	逐步 愈发 使用常识 促膝长谈 仓皇出逃
58772	通常 激发
58773	散发 散步 散播谣言 芒鞋竹笠
5878	泛起 倾诉 贪功起衅 重岩叠障 浩然之气
58781	倾诉 贪功起衅
58782	泛起 浩然之气 添衣加裤 溘然长逝
58783	重岩叠障 荡气回肠
5879	能让 河西走廊 名我固当 蒲鞭之罚
58792	能让 河西走廊
58793	名我固当 蒲鞭之罚
588	傻乎乎 保险费
5881	勇气 使用工具 货比三家 激扬文字
58811	使用工具 货比三家
58812	勇气 激扬文字
5882	依据 信手拈来 洲际导弹 洪乔捎书 含胸拔背
58821	依据 信手拈来 含胸拔背
58822	洲际导弹 洪乔捎书
5883	重要指示 你的手中 游击队员 夕阳西下 满腔热枕
58831	你的手中 伐毛换髓 众毛攒裘
58832	游击队员 满腔热枕
58833	重要指示 夕阳西下 萨拉热窝 节用裕民
5884	似乎 沸腾 傻乎乎 洒脱 过失
58841	似乎 傻乎乎 使用手册 傲然挺立 傲然屹立
58842	沸腾 洒脱 过失 沥血披心 满腔热忱
5885	能打胜仗 烫手山芋 领导集体 名山胜水
58851	领导集体
58852	能打胜仗 烫手山芋
58853	名山胜水
5886	依然 似的 仍然 能把 倾向
58861	依然 似的 仍然 倾向 保险费
58862	能把 海誓山盟 能工巧匠 过隙白驹
58863	重要的是 名山胜川
5887	货币 优势兵力 举手投足 滋阴补肾 萨拉托加
58871	货币 优势兵力 仍陋袭简 人工授精 你追我赶
58872	举手投足 滋阴补肾 涂脂抹粉 满腹疑团 浮文巧语
58873	萨拉托加
5888	使用手势 施以援手 沥胆隳肝 沥胆堕肝 重岩迭嶂
58881	使用手势 倒要看看 人工降雨 仓皇失措
58882	沥胆隳肝 沥胆堕肝 沥胆抽肠 淫雨霏霏 沥血披肝
58883	施以援手 重岩迭嶂 迁延岁月
5889	能用 偏三向四 满腹文章 泣血捶膺 他山攻错
58891	偏三向四 他山攻错 拿三搬四
58892	能用 满腹文章 泣血捶膺
589	信用卡 没看到
5891	仅以身免 垂手可得 个把钟头
58911	仅以身免 个把钟头
58913	垂手可得
5892	汽车 迁延稽留 蒙袂辑屦 迁延羁留 佛要金装
58921	佛要金装
58922	汽车
58923	迁延稽留 蒙袂辑屦 迁延羁留
5893	过程 过后 激励 信用卡 落脚点
58931	信用卡 做这种事
58932	过程 过后 激励 深陷其中
58933	落脚点 迁延顾望
5894	傻瓜 洗脚上船 孽障种子 满脸皱纹 勇气可嘉
58941	傻瓜
58942	洗脚上船 满脸皱纹 勇气可嘉
58943	孽障种子 蔼然可亲
5895	过度 过错 保险金 海拔较低 外接音源
58951	保险金 优胜劣汰 仗势欺人
58952	过度 过错 海拔较低 沿用至今 泽被后世
58953	外接音源 名扬四海 重气轻生 重气轻命
5896	重要基石 个把小时 优胜劣败
58961	个把小时 优胜劣败
58963	重要基石
5897	入到 没看到 渣打银行 侦探小说 舍我其谁
58971	入到 侦探小说 舍我其谁 促膝夜谈
58972	没看到 渣打银行 泣血稽颡 漠然置之 淡然置之
5898	化解 学以致用 沛雨甘霖 名鞿利鞚 傲雪欺霜
58981	化解 傲雪欺霜
58982	学以致用 沛雨甘霖
58983	名鞿利鞚
5899	依赖 游击战争 若崩厥角 倒挂金钩 倒挂金钟
58991	依赖 倒挂金钩 倒挂金钟
58992	游击战争
58993	若崩厥角 茫然四顾 共挽鹿车
591	没意思
5911	过度进食 酒醉饭饱
59112	过度进食 酒醉饭饱
5912	花鸟鱼虫
59123	花鸟鱼虫
5913	创造 何况 做点实事 通上彻下
59131	创造 何况 做点实事
59132	通上彻下
5914	没意思 价廉物美 鸿稀鳞绝
59141	价廉物美
59142	没意思 鸿稀鳞绝
5915	外界 你家 人身安全
59151	你家 人身安全
59153	外界
5916	节目 外头 耍小聪明
59163	节目 外头 耍小聪明
5917	途径 余额 佐雍得尝 学习资料 名至实归
59171	途径 余额 佐雍得尝
59172	学习资料
59173	名至实归 重厚寡言
5918	酒酣耳热 葬身鱼腹
59182	酒酣耳热
59183	葬身鱼腹
5919	世锦赛上 没卫饮羽 人迹罕至 人稠物穰 没金饮羽
59191	人迹罕至 人稠物穰
59192	没卫饮羽 没金饮羽
59193	世锦赛上
592	添麻烦
5921	浮屠 添麻烦 健康状况
59211	健康状况
59212	浮屠 添麻烦
5922	何不 外交 兴致缺缺
59221	何不
59222	兴致缺缺
59223	外交
5923	入竟问禁 波斯尼亚 千金买骨 何其毒也 草率将事
59231	入竟问禁 何其毒也
59232	波斯尼亚
59233	千金买骨 草率将事 放虎遗患
5924	你好 您好 你来 节奏 生肖属羊
59241	你好 您好 你来 做市业务 今愁古恨
59242	涉税业务 水原希子 梁上君子 过意不去 滚瓜烂熟
59243	节奏 生肖属羊 重金属盐
5925	学习表演 重度烧伤 寸铁杀人 萝卜青菜 鸿爪留泥
59251	逾期不候
59252	学习表演 寸铁杀人 鸿爪留泥 鸿爪春泥
59253	重度烧伤 萝卜青菜
5926	外面 你妈 做市交易 人小鬼大 水乳交融
59261	你妈 做市交易 人小鬼大
59262	水乳交融
59263	外面
5927	生肖属鸡 消受不起 但愿如此 千金买笑
59271	但愿如此
59272	消受不起
59273	生肖属鸡 千金买笑
5928	你还 消耗 外表 创建 生肖运势
59281	你还 创建 敛色屏气
59282	消耗 酒酸不售
59283	外表 生肖运势 药店飞龙 药到病除 萎靡不振
5929	创业 佻身飞镞
59291	创业 佻身飞镞
593	过程中 多少年
5931	你想 涸辙枯鱼 人畜无害 酒后无德 千虑一得
59311	你想 人畜无害
59312	涸辙枯鱼 酒后无德
59313	千虑一得
5932	消灭 消极 你呢 酒杯 千金敝帚
59321	你呢
59322	消灭 消极 酒杯
59323	千金敝帚 千金弊帚 千变万状 千锤百炼 外酥里嫩
5933	何事 学习榜样 浑身哆嗦 海市蜃楼 逐鹿天下
59331	何事 逐鹿天下 伐罪吊民
59332	学习榜样 浑身哆嗦 海市蜃楼 法度森严 浪迹天下
59333	营私舞弊
5934	过程中 途中 注意查收 参透机关 千金一壸
59341	途中 贪利忘义
59342	过程中 注意查收 参透机关 水利枢纽
59343	千金一壸 鸦雀无声 多少年前 千愁万恨 千愁万绪
5935	著称于世 营销事件 共度一生 伐罪吊人 舍身求法
59351	伐罪吊人 舍身求法 化身万千
59352	海角天涯 浪迹天涯
59353	著称于世 营销事件 共度一生 千变万化 千秋万世
5936	侦查 酒吧 源于 滔天 千金一瓠
59361	侦查 佛罗里达 偷香窃玉
59362	酒吧 源于 滔天
59363	千金一瓠 千秋万载 千乘万骑 多历年所
5937	重金悬赏 燕雀相贺 浑身无力 方针政策 千金一笑
59371	何至于此 倒置干戈
59372	浑身无力
59373	重金悬赏 燕雀相贺 方针政策 千金一笑 千钧一发
5938	多少年 含章天挺 海角天隅 注意事项 千秋万岁
59381	含章天挺
59382	海角天隅 注意事项 刻意求工 漆身吞炭
59383	多少年 千秋万岁 花遮柳隐 千金一掷 千虑一失
5939	你也 倒也 倒下 做到极致 逐鹿中原
59391	你也 倒也 倒下 做到极致 逐鹿中原
59392	法灸神针 渴尘万斛 泥金万点 流连忘返 清可见底
59393	牙尖嘴利 千错万错 千变万轸
594	供应商 停车场
5941	寸利必得 敬小慎微
59412	寸利必得
59413	敬小慎微
5942	停车场 菜市场 仁至义尽 燕尔新婚
59421	停车场 仁至义尽
59423	菜市场 燕尔新婚
5943	创新 外部 外地 生离死别 能歌善舞
59431	创新
59432	能歌善舞
59433	外部 外地 生离死别
5944	怨恨 营利组织 修身养性 像小孩子 蕙质兰心
59441	修身养性 像小孩子 合久必分 余音缭绕 凭虚公子
59443	怨恨 营利组织 蕙质兰心 世卫组织 苦其心志
5945	你去 伊斯兰堡 苍翠欲滴 刻意经营 作鸟兽散
59451	你去 伊斯兰堡 作鸟兽散 余音绕梁 仓卒主人
59452	刻意经营
59453	苍翠欲滴 放歌纵酒
5946	供应商 放射性碳 优点就是 体积增大 敛锷韬光
59461	供应商 优点就是 体积增大 敛锷韬光 人离乡贱
59463	放射性碳 多愁善感
5947	凭轼旁观 入铁主簿 燕雀处堂
59471	凭轼旁观 入铁主簿
59473	燕雀处堂
5948	何必 化整为零 带罪立功 草率收兵
59481	何必 化整为零
59483	带罪立功 草率收兵
5949	你就 何处 生意场上 凭轼结辙 暮夜怀金
59491	你就 何处 凭轼结辙 从轻处置 俭可养廉
59493	生意场上 暮夜怀金 芝麻绿豆 千钧为轻
595	染色体 荷尔蒙
5951	创作 荷尔蒙 深度优先 贪小便宜 澡身浴德
59511	创作 贪小便宜
59512	深度优先 澡身浴德
59513	荷尔蒙 千秋人物
5952	你们 牙齿 河流 鸿雁传书 多愁多病
59521	你们
59522	河流 鸿雁传书
59523	牙齿 多愁多病 千秋伟业 莫可名状 燕雁代飞
5953	液体 染色体 优秀学员 莺歌燕舞 熊罴入梦
59531	优秀学员 仨瓜俩枣 从上而下 斗转参横
59532	液体 染色体 熊罴入梦 潦原浸天 台上台下
59533	莺歌燕舞 草率从事
5954	鸿鳦满纸 水银泻地 重整旗鼓 邪魔外道 人急偎亲
59541	人急偎亲 全身而退
59542	鸿鳦满纸 水银泻地
59543	重整旗鼓 邪魔外道 若离若即
5955	沙漠 莲花 荒岛余生 什锦蔬菜 作战英勇
59551	什锦蔬菜 作战英勇 佛罗伦萨 做小伏低
59552	沙漠 学习方法 浪迹江湖 没轻没重 清尘浊水
59553	莲花 荒岛余生 暮色苍茫
5956	涟漪 涉税信息 淑质英才 保质保量 水到渠成
59561	保质保量
59562	涟漪 涉税信息 淑质英才 水到渠成 鸠占鹊巢
59563	放鹰逐犬
5957	何人 外人 派人 余生 外婆
59571	何人 余生 全受全归 修身洁行
59572	派人 河水 九省通衢 学习能力 浪迹浮踪
59573	外人 外婆 重度游戏 带金佩紫 莞尔而笑
5958	消散 消化 生意兴隆 藏锋敛颖 深厉浅揭
59582	消散 消化 深厉浅揭
59583	生意兴隆 藏锋敛颖
5959	渐渐 劳斯莱斯 薄利多销 藏锋敛锐 藏锋敛锷
59592	渐渐 混应滥应 活色生香 浑身湿透 过期作废
59593	劳斯莱斯 薄利多销 藏锋敛锐 藏锋敛锷 千钧重负
596	健康码 健身房
5961	鸿轩凤翥
59612	鸿轩凤翥
5962	花点时间 学习时间 洁身自好 千秋大业 多少时间
59621	倦鸟知还
59622	学习时间 洁身自好 流离琐尾
59623	花点时间 千秋大业 多少时间
5963	浮现 通变达权 人身自由
59631	人身自由
59632	浮现 通变达权
5964	消息 倒在 刻章琢句 刻翠裁红 学习成绩
59641	倒在 作金石声
59642	消息 刻章琢句 刻翠裁红 学习成绩 水可载舟
59643	旋转乾坤
5965	何时 健身房 液压元件 满座风生 满身大汗
59651	何时 健身房 任其自流 人急智生
59652	液压元件 满座风生 满身大汗 流离颠沛 没可奈何
59653	重点大学 莫可奈何 外厉内荏
5966	健康码 河南 九点左右 兴致勃勃 浑金璞玉
59661	健康码
59662	河南 九点左右 兴致勃勃 浑金璞玉
5967	节日 深厚友谊 草靡风行 健康成长 多少有些
59671	健康成长
59672	深厚友谊
59673	节日 草靡风行 多少有些 燕翼贻谋
5968	倒是 你所 药店有售 浑身是胆 荆钗布裙
59681	倒是 你所 任督二脉 任其自然
59682	浑身是胆 酒色财气 兴致索然 寸铁在手
59683	药店有售 荆钗布裙
5969	暮虢朝虞 斗转星移 多少有点 蒙哥马利 众醉独醒
59691	斗转星移 众醉独醒
59693	暮虢朝虞 多少有点 蒙哥马利 放虎自卫
597	共和国 注意力
5971	优质师资 酒色之徒 千金之家 涸辙之鲋
59711	优质师资
59712	酒色之徒 涸辙之鲋
59713	千金之家
5973	潜意识 重压之下 潜意识中 潜意识里 没当回事
59732	潜意识 潜意识中 潜意识里 没当回事
59733	重压之下 劳其筋骨 警钟长鸣 千金难求 千金之裘
5974	你说 何等 优秀之处 藏身之处 名利双收
59741	你说 何等 优秀之处 优劣之分
59743	藏身之处 名利双收 获利了结 藏身之地 千金之子
5975	你对 注意力 倒了 学习之余 添醋加油
59751	你对 倒了 伊利诺伊 从轻发落 人急计生
59752	注意力 学习之余 添醋加油 漏卮难满 潜移默化
59753	萨尔瓦多
5976	共和国 外国 外出 派出 低速行驶
59761	低速行驶 何罪之有 何错之有
59762	派出 泣麟悲凤 泥车瓦马
59763	共和国 外国 外出
5977	沙发 活罪难逃 过庭之训
59772	沙发 活罪难逃 过庭之训
5978	河边 放虎归山 重峦叠嶂 九曲回肠 九转回肠
59781	仓卒之际
59782	河边 九曲回肠 九转回肠
59783	放虎归山 重峦叠嶂
5979	法轮常转 洛钟东应
59792	法轮常转 洛钟东应
5981	你看 重金打造 苦身焦思 劳身焦思
59811	你看
59813	重金打造 苦身焦思 劳身焦思
5982	学习毕业 多点执业
59822	学习毕业
59823	多点执业
5983	倒霉 做到以下 兴利除弊 外科手术 蓄意报复
59831	倒霉 做到以下
59832	兴利除弊 沸反盈天 鸿雁哀鸣
59833	外科手术 蓄意报复
5984	消失 敛后疏前 派上用场 生瓜蛋子 水磨工夫
59841	敛后疏前
59842	消失 派上用场 水磨工夫 清夜扪心
59843	生瓜蛋子
5985	消除 俏脸 何以 含章挺生 波罗的海
59851	俏脸 何以 含章挺生
59852	消除 波罗的海 鸿爪雪泥 水软山温
5986	你的 消费 夕阳 重度抑郁 水原三星
59861	你的 你争我夺 贪小失大
59862	消费 水原三星 注意的是 流离失所 水色山光
59863	夕阳 重度抑郁
5987	酒后失言 伤透脑筋
59871	伤透脑筋
59872	酒后失言
5988	你我 健身指导 千金用兵 流金岁月 海底捞月
59881	你我 健身指导 人身攻击 伏虎降龙
59882	流金岁月 海底捞月
59883	千金用兵
5989	注意的点 侔色揣称 千锤打锣 水利工程 水底捞针
59891	侔色揣称
59892	注意的点 水利工程 水底捞针 海底捞针 清音幽韵
59893	千锤打锣 草庐三顾 茅庐三顾
599	注意到 多少钱
5991	健身私教 鸿章钜字 深受其害 流离转徙
59911	健身私教
59912	鸿章钜字 深受其害 流离转徙
5992	从小离娘 千金小姐 旗靡辙乱
59921	从小离娘
59923	千金小姐 旗靡辙乱
5993	多少钱 从上至下 伯歌季舞 沸反连天 浑身上下
59931	从上至下 伯歌季舞 从上到下
59932	沸反连天 浑身上下
59933	多少钱 千金市骨
5994	俄罗斯 保质期
59941	俄罗斯 保质期
5995	满意度 莫斯科 重点整治 花香四溢 俄罗斯族
59951	俄罗斯族
59952	满意度 九原可作
59953	莫斯科 重点整治 花香四溢
5996	从小到大 蓬赖麻直 重色轻友 流金铄石
59961	从小到大
59962	流金铄石
59963	蓬赖麻直 重色轻友
5997	注意到 重庆市 浑身解数 花香鸟语 过甚其词
59972	注意到 浑身解数 过甚其词
59973	重庆市 花香鸟语
5998	创意市集 毋庸置疑 重厚少文
59981	创意市集
59982	毋庸置疑
59983	重厚少文
5999	酒店 仓库 供应链 泽连斯基 泛应曲当
59991	仓库 供应链 余音袅袅
59992	酒店 泽连斯基 泛应曲当 没金铩羽
611	大眼睛 博物馆
6111	真实 博物馆 硕果累累
61111	硕果累累
61112	真实 博物馆
6112	大眼睛 肉眼愚眉 暑往寒来
61121	大眼睛 肉眼愚眉
61123	暑往寒来
6113	左都御史 右都御史 大饱眼福 肉食者鄙
61131	大饱眼福 肉食者鄙
61132	左都御史 右都御史
6114	在家待着
61142	在家待着
6116	真实写照
61162	真实写照
6117	十进制数 真实实力 狗头军师
61171	狗头军师
61172	十进制数 真实实力
6118	最先进的 昃食宵衣 旰食宵衣
61183	最先进的 昃食宵衣 旰食宵衣
6119	晚饭 专制制度 独具特色 布鲁塞尔 明耻教战
61191	专制制度 独具特色
61192	布鲁塞尔
61193	晚饭 明耻教战
6121	独具慧眼 肉食动物 破头烂额
61211	独具慧眼 肉食动物 破头烂额
6122	真不 最不 卖男鬻女 臭鱼烂虾 破军杀将
61221	破军杀将
61222	真不 卖男鬻女
61223	最不 臭鱼烂虾
6123	最强 奇思妙想
61231	奇思妙想
61233	最强
6124	最好 真好 在家居士 大耳刮子 贼臣乱子
61241	大耳刮子
61242	真好 在家居士
61243	最好 贼臣乱子
6125	智者乐水 暗室屋漏 珠联璧合 达官贵人 南征北伐
61251	达官贵人
61252	珠联璧合 南征北伐
61253	智者乐水 暗室屋漏
6126	真实交易 现实问题 卖官鬻狱 马耳春风
61262	真实交易 现实问题 卖官鬻狱 马耳春风
6127	王氏 忽略不计 昂头阔步 牵物引类 专家门诊
61271	牵物引类 专家门诊
61272	王氏 忽略不计 卖犊买刀 南征北讨
61273	昂头阔步
6128	王妃 辉煌 专家支招 十五六岁 明目张胆
61281	辉煌 专家支招 磕头如捣 达官贵要
61282	王妃 十五六岁
61283	明目张胆 贼头鬼脑 显微阐幽
6129	真实还原 明教不变 卖官鬻爵 南征北战 大家闺秀
61291	大家闺秀
61292	真实还原 卖官鬻爵 南征北战
61293	明教不变 贩官鬻爵 暗室不欺
613	现实中
6131	真相 真想 牵牛下井 暗室求物 自食恶果
61311	牵牛下井 独具只眼
61312	真相 真想
61313	暗室求物 自食恶果
6132	现实社交
61322	现实社交
6133	昭告天下 大象无形 独具一格 贻害无穷 自取灭亡
61331	大象无形 独具一格
61333	昭告天下 贻害无穷 自取灭亡
6134	现实中 盛况空前 同德一心 购物中心
61341	同德一心
61342	现实中 盛况空前
61343	购物中心
6135	真实事件 真实年龄 昂头天外 日饮亡何 驿寄梅花
61351	破家县令
61352	真实事件 真实年龄 驿寄梅花
61353	昂头天外 日饮亡何 日饮无何
6136	昨天 智者见智 真实再现 有眼无珠 风头正盛
61361	独守空房
61362	真实再现 有眼无珠
61363	昨天 智者见智 风头正盛
6137	真正 十五一回 有教无类 败德辱行 南冠楚囚
61371	破家亡国
61372	真正 十五一回 有教无类 南冠楚囚
61373	败德辱行 风头正劲
6138	申冤吐气 磕头礼拜 才思敏捷 有头无脑
61381	磕头礼拜
61382	才思敏捷 有头无脑
61383	申冤吐气
6139	在思想上 在军事上 感遇忘身 日进万金 日食万钱
61392	在思想上 在军事上 感遇忘身
61393	日进万金 日食万钱
614	真实性 专案组
6141	顺着 牵着 冒着 明眸善睐 珍馐美馔
61411	牵着 远瞩高瞻
61412	珍馐美馔
61413	顺着 冒着 明眸善睐 败者为寇
6142	王爷 真情 成家立业 牵牛织女 灰头土面
61421	牵牛织女
61422	王爷 真情 成家立业 灰头土面
61423	暗室逢灯
6143	最新 专案组 自家地里 光鲜亮丽 有待商榷
61431	专案组 光鲜亮丽
61432	有待商榷
61433	最新 自家地里
6144	最终 最高 鼻子 王子 现实主义
61441	破家丧产 破家竭产
61442	王子 现实主义 才德兼备 玩物丧志 卖富差贫
61443	最终 最高 鼻子 风姿绰约 贼臣逆子
6145	索性 真实性 确定性 启宠纳侮 大老爷们
61451	确定性 启宠纳侮 大老爷们
61452	索性 真实性
6146	最美 最快 暴取豪夺
61463	最美 最快 暴取豪夺
6147	最为 败鳞残甲 破家为国
61471	破家为国
61473	最为 败鳞残甲
6148	有准备的 骑鹤维扬 灰头土脸 骑者善堕 咸五登三
61482	有准备的 骑鹤维扬 灰头土脸 骑者善堕 咸五登三
6149	真心 真实经历 真实声音 十五分钟 截鹤续凫
61491	奔逸绝尘
61492	真心 真实经历 真实声音 十五分钟 截鹤续凫
61493	遏密八音
615	大男人
6151	最深 直觉 现实世界 真实世界 有目共睹
61512	直觉 现实世界 真实世界 有目共睹 有完没完
61513	最深
6152	最低 破家荡业 博物洽闻 黄耳传书
61521	破家荡业
61522	博物洽闻 黄耳传书
61523	最低
6153	奋斗 冒名 顺便 在宿舍里 有很多事
61531	奋斗
61532	在宿舍里 有很多事 在制作中 十室九空 朝思暮想
61533	冒名 顺便 赃官污吏
6154	最佳 十五世纪 真实含义 朝齑暮盐 破家荡产
61541	破家荡产 大得人心
61542	十五世纪 真实含义 朝齑暮盐
61543	最佳
6155	最多 奢侈 成都生活 真实价值 现实生活
61551	奢侈
61552	成都生活 真实价值 现实生活
61553	最多
6156	真实信息 户告人晓 硕果仅存 两眼放光
61561	户告人晓 硕果仅存 两眼放光
61562	真实信息
6157	真人 大男人 专家坐诊 自制能力 夺眶而出
61571	大男人 专家坐诊 夺眶而出
61572	真人 雄姿英发
61573	自制能力
6158	犬兔俱毙 有头没脑
61581	犬兔俱毙
61582	有头没脑
6159	智者千虑 日进斗金 日进千金
61593	智者千虑 日进斗金 日进千金
616	王安石 最容易
6161	昨晚 在实验室 照进现实 暴饮暴食 豹头环眼
61611	豹头环眼 达官显宦
61612	在实验室
61613	昨晚 照进现实 暴饮暴食 明目达聪
6162	所造成 真实有效 现实时间 达官显贵 有头有尾
61621	所造成 达官显贵 大富大贵 独往独来 肉眼惠眉
61622	真实有效 现实时间 有头有尾 珠宫贝阙
6163	最大 真理 直径大于 光宗耀祖 左思右想
61631	光宗耀祖 大寒索裘 所思所想 奇耻大辱
61632	真理 直径大于 左思右想 十目所视
61633	最大 朵颐大嚼
6164	十字星线 独具匠心 大彻大悟 同德同心 破家败产
61641	独具匠心 大彻大悟 同德同心 破家败产 肉眼凡夫
61642	十字星线
61643	暗室亏心
6165	包教包会 自告奋勇 大家风范 成者王侯 达官知命
61651	大家风范 达官知命
61652	包教包会 成者王侯
61653	自告奋勇
6166	王朝 最早 直奔 最容易 左宜右有
61661	大鱼大肉
61662	王朝 直奔 左宜右有
61663	最早 最容易
6167	昨日 王安石 早睡早起 同德协力 明察暗访
61671	同德协力
61672	王安石
61673	昨日 早睡早起 明察暗访
6168	真是 真有 最有 忽冷忽热 所具有的
61681	所具有的 肉眼凡胎 猛冲猛打 磕头碰脑 猴头猴脑
61682	真是 真有 忽冷忽热 有得有失 卖头卖脚
61683	最有 知彼知己 贼头狗脑 时冷时热 贼头贼脑
6169	在宜昌市 卖官贩爵 卖官卖爵
61692	在宜昌市 卖官贩爵 卖官卖爵
617	十字架 自制力
6171	十字街头 在家出家 是耶非耶 獐头鼠目 在官言官
61711	獐头鼠目
61712	十字街头 在家出家 在官言官
61713	是耶非耶
6172	知鱼之乐 真实记录 败军之将 王者归来 二者之间
61721	二者之间 独鹤鸡群 狼眼鼠眉
61722	真实记录 王者归来
61723	知鱼之乐 败军之将
6173	十字架 在实践中 十字路口 狗盗鼠窃 狗盗鸡鸣
61731	狗盗鼠窃 狗盗鸡鸣 狗盗鸡啼 独得之见
61732	十字架 在实践中 十字路口 盛宴难再
6175	晚了 自制力 王者之剑 旰食之劳
61752	王者之剑
61753	晚了 自制力 旰食之劳
6176	真诚 冒出 马耳东风 两眼发直
61761	两眼发直
61762	真诚 马耳东风
61763	冒出
6177	知遇之恩 狐兔之悲
61771	狐兔之悲
61773	知遇之恩
6178	最难 真实数据 有定论的 贼头鼠脑 戴头识脸
61781	狗头鼠脑
61782	真实数据 有定论的 戴头识脸 成果斐然
61783	最难 贼头鼠脑 易守难攻
6179	十字架上
61792	十字架上
6182	真要 两头白面 日往月来
61821	两头白面
61822	真要
61823	日往月来
6183	狡兔三窟 日征月迈
61831	狡兔三窟
61833	日征月迈
6184	直接 牵挂 有选择性 骇目振心
61841	牵挂
61842	直接 有选择性 骇目振心
6185	冒险 理冤摘伏 狗眼看人 明眸皓齿 达官要人
61851	狗眼看人 达官要人
61852	理冤摘伏
61853	冒险 明眸皓齿
6186	真的 骤然 骑鹤扬州 有容乃大
61862	真的 骤然 骑鹤扬州 有容乃大
6187	最初 牵手 顺手 风掣雷行 同室操戈
61871	牵手 同室操戈
61873	最初 顺手 风掣雷行 凤冠霞帔
6188	最近 直播 专家释疑 巴头探脑 启瞶振聋
61881	专家释疑 巴头探脑 启瞶振聋
61882	直播 马牛襟裾
61883	最近 几次三番 昂头挺胸
6189	日累月积 牵五挂四
61891	牵五挂四
61893	日累月积
619	猫头鹰 所得税
6191	最爱 真爱 真实意思 自食其果 狼飡虎食
61911	狼飡虎食 大写锁定
61912	真爱 真实意思 匡鼎解颐 骑牛觅牛
61913	最爱 自食其果 曼彻斯特
6192	自得其乐 巴塞罗那 大头小尾
61921	巴塞罗那 大头小尾
61923	自得其乐
6193	最后 晚上 王某 在实战中 景德镇窑
61931	狼飡虎咽 肉眼可见
61932	王某 在实战中 有案可查
61933	最后 晚上 景德镇窑 日思夜想
6194	顺序 直至 所得税 石家庄 现实意义
61941	所得税 石家庄 石家庄站
61942	直至 现实意义 真实意义
61943	顺序 暗室私心 明察秋毫 自取其咎 暗室欺心
6195	王座 猫头鹰 成都上海 知耻后勇 日思夜念
61951	猫头鹰
61952	王座 成都上海
61953	知耻后勇 日思夜念 尤物移人
6196	晚食当肉 马牛其风
61962	马牛其风
61963	晚食当肉
6197	直到 顺利 真实原因 现实原因 独家解读
61971	独家解读
61972	直到 真实原因 现实原因
61973	顺利 自食其力 自食其言
6198	大家庭 石家庄的 景德镇的 独家销售 专家质疑
61981	大家庭 石家庄的 独家销售 专家质疑
61982	骑鹤上扬 盛食厉兵
61983	景德镇的 晕头转向
6199	真实意愿
61992	真实意愿
621	马克思 大将军
6211	在张家界 十六进制 直眉瞪眼 马面牛头
62112	在张家界 十六进制 直眉瞪眼 马面牛头
6212	大书特书
62121	大书特书
6213	成果 融资
62132	成果 融资
6214	马克思 独特 专业实务
62141	独特 专业实务
62142	马克思
6215	专家 卖家 曝背食芹
62151	专家
62152	卖家
62153	曝背食芹
6216	显得 成都 巴不得 真面目 真不容易
62161	巴不得 彤云密布
62162	成都 真面目 真不容易
62163	显得 最不容易
6217	专业咨询 大展宏图 两不耽误
62171	专业咨询 大展宏图 两不耽误
6218	时间煮雨
62183	时间煮雨
6219	大将军 晨昏定省
62191	大将军
62193	晨昏定省
622	灰姑娘
6221	自动闭塞 南来北往
62212	南来北往
62213	自动闭塞
6222	爽不 成交 成效 旷古未闻 驷不及舌
62221	爽不
62222	成交 成效 驷不及舌
62223	旷古未闻
6223	灰飞烟灭 二门不迈 马屁不穿 风闻奏事
62231	二门不迈
62232	灰飞烟灭 马屁不穿
62233	风闻奏事
6224	刚好 灰姑娘 破壁飞去 弄鬼妆幺 大不如前
62241	刚好 破壁飞去 大不如前 破烂不堪
62242	灰姑娘 弄鬼妆幺
62243	自寻烦恼
6225	巴氏杀菌 贩交买名 硝烟弥漫 狗屁不通 狗彘不若
62251	巴氏杀菌 硝烟弥漫 狗屁不通 狗彘不若 丹青不渝
62252	朝不及夕
62253	贩交买名
6226	专门 专业背景 自强不息 时间不早 狂奴故态
62261	专门 专业背景 狂奴故态
62263	自强不息 时间不早 旷古未有
6227	时间静止 时间不对 自动寻路 博闻强记 博闻强识
62272	博闻强记 博闻强识
62273	时间静止 时间不对 自动寻路
6228	猝不及防 感动不已 丹青妙手
62281	猝不及防 丹青妙手
62282	感动不已
6229	专业 时来运转 星火燎原 确凿不移
62291	专业 确凿不移
62293	时来运转 星火燎原
623	大门口
6231	明媒正娶 明婚正娶
62313	明媒正娶 明婚正娶
6232	房顶开门 理不忘乱 马迟枚疾 时不再来
62321	房顶开门
62322	理不忘乱 马迟枚疾
62323	时不再来
6233	电视 成本 风吹 自动校正 明媒正礼
62331	两不相欠 两不相干 光焰万丈
62332	成本 有如神助
62333	电视 风吹 自动校正 明媒正礼 是不一样
6234	电梯 风中 同病相怜 蠹居棋处 狠不下心
62341	同病相怜 狠不下心 大病一场
62342	蠹居棋处 琅嬛福地 南面百城
62343	电梯 风中 巢居穴处 风不鸣条
6235	成形 大门口 自杀事件 同业相仇 旷古一人
62351	大门口 同业相仇 肉毒杆菌
62352	成形
62353	自杀事件 旷古一人
6236	成员 网吧
62361	网吧
62362	成员
6237	显示 区别 风格 专业复试 专业术语
62371	专业复试 专业术语 大动干戈
62372	区别
62373	显示 风格 曝书见竹 暗弱无断
6238	成年 真不咋的 碎尸万段 确凿无疑
62381	碎尸万段 确凿无疑
62382	成年 真不咋的
6239	时间一到 风云突变 南丁格尔 明婚正配
62392	南丁格尔
62393	时间一到 风云突变 明婚正配
624	有效性 专业性
6242	成绩 风声 影业公司
62422	成绩
62423	风声 影业公司
6243	风烛残年 骇状殊形 太不懂事
62431	太不懂事
62432	骇状殊形
62433	风烛残年
6244	成熟 电子 专业八级 专业主义 大动公惯
62441	专业八级 专业主义 大动公惯 大卸八块 大展经纶
62442	成熟
62443	电子
6245	独立 成立 有效性 专业性 遏云绕梁
62451	独立 专业性 夸强道会 同业公会 貌不惊人
62452	成立 有效性 裁云剪水 十面埋伏 有屁快放
62453	遏云绕梁 财运亨通 息交绝游 旷古绝伦
6246	有奖竞猜 真不愧是 大不列颠 狗尾续貂
62461	大不列颠 狗尾续貂
62462	有奖竞猜 真不愧是
6247	成为 网络 区域 成分 区分
62471	网络
62472	成为 区域 成分 区分 郁闷死了
62473	自寻死路
6248	最顶级的 在北京的 成群结队 狗娘养的 大展拳脚
62481	狗娘养的 大展拳脚 大张声势
62482	在北京的 成群结队
62483	最顶级的 知疼着热
6249	环境 成就 网站 专心 独处
62491	网站 专心 独处
62492	环境 成就 直隶总督 韩寿分香 卖履分香
62493	旱魃为虐
625	专业化 现如今
6251	显著 专业优先 时间优先 时间过得 马如游鱼
62511	专业优先
62512	马如游鱼 臧否人物
62513	显著 时间优先 时间过得 息怒停瞋 风云人物
6252	现如今 马壮人强 狂蜂浪蝶 狗屁倒灶 十病九痛
62521	狂蜂浪蝶 狗屁倒灶
62522	现如今 马壮人强 十病九痛
6253	融合 环保 医疗仪器 直属学校 弄不清楚
62532	融合 环保 医疗仪器 直属学校 弄不清楚
62533	曳尾涂中
6254	专注 颠来倒去 专业领域 大张旗鼓 朝闻夕死
62541	专注 专业领域 大张旗鼓
62542	颠来倒去 朝闻夕死
6255	时间倒流 戴眉含齿 博古通今 硝烟滚滚 朝不保夕
62551	硝烟滚滚 破门而入
62552	戴眉含齿 博古通今 朝不保夕 匹妇沟渠 珠还合浦
62553	时间倒流
6256	欧洲 猜测 成全 破卵倾巢 专业人才
62561	猜测 破卵倾巢 专业人才 狂嫖滥赌
62562	欧洲 成全
62563	明尼苏达 智尽能索 知尽能索
6257	风水 成人 自来水 启动仪式 朝奏暮召
62571	启动仪式 太痛苦了 太不像话 夺门而出 破门而出
62572	成人 朝奏暮召 朝奏夕召 马不停蹄 博闻多识
62573	风水 自来水
6258	融入 融化 专业化 自动化 自动消失
62581	专业化 大好河山 破烂流丢
62582	融入 融化 朝云暮雨 马如游龙 朝闻夕改
62583	自动化 自动消失 时间流逝
6259	环节 貂蝉满座 韩寿偷香 琐尾流离
62591	貂蝉满座
62592	环节 韩寿偷香 琐尾流离
626	是不是 爽不爽
6261	有来有往 独来独往 自业自得 贼眉贼眼 贝阙珠宫
62611	独来独往
62612	有来有往
62613	自业自得 贼眉贼眼 贝阙珠宫 明来暗往
6262	刚刚 爽不爽 巴巴 区区 自娱自乐
62621	刚刚 爽不爽 巴巴 两面二舌
62622	区区 成书时间 有张有弛 左问右问
62623	自娱自乐 早婚早育 旷古奇闻
6263	显现 自弹自唱 知书达礼 自寻短见 时间成本
62631	大奸大恶 元凶巨恶 狐媚猿攀
62632	弄鬼弄神 玩火自焚
62633	显现 自弹自唱 知书达礼 自寻短见 时间成本
6264	电影 风景 独自 风光 在不在
62641	独自 专业硕士 猜来猜去 狗尾貂续 奇不奇怪
62642	在不在 有始有终 左支右绌 班门弄斧 弄来弄去
62643	电影 风景 风光 知不知道 时不时地
6265	风暴 时不时 医疗影像 早春时节 是不是傻
62651	邈如旷世 光艳照人
62652	医疗影像 成效显著 琼浆玉液
62653	风暴 时不时 早春时节 是不是傻
6266	矧码 是敌是友 知书达理 大杀风景 雕阑玉砌
62661	大杀风景 雕阑玉砌 狐不二雄 周六周日 石火电光
62663	矧码 是敌是友 知书达理 明效大验
6267	网友 自古有之 时间截止 专业医师 博闻辩言
62671	网友 专业医师 狐群狗党 狼烟大话
62672	博闻辩言
62673	自古有之 时间截止 自问自答 自不量力
6268	是不是 刚才 有问题 大问题 弄不明白
62681	刚才 大问题 破罐破摔
62682	有问题 弄不明白
62683	是不是 明不明白
6269	琉璃 时间最久 大将风度
62691	大将风度
62692	琉璃
62693	时间最久
627	太好了 大不了
6271	专业师资 昭君出塞 贼眉鼠眼 独辟蹊径 二不跨五
62711	专业师资 独辟蹊径 二不跨五
62713	昭君出塞 贼眉鼠眼
6272	电话 成长 二姓之好
62721	二姓之好
62722	成长
62723	电话
6273	驳回 时间简史 在建筑中 理屈词穷 贼不走空
62731	太不讲究
62732	驳回 在建筑中 理屈词穷
62733	时间简史 贼不走空 风烛之年
6274	所及之处 珍贵回忆 风云之志
62741	所及之处
62742	珍贵回忆
62743	风云之志
6275	成了 爽了 太好了 大不了 医疗诊治
62751	爽了 太好了 大不了 破奸发伏
62752	成了 医疗诊治 雄飞雌伏 朝不谋夕
62753	电动力学 时间紧促 是古非今
6276	自动行驶 破璧毁珪 是敌非友
62761	破璧毁珪
62763	自动行驶 是敌非友
6277	时间长了 时间精力 时间越长 时间之长 自动调频
62773	时间长了 时间精力 时间越长 时间之长 自动调频
6278	巴掌 十六七岁 时间紧迫
62781	巴掌
62782	十六七岁
62783	时间紧迫
628	医疗费 时间段
6281	专项 大局已定 败局已定 时不我待 弄眉挤眼
62811	专项 大局已定
62812	弄眉挤眼
62813	败局已定 时不我待 日来月往 凤表龙姿
6282	自古以来 理不胜辞 大动肝火 剔蝎撩蜂
62821	大动肝火
62822	理不胜辞
62823	自古以来 剔蝎撩蜂
6283	时间段 电闪雷鸣 明火执械 明火持杖 明火执杖
62832	马来西亚 区闻陬见
62833	时间段 电闪雷鸣 明火执械 明火持杖 明火执杖
6285	风险 明火执仗 牵强附合 牵引附会 显姓扬名
62851	牵强附合 牵引附会 专业技能 大病初愈 牵强附会
62853	风险 明火执仗 显姓扬名 风云际会
6286	显然 欧阳 医疗费 时间要短 瑕不揜瑜
62861	同门异户 丹书白马
62862	欧阳 医疗费 瑕不揜瑜 瑕不掩瑜 弄鬼掉猴
62863	显然 时间要短 自北向南
6287	成功 时间延长 贩毒集团 两面三刀 明如指掌
62871	两面三刀
62872	成功 马瘦毛长
62873	时间延长 贩毒集团 明如指掌 日居月诸 日引月长
6288	风雨 专业指导 电动升降 自乱阵脚 远交近攻
62881	专业指导 远交近攻 奇装异服
62882	勾魂摄魄
62883	风雨 电动升降 自乱阵脚 臭不要脸 鼻青脸肿
6289	电脑 专用 在建工程 时间推移
62891	专用
62892	在建工程
62893	电脑 时间推移
629	有效期 丹尼尔
6291	骈门连室 最不可取
62912	骈门连室
62913	最不可取
6292	直属上司 臭不可闻 雕蚶镂蛤 自动上屏 丹书铁契
62921	雕蚶镂蛤 丹书铁契
62922	直属上司
62923	臭不可闻 自动上屏
6293	网上 大面积 在运输中 匡乱反正 败絮其中
62931	网上 大面积
62932	在运输中 匡乱反正
62933	败絮其中
6294	灰尘 有效期 有效率 自始至终 自适应性
62941	狐媚魇道 大敌当前 太不小心 丹书铁券
62942	灰尘 有效期 有效率 南面称孤
62943	自始至终 自适应性 风云变幻
6295	牵鬼上剑 大杀四方 专门利人 朝不虑夕
62951	牵鬼上剑 大杀四方 专门利人
62952	朝不虑夕
6296	灰色 时间久远 风云变态 狼虫虎豹 日不移影
62961	狼虫虎豹
62962	灰色
62963	时间久远 风云变态 日不移影 日不移晷
6297	专利 巴黎 大局意识 狼烟四起 玩故习常
62971	专利 巴黎 大局意识 狼烟四起 二缶锺惑
62972	玩故习常
62973	易如反掌
6298	大闸蟹 自适应的 在印度的 雕虫小技 时不可失
62981	大闸蟹 雕虫小技
62982	在印度的 马不解鞍
62983	自适应的 时不可失
6299	丹尼尔 奋不顾身 臭不可当
62991	丹尼尔 奋不顾身
62993	臭不可当
631	有一次 二百五
6311	现实 影响进食 大开眼界 王祥卧冰
63111	大开眼界
63112	现实 王祥卧冰
63113	影响进食
6312	大臣 在一瞬间 有一瞬间 狐鸣鱼书 真枪实弹
63121	大臣 狐鸣鱼书
63122	在一瞬间 有一瞬间 真枪实弹
63123	自由职业
6313	有一次 二次 十年寒窗
63131	二次
63132	有一次 十年寒窗
6314	大眼 二字 有形资产 暗下决心
63141	大眼 二字
63142	有形资产
63143	暗下决心
6315	大家 息事宁人
63151	大家
63153	息事宁人
6316	二审 研究者 巴吞鲁日 所见略同 明窗净几
63161	二审 研究者 巴吞鲁日 所见略同
63163	明窗净几 自相鱼肉
6317	忽略 有想象力 真材实料 十年教训 猫哭老鼠
63171	猫哭老鼠
63172	忽略 有想象力 真材实料 十年教训 成一家言
6318	二百五 最标准的 最忠实的 成年累月
63181	二百五
63182	成年累月
63183	最标准的 最忠实的
6319	现象 大军 在本赛季 自鸣得意 大相径庭
63191	大军 大相径庭
63192	现象 在本赛季 存亡安危
63193	自鸣得意 照本宣科
632	电视剧 几年来
6321	威刑肃物 两栖动物 大树将军 明刑弼教
63211	两栖动物 大树将军
63212	威刑肃物
63213	明刑弼教
6322	智慧 大局 电视剧 狼突鸱张 马空冀北
63221	大局 狼突鸱张
63222	马空冀北 十年动乱 威武不屈
63223	智慧 电视剧 自叹不如
6323	在事故中 狼嗥鬼叫 逖听遐视 狼号鬼哭 南橘北枳
63231	狼嗥鬼叫 逖听遐视 狼号鬼哭 狼嚎鬼叫
63232	在事故中 南橘北枳 琴棋书画 卖空买空 南枝北枝
6324	几年来 有事业心 匡救弥缝 日本鬼子 十恶不赦
63241	猫哭耗子 狗吠不惊
63242	有事业心 匡救弥缝 十恶不赦 感天动地 威望素着
63243	几年来 日本鬼子
6325	大殿 光杆司令 风吹云散 碧空如洗 囊空如洗
63251	大殿 光杆司令 顽梗不化
63252	碧空如洗 囊空如洗 威望素著
63253	风吹云散
6326	大门 户枢不蠹 区别不大 日中将昃
63261	大门 户枢不蠹
63262	区别不大
63263	日中将昃
6327	感动 启动 大片 大怒 有吸引力
63271	启动 大片 大怒 大开杀戒
63272	感动 有吸引力 成事不足 成事不说
63273	时机不对 矢口否认 知无不言
6328	曝骨履肠 风林火山 刚正不阿
63281	刚正不阿
63283	曝骨履肠 风林火山
6329	时机未到 南棹北辕 明枪好躲 十万火急 刨根问底
63292	南棹北辕 十万火急 刨根问底 存亡未卜
63293	时机未到 明枪好躲 明刑不戮
633	有一天 在哪里
6331	理想 太平无象 有空再聊
63311	太平无象
63312	理想 有空再聊
6332	弄口鸣舌 网开一面 破柱求奸
63321	网开一面 破柱求奸
63322	弄口鸣舌
6333	同事 大事 忽视 显示器 有本事
63331	同事 大事 太平无事 同恶相助 同恶相求
63332	忽视 有本事 十年树木 南柯一梦 十年窗下
63333	显示器 晴空万里 明见万里
6334	同样 大概 同一 大叫 大一
63341	同样 大概 同一 大叫 大一
63342	有口无心 有嘴无心
6335	研究 在哪里 大型 大口 时事政治
63351	研究 大型 大口 同敝相济 砥柱中流
63352	在哪里 有求于人 有求于你
63353	时事政治
6336	有一天 二天 大神 大喊 大于
63361	二天 大神 大喊 大于 研究员
63362	有一天 有助于 盛极一时 有天无日 有一无二
63363	照相机 电视机 日复一日 暗无天日
6337	感叹 大树 二楼 几百万 矫正视力
63371	大树 二楼 同恶相党 独树一帜
63372	感叹 直邮中国
63373	几百万 矫正视力 自助查询 日下无双
6338	二百 二年 猪一样的 理想中的 盎盂相击
63381	二百 二年 猪一样的 盎盂相击 大口喘气
63382	理想中的
63383	臭味相投 知一万毕
6339	理由 刨根究底
63392	理由 刨根究底
634	几年前 财政部
6341	感悟 马中关五 财政赤字 光复旧物
63411	光复旧物
63412	感悟 马中关五
63413	财政赤字
6342	感情 现场 大声 同情 大爷
63421	大声 同情 大爷 奇形怪状 大开绿灯
63422	感情 现场
63423	日中必彗 自相残杀
6343	大地 大部 大夫 匆忙 大喜
63431	大地 大部 大夫 大喜 大丈夫
63432	匆忙
63433	财政部 明正典刑
6344	同志 感慨 两口子 自由主义 自助终端
63441	同志 两口子
63442	感慨 十里八乡 理想主义 存亡继绝 存亡绝续
63443	自由主义 自助终端 自相惊忧 赔礼道歉
6345	理性 大公 同一性 日中必湲 直木必伐
63451	大公 同一性 两极分化 大事去矣 大权旁落
63452	理性 直木必伐 才望高雅 囊中羞涩
63453	日中必湲 败柳残花
6346	知道 大约 大道 智商 日中必昃
63461	大约 大道 周吴郑王
63463	知道 智商 日中必昃
6347	太极端了 刳形去皮
63471	太极端了 刳形去皮
6348	大半 赋予 几年前 盛极必衰 狐裘羔袖
63481	大半 狐裘羔袖
63482	盛极必衰 十天半月
63483	赋予 几年前
6349	专员公署 两相情愿 自相矛盾 自由竞争 有求必应
63491	专员公署 两相情愿
63492	有求必应
63493	自相矛盾 自由竞争 日中为市 日中必移
635	有机会 成年人
6351	感觉 大学 同学 理学 朝穿暮塞
63511	大学 同学
63512	感觉 理学 朝穿暮塞 十年生聚
63513	显祖荣宗
6352	大会 理念 理会 有机会 同事们
63521	大会 同事们 大型企业 大吹法螺
63522	理念 理会 有机会 咸嘴淡舌
63523	影响学业 鹦鹉学舌 风平浪静 风吹草动
6353	大海 大方 电视台 有一件事 在亚洲杯
63531	大海 大方 同年而校 狼突豕窜 夸下海口
63532	有一件事 在亚洲杯 有事没事 骈枝俪叶
63533	电视台 影视作品 矫枉过正 自求多福 凡桃俗李
6354	二个 同伴 是一个 太平洋 有一个
63541	二个 同伴 太平洋 刚中带柔
63542	有一个 十一世纪
63543	是一个
6355	大多 感染 大众 周杰伦 自由散漫
63551	大多 大众 周杰伦 同恶共济 猪突豨勇
63552	感染 成也萧何
63553	自由散漫 自由落体 败也萧何 自由放任 自由泛滥
6356	最严重时 风平波息 有机合成 光天化日
63561	光天化日
63562	有机合成
63563	最严重时 风平波息
6357	大人 现代 二人 成年人 大汉
63571	大人 二人 大汉 研究生 内查外调
63572	现代 成年人
63573	日本人 短见薄识 风木含悲
6358	感激 智能 研究生院 最复杂的 风吹浪打
63581	研究生院 扇枕温被
63582	感激 朝攀暮折 盛极而衰 感极涕零 朝更暮改
63583	智能 最复杂的 风吹浪打 明末清初
6359	奈何 在政治上 十一假期 大事化小 大政方针
63591	奈何 大事化小 大政方针 达权通变 大梦方醒
63592	在政治上 十一假期
63593	自下而上 风口浪尖
636	研究所 有一套
6361	感冒 大王 大本大宗 琼楼玉宇 风吹马耳
63611	大王 大本大宗 狐鸣狗盗
63612	感冒 琼楼玉宇
63613	风吹马耳
6362	显示时间 所见所闻 弄神弄鬼 逖听远闻 逷听远闻
63621	所见所闻 逖听远闻 同一时间
63622	弄神弄鬼 在天有灵 弄嘴弄舌
63623	显示时间 逷听远闻
6363	大量 匆匆 理智 大大 感知
63631	大量 大大 狼嗥狗叫 猫噬鹦鹉 大模大样
63632	匆匆 理智 感知 有吃有喝 琼林玉树
63633	明里暗里 昊天罔极
6364	现在 自查自纠 真想知道 有福同享
63642	现在 真想知道 有福同享
63643	自查自纠
6365	同时 盛夏时节 大一暑假 败事有余 大开大合
63651	同时 大一暑假 大开大合 太平盛世
63652	盛夏时节 南开大学 勿忘在莒
63653	败事有余 日丽风清
6366	自由自在 有机玻璃 狂妄自大 狂吠狴犴 邋里邋遢
63661	狂妄自大 狂吠狴犴 两天晒网 大器晚成
63662	有机玻璃
63663	自由自在 邋里邋遢 风吹日晒 日中则昃 日无暇晷
6367	二十 知晓 有一套 影响智力 自由大路
63671	二十 大杖则走
63672	有一套
63673	知晓 影响智力 自由大路 明查暗访 明枪暗箭
6368	现有 研究所 有根有据 自吹自擂 大权在握
63681	研究所 大权在握 大权独揽 猴年马月 大吹大擂
63682	现有 有根有据 真相大白 十一二岁 欧亚大陆
63683	自吹自擂 凤鸣朝阳
6369	知根知底 同一时期 几天几夜 星灭光离 达权知变
63691	同一时期 达权知变
63692	十一二点 囊里盛锥
63693	知根知底 几天几夜 星灭光离 明枪易躲 日中则移
637	在一起 有一些
6371	研究证实 狼吃幞头 囊中之物 肇事逃逸
63711	研究证实 狼吃幞头 肇事逃逸
63712	囊中之物
6372	在天之灵 狐鸣篝火 风中之烛 才想起来 独木难支
63721	狐鸣篝火 独木难支
63722	在天之灵 才想起来
63723	风中之烛
6373	知识 大师 辛迪加 有事说事 有一说一
63731	大师 破桐之叶 狐鸣篝中 元神出窍
63732	辛迪加 有事说事 有一说一
63733	知识
6374	大街 碍口识羞 戴天蹐地 题中之义 有口难分
63741	大街 碍口识羞 狗吠非主 狗吠之惊
63742	戴天蹐地 有口难分 十里长亭
63743	题中之义
6375	理论 威力 大力 智力 影响力
63751	大力 狗吠之警 犬吠之警 猜枚行令
63752	理论 威力 医术精湛
63753	智力 影响力 是万圣节
6376	现出 感恩 大国 自助办理 在一起时
63761	大国 专横跋扈
63762	现出 感恩 在一起时 理正词直 玉树临风
63763	自助办理
6377	研发 易与之辈 内助之贤 罔极之恩
63771	研发 内助之贤 罔极之恩
63773	易与之辈
6378	在一起 大笑 有一些 知足 在一起的
63781	大笑
63782	在一起 有一些 在一起的 在嘴边的
63783	知足
6379	感谢 同行 自由之翼 大相迳庭
63791	同行 大相迳庭
63792	感谢
63793	自由之翼
638	研究院 十一月
6381	大气 研究院 凤骨龙姿 两叶掩目 显祖扬宗
63811	大气 研究院 两叶掩目
63813	凤骨龙姿 显祖扬宗 日迈月征
6382	有史以来 败下阵来 凤舞龙蟠 自叹弗如 奇形异状
63821	奇形异状 网开三面
63822	有史以来 载一抱素
63823	败下阵来 凤舞龙蟠 自叹弗如 凤舞龙飞
6383	研究揭示 直板手机 刨树搜根 石榴裙下 大年初一
63831	研究揭示 石榴裙下 大年初一
63832	直板手机 刨树搜根 匣里龙吟
6384	大腿 有一阵子 时机已经 电视接收 同一系列
63841	大腿 同一系列
63842	有一阵子
63843	时机已经 电视接收 遏恶扬善
6385	知己 大队 显祖扬名 风栉雨沐 十一月份
63851	大队 貂裘换酒
63852	十一月份
63853	知己 显祖扬名 风栉雨沐
6386	忽然 大胆 真正的 十一岁时 研究院所
63861	大胆 研究院所 耀武扬威 大天白日
63862	忽然 真正的 十一岁时 有口皆碑
63863	贼喊捉贼 暗中摸索 风樯阵马
6387	威胁 右手 大山 在中山路
63871	大山
63872	威胁 右手 在中山路
6388	大陆 大雨 风吹雨打 晴天霹雳 晴空霹雳
63881	大陆 大雨
63883	风吹雨打 晴天霹雳 晴空霹雳 风骨峭峻 凤髓龙肝
6389	大脑 十一月 真正用意 时机已到 影响股市
63891	大脑 大梦初醒
63892	十一月 真正用意
63893	时机已到 影响股市 矢口抵赖
639	有一种 有一点
6391	感受 影响甚微
63912	感受
63913	影响甚微
6392	大厅 风中秉烛 黄杨厄闰 马咽车阗 大事铺张
63921	大厅 大事铺张
63922	黄杨厄闰 马咽车阗
63923	风中秉烛
6393	有一种 大叔 有一点 大战 大厦
63931	大叔 大战 大厦 大事小事 狐鸣枭噪
63932	有一种 有一点 十一点 卖李钻核 朝野上下
63933	是一种 凤吟鸾吹 财政危机 凤叹虎视
6394	同意 大意 自由意志 自由战士 狼吞虎餐
63941	同意 大意 狼吞虎餐
63943	自由意志 自由战士 自视甚高
6395	现金 感应 盛夏季节 成百上千 顺天应人
63952	现金 感应 盛夏季节 成百上千 十年磨剑
63953	顺天应人
6396	有一点是
63962	有一点是
6397	感到 影响到 有一种对 远见卓识 威逼利诱
63971	远见卓识
63972	感到 有一种对 威逼利诱 黄口小儿
63973	影响到
6398	理解 大材小用
63981	大材小用
63982	理解
6399	大小 大哥 在本质上 有一点点 狐唱枭和
63991	大小 大哥 狐唱枭和
63992	在本质上 有一点点 有机可乘
63993	凤舞鸾歌
6411	自主进食 星级宾馆 独立思考 二八定律
64111	独立思考 二八定律
64113	自主进食 星级宾馆
6412	自律
64123	自律
6413	最终目标 黄埔军校 风声鹤唳 昧地瞒天
64132	黄埔军校
64133	最终目标 风声鹤唳 昧地瞒天
6414	知道实情
64143	知道实情
6415	在家 自家 网络实名 南郭先生 成吉思汗
64151	网络实名 狐死兔泣
64152	在家 南郭先生 成吉思汗
64153	自家
6416	同舟遇风 真情实感
64161	同舟遇风
64162	真情实感
6417	最新资讯 硬着头皮 有句老话 破颜微笑 直情径行
64171	硬着头皮 破颜微笑
64172	有句老话 直情径行
64173	最新资讯
6418	真情告白 最终目的 大义凛然
64181	大义凛然
64182	真情告白
64183	最终目的
6419	景象 真情实意 真心实意
64192	真情实意 真心实意
64193	景象
642	大公司
6421	犹豫不决 贼子乱臣 骇心动目 才高运蹇
64211	犹豫不决
64212	骇心动目 才高运蹇
64213	贼子乱臣
6422	雄性不育 破斧缺斨 丹心如故 自愧不如 黄卷青灯
64221	破斧缺斨 丹心如故
64222	雄性不育 黄卷青灯 南去北来
64223	自愧不如
6423	自杀 大公司 大声疾呼 牵经引礼
64231	大公司 大声疾呼 牵经引礼
64233	自杀
6424	太好 矮子面前 同心敌忾 贼心不死 雄心壮志
64241	太好 同心敌忾 大逆不道
64242	雄心壮志 王道乐土
64243	矮子面前 贼心不死
6425	貌美如花 王公贵族 矢志不渝 大为不满
64251	貌美如花 大为不满
64252	王公贵族
64253	矢志不渝
6426	黄昏 知心好友 南航北骑 王孙贵戚 赐墙及肩
64261	大为不同 石赤不夺
64262	黄昏 南航北骑 王孙贵戚 博士买驴 王公贵戚
64263	知心好友 赐墙及肩 自立门户
6427	自动 南舣北驾 尤为如此 大地春回 豹死留皮
64271	大地春回 豹死留皮 同舟敌国
64272	南舣北驾
64273	自动 尤为如此 昂首阔步
6428	在那 最高效的 大缪不然 知情不报 有条不紊
64281	大缪不然 破土动工
64282	在那 有条不紊 南拳北腿
64283	最高效的 知情不报 鼾声如雷
6429	在商业上 破甑不顾 房前屋后
64291	破甑不顾 房前屋后
64292	在商业上
643	大规模 日子里
6431	在地下室 有增无减 有关事宜 暴殄天物 同心一德
64311	同心一德
64312	在地下室 有增无减 有关事宜
64313	暴殄天物
6432	在哪 同声一辞 同美相妒
64321	同声一辞 同美相妒
64322	在哪
6433	周末 凡事 灰心槁形 有备无患 同忧相救
64331	周末 同忧相救 大赦天下 同声相求
64332	灰心槁形 有备无患 戴盆望天
64333	凡事 昂首望天
6434	太平 自主神经 臧谷亡羊 大逆无道 明公正义
64341	太平 大逆无道 狼子野心 两情相悦 夷为平地
64342	臧谷亡羊 臧穀亡羊 有缘无分 感慨万端
64343	自主神经 明公正义 明心见性 明公正道
6435	大规模 日子里 暗地里 猝死事件 独立事件
64351	大规模 猝死事件 独立事件 顽父嚚母 破死忘生
64352	有死无生 十死无生 融为一体 感慨万千 卖主求荣
64353	日子里 暗地里 昂首天外
6436	在于 二童一马 顺坡下驴 独夫民贼 日慎一日
64361	二童一马 独夫民贼
64362	在于
64363	顺坡下驴 日慎一日
6437	财产权 自主权 有心无力 有去无回 同心一力
64371	同心一力 同心叶力 破绽百出 巴高枝儿 犯颜极谏
64372	有心无力 有去无回
64373	财产权 自主权 电子邮箱
6438	影响 周年 犹豫再三 同性相斥 有关事项
64381	周年 犹豫再三 同性相斥 两瞽相扶
64382	有关事项 有恃无恐 有惊无险
64383	影响 明公正气
6439	自由 在下 在吉林省 是吉林省 巴高望上
64391	巴高望上 同声相应 大公无私 同心一意
64392	在下 在吉林省 匹夫无罪
64393	自由 是吉林省 自惭形秽 风情万种
644	大部分 房地产
6441	在旁 大处着眼 最高境界 盛情款待 周情孔思
64411	大处着眼 周情孔思
64412	在旁 盛情款待
64413	最高境界
6442	在场 贼去关门 黄卷幼妇 风卷残云 大为恼火
64421	大为恼火
64422	在场 黄卷幼妇 骈首就逮 左道旁门 匹夫怀璧
64423	贼去关门 风卷残云 风前残烛
6443	猛地 存款 光线 在线 财务部
64431	猛地 光线 两部鼓吹
64432	存款 在线 在句子中
64433	财务部 旷心怡神
6444	影子 太子 犹豫纠结 狼子兽心 砌红堆绿
64441	太子 犹豫纠结 狼子兽心 砌红堆绿 破旧立新
64442	马列主义 王八羔子 王孙公子 骈首就死 存心养性
64443	影子 电子商务 昧着良心
6445	自豪 独立性 乾端坤倪 骈首就僇 大部分人
64451	独立性 大部分人 刚柔并济
64452	乾端坤倪 骈首就僇 才高八斗
64453	自豪
6446	自主 太快 光亮 赠送 黄道吉日
64461	太快 光亮
64462	黄道吉日
64463	自主 赠送
6447	大部分 太经典了 马首欲东 大处着墨 同心竭力
64471	大部分 太经典了 大处着墨 同心竭力 同心并力
64472	马首欲东
6448	在前 有组织的 最关心的 最高级的 电子竞技
64481	同场竞技 奇经八脉 狐死首丘
64482	在前 有组织的 灰心丧气 骈首就系
64483	最关心的 最高级的 电子竞技
6449	自尊 房地产 自尊心 同情心 骈首就戮
64491	房地产 同情心 光前绝后 二线城市 内部矛盾
64492	骈首就戮 黄土高原
64493	自尊 自尊心
645	班主任 同志们
6451	自觉 在学 是前苏联 同心合德 昌亭旅食
64511	同心合德 同盘而食
64512	在学 雄韬伟略 十羊九牧
64513	自觉 是前苏联 昌亭旅食 易子而食
6452	在世 同志们 雄性激素 破产荡业 昂首伸眉
64521	同志们 破产荡业 远道而来 所为何来
64522	在世 雄性激素 有备而来 十亲九故
64523	昂首伸眉 旷夫怨女 风高放火
6453	光芒 时绌举赢 内忧外患 大喜过望 所为何事
64531	光芒 内忧外患 大喜过望 所为何事 猴子偷桃
64532	朝经暮史
64533	时绌举赢 几欲作呕
6454	内分泌 在新世纪 十级伤残 照单全收 朝前夕惕
64541	内分泌 破釜沉舟 内心深处 大快人心
64542	在新世纪 十级伤残 朝前夕惕 黄公酒垆 在谷满谷
64543	照单全收 贩夫俗子 风土人情 凡夫俗子 易地而处
6455	太多 自从 自治 硕士学位 内忧外侮
64551	太多 硕士学位 内忧外侮 石城汤池 同船合命
64552	匹夫沟渎 才子佳人 博士学位 马前泼水 赍志而没
64553	自从 自治 短绠汲深
6456	知道他是 感慨激昂 二八法则 夸父逐日 大喜若狂
64561	二八法则 夸父逐日 大喜若狂 内柔外刚
64562	感慨激昂
64563	知道他是
6457	自信 赔偿 光泽 凡人 有心人
64571	光泽 犯颜苦谏 同心僇力 网络游戏 同心合力
64572	有心人 有情人 有句俗语 直道而行
64573	自信 赔偿 凡人
6458	太过 班主任 十八九岁 同心合胆 真情流露
64581	太过 同心合胆 同心共胆 同声共气
64582	班主任 十八九岁 真情流露 琴心剑胆 环堵萧然
6459	在外 黄河 在经济上 勾心斗角 卖公营私
64591	同心合意
64592	在外 黄河 在经济上 勾心斗角 卖公营私
64593	星级酒店
646	有道理 成就感
6461	光辉 匠心独具 同心协德 狼羊同饲 同心同德
64611	光辉 同心协德 狼羊同饲 同心同德 大快朵颐
64612	匠心独具 马首是瞻 王公大臣
64613	凡夫肉眼
6462	玫瑰 自收自支 匠心独运 贩夫贩妇 弄斧班门
64621	大为光火
64622	玫瑰 匠心独运 弄斧班门 匹夫有责 匹夫匹妇
64623	自收自支 贩夫贩妇
6463	太大 有道理 成就感 大道理 有线电视
64631	太大 大道理 达地知根
64632	有道理 成就感 有线电视
64633	顺美匡恶 鼻孔朝天
6464	存在 太太 狠狠 自在 光影
64641	太太 狠狠 光影 硕士博士 独立自主
64642	存在 有喜有忧 博士硕士 有情有义 玩着玩着
64643	自在 是喜是忧 时快时慢
6465	磅礴 在内 是死是活 有高有低 王公大人
64651	磅礴 同心协济 网络时代 大经大法 大道同源
64652	在内 有高有低 王公大人 王子犯法 南京大学
64653	是死是活 短垣自逾 时高时低
6466	黄码 狼狈 二维码 自高自大 雄心勃勃
64661	狼狈 二维码
64662	黄码 雄心勃勃
64663	自高自大 知情达理
6467	自给自足 同心协力 狗心狗行 刳心雕肾 亏心短行
64671	同心协力 狗心狗行 刳心雕肾 亏心短行 大红大紫
64672	乾纲独断 马去马归
64673	自给自足 自即日起 早去早回
6468	光明 凡是 光是 自有 几经周折
64681	光明 光是 专款专用 狐埋狐搰 狐埋狐扬
64682	盛京医院 在郑州的 现场直播 驴心狗肺
64683	凡是 自有 几经周折 自编自导
6469	有声有色 影帝影后 自产自销 在郑州市 真心真意
64691	大吉大利 二心两意
64692	有声有色 在郑州市 真心真意 在地球上 驴前马后
64693	影帝影后 自产自销 顺心顺意 贩夫驺卒 自尊自爱
647	真心话 破坏力
6471	自语 包羞忍耻
64712	包羞忍耻
64713	自语
6472	申请 真心话 大地回春 黄垆之痛 昆弟之好
64721	大地回春
64722	真心话 黄垆之痛 有夫之妇
64723	申请 昆弟之好 财殚力痡 财竭力尽 财殚力尽
6473	婴幼儿 十分之一 二分之一 昧地谩天
64731	二分之一
64732	十分之一
64733	婴幼儿 昧地谩天
6474	周围 在说 在商言商 最高等级 貊乡鼠壤
64741	周围 貊乡鼠壤
64742	在说 在商言商 有志之士 盛情难却 戴高帽子
64743	最高等级 财殚力竭 自坏长城 矮子观场
6475	破坏力 猪八戒 匹夫之勇 猜拳行令 才高行洁
64751	破坏力 猪八戒 猜拳行令
64752	匹夫之勇 才高行洁
6476	才高识远 猛志常在 专欲难成
64761	猛志常在 专欲难成
64762	才高识远
6477	匹夫之谅 败鼓之皮 才高七步 太差劲了 感性认识
64771	太差劲了 狂瞽之言
64772	匹夫之谅 才高七步 感性认识 理性认识 在劫难逃
64773	败鼓之皮 知情识趣
6478	在此 貊乡鼠攘 弄性尚气 感旧之哀 成绩斐然
64781	貊乡鼠攘
64782	在此 弄性尚气 感旧之哀 成绩斐然
6479	自行 贩夫走卒 巴前算后 才高行厚 真心诚意
64791	巴前算后 同心断金
64792	才高行厚 真心诚意 直线距离
64793	自行 贩夫走卒
648	有必要 有关系
6481	风餐露宿 日堙月塞 风情月思 狮子搏兔
64811	狮子搏兔
64813	风餐露宿 日堙月塞 风情月思
6482	有必要 王八蛋 最主要 贩夫皁隶 自愧弗如
64822	有必要 王八蛋 布鼓雷门
64823	最主要 贩夫皁隶 自愧弗如 日就月将 昧死以闻
6483	大地震中 真性近视 感情用事 牵线搭桥 才兼文武
64831	大地震中 牵线搭桥
64832	真性近视 感情用事 才兼文武
64833	日高三丈 风前月下
6484	在乎 碰撞 有关系 黄绵袄子 有产阶级
64841	碰撞
64842	在乎 有关系 黄绵袄子 有产阶级 载舟覆舟
6485	自己 黄泉 牵羊担酒 日新月著 同父异母
64851	牵羊担酒 同父异母
64852	黄泉 才高气清
64853	自己 日新月著 日增月益 风情月债 显亲扬名
6486	自然 太阳 猛然 最主要是 十八岁时
64861	太阳 猛然 夸父追日
64862	十八岁时
64863	自然 最主要是 日增月盛 日新月盛
6487	玉手 同心毕力 风必摧之 感慨系之 黄童白叟
64871	同心毕力
64872	玉手 感慨系之 黄童白叟
64873	风必摧之 矮子看戏
6488	在这 在我 自我 光阴 自卑
64881	光阴 硕士阶段
64882	在这 在我 有差异的 十冬腊月 骥子龙文
64883	自我 自卑 最主要的 日新月异 昂首挺胸
6489	申报 大惊失色 二心三意 驱羊攻虎 光怪陆离
64891	大惊失色 二心三意 光怪陆离 大块文章 光前裕后
64892	驱羊攻虎
64893	申报 风情月意
649	几分钟 大城市
6491	太公钓鱼 矫情镇物
64911	太公钓鱼
64913	矫情镇物
6492	同性恋 硕士期间 裁心镂舌 献替可否
64921	同性恋 硕士期间
64922	裁心镂舌 献替可否
6493	赚钱 在上 几分钟 黄豆 光彩
64931	光彩 太后 狼餐虎咽 狼餐虎噬 邈处欿视
64932	在上 黄豆 十分钟 在竞争中
64933	赚钱 几分钟 自缢身亡
6494	在意 琼斯 太久 周期 大经销商
64941	太久 周期 大经销商 专心致志 大惊小怪
64942	在意 琼斯
64943	暗绿稀红
6495	态度 黄金 自私 成为可能 暗送秋波
64951	态度
64952	黄金 成为可能
64953	自私 暗送秋波
6496	黄色 景色 巴士底狱 真主至大
64961	巴士底狱
64962	黄色 真主至大
64963	景色
6497	自身 碰到 周身 大城市 南京市
64971	碰到 周身 大城市 同心戮力
64972	南京市 匹夫小谅
64973	自身
6498	自愿 几经转手 最关键的 盛必虑衰 直线上升
64982	盛必虑衰 直线上升
64983	自愿 几经转手 最关键的
6499	在地铁上 几经辗转 在高原上 才高意广 独善其身
64991	独善其身 周郎顾曲 狼前虎后 雕心雁爪
64992	在地铁上 在高原上 才高意广 有情可原 裁红点翠
64993	几经辗转
651	大人物 巴菲特
6511	大名鼎鼎 在人耳目 耀人眼目
65111	大名鼎鼎 耀人眼目
65112	在人耳目
6512	珠江实业 独学寡闻
65121	独学寡闻
65122	珠江实业
6513	几次 两次 内饰 十件实事 奋斗目标
65131	两次 内饰 奋斗目标 启蒙思想
65132	十件实事
65133	几次 映入眼帘 知荣守辱
6514	内容 两眼 巴菲特 早做准备 理清头绪
65141	内容 两眼 巴菲特
65142	理清头绪 成仁取义 马齿徒增
65143	早做准备
6515	两家 真菌寄生 石油资源 马浡牛溲 玉洁冰清
65151	两家 石油资源 遍体鳞伤 大人先生
65152	真菌寄生 马浡牛溲 玉洁冰清 感今思昔
65153	明法审令
6516	两者 弄得 大人物 大学室友 医学实验
65161	两者 大人物 大学室友
65162	弄得 医学实验 包举宇内
65163	自作聪明 旷世逸才
6517	最佳实践 太便宜了 马齿徒长
65171	太便宜了
65172	马齿徒长
65173	最佳实践
6518	大兴安岭 大洋彼岸 量价齐升 旱苗得雨 真凭实据
65181	大兴安岭 大洋彼岸
65182	真凭实据 博而寡要
65183	量价齐升 旱苗得雨 最佳选择
6519	在世界上 自治制度 是世界上
65192	在世界上
65193	自治制度 是世界上
652	内蒙古 明信片
6521	卖剑买犊 才过屈宋 载酒问字 时乖运蹇 卖剑买牛
65212	卖剑买犊 才过屈宋 载酒问字 卖剑买牛
65213	时乖运蹇
6522	时效 大众书局 狐假鸱张 风举云飞 卖淫嫖娼
65221	大众书局 狐假鸱张 户外运动 大渐弥留
65222	卖淫嫖娼 感激不尽 王母娘娘 卖俏迎奸
65223	时效 风举云飞
6523	骇人闻听 骇人闻见 暗藏杀机 有何贵干 王侯将相
65231	犯而不校 同垂不朽
65232	骇人闻听 骇人闻见 有何贵干 王侯将相 碧海青天
65233	暗藏杀机
6524	内蒙古 早生贵子 有节奏地 同仇敌慨 砥节奉公
65241	内蒙古 同仇敌慨 砥节奉公 同仇敌忾 狗拿耗子
65242	有节奏地
65243	早生贵子 冒名顶替 知命不忧 晚节不终
6525	电信运营 风流云散 狗苟蝇营 戴清履浊 晚节不保
65251	狗苟蝇营
65252	戴清履浊 有法不依 玩世不恭 驹齿未落
65253	电信运营 风流云散 晚节不保 星落云散
6526	时间 房间 珍贵 房门 在深交所
65261	房间 房门 石油交易 磊落不凡 貌似强大
65262	珍贵 在深交所 卖剑买琴
65263	时间 川流不息 几个问题 自命不凡
6527	明信片 布莱克 太激动了 南水北调 几个来回
65271	太激动了 内外交困
65272	布莱克 南水北调 博而不精 存而不论 直而不肆
65273	明信片 几个来回 照做不误 贱敛贵出
6528	风举云摇 真他妈的 惠而不费 周而不比 韩信将兵
65281	周而不比
65282	真他妈的 惠而不费 韩信将兵
65283	风举云摇 自信不疑
6529	房屋 大企业 远洋运输 磊浪不羁 南沙群岛
65291	房屋 大企业 远洋运输 磊浪不羁 犬牙交错
65292	南沙群岛 感觉不错 感觉不到
653	十多年 光刻机
6531	协作机制 有名无实 贻人口实 犬牙相制
65311	犬牙相制
65312	协作机制 有名无实
65313	贻人口实
6532	星辰 包治百病 周而复始 骇人听闻 融洽无间
65321	周而复始
65322	包治百病 骇人听闻 融洽无间
65323	星辰
6533	奢侈品 碍你事吗 雕梁画栋 骇人视听 黄梁一梦
65331	奢侈品 碍你事吗 雕梁画栋 巴人下里 光芒万丈
65332	骇人视听 黄梁一梦 黄粱一梦
65333	旦夕祸福
6534	两只 明修栈道 载入史册 包藏祸心 朝夕相处
65341	两只 大莫与京 网漏吞舟 肉薄骨并
65342	载入史册 包藏祸心 朝夕相处
65343	明修栈道 风清弊绝
6535	房里 自治县 耀华中学 在水一方 日益严重
65351	房里 耀华中学 貌若天仙
65352	在水一方 才华横溢 勿施于人 驰名中外 朝夕相伴
65353	自治县 日益严重 风华正茂 风信年华
6536	几天 两天 时机 光刻机 在洛杉矶
65361	两天 光刻机
65362	在洛杉矶 在水中央
65363	几天 时机 旷世无匹 昙花一现 暗淡无光
6537	大学校园 日益突出 明令禁止 有勇无谋
65371	大学校园
65372	有勇无谋
65373	日益突出 明令禁止
6538	几年 两年 星空 几百 时空
65381	两年 确信无疑 两个礼拜 太仓一粟 大方无隅
65382	十多年 在水中的 玉体横陈 弄法舞文 蠹众木折
65383	几年 星空 几百 时空 几千年
6539	几下 两下 在艺术上 自治权利 貌合形离
65391	两下 貌合形离 貌合神离 大体相当 大而无当
65392	在艺术上 勺水一脔
65393	几下 自治权利 自荐枕席
654	有信心 自信心
6541	自觉遵守
65413	自觉遵守
6542	两声 几声 自作主张 石油公司 独生子女
65421	两声 石油公司 独生子女
65422	感觉良好 班荆道故
65423	几声 自作主张 题名道姓
6543	内部 两条 磊落豪横 凤仪兽舞 黄梁美梦
65431	内部 两条 磊落豪横 大兴土木
65432	黄梁美梦 黄粱美梦
65433	凤仪兽舞
6544	房子 内卷 猴子 自治组织 时代终结
65441	房子 内卷 猴子
65442	直觉主义
65443	自治组织 时代终结
6545	珍惜 几句 两句 感今惟昔 风华绝代
65451	两句 内外兼修 翩若惊鸿 两世为人 大含细入
65452	珍惜 感今惟昔 才华盖世 骇浪惊涛 才学兼优
65453	几句 风华绝代 时过境迁 知人善任 风流快活
6546	两道 石油产量 磊落飒爽 日暮道远
65461	两道 石油产量 磊落飒爽
65463	日暮道远
6547	几分 时分 石油部长 太过分了 日益增长
65471	石油部长 太过分了 破涕为笑
65472	博通经籍
65473	几分 时分 日益增长 量入为出
6548	矫若惊龙 内外夹攻 知过必改 感人心脾
65481	内外夹攻
65482	感人心脾
65483	矫若惊龙 知过必改
6549	内心 房产 有信心 自信心 理化性质
65491	内心 房产 貌合情离 貌合心离
65492	有信心 理化性质 骁勇善战
65493	自信心 贼人心虚 暗通款曲
655	现代化 同学们
6551	几千 周游世界 畅游世界 大千世界 貌若潘安
65511	周游世界 大千世界 貌若潘安 遍体生寒 二人世界
65513	几千 畅游世界 风流人物 时乖命蹇
6552	同学们 内涵 暗流涌动 几个方面 博学多闻
65521	同学们 内涵 两个方面
65522	博学多闻 博洽多闻
65523	暗流涌动 几个方面
6553	两名 在合作中 大学生也 石油价格 朝梁暮晋
65531	两名 大学生也 石油价格
65532	在合作中 朝梁暮晋 囊漏储中
65533	顺流而下 日暮途穷 日落千丈
6554	时候 两个 几个 两位 几位
65541	两个 两位 石油生产 远洋渔船 同生共死
65542	十九世纪 朝生暮死 朝生夕死 十生九死
65543	时候 几个 几位 贝多芬 几个世纪
6555	最低价 自觉觉他 财源滚滚 远渡重洋 韩海苏潮
65551	远渡重洋 同源共流 牵合傅会 邈若河汉 大浪淘沙
65552	韩海苏潮 黄河水清 融会通浃 融液贯通 融会贯通
65553	最低价 自觉觉他 财源滚滚 时代潮流 风流潇洒
6556	两侧 大学舍友 石油储量 同休共戚 朝梁暮周
65561	两侧 大学舍友 石油储量 同休共戚
65562	朝梁暮周 博学多才 匡俗济时 真伪莫辨
65563	日莫途远 日落而息 日入而息 日暮途远
6557	两人 时代 时刻 几人 大学生
65571	两人 大学生 硬生生 同龄人 大而化之
65572	有个人 威重令行 珍而重之
65573	时代 时刻 几人 风生水起 早生华发
6558	现代化 智能化 有多余的 有价值的 在洗澡的
65581	狗仗人势 邈若河山 内修外攘 牵萝莫补 砺带河山
65582	现代化 有多余的 有价值的 在洗澡的 朝令夕改
65583	智能化
6559	内外 远洋作战 朝华夕秀 颠沛流离 十拿九稳
65591	内外 远洋作战 夸多斗靡 两个多钟
65592	朝华夕秀 颠沛流离 十拿九稳
656	有没有 大多是
6561	石油巨头 有舍有得 风旋电掣
65611	石油巨头
65612	有舍有得
65613	风旋电掣
6562	时区 有荤有素 有益元素 风激电飞 有名有姓
65621	破茧成蝶 大江南北 夺人所好
65622	有荤有素 有益元素 有名有姓 玉液琼浆 囊萤照书
65623	时区 风激电飞 是人是鬼
6563	两大 星球 有没有刺 最佳时机 影像显示
65631	两大 犯而勿校
65632	有没有刺 在华盛顿 有滋有味 囊漏贮中 勿怠勿忘
65633	星球 最佳时机 影像显示 自生自灭 显而易见
6564	时光 内存 星光 十全十美 大澈大悟
65641	内存 大澈大悟 所作所为 内外勾结 大仁大义
65642	十全十美 颠倒乾坤 珍禽奇兽
65643	时光 星光 风流才子
6565	星星 自怨自艾 石油石化 左邻右舍 石英晶体
65651	石油石化 石英晶体 同济大学 石油大学 石沉大海
65652	左邻右舍 医学影像 卖乖弄俏 玩没玩过 载沉载浮
65653	星星 自怨自艾 臭名昭著 知法犯法 赃污狼藉
6566	自治州 独领风骚 风激电骇 自学成才 旷世奇才
65661	独领风骚 磊落光明
65662	骄傲自大 弄假成真 珠沉玉碎
65663	自治州 风激电骇 自学成才 旷世奇才 赠人玫瑰
6567	几十 几日 有消息说 是涨是跌 有涨有跌
65671	破涕成笑
65672	有消息说 有涨有跌 颠倒是非 直人直语 有勇有谋
65673	几十 几日 是涨是跌 暴涨暴跌 赃污狼籍
6568	有没有 时有 大多是 易学易用 医生医院
65681	大多是 大学医院 同济医院
65682	有没有 医生医院 碧落黄泉 现世现报 有凭有据
65683	时有 易学易用 是苏州的 臭名远扬 量体裁衣
6569	有没有错 自觉自愿 有多有少 自作自受 有没有车
65691	两个星期 飙举电至 独清独醒 狼多肉少 夺人所爱
65692	有没有错 有多有少 有没有车 王婆卖瓜 才贯二酉
65693	自觉自愿 自作自受 暗斗明争 晶莹剔透 几个星期
657	大多数 感染力
6571	感兴趣 马萨诸塞 风流跌宕 大方之家 日渐式微
65711	大方之家
65712	感兴趣 马萨诸塞 才多识寡 骚人墨客
65713	风流跌宕 日渐式微
6572	大多数 匣剑帷灯 旦夕之间 大名难居 卖俏行奸
65721	大多数 大名难居
65722	匣剑帷灯 卖俏行奸
65723	旦夕之间 昂藏七尺 明若观火
6573	两鬓 验证 大伙儿 在游戏中 盛名之下
65731	两鬓 大伙儿 犹生之年 磕牙料嘴 狗偷鼠窃
65732	验证 在游戏中 盛名之下 在游戏里 有生之年
65733	日薄桑榆 知命之年 矫邪归正
6574	有人说 博茨瓦纳 晦涩难懂 成人之美 大江东去
65741	大江东去 大放悲声 狷介之士
65742	有人说 博茨瓦纳 成人之美 黄旗紫盖
65743	晦涩难懂 矮人观场
6575	暴力 感染力 敷衍 石油设施 旷若发蒙
65751	石油设施 大多数人 狐凭鼠伏
65752	感染力 敷衍 才蔽识浅 才华出众 才华超众
65753	暴力 旷若发蒙 智勇双全 几个回合 知人论世
6576	在雅加达 同休等戚 日暮路远 王佐之才 知人之明
65761	同休等戚 二重简码
65762	在雅加达 王佐之才 真假难辨 真伪难辨
65763	日暮路远 知人之明
6577	几步 时常 时尚 两步 玩游戏
65771	两步 大雅之堂 大而言之
65772	玩游戏
65773	几步 时常 时尚 影像诊断
6578	两边 影像数据 同浴讥裸 颠倒黑白
65781	两边 同浴讥裸
65782	颠倒黑白
65783	影像数据
6579	在芝加哥 貌合行离 黄台之瓜 旦夕之危
65791	貌合行离
65792	在芝加哥 黄台之瓜
65793	旦夕之危
658	有什么 是什么
6581	内院 医学院 自觉抵制 量能授官
65811	内院
65812	医学院
65813	自觉抵制 量能授官
6582	最重要 有生以来 大学毕业 牵萝补屋
65821	大学毕业 牵萝补屋
65822	有生以来
65823	最重要
6583	影像技术 在使用中 电信手机 丹漆随梦 自刽以下
65831	丹漆随梦 二佛升天 二满三平
65832	在使用中
65833	影像技术 电信手机 自刽以下 凡偶近器
6584	几乎 珍禽异兽 顺水推舟 显著提高 威信扫地
65841	独茧抽丝
65842	珍禽异兽 威信扫地
65843	几乎 顺水推舟 显著提高 日清月结 风清月朗
6585	有什么 是什么 牵合附会 日濡月染 暗渡陈仓
65851	牵合附会 同源异派 奇花异草 邈若山河 同源异流
65852	有什么 玛莎拉蒂 现代文学
65853	是什么 日濡月染 暗渡陈仓 日滋月益 遏渐防萌
6586	骇然 医药费 风清月明 奇花异卉 奇葩异卉
65861	奇花异卉 奇葩异卉
65862	骇然 医药费
65863	风清月明 风潇雨晦
6587	暴露 两三 石油集团 矮人看戏 颠倒衣裳
65871	两三 石油集团
65872	颠倒衣裳
65873	暴露 矮人看戏
6588	在沈阳的 最重要的 远洋捕捞 有什么用 冒名接脚
65881	远洋捕捞
65882	在沈阳的 有什么用 感人肺肝 韩信用兵 感人肺腑
65883	最重要的 冒名接脚 日薄西山 风花雪月 日落西山
6589	星月 两岸 在沈阳市 大做文章 顺藤摸瓜
65891	两岸 大做文章 大放异彩 大海捞针
65892	在沈阳市 有没搞错
65893	星月 顺藤摸瓜 风花雪夜 贼人胆虚
659	有多少 感觉到
6591	石油钻井 财源广进 夙兴夜寐 真没意思 两个钟头
65911	石油钻井 两个钟头 奋勇当先
65912	真没意思
65913	财源广进 夙兴夜寐 晨兴夜寐 几个钟头
6592	直通车 大放厥辞 大学期间 奇货可居
65921	大放厥辞 大学期间 奇货可居
65922	直通车
6593	两种 在酒店里 几件小事 在作战中 风流韵事
65931	两种 狼飧虎咽 狼贪虎视
65932	在酒店里 在作战中 成千上万
65933	几件小事 风流韵事 暗藏玄机
6594	时期 星期 石油市场 骄人战绩 两全其美
65941	石油市场 两全其美 破而后立 独坐愁城
65942	骄人战绩
65943	时期 星期 风俗习惯 日坐愁城
6595	赔偿金 知名度 珠江夜游 风流罪过 有法可依
65951	磊落轶荡
65952	珠江夜游 有法可依
65953	赔偿金 知名度 风流罪过 自作解人 晚生后学
6596	琢磨 十个小时 狐藉虎威 几个小时 狐假虎威
65961	狐藉虎威 狐假虎威 两个小时 破浪乘风
65962	琢磨 十个小时
65963	几个小时
6597	感觉到 肉身 石油输出 是何原因 太优秀了
65971	肉身 石油输出 太优秀了 太仓稊米 大放厥词
65972	感觉到 卖法市恩 骈兴错出
65973	是何原因
6598	有多少 最优质的 马水车龙 韩信点兵
65982	有多少 马水车龙 韩信点兵
65983	最优质的
6599	大酒店 在草原上 在营销上 在学习上 砺世摩钝
65991	大酒店 砺世摩钝 砺世磨钝 犬牙鹰爪 光芒四射
65992	在草原上 在营销上 在学习上
661	所有者 所有制
6611	确确实实 暴戾恣睢 玩忽职守 威风凛凛 骊黄牝牡
66111	确确实实
66112	玩忽职守 威风凛凛 骊黄牝牡
66113	暴戾恣睢
6612	有所耳闻 早有耳闻 破巢完卵
66121	破巢完卵
66122	有所耳闻
66123	早有耳闻
6613	财富 南宫 十载寒窗
66132	南宫 十载寒窗
66133	财富
6614	玩具
66142	玩具
6615	玩家 真才实学 马勃牛溲 直冒冷汗 才短思涩
66152	玩家 真才实学 马勃牛溲 直冒冷汗 才短思涩
6616	购物 财物 所有者 珠光眼影 旷日累时
66161	所有者
66162	珠光眼影 南州冠冕 真赃实犯
66163	购物 财物 旷日累时
6617	所有制 郁郁寡欢 骈肩累踵 知雄守雌 骈肩累足
66171	所有制
66172	郁郁寡欢 骈肩累踵 骈肩累足
66173	知雄守雌
6618	最真实的 成败得失 珠光宝气 狼奔兔脱 十风五雨
66181	狼奔兔脱
66182	成败得失 珠光宝气 十风五雨
66183	最真实的
6619	自有资金 在石家庄 骈肩累迹 大有径庭 戚戚具尔
66191	大有径庭
66192	在石家庄 骈肩累迹 戚戚具尔
66193	自有资金
662	短时间
6621	购买 日昃不食 日旰不食 大智如愚 理所不容
66211	大智如愚 大璞不完
66212	理所不容
66213	购买 日昃不食 日旰不食
6622	星星闪烁 猪狗不如 在所不辞 臭肉来蝇 星光闪闪
66221	猪狗不如 光辉灿烂 狼猛蜂毒
66222	在所不辞 忽忽不乐
66223	星星闪烁 臭肉来蝇 星光闪闪 风风火火 明知故问
6623	犹如 有所建树 有时间再 真知灼见 栽赃嫁祸
66231	犹如 狂风怒号 光耀门楣
66232	有所建树 有时间再 真知灼见 栽赃嫁祸
66233	风景如画
6624	在所不惜 骆驿不绝 驰骋疆场 有所不为 狼狈不堪
66241	狼狈不堪
66242	在所不惜 骆驿不绝 驰骋疆场 有所不为 南风不竞
66243	风景不殊 明光烁亮
6625	有凤来仪 时日不多 时光如水 凤凰来仪 才大如海
66251	所知不多
66252	有凤来仪 才大如海 囊匣如洗
66253	时日不多 时光如水 凤凰来仪
6626	短时间 骑马寻马 有所不同 大有不同 最大问题
66261	大有不同 碎琼乱玉 二十好几 狐狸尾巴
66262	骑马寻马 有所不同 有所不知
66263	短时间 最大问题 暧昧不明 明知故犯 电光火石
6627	医疗 马克 夸张 驱动 早知如此
66271	夸张 大辩不言
66272	医疗 马克 驱动 现在来说 琵琶胡语
66273	早知如此 最大努力
6628	南贩北贾 旷日引月 二十来岁 碰碰运气 刚直不阿
66281	二十来岁 碰碰运气 刚直不阿 大匠运斤 狗颠屁股
66282	南贩北贾
66283	旷日引月 量才录用 暴风疾雨 鼻息如雷
6629	磊瑰不羁 匠石运金 旷日引久 明珠弹雀 旷达不羁
66291	磊瑰不羁
66292	匠石运金
66293	旷日引久 明珠弹雀 旷达不羁 旷日弥久
663	二十年 所有权
6631	自成一家 日昃忘食 日旰忘食 智周万物
66313	自成一家 日昃忘食 日旰忘食 智周万物
6632	十几年来 几十年来 左右开弓 暗暗咂舌 凤凰于飞
66321	大旱望云 狼狈万状 碌碌无闻
66322	十几年来 左右开弓
66323	几十年来 暗暗咂舌 凤凰于飞 顺风吹火
6633	大大咧咧 真真正正 有区别吗 日有万机 太太平平
66331	大大咧咧 太太平平
66332	真真正正 有区别吗 直达天听 瑕瑜互见
66333	日有万机 日理万机 暗暗祈祷
6634	息息相关 大才榱盘 豺狼横道 大才榱槃 豺狼野心
66341	大才榱盘 豺狼横道 大才榱槃 豺狼野心 石破天惊
66342	有两下子 卖狗悬羊 南户窥郎
66343	息息相关 日旰忘餐 几十年前
6635	息息相通 大显神通 独自一人 卖友求荣 狂风恶浪
66351	大显神通 独自一人 狂风恶浪 碌碌无能
66352	卖友求荣 十日一水
66353	息息相通 自成一派
6636	存在于 晶盛机电 在研究所 奄奄一息 光明正大
66361	奄奄一息 光明正大 猖獗一时 狂犬吠日 同明相照
66362	存在于 在研究所 有朝一日 琵琶别弄 辩才无碍
66363	晶盛机电
6637	财政 所有权 几十万 远在天边 晾在一边
66371	所有权 远在天边
66372	弄玉吹箫
66373	财政 几十万 晾在一边 明确无误
6638	二十年 玻璃窗 风光无限 左右互搏 左右互击
66381	二十年 硕大无朋
66382	玻璃窗 左右互搏 左右互击 骐骥一毛 琵琶别抱
66383	风光无限
6639	在电视上 威凤祥麟 威风祥麟 匹马只轮 验明正身
66391	达成一致 两房一厅 翩翩年少
66392	在电视上 威凤祥麟 威风祥麟 匹马只轮 验明正身
66393	照猫画虎
664	狠狠地 所在地
6641	犹豫 朝着 矫时慢物 明确规定 晨光熹微
66411	犹豫
66412	朝着
66413	矫时慢物 明确规定 晨光熹微
6642	威风八面 元旦快乐 大大增强 狼狈为奸 破琴绝弦
66421	元旦快乐 大大增强 狼狈为奸 破琴绝弦
66422	威风八面
6643	狠狠地 所在地 巨大商机 匹马单枪 旷日经年
66431	狠狠地 所在地
66432	巨大商机 匹马单枪
66433	旷日经年
6644	犹犹豫豫 早知道就 专有部分 影影绰绰 巴巴劫劫
66441	犹犹豫豫 专有部分 巴巴劫劫 奇奇怪怪 磕磕绊绊
66442	玻璃纤维 匆匆忙忙
66443	早知道就 影影绰绰 明明赫赫
6645	十有八九 左右逢源 自有分寸 才夸八斗 才貌兼全
66452	十有八九 左右逢源 才夸八斗 才貌兼全
66453	自有分寸
6646	乾坤 败则为贼 玩日愒时 玩时愒日 成则为王
66461	二惠竞爽
66462	乾坤 玩日愒时 玩时愒日 成则为王
66463	败则为贼
6647	财务 骑士 博士 早餐 十二分
66471	砥砺前行 貌是情非 貌是心非 大大增加 破矩为圆
66472	骑士 博士 十二分 琵琶旧语 左右为难
66473	财务 早餐 畅所欲言 最有情调 自有公论
6648	几十公斤 砲凤烹龙 大马士革 晓风残月 理所必然
66481	砲凤烹龙 大马士革
66482	理所必然
66483	几十公斤 晓风残月
6649	早就 财产 南京 几十分钟 狗马声色
66491	狗马声色
66492	南京 驷马高车
66493	早就 财产 几十分钟 旷日经久
665	有时候 所有人
6651	医学 晶莹 骄奢淫逸 所有伤害 大同世界
66511	所有伤害 大同世界 大智若愚 破财消灾
66512	医学 骄奢淫逸 琳琅满目 雄才伟略 匆匆过客
66513	晶莹
6652	顺时而动 破巢余卵 大直若屈
66521	破巢余卵 大直若屈
66523	顺时而动
6653	南方 有几件事 有时候也 勃勃生机 玉石俱焚
66531	二十多年 狼奔豕突
66532	南方 有几件事 有时候也 勃勃生机 玉石俱焚
66533	顺风而呼
6654	有时候 自有渠道 二十世纪 有所作为 大有作为
66541	二十世纪 大有作为 同日而道
66542	有时候 有所作为 颠乾倒坤 朝乾夕愓 瑶琳仙境
66543	自有渠道 日乾夕惕 量才而为
6655	玫瑰花 大大落落 晃晃悠悠 真真假假 郁郁葱葱
66551	大大落落 两败俱伤 磊磊落落 大大方方
66552	玫瑰花 真真假假 郁郁葱葱 噩噩浑浑 辛辛苦苦
66553	晃晃悠悠 时光荏苒 时时刻刻 风光旖旎 旦旦而伐
6656	玩时贪日 大有人在 早知今日 朝成暮遍 自贻伊戚
66561	大有人在
66562	玩时贪日 朝成暮遍
66563	早知今日 自贻伊戚
6657	医生 所有人 奔波 犹太人 自研游戏
66571	所有人 奔波 犹太人 夸夸而谈 同日而言
66572	医生 在珠江路 朝成夕毁 朝夷暮跖 朝成暮毁
66573	自研游戏 凡才浅识 昨是今非
6658	最大化 有感觉的 骑驴倒堕 骐骥过隙 二十多岁
66581	二十多岁
66582	有感觉的 骑驴倒堕 骐骥过隙 十二个月 真有你的
66583	最大化 自远而近
6659	最大优点 独有千秋 巴巴多斯 布达佩斯 十二生肖
66591	独有千秋 巴巴多斯 大明法度
66592	布达佩斯 十二生肖 璞玉浑金
66593	最大优点
666	大理石 明晃晃
6661	早晚 独自在家 匪夷所思 风驰电掣 成王败寇
66611	独自在家
66612	匪夷所思 成王败寇 雄才大略 璀璨夺目
66613	早晚 风驰电掣 日昃旰食 昭昭在目
6662	狂风 自暴自弃 玉砌雕阑 大智大慧 电光石火
66621	狂风 大智大慧
66622	玉砌雕阑
66623	自暴自弃 电光石火 贩贱卖贵
6663	巨大 早晨 最有影响 时有时无 感戴二天
66631	狺狺狂吠
66632	巨大 感戴二天 有所区别
66633	早晨 最有影响 时有时无
6664	早在 直勾勾地 照耀大地 日暖风恬 狎雉驯童
66641	狎雉驯童 豺狼成性 辉光日新
66642	直勾勾地 骑驴索句
66643	早在 照耀大地 日暖风恬 顺风驶船
6665	狂暴 是真是假 有十几个 戴日戴斗 赃贿狼藉
66651	狂暴 光明磊落 同班同学 大智大勇 大风大浪
66652	有十几个 戴日戴斗 珠玉在侧 才貌两全
66653	是真是假 赃贿狼藉 昂昂自若 风光大葬 昧旦晨兴
6666	明晃晃 左左右右 载驱载驰 匪夷匪惠 珊瑚在网
66661	磕磕碰碰
66662	左左右右 载驱载驰 匪夷匪惠 珊瑚在网 有赔有赚
66663	明晃晃 电影明星 自卖自夸 风风光光
6667	大理石 赃贿狼籍 独是独非 风影敷衍 凤凰在笯
66671	大理石 独是独非 大是大非
66672	左右两难
66673	赃贿狼籍 风影敷衍 凤凰在笯 明辨是非 星驰电走
6668	有大量的 所有医院 是存在的 有理有据 所在医院
66681	所有医院 所在医院 大包大揽 狂风骤雨 丹凤朝阳
66682	有大量的 有理有据 忽远忽近 骖风驷霞
66683	是存在的 风驱电扫 暴风骤雨 风驱电击 明珠暗投
6669	有大有小 所有景点 砥砺琢磨 大败亏轮 顺理成章
66691	所有景点 砥砺琢磨 大败亏轮 两房两厅 大败亏输
66692	有大有小 忽大忽小 玲珑剔透 骗财骗色 有房有车
66693	顺理成章 早朝晏罢 日暖风和
6671	雕玉双联 在所难免 二十出头 有碍观瞻 硁硁之愚
66711	雕玉双联 二十出头 硁硁之愚
66712	在所难免 有碍观瞻 十日之饮
6672	丹黄甲乙 琴瑟之好 星星之火 是友非敌
66721	丹黄甲乙
66722	琴瑟之好
66723	星星之火 是友非敌
6673	婴儿 十景之一 真有此事 翩翩起舞 匍匐之救
66731	翩翩起舞 狼奔鼠窜 豺狼之吻 狐奔鼠窜
66732	十景之一 真有此事 匍匐之救 瑚琏之器
66733	婴儿 暗昧之事
6674	暧昧之情 献曝之忱 匪石之心 豺狐之心 区区此心
66741	豺狐之心 犬马之养
66742	献曝之忱 匪石之心 区区此心 弄璋之喜 才貌双绝
66743	暧昧之情 财匮力绌
6675	有所加重 博大精深 明智之举 成败论人 时有发生
66751	犬马之劳 狼奔鼠偷
66752	有所加重 博大精深 成败论人 才貌双全 区区之众
66753	明智之举 时有发生
6676	奔跑 韩国 自知之明 弄影团风 有二说二
66761	奔跑
66762	韩国 弄影团风 有二说二
66763	自知之明 时日尚短
6677	马路 煦煦孑孑 是是非非 知易行难 亏大发了
66771	亏大发了
66772	马路
66773	煦煦孑孑 是是非非 知易行难
6678	玩笑 最左边的 最右边的 才大难用 驷马难追
66781	犬马之报
66782	玩笑 才大难用 驷马难追 瑟瑟发抖
66783	最左边的 最右边的
6679	直截了当 琴瑟调和 大有迳庭 大有起色 骈肩叠迹
66791	大有迳庭 大有起色
66792	直截了当 琴瑟调和 骈肩叠迹
66793	旷日长久
668	大自然 暴风雨
6681	医院 电影院 栽赃陷害 布达拉宫 奇珍异宝
66811	奇珍异宝
66812	医院 栽赃陷害 布达拉宫
66813	电影院
6682	大量失业 勾肩搭背 现在看来 理直气壮 自南向北
66821	大量失业 大智近妖
66822	勾肩搭背 现在看来 理直气壮
66823	自南向北
6683	大自然中 专有技术 在医院中 大专院校
66831	大自然中 专有技术 大专院校
66832	在医院中
6684	早已 朝廷 有所提高 威风扫地
66842	朝廷 有所提高 威风扫地
66843	早已
6685	所有的菜 大大降低 大有裨益 十二月份 日晒雨淋
66851	所有的菜 大大降低 大有裨益 奇才异能
66852	十二月份
66853	日晒雨淋 暗礁险滩
6686	大自然 晒太阳 所有的 十几岁时 肉包打狗
66861	大自然 所有的 肉包打狗 奇珍异玩
66862	十几岁时 骑驴找马 骑马找马
66863	晒太阳 风大雨大
6687	有则改之 财大气粗 冉冉升起 才短气粗
66871	冉冉升起
66872	有则改之 才短气粗
66873	财大气粗
6688	暴风雨 石景山的 砸自己的 光风霁月 博硕肥腯
66881	石景山的 砸自己的 光风霁月 套套近乎
66882	博硕肥腯 咸风蛋雨 十二三岁
66883	暴风雨 风风雨雨 明明白白 矮矮胖胖 风光月霁
6689	十二月 所有肤质 友达以上 所有的钱 骈肩接迹
66891	所有肤质 所有的钱 大有文章 奇光异彩
66892	十二月 友达以上 骈肩接迹 骈肩迭迹 斑驳陆离
66893	最大限度 旷日持久
669	二十四 十二点
6691	最有意思 匹马当先 顽石点头
66911	顽石点头
66912	匹马当先
66913	最有意思
6692	马车 夸大其辞 十二金牌
66921	夸大其辞
66922	马车 十二金牌
6693	马上 早上 早点 十二点 确有其事
66931	确有其事 翩翩少年
66932	马上 十二点 区区小事 琅琅上口
66933	早上 早点
6694	早期 电影原声 照照镜子 明光铮亮 大有可为
66941	大有可为 豺狼当道
66942	王二麻子
66943	早期 电影原声 照照镜子 明光铮亮 暗自庆幸
6695	豺狼当涂 南达科他 戊戌变法 才有可能 最大可能
66951	豺狼当涂 大题小做 达斡尔族 大题小作
66952	南达科他 戊戌变法 才有可能 左右采获
66953	最大可能
6696	十几小时 旷日积晷 豺狼虎豹 惠风和畅 暗暗称奇
66961	豺狼虎豹
66962	十几小时 惠风和畅 骑驴觅驴
66963	旷日积晷 暗暗称奇
6697	二十四 夸夸其谈 夸大其词 破玩意儿 大有可观
66971	二十四 夸夸其谈 夸大其词 破玩意儿 大有可观
6698	大显身手 直布罗陀 理所当然 大同小异 琨玉秋霜
66981	大显身手 大同小异
66982	直布罗陀 理所当然 琨玉秋霜
6699	专卖店 晚自习 顺顺当当 顺顺利利 理所应当
66991	专卖店 巴巴急急 大大小小
66992	理所应当 乾乾翼翼 感同身受 马马虎虎 斑斑点点
66993	晚自习 顺顺当当 顺顺利利 旷日离久 最大程度
6712	时尚家居 敷衍塞责
67122	敷衍塞责
67123	时尚家居
6713	破瓦寒窑 蠹国害民
67131	破瓦寒窑
67132	蠹国害民
6715	大肆宣传
67151	大肆宣传
6716	石头 裁决 晓得 大发牢骚
67161	石头 大发牢骚
67162	裁决
67163	晓得
6717	太记得了 时尚资讯 元帅军衔
67171	太记得了 元帅军衔
67173	时尚资讯
6718	十五 裁定 在国家队 曼衍鱼龙 十围五攻
67182	十五 裁定 在国家队 十围五攻
67183	曼衍鱼龙
6719	在肯德基 自筹资金 日诵五车
67192	在肯德基
67193	自筹资金 日诵五车
672	申请书 协议书
6721	狞髯张目 卖刀买犊 明发不寐
67211	狞髯张目
67212	卖刀买犊
67213	明发不寐
6722	布局 申请书 协议书 博览群书 戴笠故交
67221	奋笔疾书
67222	布局 协议书 博览群书 戴笠故交 包办婚姻
67223	申请书
6723	在该剧中 日出不穷 知足不辱 大笔如椽
67231	大笔如椽
67232	在该剧中
67233	日出不穷 知足不辱
6724	元素 友好 远古 周恩来 弄竹弹丝
67241	元素 远古 周恩来 大言不惭 光说不练
67242	友好 弄竹弹丝 驻足不前
67243	败走麦城 知止不殆
6725	十六 破竹建瓴 风起云涌 顽固不化 马踏飞燕
67251	破竹建瓴 顽固不化
67252	十六 马踏飞燕 南箕北斗 戴圆履方
67253	风起云涌 风起云蒸
6726	知识背景 有些问题 巢毁卵破
67262	有些问题
67263	知识背景 巢毁卵破
6727	照片 电力运行 大谋不谋 直言不讳 二话不说
67271	大谋不谋 二话不说
67272	直言不讳
67273	照片 电力运行 风谲云诡 日计不足
6728	电路故障 电力故障 明赏不费 大力支持 暴跳如雷
67281	大力支持 两国交兵 大谬不然
67283	电路故障 电力故障 明赏不费 暴跳如雷
6729	所言不虚 大惑不解 确切不移
67291	所言不虚 大惑不解 确切不移
673	有些事 日记本
6731	独此一家 奔走相告 破国亡家
67311	独此一家 奔走相告 破国亡家
6732	同类相妒 同归于尽
67321	同类相妒 同归于尽
6733	日本 账号 有些事 日记本 知识视野
67331	同类相求 奔走呼号 独步天下 确认一下 独出机杼
67332	有些事
67333	日本 账号 日记本 知识视野 自出机杼
6734	十一 周围神经 碎了一地 同堂兄弟 研发中心
67341	周围神经 碎了一地 同堂兄弟 研发中心 狭路相逢
67342	十一 有些事情 布帆无恙
67343	日长一线
6735	十里 暴力事件 自力更生 在此一举 暗箭中人
67351	同类相从
67352	十里 在此一举 有简无全 卖国求荣 匡谬正俗
67353	暴力事件 自力更生 暗箭中人 风趣横生
6736	所言极是 风行一时 独步一时
67361	所言极是 独步一时
67363	风行一时
6737	十万 协助 大幅下跌 房谋杜断 日试万言
67371	大幅下跌 房谋杜断
67372	十万 协助
67373	日试万言
6738	十年 是精神的 畅行无阻 大幅下挫 大幅下降
67381	大幅下挫 大幅下降 刳精呕血
67382	十年
67383	是精神的 畅行无阻
6739	在甲板上 卖国求利 大路椎轮 同出一辙
67391	大路椎轮 同出一辙
67392	在甲板上 卖国求利
674	是因为
6741	戴着 照着 在东京都 感恩怀德
67412	戴着 在东京都 感恩怀德
67413	照着
6742	十八 破坏 友情 远走高飞
67421	破坏 远走高飞
67422	十八 友情
6743	十条 在足总杯 财迷心窍 知识产权 二等公民
67431	二等公民 硬语盘空
67432	十条 在足总杯
67433	财迷心窍 知识产权
6744	日子 狮子 知识分子 大发善心 肉跳心惊
67441	狮子 大发善心 肉跳心惊
67443	日子 知识分子
6745	远去 同归殊涂 十之八九 狗皮膏药 盛筵必散
67451	远去 同归殊涂 狗皮膏药 砥行立名 同归殊途
67452	十之八九 盛筵必散
6746	协商 照亮 独出心裁 自出心裁
67461	独出心裁
67462	协商
67463	照亮 自出心裁
6747	是因为 十分 破裂 太简单了 奇谈怪论
67471	破裂 太简单了 奇谈怪论 奇言怪语 大发慈悲
67472	十分
67473	是因为
6748	裁判 十七八岁
67482	裁判 十七八岁
6749	远处 破产 自毁前程 二竖为虐
67491	远处 破产 二竖为虐
67493	自毁前程
675	有些人 申请人
6751	赍粮藉寇 知难而进 朝趁暮食
67512	赍粮藉寇 朝趁暮食
67513	知难而进
6752	协会 日益 直谅多闻 朝欢暮乐 同符合契
67521	同符合契
67522	协会 直谅多闻 朝欢暮乐
67523	日益
6753	远方 知行合一 大国重器 自讨苦吃 日行千里
67531	远方 大国重器 内紧外松 两鼠斗穴
67532	十行俱下
67533	知行合一 自讨苦吃 日行千里
6754	十个 辩证法 医师介绍 包办代替 远走他乡
67541	远走他乡
67542	十个 辩证法 医师介绍 包办代替
67543	知难而退 量力而为
6755	十九 十多 布满 戴发含齿 戴发含牙
67551	所谓伊人 碍难从命
67552	十九 十多 布满 戴发含齿 戴发含牙
67553	日出而作 日常生活 暗箭伤人 风行草偃 风起水涌
6756	自驾游时 大步流星 内圣外王 匡国济时 日许多时
67561	大步流星 内圣外王
67562	匡国济时
67563	自驾游时 日许多时
6757	有些人 申请人 同等学力 早出暮归 矩步方行
67571	同等学力 夺路而逃
67572	有些人 黄发垂髫 成双作对
67573	申请人 早出暮归 矩步方行 自讨没趣 量力而行
6758	骁勇 在起作用 自行消失 戴鸡佩豚 自认倒霉
67582	骁勇 在起作用 戴鸡佩豚
67583	自行消失 自认倒霉 日长似岁
6759	同等学历 朝发夕至 风行水上 知难而上 朝发暮至
67591	同等学历
67592	朝发夕至 朝发暮至
67593	风行水上 知难而上
676	黄鼠狼
6761	易读易写 有言在先 星行电征 感恩戴德 大恩大德
67611	大恩大德 猫鼠同眠
67612	有言在先 感恩戴德
67613	易读易写 星行电征
6762	截止时间 早些时间 日许时间 蹙了蹙眉 同力协契
67621	同力协契 狗党狐群
67622	截止时间 蹙了蹙眉 卖儿贴妇
67623	早些时间 日许时间
6763	十二 刚出狼窝 真刀真枪 顽皮贼骨 左图右史
67631	刚出狼窝 顽皮贼骨 确非易事
67632	十二 真刀真枪 左图右史 十鼠同穴
67633	明刀明枪 暗箭明枪
6764	账户 黄鼠狼 直观易懂 时断时续 猫鼠同处
67641	猫鼠同处 大悲大喜 奋发有为
67642	黄鼠狼 直观易懂 协力同心 成算在心
67643	账户 时断时续
6765	尴尬 十几 日内 早诊早治 早些时候
67651	大起大落 达观知命
67652	十几 珠圆玉润 有些时候
67653	尴尬 日内 早诊早治 早些时候 风回电激
6766	有长有短 南国风光
67662	有长有短 南国风光
6767	远远 日日 十日 自言自语 有说有笑
67671	远远 刚劲有力 独断专行 狼艰狈蹶 大驾光临
67672	十日 有说有笑 左等右等 载欢载笑 献计献策
67673	日日 自言自语 风言风语 自说自话 早出晚归
6768	则是 凤凰 在各自的 友谊医院 碍足碍手
67681	碍足碍手 奋起直追 两鬓斑白
67682	在各自的 友谊医院 成竹在胸
67683	则是 凤凰
6769	玻璃 破碎 照耀 猫鼠同乳 是对是错
67691	破碎 猫鼠同乳 大行大市 大请大受
67692	玻璃 有难同当
67693	照耀 是对是错 财力雄厚
677	有计划 大踏步
6771	十七 友谊 逋逃之臣 周边国家 大难临头
67711	周边国家 大难临头
67712	十七 友谊 逋逃之臣
6772	班长 知柴米贵 知足常乐 雄鸡断尾 弄管调弦
67721	大力加强 奋发图强
67722	班长 雄鸡断尾 弄管调弦 刎颈之交
67723	知柴米贵 知足常乐
6773	在对话框 敷衍了事 盛筵难再 勿谈国事
67732	在对话框 敷衍了事 盛筵难再 勿谈国事
6774	协议 截图 在此之前 是非之地 弄瓦之喜
67742	协议 截图 在此之前 弄瓦之喜
67743	是非之地
6775	破了 知识精英 有简让全 才墨之薮 智圆行方
67751	破了
67752	有简让全 才墨之薮 黄发儿齿
67753	知识精英 智圆行方
6776	协调 日出 班师回朝
67762	协调 班师回朝
67763	日出
6777	日常 有计划 大踏步 自谋出路 大发议论
67771	大踏步 大发议论 大发谬论
67772	有计划
67773	日常 自谋出路
6778	日记 十足 破竹之势 有些东西 知恩图报
67781	破竹之势
67782	十足 有些东西 感恩图报 弄粉调朱
67783	日记 知恩图报 是非黑白 暗箭难防
6779	在设计上 所言非虚 奋发蹈厉
67791	所言非虚 奋发蹈厉
67792	在设计上
678	大数据
6781	研精覃思
67811	研精覃思
6782	大数据 琴断朱弦 雄图霸业
67821	大数据
67822	琴断朱弦 雄图霸业
6783	直言贾祸 独出己见
67831	独出己见
67832	直言贾祸
6785	十岁 在第三节 马足龙沙 暴力抗法 风刀霜剑
67852	十岁 在第三节 马足龙沙
67853	暴力抗法 风刀霜剑 暗箱操作
6786	辩护 咸鸭蛋黄 晓之以理 息黥补劓 截长补短
67861	破坚摧刚
67862	辩护 咸鸭蛋黄 截长补短 裁长补短
67863	晓之以理 息黥补劓 风调雨顺
6787	十三 有话要说 凤箫龙管 日常用语 卖笑追欢
67872	十三 有话要说 卖笑追欢 有简打简
67873	凤箫龙管 日常用语 风鬟雾鬓 风鬟雨鬓 日出三竿
6788	自东向西 在此阶段 大肆挥霍 大发雷霆 砌词捏控
67881	大肆挥霍 大发雷霆 砌词捏控
67882	在此阶段
67883	自东向西 日东月西
6789	日月 在国际上 奋发向上
67891	奋发向上
67892	在国际上
67893	日月
679	自行车 大幅度
6791	晓行夜宿 量力度德
67913	晓行夜宿 量力度德
6792	远离 自行车 远距离 大肆厥辞 在此期间
67921	远离 远距离 大肆厥辞 大肆铺张
67922	在此期间 珠箔银屏
67923	自行车
6793	日后 知识点 在设置中 贻误战机 顽皮赖骨
67931	顽皮赖骨
67932	在设置中
67933	日后 知识点 贻误战机
6794	日期 光之战士 刳精鉥心 大行其道 独行其道
67941	光之战士 刳精鉥心 大行其道 独行其道 破瓦颓垣
67942	珠围翠绕
67943	日期
6795	日夜 大幅度 现行市价 大街小巷 奔走钻营
67951	大幅度 大街小巷 奔走钻营 砥行磨名 大幅上涨
67952	现行市价 十步香草
67953	日夜 贝加尔湖
6796	布置 申请受理 砺戈秣马 自行其是 是非曲直
67961	砺戈秣马 顽皮赖肉 独步当时 独行其是
67962	布置
67963	申请受理 自行其是 是非曲直
6797	十四 驳回上诉 自圆其说 凤箫鸾管 短篇小说
67972	十四 驳回上诉
67973	自圆其说 凤箫鸾管 短篇小说 风言醋语
6798	在紫金山 最长久的 大幅上扬 大幅上升 大计小用
67981	大幅上扬 大幅上升 大计小用
67982	在紫金山 理之当然
67983	最长久的
6799	照顾 知之甚少 凡此种种 戴笠乘车 马足车尘
67991	大贤虎变
67992	戴笠乘车 马足车尘
67993	照顾 知之甚少 凡此种种
681	自然界 成功者
6811	自我牺牲 自然灾害 风雨凄凄 暖衣饱食
68113	自我牺牲 自然灾害 风雨凄凄 暖衣饱食
6812	自报家门 自我安慰
68123	自报家门 自我安慰
6813	在我眼中 真抓实干 真的很想 臭气冲天
68132	在我眼中 真抓实干 真的很想
68133	臭气冲天
6814	包容 昧己瞒心 两手准备 破胆寒心
68141	两手准备 破胆寒心
68142	包容
68143	昧己瞒心
6815	自然界 矫揉造作 盛气凌人 才疏德薄
68152	盛气凌人 才疏德薄
68153	自然界 矫揉造作
6816	所得 成功者 最近老是 顺我者昌 大功告成
68161	所得 大功告成 大工告成
68162	成功者
68163	最近老是 顺我者昌 日月齐光
6817	大胆实践 医院咨询 成功实践 猫捉老鼠 知白守黑
68171	大胆实践 猫捉老鼠
68172	医院咨询 成功实践 马捉老鼠
68173	知白守黑
6818	牵肠割肚
68181	牵肠割肚
6819	医院资质 显露头角
68192	医院资质
68193	显露头角
682	巴拉克
6821	戴霜履冰 王贡弹冠 狐疑不决 戟指怒目 日月交食
68211	狐疑不决
68212	戴霜履冰 王贡弹冠 戟指怒目
68213	日月交食 短褐不完
6822	有效 明媚 迥然不群 风雷火炮 日月不居
68221	迥然不群
68222	有效 有氧运动
68223	明媚 风雷火炮 日月不居
6823	是否 有问 有如 日月如梭 两脚书橱
68231	两脚书橱 凹凸不平 刚肠嫉恶
68232	有问 有如
68233	是否 日月如梭
6824	包装 郁闷 是故 二三君子 两把刷子
68241	二三君子 两把刷子 肉袒面缚
68242	包装 郁闷
68243	是故 风雨如磐
6825	真的不值 风雨不测 太山北斗 有限责任 暴雨如注
68251	太山北斗 大雨如注 远近闻名
68252	真的不值 有限责任
68253	风雨不测 暴雨如注 日月如流
6826	截然不同 马毛蝟磔 迥然不同 颠扑不破 风雨如晦
68261	迥然不同
68262	截然不同 马毛蝟磔 颠扑不破
68263	风雨如晦 昆山片玉 自我表现
6827	巴拉克 风雪交加 自拔来归 风雨交加 南腔北调
68271	巴拉克
68272	南腔北调
68273	风雪交加 自拔来归 风雨交加
6828	刳胎杀夭 自己动手 破衣烂衫 风雨不改 确乎不拔
68281	刳胎杀夭 破衣烂衫 确乎不拔
68282	南阮北阮
68283	自己动手 风雨不改
6829	大限将至 风雨不透
68291	大限将至
68293	风雨不透
683	直升机 太阳穴
6831	在手术室 狗血喷头
68311	狗血喷头
68312	在手术室
6832	在接下来 黄白相间 同然一辞 暴露无遗 所向无敌
68321	同然一辞 所向无敌
68322	在接下来 黄白相间 咸阳一炬
68323	暴露无遗
6833	有事 威震天下 索然无味 同气相求 两手空空
68331	同气相求 两手空空
68332	有事 威震天下 索然无味
68333	日月丽天
6834	马拉松 扁担一条 真的想死 真龙天子 同胞兄弟
68341	扁担一条 同胞兄弟
68342	马拉松 真的想死 真龙天子 存乎一心
68343	短褐穿结
6835	包里 在这里 自己一生 风险事件 赃盈恶贯
68351	独霸一方 独异于人 同功一体
68352	包里 在这里 有损无益
68353	自己一生 风险事件 赃盈恶贯
6836	明天 有机 是吗 有天 直升机
68361	太阳神 两脚野狐 雕龙画凤
68362	有机 有天 直升机 真的吗 玩手机时
68363	明天 是吗 日月无光
6837	有权 有气无力 明文禁止 风月无边 明白无误
68372	有权 有气无力 才气无双
68373	明文禁止 风月无边 明白无误
6838	有无 有空 包邮 是这样的 短兵相接
68381	刳胎焚夭 远胜于我
68382	有无 有空 包邮 有的一拼 骈拇枝指
68383	是这样的 短兵相接 风雨无阻
6839	是由 太阳穴 在手机上 在技术上 截然相反
68391	太阳穴
68392	在手机上 在技术上 截然相反 马工枚速
68393	是由
684	自以为
6841	有着 直招士官 自然规律 明文规定 黄毛丫头
68412	有着 直招士官 黄毛丫头
68413	自然规律 明文规定
6842	有情 有缘 直接登录 有限公司 大雪纷飞
68421	大雪纷飞
68422	有情 有缘 直接登录 有限公司
6843	在院子里 自己心里 博文约礼 户限为穿 日月经天
68431	户限为穿
68432	在院子里 博文约礼
68433	自己心里 日月经天
6844	包子
68442	包子
6845	直接统治 有失公允 自掘坟墓 有的地方 卖文为生
68451	狂朋怪侣
68452	直接统治 有失公允 有的地方 卖文为生 布衣韦带
68453	自掘坟墓
6846	有关 明亮 有道 自以为是 玩岁愒时
68461	砲龙烹凤 狂朋恠友 内陆地区 奇峰怪石 狂朋怪友
68462	有关 有道 玩岁愒时 骄兵必败 玩岁愒日
68463	明亮 自以为是
6847	自以为 马失前蹄 日以为常 两三句话
68471	两三句话
68472	马失前蹄
68473	自以为 日以为常
6848	在以前的 自己收集 玩岁愒月 远近亲疏 十月怀胎
68481	远近亲疏
68482	在以前的 玩岁愒月 十月怀胎
68483	自己收集
6849	有心 两三分钟 破崖绝角 日以继夜 风雨兼程
68491	两三分钟 破崖绝角 太丘道广
68492	有心
68493	日以继夜 风雨兼程
685	辩护人 太阳能
6851	直接伤害 有失水准 布衣蔬食 两三个字 狗血淋头
68511	两三个字 狗血淋头
68512	直接伤害 有失水准 布衣蔬食
6852	才会 骄傲 包含 自然会 医院治疗
68522	才会 骄傲 包含 医院治疗 骄阳似火
68523	自然会 自我作古 日月合璧 日月合壁 自我作故
6853	是他 有名 大革命 医院学校 在工作中
68531	大革命 大白若辱 大失人望
68532	有名 医院学校 在工作中 盛衰荣辱
68533	是他 自找苦吃 臭气熏天 凡胎浊骨 日月逾迈
6854	是个 有个 欧阳修 大西洋 自己做主
68541	大西洋 牵肠萦心 同文共规 大雨倾盆 远胜从前
68542	有个 欧阳修 十三世纪 直指人心
68543	是个 自己做主 风雨萧条 日月入怀 昂霄耸壑
6855	大禹治水 肉山酒海 融释贯通 才疏学浅 大雨滂沱
68551	大禹治水 肉山酒海 大雨滂沱 大腹便便 光阴荏苒
68552	融释贯通 才疏学浅 十项全能 朝升暮合 才气过人
68553	凡胎浊体
6856	医院信息 早已过时 有的放矢 朝三暮二 大队人马
68561	大队人马 二氧化碳 两袖清风
68562	医院信息 有的放矢 朝三暮二 朝气蓬勃
68563	早已过时 明月清风 日月重光
6857	有人 有没 辩护人 有生 自己人
68571	矿泉水 光阴似箭 奇文共赏 奋袂而起
68572	有人 有没 辩护人 有生 医用酒精
68573	自己人 自然人 自找没趣
6858	才能 有过 太阳能 才华 真的假的
68581	太阳能 刳肝沥胆 同胞共气 两三个月 奇技淫巧
68582	才能 有过 才华 真的假的 医院住院
68583	早已消失 风险共担 明扬侧陋 自然而然 昭然若揭
6859	有余 有何 有你 颠三倒四 朝三暮四
68591	同文共轨 内峻外和 两三个钟
68592	有余 有何 有你 颠三倒四 朝三暮四
68593	明哲保身 自崖而反
686	有的是 王阳明
6861	知己知彼 骑扬州鹤 猛打猛冲 凡胎肉眼 成己成物
68611	猛打猛冲
68612	骑扬州鹤 成己成物
68613	知己知彼 凡胎肉眼 昂然自得
6862	明显 达成 有成 勃然大怒 左膀右臂
68621	达成
68622	有成 勃然大怒 左膀右臂 马革盛尸 左提右挈
68623	明显 曳裾王门
6863	左右 明智 有理 有感 所知
68631	所知 独揽大权 大失所望 狗胆包天
68632	左右 有理 有感 在搜索栏
68633	明智 最近几年 日月星辰 日炙风吹
6864	所在 璀璨 顺手牵羊 破脑刳心 奇文瑰句
68641	所在 破脑刳心 奇文瑰句 刳脂剔膏 肉袒牵羊
68642	璀璨 碧血丹心 珠胎暗结
68643	顺手牵羊 风雨同舟 明推暗就 暗气暗恼
6865	有时 明星 医院医生 有山有水 自导自演
68651	元气大伤 同袍同泽 砥兵砺伍 砺岳盟河
68652	有时 医院医生 有山有水 有的时候 理工大学
68653	明星 自导自演 自我感觉 日月光华 昂然直入
6866	时隐时现 骑龙弄凤 马毛猬磔 短衣匹马 朝阳丹凤
68661	猪朋狗友 狐朋狗友 大气磅礴
68662	骑龙弄凤 马毛猬磔 朝阳丹凤 有血有肉
68663	时隐时现 短衣匹马 几斤几两 照搬照套 日月同辉
6867	明日 早已有之 医院医师 晰毛辨发 大势所趋
68671	大势所趋 狐朋狗党 雕肝琢肾
68672	医院医师 包工包料
68673	明日 早已有之 晰毛辨发 日炙风筛
6868	所有 才是 有所 明明 才有
68681	所有 大手大脚 大摇大摆 碍手碍脚 猪卑狗险
68682	才是 有所 才有 有的是 王阳明
68683	明明 明珠 明升暗降
6869	明确 有孕在身 大胆包身 自用则小 大费周章
68691	大胆包身 大费周章 同工同酬 凹凸有致
68692	有孕在身 有零有整 勃然奋励
68693	明确 自用则小
687	明白了 在这儿
6871	所谓 有趣 有功之臣 风气之先
68711	所谓
68712	有趣 有功之臣
68713	风气之先
6872	大队长 映月读书 映雪读书 布衣之交 惠然肯来
68721	大队长
68722	布衣之交 惠然肯来 骇龙走蛇
68723	映月读书 映雪读书
6873	是非 在这儿 有这回事 布被瓦器 玩兵黩武
68731	所以说呢 翩然起舞
68732	在这儿 有这回事 布被瓦器 玩兵黩武 黄泉之下
68733	是非 知己难求
6874	所说 包围 早孕试纸 在这之前 布衣黔首
68741	所说
68742	包围 在这之前 布衣黔首 索隐行怪
68743	早孕试纸
6875	有了 明白了 有力 明了 才疏识浅
68751	迥异常人 破除迷信
68752	有了 有力 才疏识浅
68753	明白了 明了
6876	昆山之玉 二龙戏珠
68761	二龙戏珠
68763	昆山之玉
6877	医院诊断 日月蹉跎 骄兵之计
68772	医院诊断 骄兵之计
68773	日月蹉跎
6878	有些 是谁 有谁 左边 最要紧的
68781	大胜对手 大打出手
68782	有些 有谁 左边 在这边的 马腹逃鞭
68783	是谁 最要紧的 最搞笑的
6879	才行 夷陵之战 右脚劲射 在陈之厄 狂三诈四
68791	夷陵之战 狂三诈四 巴三览四
68792	才行 右脚劲射 在陈之厄 黄袍加身 朝衣东市
68793	风雷之变 风雨对床 明白了当
688	自己的 有把握
6881	包裹 暴衣露冠 日朘月减 风险投资
68812	包裹
68813	暴衣露冠 日朘月减 风险投资
6882	明白 包括 有把握 马革裹尸 暴腮龙门
68822	包括 有把握 马革裹尸
68823	明白 暴腮龙门
6883	现阶段 医院要求 周岁以下 牵衣肘见 直抒己见
68831	周岁以下 牵衣肘见 夺胎换骨 肉山脯林
68832	现阶段 医院要求 直抒己见
68833	日异月更
6884	肩膀 有限 医院服务 破衲疏羹 暴衣露盖
68841	肩膀 破衲疏羹 两岸三地 大势已去
68842	有限 医院服务 弄斤操斧
68843	暴衣露盖 日陵月替 日升月恒 日异月新 日异月殊
6885	所以 是以 所需 远山近水 医院工作
68851	所以 所需 远山近水 邈以山河 大雨瓢泼
68852	医院工作 辣手摧花
68853	是以 早已失传 显山露水 盟山誓海
6886	有的 是的 是把 自己的 所以然
68861	所以然 大功毕成
68862	有的 戴月披星
68863	是的 是把 自己的 自掏腰包
6887	左手 狙击手 凤臆龙鬐 自我批评 两肋插刀
68871	狙击手 两肋插刀 犹恐失之
68872	左手
68873	凤臆龙鬐 自我批评 日已三竿
6888	是指 大拇指 风霜雨雪 有雷阵雨 有需要的
68881	大拇指 大打折扣 牵肠挂肚
68882	有雷阵雨 有需要的 直抒胸臆
68883	是指 风霜雨雪 风雨飘摇
6889	明月 有用 在陕西省 自我陶醉 日朘月削
68891	牵衣投辖 所向披靡 同工异曲
68892	有用 在陕西省 勾三搭四
68893	明月 自我陶醉 日朘月削
689	曼陀罗 成功率
6891	有爱 破肝糜胃 南山铁案 晓以利害 二三其德
68911	破肝糜胃 二三其德
68912	有爱 南山铁案
68913	晓以利害
6892	剔抽禿刷 十指连弹 自找麻烦 裁月镂云
68922	十指连弹 裁月镂云
68923	剔抽禿刷 自找麻烦
6893	有点 有钱 有种 肩上 医院急救
68931	肩上 同气连枝
68932	有点 有钱 有种 医院急救
68933	自我解嘲
6894	有意 有期 有序 成功率 巴勒斯坦
68941	巴勒斯坦 大胖小子
68942	有意 有期 有序 成功率 在拐角处
68943	自我意志
6895	才可 有错 曼陀罗 直接受益 巴山蜀水
68951	巴山蜀水 大廷广众
68952	才可 有错 直接受益 囊括四海 马龙车水
68953	曼陀罗
6896	直接受理 短斤少两 太白金星 两三小时 自投罗网
68961	太白金星 两三小时
68962	直接受理 成龙配套
68963	短斤少两 自投罗网
6897	达到 有利 威胁利诱 自我意识 威迫利诱
68971	达到 大异其趣
68972	有利 威胁利诱 威迫利诱
68973	自我意识
6898	十三四岁 巴山夜雨 剔抽秃揣 知我罪我 弄巧反拙
68981	巴山夜雨
68982	十三四岁 弄巧反拙
68983	剔抽秃揣 知我罪我 日月其除
6899	二三其意 凤毛麟角 两三点钟 勃然变色 自然反应
68991	二三其意 两三点钟
68992	勃然变色 颠毛种种 有隙可乘 才疏意广 南山可移
68993	凤毛麟角 自然反应
691	有意思
6911	确实 自习教室 量身定制 两豆塞耳
69111	确实 两豆塞耳
69113	自习教室 量身定制
6912	太上老君
69121	太上老君
6913	直到遇见 有期徒刑
69132	直到遇见 有期徒刑
6914	耀眼 奇特 有意思 有上进心 日臻完美
69141	耀眼 奇特
69142	有意思 有上进心
69143	日臻完美 日臻完善
6915	景色宜人 才轻德薄 暴虎冯河
69152	才轻德薄
69153	景色宜人 暴虎冯河
6916	顺利完成
69163	顺利完成
6917	碳酸饮料
69171	碳酸饮料
6918	确定 自愿选择 十四五岁 斫轮老手
69181	确定 斫轮老手
69182	十四五岁
69183	自愿选择
6919	有色眼镜 大错特错
69191	大错特错
69192	有色眼镜
692	星期六
6921	有意引进 独占鳌头 风轻云净 卖爵鬻官
69211	独占鳌头
69212	有意引进 卖爵鬻官
69213	风轻云净
6922	匀速运动 匡其不逮 狼顾鸱张 内省不疚 马尘不及
69221	狼顾鸱张 内省不疚
69222	匀速运动 匡其不逮 马尘不及
6924	大音希声 大可不必 奇离古怪 马迹蛛丝 息迹静处
69241	大音希声 大可不必 奇离古怪
69242	马迹蛛丝
69243	息迹静处
6925	星期六 大厦将倾 风轻云淡
69251	大厦将倾
69253	星期六 风轻云淡
6926	自顾不暇 大厦将颠 戴玄履黄 有点问题
69261	大厦将颠
69262	戴玄履黄 有点问题
69263	自顾不暇
6927	碎片 州委书记 狼顾鸱跱 太麻烦了 理应如此
69271	碎片 狼顾鸱跱 太麻烦了
69272	理应如此
69273	州委书记 风禾尽起
6928	丹青 直上云霄 知错不改 风虎云龙 现钟不打
69281	丹青
69282	直上云霄 现钟不打
69283	知错不改 风虎云龙
6929	奇妙 南鹞北鹰 南辕北辙 破铜烂铁 才广妨身
69291	奇妙 破铜烂铁
69292	南鹞北鹰 南辕北辙 才广妨身 真金不镀
693	有利于 玛利亚
6931	包罗万象 最后一次
69312	包罗万象
69313	最后一次
6932	玛利亚 独当一面 时和年丰
69321	独当一面
69322	玛利亚
69323	时和年丰
6933	直到下午 匏瓜空悬 载歌且舞 最后一天
69331	匏瓜空悬
69332	直到下午 载歌且舞
69333	最后一天
6934	暗中 在市中心 同利相死 两点一线 暴虐无道
69341	同利相死 两点一线 太上忘情
69342	在市中心
69343	暗中 暴虐无道
6935	远离政治 左翼政治 最后一刻 最后一个 两虎相斗
69351	远离政治 两虎相斗 大厦栋梁 貌离神合 二虎相斗
69352	左翼政治
69353	最后一刻 最后一个 日久年深
6936	有利于 星期天 所剩无几 风靡一时 两小无猜
69361	所剩无几 两小无猜
69362	有利于
69363	星期天 风靡一时 星罗棋布 日甚一日
6937	暗示 专利权 右翼政党 远离一切 左翼政党
69371	专利权 远离一切
69372	右翼政党 左翼政党
69373	暗示 日久天长
6938	最后一集 顺应形势 赔身下气 自废武功
69383	最后一集 顺应形势 赔身下气 自废武功
6939	有意无意 大辂椎轮 最后一秒
69391	大辂椎轮
69392	有意无意
69393	最后一秒
694	有意义 照镜子
6941	贴着 马上墙头 最后关头
69412	马上墙头
69413	贴着 最后关头
6942	有意义 大少爷 献可替否
69421	大少爷
69422	有意义 献可替否
6943	直到高中 明镜高悬
69432	直到高中
69433	明镜高悬
6944	照镜子 肉颤心惊 财色兼收 犯罪分子 顽廉懦立
69441	肉颤心惊 犯罪分子 顽廉懦立
69443	照镜子 财色兼收
6945	确立 有利条件 川壅必溃 才占八斗
69451	确立
69452	有利条件 才占八斗
69453	川壅必溃
6946	直到永远 珠穆朗玛 晦迹韬光
69462	直到永远 珠穆朗玛
69463	晦迹韬光
6947	奇怪 破愁为笑 破觚为圜 贻厥孙谋
69471	奇怪 破愁为笑 破觚为圜
69473	贻厥孙谋
6948	知错就改 有错就改 戴罪立功 肩摩毂击
69481	肩摩毂击
69482	有错就改 戴罪立功
69483	知错就改
6949	在桌子上 直到结束 几种颜色 在战场上 破镜分钗
69491	破镜分钗 两厢情愿 犯罪前科
69492	在桌子上 直到结束 在战场上
69493	几种颜色 日夜兼程
695	有可能 有钱人
6951	巴黎世家 才秀人微 同音共律
69511	巴黎世家 同音共律
69512	才秀人微
6952	辛苦 在卫生间 朝歌暮弦 犯上作乱 最后通牒
69521	犯上作乱 狂轰滥炸
69522	辛苦 在卫生间 朝歌暮弦 骈四俪六 黄雀伺蝉
69523	最后通牒
6953	确保 在尖沙咀 自上而下 同床共枕 匿迹潜形
69531	确保 同床共枕
69532	在尖沙咀 匿迹潜形
69533	自上而下
6954	丹药 景点介绍 十四世纪 朝锺暮鼓 韩卢逐块
69541	丹药
69542	十四世纪 朝锺暮鼓 韩卢逐块 马尔代夫 朝钟暮鼓
69543	景点介绍 晨钟暮鼓 日久生情 赚点外快 风急浪高
6955	景点众多 顺应潮流 有点做作 朝饔夕飧 破镜重合
69551	破镜重合 同尘合污 套期保值 同甘共苦
69552	有点做作 朝饔夕飧 韩卢逐逡 弄虚作假 朝种暮获
69553	景点众多 顺应潮流 风尘仆仆
6956	时移世易 时至今日 时移俗易 颠鸾倒凤 风靡全球
69562	颠鸾倒凤 直至今日
69563	时移世易 时至今日 时移俗易 风靡全球 旦种暮成
6957	短信 有钱人 博采众长 日转千街 破镜重圆
69571	破镜重圆
69572	有钱人 博采众长
69573	短信 日转千街
6958	有可能 自身优势 最省油的 猛虎深山 知错能改
69581	猛虎深山
69582	有可能
69583	自身优势 最省油的 知错能改 日转千阶 日角偃月
6959	时应注意 直到深夜 自身体质 星移斗转 马可波罗
69591	猛虎添翼
69592	直到深夜 马可波罗 朝斯夕斯
69593	时应注意 自身体质 星移斗转
696	尤其是
6961	狰狞 自斟自饮 明廉暗察 骖鸾驭鹤 光彩夺目
69611	狰狞 光彩夺目 大度包容
69612	骖鸾驭鹤 左顾右盼
69613	自斟自饮 明廉暗察
6962	暧昧 自习时间 南蛮鴂舌 左辅右弼
69622	南蛮鴂舌 左辅右弼
69623	暧昧 自习时间
6963	狐狸 有输有赢 直上直下 有利时机 有利有弊
69631	狐狸
69632	有输有赢 直上直下 有利时机 有利有弊 马鹿易形
69633	风和日丽
6964	暗自 贴在 自顾自地 夙夜在公 风和日美
69642	马上房子
69643	暗自 贴在 自顾自地 夙夜在公 风和日美
6965	直到大学 申酉戌亥 赃秽狼藉 黄金时代 医科大学
69651	光彩照人
69652	直到大学 黄金时代 医科大学
69653	申酉戌亥 赃秽狼藉 最后时刻 明争暗斗 早占勿药
6966	凤枭同巢 风和日暄 破觚斫雕 直到现在 大煞风景
69661	破觚斫雕 大煞风景
69662	直到现在
69663	凤枭同巢 风和日暄 风度翩翩 风韵犹存 自轻自贱
6967	大煞风趣 赃私狼籍 瑰意琦行
69671	大煞风趣
69672	瑰意琦行
69673	赃私狼籍
6968	尤其是 确是 顺应时势 在广州的 顺其自然
69681	确是 狼顾狐疑
69682	在广州的 马到成功 有负所托
69683	尤其是 顺应时势 顺其自然
6969	短短 暗暗 直到最后 在意大利 自私自利
69691	獐麇马鹿 砸锅卖铁
69692	直到最后 在意大利 黄雀在后 琢磨琢磨
69693	短短 暗暗 自私自利 日角珠庭
697	有点儿 玩意儿
6971	量小力微
69713	量小力微
6972	有利因素 大受欢迎 丹铅甲乙 马上回来 知音难寻
69721	大受欢迎 丹铅甲乙 大致说来
69722	有利因素 马上回来 黄钟毁弃
69723	知音难寻
6973	有点儿 玩意儿 有意识 犯错误 献身精神
69731	犯错误 破瓜之年 狼顾鸢视 同床各梦
69732	有点儿 玩意儿 有意识 献身精神 骑虎难下
69733	知音难求
6974	独到之处 短小精悍 狗急跳墙 内顾之忧 黄钟瓦釜
69741	独到之处 狗急跳墙 内顾之忧 夺其谈经
69742	黄钟瓦釜
69743	短小精悍
6975	确认 碎了 犯了 现身说法 自身难保
69751	确认 碎了 犯了 砍瓜切菜 光可鉴人
69752	现身说法
69753	自身难保
6976	匀速行驶 珠翠之珍 黄雀衔环 真可谓是 狐虎之威
69761	狐虎之威
69762	匀速行驶 珠翠之珍 黄雀衔环 真可谓是
69763	知小谋大
6977	在色之戒 南金东箭
69772	在色之戒 南金东箭
6978	时序数据 肩摩踵接 猛虎出山
69781	肩摩踵接 猛虎出山
69783	时序数据
6979	在卓越上 风尘之变 知音难觅 豺虎肆虐
69791	豺虎肆虐
69792	在卓越上
69793	风尘之变 知音难觅
698	太上皇 才可以
6981	达尔文 日积月聚 日积月累 卖身投靠 日削月割
69811	达尔文
69812	卖身投靠
69813	日积月聚 日积月累 日削月割
6982	右转向灯 猛虎插翅 巴尔扎克 日锻月炼
69821	猛虎插翅 巴尔扎克
69822	右转向灯
69823	日锻月炼
6983	在应用中 远离手机 匿迹隐形 同床异梦 马鹿异形
69831	远离手机 同床异梦
69832	在应用中 匿迹隐形 马鹿异形
6984	专车接送 南斯拉夫 日角龙颜
69841	专车接送
69842	南斯拉夫
69843	日角龙颜
6985	奇异 才可以 自甘堕落 日久岁深 马上看花
69851	奇异
69852	才可以 马上看花
69853	自甘堕落 日久岁深 暗锤打人 日省月修 日夜操劳
6986	太上皇 直到这时 自负盈亏 马到功成 远香近臭
69861	太上皇 远香近臭 大车以载
69862	直到这时 马到功成 马上功成
69863	自负盈亏 暗香疏影
6987	日久岁长 日上三竿 日程月课 日省月课 日省月试
69873	日久岁长 日上三竿 日程月课 日省月课 日省月试
6988	所采用的 大受打击 现钟弗打 日削月朘 囊锥露颖
69881	所采用的 大受打击
69882	现钟弗打 囊锥露颖
69883	日削月朘
6989	自愿接受 自底向上 在乘用车 日角龙庭 真金白银
69892	在乘用车 真金白银
69893	自愿接受 自底向上 日角龙庭 日销月铄
699	光秃秃 感受到
6991	黄金铸象 马角乌头 有点意思 有迹可循 马斯科特
69912	黄金铸象 马角乌头 有点意思 有迹可循 马斯科特
6992	奇迹 有色金属 元音音素 南蛮鴃舌 有点麻烦
69921	奇迹 元音音素 大醇小疵
69922	有色金属 南蛮鴃舌 有点麻烦 朝歌夜弦
6993	景色秀丽 歇斯底里 凤靡鸾吪 琼厨金穴 远离尘嚣
69931	远离尘嚣 狼顾虎视
69932	琼厨金穴
69933	景色秀丽 歇斯底里 凤靡鸾吪
6994	尤其 狼顾麕惊 雕章镂句 巴基斯坦 匿迹销声
69941	狼顾麕惊 雕章镂句 巴基斯坦
69942	匿迹销声 王后卢前
69943	尤其
6995	犯错 大庭广众 自欺欺人 明罚敕法
69951	犯错 大庭广众
69953	自欺欺人 明罚敕法
6996	光秃秃 自愿原则 威斯康星
69961	光秃秃
69962	威斯康星
69963	自愿原则
6997	犯罪 感受到 直辖市 有利可图
69971	犯罪
69972	感受到 直辖市 有利可图
6998	短暂 马角乌白
69982	马角乌白
69983	短暂
6999	大哥哥 自转速度 远离战争 暗度金针
69991	大哥哥 远离战争
69993	自转速度 暗度金针
711	观察家 笑眯眯
7111	走进教室 对头冤家
71111	走进教室
71112	对头冤家
7113	国家资助 鸡头鱼刺
71132	国家资助 鸡头鱼刺
7114	因循守旧 走得很快 糟老头子
71141	走得很快 糟老头子
71142	因循守旧
7115	管家 观察家 回老家 长得很像 诚实守信
71151	长得很像
71152	管家 观察家 回老家 圣彼得堡
71153	诚实守信
7116	因果循环
71162	因果循环
7117	笑眯眯 管制 坚决制止
71171	坚决制止
71172	笑眯眯 管制
7119	各具特色 加官进爵 管宁割席
71192	管宁割席
71193	各具特色 加官进爵
712	说得好
7121	断头将军 衙官屈宋 刀头舔蜜 长目飞耳
71211	断头将军 衙官屈宋 刀头舔蜜 长目飞耳
7122	观者如云
71222	观者如云
7123	逃避
71231	逃避
7124	说得好 观者如堵 类聚群分
71241	类聚群分
71242	观者如堵
71243	说得好
7125	笃实好学 断决如流 难者不会 坚守不渝
71251	断决如流 坚守不渝
71252	笃实好学 难者不会
7126	对牛弹琴 临界状态
71261	临界状态
71262	对牛弹琴
7127	长得不帅 长眠不起
71271	长得不帅 长眠不起
7128	监察支队 长得好看 恩德如山 刀头舔血 谋臣如雨
71281	监察支队 长得好看 刀头舔血
71282	恩德如山
71283	谋臣如雨
7129	长得不错 坚定不移
71291	长得不错 坚定不移
7131	国富民安 国家标准
71312	国富民安 国家标准
7132	谋臣武将 长安棋局 国富民强 竹头木屑 国富民丰
71321	长安棋局 断齑画粥
71322	国富民强 竹头木屑 国富民丰
71323	谋臣武将
7133	难得一见 双眼无神 国家机器 甲冠天下
71332	难得一见 双眼无神 国家机器
71333	甲冠天下
7134	讲述 国家一级 走得更快 国家机关 国进民退
71341	走得更快
71342	国家一级 国家机关 国进民退
71343	讲述 言者无心
7135	讲究 此次事件 该怎样做 国家栋梁 国家民族
71352	国家栋梁 国家民族
71353	讲究 此次事件 该怎样做 各安天命
7136	记者梳理 走得更远
71361	走得更远
71363	记者梳理
7137	回眸一笑 回头再说 欢聚一堂 评头品足 竿头一步
71372	回眸一笑 回头再说 欢聚一堂 竿头一步
71373	评头品足
7138	七年 签字画押
71382	七年 签字画押
7139	言者无罪 加官晋爵 尝鼎一脔
71393	言者无罪 加官晋爵 尝鼎一脔
714	国家级
7141	圈牢养物 行眠立盹
71411	行眠立盹
71412	圈牢养物
7142	七八 国家级 箪食壶浆 非富即贵 七男八婿
71422	七八 国家级 箪食壶浆 非富即贵 七男八婿
7143	七条
71432	七条
7144	国家主义 国家公祭
71442	国家主义 国家公祭
7145	箪食壶酒 出家为僧 双瞳剪水 让逸竞劳 七老八倒
71452	箪食壶酒 双瞳剪水 七老八倒
71453	出家为僧 让逸竞劳
7146	七老八十
71462	七老八十
7147	颇为 又睡着了 毁家纾难 筑室道谋
71471	毁家纾难
71472	颇为 又睡着了 筑室道谋
7148	因果关系
71482	因果关系
7149	国家主席 签字盖章 长安道上 管鲍分金 断鹤续凫
71491	长安道上 断鹤续凫
71492	国家主席 签字盖章 管鲍分金
715	鉴定人 数字化
7151	臼头深目 粗制滥造 加德满都
71511	臼头深目 粗制滥造
71513	加德满都
7152	刀头燕尾 街头巷尾 各安生业 笑容满面
71521	刀头燕尾 街头巷尾
71522	笑容满面
71523	各安生业
7153	管他 行思坐想
71531	行思坐想
71532	管他
7154	诸位 行思坐忆 刀头剑首 忍耻含垢 说得过去
71541	行思坐忆 刀头剑首 忍耻含垢 忍耻含羞 戒律清规
71543	诸位 说得过去
7155	桑田沧海 忍耻偷生
71551	忍耻偷生
71552	桑田沧海
7156	诸葛 诸侯 鼠目寸光
71561	鼠目寸光
71563	诸葛 诸侯
7157	鉴定人 行思坐筹 因循坐误
71571	鉴定人 行思坐筹
71572	因循坐误
7158	数字化
71581	数字化
7161	监守自盗 走进现实 竿头日进 蹊田夺牛
71611	监守自盗 走进现实 蹊田夺牛
71612	竿头日进
7162	谋臣猛将 鉴往知来 数往知来
71621	鉴往知来 数往知来
71623	谋臣猛将
7163	管理 衡量 等待时机 国家大事 粉饰太平
71631	衡量 粉饰太平
71632	管理 等待时机 国家大事
7164	墨守成规 难进易退
71641	墨守成规
71642	难进易退
7165	发宪布令 墨守成法 常鳞凡介
71651	墨守成法
71653	发宪布令 常鳞凡介
7167	七十 坚实有力 说实在话 非愚则诬 各取所长
71671	坚实有力
71672	七十 非愚则诬
71673	说实在话 各取所长
7168	算是 颇有 说实在的 各家医院 监察大队
71681	监察大队
71682	算是 颇有 回头是岸
71683	说实在的 各家医院 各取所需
7169	竿头日上 竿头直上
71692	竿头日上 竿头直上
717	说实话 或者说
7171	算算 舅舅 观察观察 又冷又饿
71711	舅舅
71712	算算 观察观察 又冷又饿
7172	讲话 说实话 又老又丑 双宿双飞 管鲍之交
71722	又老又丑 双宿双飞 管鲍之交
71723	讲话 说实话
7174	或者说 黑眼圈 囚徒困境
71741	或者说 黑眼圈
71742	囚徒困境
7175	算了 各界精英 跌宕起伏 难得糊涂 诲盗诲淫
71751	跌宕起伏
71752	算了 难得糊涂
71753	各界精英 诲盗诲淫
7176	逃跑 算计 各家各户 出头之日 迷头认影
71761	逃跑 迷头认影
71762	算计
71763	各家各户 出头之日
7177	记者走访 行者让路 评头论足 又累又困 言者谆谆
71771	行者让路
71772	又累又困
71773	记者走访 评头论足 言者谆谆
7178	对得起 国家出手 长得帅气 讽德诵功 评头论脚
71781	长得帅气 足食足兵 粝食粗衣
71782	对得起 国家出手 笨头笨脑
71783	讽德诵功 评头论脚
7179	语言 逃走 笔饱墨酣
71791	逃走
71792	笔饱墨酣
71793	语言
7181	语气 忍饥挨饿 箪食瓢饮 东食西宿
71811	忍饥挨饿
71812	箪食瓢饮 东食西宿
71813	语气
7182	出头露面 国富兵强 师老兵疲
71821	师老兵疲
71822	国富兵强
71823	出头露面
7183	踵决肘见
71831	踵决肘见
7184	坚守阵地 笨得要死
71841	坚守阵地
71842	笨得要死
7185	诧异 七岁
71852	七岁
71853	诧异
7186	双目失明
71862	双目失明
7187	记者手记 东征西讨 论资排辈
71872	东征西讨
71873	记者手记 论资排辈
7188	回头看看 东瞧西看
71882	回头看看 东瞧西看
7189	七月 东鳞西爪 因果报应 东兔西乌
71892	七月 东鳞西爪 因果报应 东兔西乌
719	辽宁省
7191	管辖 东进战略 亟待解决 发家致富 诚实可靠
71911	忍饥受饿
71912	管辖 东进战略 亟待解决
71913	发家致富 诚实可靠 各得其宜
7192	逃离 衔冤负屈 筑室反耕
71921	逃离 衔冤负屈
71922	筑室反耕
7193	课程
71933	课程
7194	长官意志 断井颓垣
71941	长官意志 断井颓垣
7196	算得上是 各得其所
71962	算得上是
71963	各得其所
7197	坚决反对 切实可行
71971	坚决反对
71972	切实可行
7198	辽宁省 加减乘除 笑容可掬
71982	辽宁省 笑容可掬
71983	加减乘除
7199	国家省市 谋取私利
71992	国家省市
71993	谋取私利
721	说不定 图书馆
7211	图书馆 发怒冲冠 因敌取资
72112	图书馆 因敌取资
72113	发怒冲冠
7212	长安 黑灯瞎火 读书得间
72121	长安 黑灯瞎火
72123	读书得间
7213	谈不容口 糖舌蜜口
72131	糖舌蜜口
72133	谈不容口
7214	数字
72141	数字
7215	长老 回娘家 东北制药 鸡尸牛从
72151	长老
72152	回娘家 东北制药 鸡尸牛从
7216	长得 了不得 说不得
72161	长得
72162	了不得
72163	说不得
7217	数额 行业资讯 记不得了 鸢飞鱼跃 七尺男儿
72171	数额 行业资讯 鸢飞鱼跃
72172	七尺男儿
72173	记不得了 计将安出
7218	说不定 固定 精准 说不准 鸡虫得失
72181	精准 料敌制胜
72182	固定 鸡虫得失
72183	说不定 说不准
7219	忍痛割爱
72191	忍痛割爱
722	儿媳妇 糖尿病
7221	躁动不安
72211	躁动不安
7222	精灵 儿媳妇 言辞凿凿 诟如不闻 刀耕火耘
72221	精灵 儿媳妇 刀耕火耘 坚强不屈 刀耕火耨
72223	言辞凿凿 诟如不闻 诈奸不及
7223	请问 糖尿病 筚门闺窦
72231	糖尿病
72232	筚门闺窦
72233	请问
7224	归来 订阅 赶尽杀绝 言不及义
72241	归来 赶尽杀绝
72243	订阅 言不及义
7225	诘屈聱牙
72253	诘屈聱牙
7226	词不逮理 诈痴不颠 长乐未央
72261	长乐未央
72263	词不逮理 诈痴不颠
7227	走不动了 国将不国
72271	走不动了
72272	国将不国
7228	紧张局势 回春妙手
72281	紧张局势
72282	回春妙手
7229	行不履危 刀耕火种 笔耕不辍 言不尽意
72291	行不履危 刀耕火种
72292	笔耕不辍
72293	言不尽意
723	发动机 出版社
7231	长相 发怒穿冠 长效机制 回炉再造 国泰民安
72311	长相 长效机制 行不由径
72312	回炉再造 国泰民安
72313	发怒穿冠
7232	发展史 甲乙丙丁
72323	发展史 甲乙丙丁
7233	管闲事
72332	管闲事
7234	出版社
72343	出版社
7235	请求 鼠疫杆菌 对症下药 行不更名 足慰平生
72351	鼠疫杆菌 行不更名 足慰平生 默契神会
72352	对症下药
72353	请求
7236	精神 发动机 发屋求狸 各不相同 起居无时
72361	精神 起居无时
72363	发动机 发屋求狸 各不相同
7237	行业术语 谩辞哗说 蹑屩檐簦 等闲视之 各不相让
72371	行业术语 蹑屩檐簦 行不副言
72372	等闲视之
72373	谩辞哗说 各不相让 各不相谋
7238	言不由衷 临门一脚 衔尾相随
72381	临门一脚 衔尾相随
72383	言不由衷
7239	毁尸灭迹
72391	毁尸灭迹
724	回不去 党支部
7241	简单 订单 长着 非奸即盗 儿女亲家
72411	长着 儿女亲家
72412	简单 非奸即盗
72413	订单
7242	七病八痛
72422	七病八痛
7243	党支部 行将就木 难如登天 七张八嘴 七舌八嘴
72431	行将就木
72432	难如登天 七张八嘴 七舌八嘴
72433	党支部
7244	断壁残垣 悲痛欲绝 诪张为幻 七疮八孔
72441	断壁残垣
72442	悲痛欲绝 七疮八孔
72443	诪张为幻
7245	订立 回不去 行古志今 精耕细作 精妙绝伦
72451	行古志今 精耕细作 精妙绝伦 超群绝伦
72452	回不去 七病八倒
72453	订立
7246	断壁残璋 坚如磐石 七青八黄
72461	断壁残璋 坚如磐石
72462	七青八黄
7247	谁不喜欢 回不去了 步履维艰 儿女情长
72471	儿女情长
72472	回不去了
72473	谁不喜欢 步履维艰
7248	谈判 回北京的 七歪八扭 七支八搭 儿女心肠
72481	儿女心肠
72482	回北京的 七歪八扭 七支八搭
72483	谈判
7249	精心 谩不经意 刃迎缕解
72491	精心 刃迎缕解
72493	谩不经意
725	忍不住 说不清
7251	数学 行不从径 行动坐卧 粉面油头
72511	数学 行不从径 行动坐卧 粉面油头
7252	说不清 数不清 力不能及 力不能支 臼灶生蛙
72521	数不清 臼灶生蛙
72522	戏蝶游蜂
72523	说不清 力不能及 力不能支
7253	坚壁清野 说不清楚 出将入相 频来入梦 料敌若神
72531	坚壁清野 料敌若神
72533	说不清楚 出将入相 频来入梦 诈痴佯呆
7254	忍不住 止不住 对不住 止不住地 认奴作郞
72541	忍不住 默不作声
72542	对不住
72543	止不住 止不住地 认奴作郞 力不从心 说不过去
7255	糊涂 长剑 衡门深巷 行不逾方 行云流水
72551	糊涂 长剑 衡门深巷 行不逾方 行云流水
72552	恩不放债
72553	诱敌深入
7256	精英 桑弧蓬矢
72561	精英
72562	桑弧蓬矢
7257	数人 长生 请人 读书人 欢迎仪式
72571	数人 长生
72572	欢迎仪式
72573	请人 读书人 话不多说 记不清了 计不旋踵
7258	长江 精华 逃不过 止不住的 迷魂淫魄
72581	长江 精华 逃不过 迷魂淫魄
72582	恩将仇报
72583	止不住的 谋如涌泉
7259	请您 请你 长效激励 走火入魔 悲春伤秋
72591	长效激励 走火入魔 黑不溜秋
72592	悲春伤秋 桑间濮上
72593	请您 请你 力敌千钧 发引千钧
726	又不是 难不成
7261	简直 逃避现实 笔耕砚田
72611	逃避现实
72612	简直 笔耕砚田
7262	难不成 尚书左丞 临敌易将 儿女成群
72621	临敌易将 儿女成群
72622	难不成
72623	尚书左丞
7263	长大 数量 归属感 览闻辩见 调舌弄唇
72631	长大 数量 归属感 览闻辩见
72632	篝火狐鸣 鸡飞狗叫
72633	调舌弄唇
7264	谁不知道 掌灯时分
72643	谁不知道 掌灯时分
7265	长时 加适量水 记不太清 出门在外 各尽所能
72651	长时 行奸卖俏
72652	帷灯匣剑
72653	加适量水 记不太清 出门在外 各尽所能
7266	粉妆玉砌 粉妆玉琢
72661	粉妆玉砌 粉妆玉琢
7267	数十 长远 各展所长 鸡飞狗跳 出问题了
72671	数十 长远 儿女成行
72672	鸡飞狗跳 鸡飞狗走
72673	各展所长 出问题了
7268	话题 又不是 出问题 力不自胜 迷魂夺魄
72681	迷魂夺魄 断烂朝报
72682	又不是 悲不自胜
72683	话题 出问题 力不自胜 说不明白
7269	词不达意 策驽砺钝
72692	策驽砺钝
72693	词不达意
727	越来越 对不起
7271	词语 话语 算不算 越来越凉 越来越老
72711	越来越凉 越来越老 越来越次 断还归宗
72712	算不算 了不长进 观眉说眼
72713	词语 话语 诗书发冢
7272	长长 谈话 越来越瘦 越来越烂 越来越好
72721	长长 越来越瘦 越来越烂 越来越好 越来越火
72722	筋疲力尽
72723	谈话 说不出来 力尽筋疲
7273	发展观 越来越响 越来越严 越来越想 对不起啦
72731	越来越响 越来越严 越来越想 行尸走骨
72732	对不起啦
72733	发展观 力屈计穷 说不出口
7274	话说 越来越懒 越来越亮 越来越细 说来说去
72741	越来越懒 越来越亮 越来越细 越来越差 走来走去
72742	算来算去 筋疲力竭
72743	话说 说来说去
7275	断了 精力 行动力 谈论 对不对
72751	断了 精力 行动力 越来越像 行不贰过
72752	对不对 帷灯箧剑 对症之药
72753	谈论 该不该 谈古论今 让不让人 记问之学
7276	越来越 越来越咸 算不算是 越来越有 行尸走肉
72761	越来越 越来越咸 越来越有 行尸走肉 足不出户
72762	算不算是 双眉紧蹙
7277	尝试 长发 发展出了 越来越长 越来越难
72771	长发 越来越长 越来越难
72772	等闲之辈
72773	尝试 发展出了 步履蹒跚 诸如此类 认不认识
7278	对不起 了不起 越来越向 越来越近
72781	越来越向 越来越近
72782	对不起 了不起
7279	长辈 行不行 越来越稀 越来越广 越来越少
72791	长辈 行不行 越来越稀 越来越广 越来越少
728	请不要 甲状腺
7281	出如脱兔
72813	出如脱兔
7282	数据 请不要 甲状腺素 蹄闲三寻 蹄间三寻
72821	数据 蹄闲三寻 蹄间三寻 蹄閒三寻 路不拾遗
72823	请不要 甲状腺素
7283	话不投机 东张西望 粉面朱唇
72831	粉面朱唇
72832	东张西望
72833	话不投机
7284	趁火打劫 粮尽援绝 力敌势均
72841	趁火打劫 粮尽援绝
72843	力敌势均
7285	固执 东怒西怨 发奸擿伏 力不胜任 读书三余
72852	固执 东怒西怨
72853	发奸擿伏 力不胜任 读书三余
7286	固然 出来的 讳疾忌医
72862	固然
72863	出来的 讳疾忌医
7287	数不胜数 蹑屩担簦 了如指掌 瓦努阿图 超群拔类
72871	数不胜数 蹑屩担簦 超群拔类
72872	了如指掌 瓦努阿图
7288	甲状腺 趋炎附势 鸡飞蛋打 行不胜衣
72881	趋炎附势 行不胜衣
72882	鸡飞蛋打
72883	甲状腺
7289	架屋迭床 踞炉炭上 诚不我欺 读书三到
72891	踞炉炭上
72893	架屋迭床 诚不我欺 读书三到
729	谈不上 说不上
7291	各尽其职 各司其职
72913	各尽其职 各司其职
7292	肆虐 说不上来
72921	肆虐
72923	说不上来
7293	精彩 谈不上 说不上 赶不上 趣闻轶事
72931	精彩 赶不上 趣闻轶事 鬓乱钗横
72932	对不上号 了不可见
72933	谈不上 说不上 各司其事
7294	长期 长久 精致 儿女私情 难辞其咎
72941	长期 长久 精致 儿女私情 断壁颓垣
72942	难辞其咎
72943	读书种子
7295	算不上多 起承转合
72951	起承转合
72952	算不上多
7296	说不上是
72963	说不上是
7297	办不到 踏故习常 诚如斯言 箭不虚发 笑面夜叉
72971	踏故习常
72972	箭不虚发 笑面夜叉
72973	办不到 诚如斯言
7298	七局四胜 精虫上脑 坚不可摧
72981	精虫上脑 坚不可摧
72982	七局四胜
7299	词库 简称 话音 发炎反应 悲剧色彩
72992	简称 悲剧色彩
72993	词库 话音 发炎反应 甲不离身
731	第一次 又一次
7311	证实 因事制宜
73112	因事制宜
73113	证实
7313	第一次 又一次 党史军史 因祸得福
73132	第一次 又一次 因祸得福
73133	党史军史
7314	观察 第一眼 七相五公
73142	观察 第一眼 七相五公
7315	回家 回眸 行号卧泣
73151	行号卧泣
73152	回家 回眸
7316	或者 回头 国无宁日
73161	或者
73162	回头 国无宁日
7317	策略 精神食粮 询事考言
73171	精神食粮
73172	策略
73173	询事考言
7318	归正守丘 长年累月
73181	归正守丘 长年累月
7319	此唱彼和 鸡口牛后
73192	鸡口牛后
73193	此唱彼和
732	精神病
7321	第一印象 诸事不宜 数见不鲜
73211	数见不鲜
73212	第一印象
73213	诸事不宜
7322	言无不尽
73223	言无不尽
7323	加强 回避 精神病 精神支柱 第一支柱
73231	精神病 精神支柱 毁于蚁穴 路见不平 料事如神
73232	回避 第一支柱
73233	加强
7324	回来 赶来 诞妄不经 瓦器蚌盘 东亚病夫
73241	赶来
73242	回来 瓦器蚌盘 东亚病夫 观望不前
73243	诞妄不经
7325	长林丰草 瓦查尿溺 刀枪不入 刀下留人 管窥蠡测
73251	长林丰草 刀枪不入 刀下留人
73252	瓦查尿溺 管窥蠡测
7326	儿女 诸事不顺 说一不二 谈吐不凡 划一不二
73261	儿女 划一不二
73263	诸事不顺 说一不二 谈吐不凡
7327	第一书记 谋无遗策 精神焕发 算无遗策 语焉不详
73271	精神焕发 衔枚疾走 墨突不黔
73272	第一书记 算无遗策
73273	谋无遗策 语焉不详 尚且如此 谋无遗谞
7328	精神不振 刀口舔血 精神病院
73281	精神不振 刀口舔血 精神病院
7329	欢迎 欢乐 第一乐章 非机动车 皮里春秋
73292	欢迎 欢乐 第一乐章 非机动车 皮里春秋
733	第一天 笑嘻嘻
7331	回想 发植穿冠
73312	回想
73313	发植穿冠
7332	回味
73322	回味
7333	回事 诅咒 回味无穷 回天无术
73332	回事 回味无穷 回天无术
73333	诅咒
7334	笑嘻嘻 长叹一声 党政机关 党员干部 加权平均
73341	长叹一声 行政机关
73342	笑嘻嘻
73343	党政机关 党员干部 加权平均
7335	召开 笑吟吟 精神百倍 趣味横生 止于唇齿
73351	召开 精神百倍 趣味横生 忍辱求全
73352	笑吟吟
73353	止于唇齿 让礼一寸
7336	回复 第一天 毁于一旦 管中窥豹 出于无奈
73361	毁于一旦
73362	回复 第一天 管中窥豹
73363	出于无奈
7337	师兄 识别 行万里路 东窗事发 回天无力
73371	师兄 行万里路
73372	东窗事发 回天无力
73373	识别
7338	欢呼 精神一振 圆柱形的 趣味相投 诛求无已
73381	精神一振 趣味相投 精神一震 黩武穷兵
73382	欢呼 圆柱形的
73383	诛求无已
7339	召唤 笑呵呵 等一下 国民政府 第一桶金
73391	召唤
73392	笑呵呵 等一下 国民政府 第一桶金
73393	误中副车 诛求无厌
734	第一条 第一句
7341	七开八得
73412	七开八得
7342	回忆 师父 读万卷书 桑枢瓮牖 七嘴八舌
73421	师父 行政部门
73422	回忆 桑枢瓮牖 七嘴八舌 七嘴八张 七穿八烂
73423	读万卷书
7343	欢喜 儿童 赶忙 第一条 第一部中
73431	儿童 赶忙
73432	欢喜 第一条 第一部中 因祸为福 七事八事
73433	说嘴郎中 说干就干
7344	儿子 箱子 证券 精神愉悦 欢天喜地
73441	儿子 精神愉悦 精神分裂
73442	箱子 欢天喜地
73443	证券
7345	回去 第一句 国民经济 七窝八代 行政单位
73451	行政单位 贤妻良母 归根结蒂 路柳墙花 踵事增华
73452	回去 第一句 国民经济 七窝八代 第一夫人
7346	加快 回首 赶快 讨恶翦暴 精神恍忽
73461	赶快 精神恍忽
73462	回首 固本培元 七棱八瓣
73463	加快 讨恶翦暴 敞开心扉
7347	难听死了 走下坡路 跑哪去了 难鸣孤掌 七横八竖
73471	走下坡路 跑哪去了
73472	难听死了 难鸣孤掌 七横八竖
7348	说正经的
73483	说正经的
7349	困境 办事处 归根结底 第一志愿 了无惧意
73491	归根结底 黑更半夜 断根绝种
73492	困境 第一志愿 了无惧意 七平八稳
73493	办事处
735	行政法 第一位
7351	因材施教 出口入耳 语无伦次
73512	因材施教
73513	出口入耳 语无伦次
7352	观念 误会 评估 黑社会 党恶佑奸
73521	黑社会
73522	观念 七窍生烟
73523	误会 评估 党恶佑奸 调嘴学舌
7353	加油 加重 第一名 第一件事 该事件中
73531	行号巷哭 跛鳖千里
73532	第一名 第一件事 切树倒根
73533	加油 加重 该事件中 说一件事
7354	非法 行政法 第一位 忍辱含羞 回嗔作喜
73541	行政法 忍辱含羞 临事而惧 忍辱含垢
73542	非法 第一位 回嗔作喜
7355	许多 评价 观众 圆满 回荡
73551	精神创伤 精神涣散 忍辱偷生
73552	观众 圆满 回荡 笔下生花 双柑斗酒
73553	许多 评价 发政施仁 发号施令 出神入化
7356	师傅 非洲 谈吐生风 刀枪剑戟 桑榆暮景
73561	师傅 刀枪剑戟
73562	非洲 桑榆暮景
73563	谈吐生风
7357	证人 街机游戏 计无付之 难更仆数 笑里藏刀
73571	街机游戏
73572	难更仆数 笑里藏刀 了无生趣 等一会儿 鸡鸣而起
73573	证人 计无付之
7358	加入 回过 精神满腹 刃树剑山 诈哑佯聋
73581	精神满腹 刃树剑山
73582	回过 第一个月 七窍流血
73583	加入 诈哑佯聋
7359	精神依赖 第一人称 刀枪入库
73591	精神依赖 刀枪入库
73592	第一人称
736	党中央 行政区
7361	止于智者 鸡鸣狗盗 精神财富 鼠窃狗盗 踢天弄井
73611	精神财富 鼠窃狗盗 踢天弄井
73612	鸡鸣狗盗
73613	止于智者
7362	行政区 长虺成蛇 调嘴弄舌 管见所及 调唇弄舌
73621	行政区 长虺成蛇
73622	管见所及 非礼勿动 国无二君 第一时间 七窍冒火
73623	调嘴弄舌 调唇弄舌
7363	驾驶 加大 切中时弊 词穷理极 粗枝大叶
73631	粗枝大叶 长吁短叹
73632	切中时弊 鸡鸣狗吠 非礼勿听 非礼勿视 囿于成见
73633	驾驶 加大 词穷理极 诗中有画 说一是一
7364	非凡 长下影线 诸事顺遂 谩天昧地 调神畅情
73641	长下影线 粗中有细
73642	非凡 第一现场 皮开肉绽
73643	诸事顺遂 谩天昧地 调神畅情 诸事顺心
7365	东野巴人 谈吐风生 计无所施 常年在外 谋事在人
73651	鼠窃狗偷
73652	东野巴人
73653	谈吐风生 计无所施 常年在外 谋事在人 言无二价
7366	党中央 七窍玲珑 鼠窜狼奔
73661	鼠窜狼奔
73662	七窍玲珑
73663	党中央
7367	加班 话中有话 临别赠言 迷天大谎 行政区划
73671	临别赠言 迷天大谎 行政区划
73672	非礼勿言
73673	加班 话中有话 话里有话 计无所出
7368	证明 或是 了无牵挂 长枕大被
73681	或是 长枕大被
73682	了无牵挂
73683	证明
7369	迷天大罪 黔突暖席 出口成章 粉骨碎身
73691	迷天大罪 黔突暖席 粉骨碎身
73693	出口成章
737	第一步 国民党
7371	认祖归宗 诗礼之家
73713	认祖归宗 诗礼之家
7372	回归 肾盂肾炎 师兄师姐 国事访问 七年之病
73721	肾盂肾炎 师兄师姐 臼杵之交
73722	回归 国事访问 七年之病 回想起来 七年之痒
73723	调嘴调舌 计穷力屈
7373	或许 困惑 行李箱 试一试吧 起根发由
73731	或许 行李箱 起根发由 蹭吃蹭喝 走开走开
73732	困惑 笑口常开 皮相之见 劝百讽一
73733	试一试吧 让开让开 讽一劝百 赏一劝百
7374	糟糕 谭天说地 谩天谩地 谈空说幻 精于此道
73741	糟糕 精于此道 跼天蹐地
73742	难兄难弟 桑中之约
73743	谭天说地 谩天谩地 谈空说幻 谢天谢地 谈天说地
7375	回答 评论 管窥筐举 管吃管住 糊里糊涂
73751	糊里糊涂
73752	回答 管窥筐举 管吃管住 切骨之仇 笔下超生
73753	评论 言听计从 话里话外
7376	回国 数一数二 桑榆非晚 鸡鸣戒旦 谈空说有
73761	数一数二 断无此理
73762	回国 桑榆非晚 鸡鸣戒旦
73763	谈空说有
7377	非常 赶紧 第一步 国民党 试一试
73771	赶紧 长见识了 精于算计
73772	非常 第一步 国民党 回天之力 皮相之谈
73773	试一试 发型设计 谋听计行 诗礼之训 肯构肯堂
7378	困难 欢笑 笑一笑 尚无证据 让再让三
73782	困难 欢笑 笑一笑
73783	尚无证据 让再让三
7379	越嚼越香 言下之意 谮下谩上 衔橛之虞 衔橛之变
73791	越嚼越香 衔橛之虞 衔橛之变
73792	笼中之鸟
73793	言下之意 谮下谩上
738	第一批
7381	观看 柴天改物 切中要害 长年三老
73811	长年三老
73812	观看 切中要害
73813	柴天改物
7382	证据 非要 笨嘴拙舌
73822	非要 笨嘴拙舌
73823	证据
7383	东想西想 回天乏术 图穷匕见 黑咕隆咚
73831	黑咕隆咚
73832	东想西想 回天乏术 图穷匕见
7384	加工 肆无忌惮 黑天摸地
73841	肆无忌惮 黑天摸地
73843	加工
7385	加以 课嘴撩牙 断杼择邻 断梗飘蓬
73851	断杼择邻 断梗飘蓬
73853	加以 课嘴撩牙
7386	困扰 精神抑郁 柴天改玉 此中三昧 皮里抽肉
73861	精神抑郁
73862	困扰 皮里抽肉
73863	柴天改玉 此中三昧
7387	精神异常 走一段路 许下誓言 精忠报国 黑恶势力
73871	精神异常 走一段路 精忠报国 黑恶势力
73873	许下誓言
7388	第一批 精神抖擞
73881	精神抖擞
73882	第一批
7389	回报 粉骨捐躯 皮里阳秋 让枣推梨
73891	粉骨捐躯
73892	回报 皮里阳秋
73893	让枣推梨
739	恩格斯 精神上
7391	因噎废食 长相厮守 趋于稳定
73911	长相厮守 趋于稳定
73912	因噎废食
7393	加上 观点 赶上 精神上 难于上天
73931	赶上 精神上
73932	观点 难于上天
73933	加上
7394	许久 恩格斯 止于至善 精神意志 精神可嘉
73941	精神意志 精神可嘉
73942	恩格斯
73943	许久 止于至善
7395	回应 许可 忍辱负重
73951	忍辱负重
73952	回应
73953	许可
7396	尧年舜日 糊口度日
73961	尧年舜日 糊口度日
7397	回到 驾到 赶到 箭无虚发 跌无可跌
73971	赶到 跌无可跌 忍无可忍
73972	回到 箭无虚发 欢呼雀跃
73973	驾到 讷口少言
7398	加速 误解
73983	加速 误解
7399	回顾 粉骨糜躯 谗口铄金 第一反应 归根到底
73991	粉骨糜躯 归根到底 临机应变 粉骨糜身
73992	回顾 第一反应 第一季度
73993	谗口铄金 谁与争锋
741	办公室
7411	因地制宜 欢喜冤家
74112	因地制宜 欢喜冤家
7412	图案 办案
74122	图案
74123	办案
7413	回首往事 劝善惩恶 翘首盼望
74131	翘首盼望
74132	回首往事 劝善惩恶
7414	等待
74142	等待
7415	东郭先生
74152	东郭先生
7416	说完 说得 之物 街头 忍心害理
74161	街头 忍心害理
74162	之物
74163	说完 说得
7417	粮食 说句实话 谨遵教诲 难分彼此
74171	粮食
74172	难分彼此
74173	说句实话 谨遵教诲
7419	办公室 甲级资质 等级制度
74192	等级制度
74193	办公室 甲级资质
742	各部门 该公司
7421	儿童不宜
74211	儿童不宜
7422	说不 悲剧 图书 趋吉避凶 粪土不如
74221	趋吉避凶 粪土不如
74222	悲剧 图书
74223	说不
7423	说她 跟她 该公司 赏心乐事
74231	跟她
74233	说她 该公司 赏心乐事
7424	说好 说来 加士居道 非商业性 诞幻不经
74241	归去来兮
74242	非商业性 七情六欲
74243	说好 说来 加士居道 诞幻不经 常备不懈
7425	访贫问苦 谓予不信 簟纹如水
74252	簟纹如水
74253	访贫问苦 谓予不信
7426	之间 各部门 颇为不易 访亲问友
74262	之间 颇为不易
74263	各部门 访亲问友
7427	图片 党组书记 悲喜交加 归心如箭
74271	归心如箭
74272	图片 悲喜交加
74273	党组书记
7428	悲喜交集 坚韧不拔 掌声如雷 柴立不阿
74281	坚韧不拔
74282	悲喜交集
74283	掌声如雷 柴立不阿
7429	非死不可 讫情尽意 非去不可 谋为不轨
74292	非死不可 非去不可
74293	讫情尽意 谋为不轨
743	订单号
7431	诸子百家 发愤忘食
74313	诸子百家 发愤忘食
7432	长着一张
74321	长着一张
7433	之事 办事 订单号 戒备森严 回忆一下
74331	戒备森严 数典忘祖
74332	之事 回忆一下
74333	办事 订单号 出去一下
7434	之中 之一 各样
74342	之中 之一
74343	各样
7436	等于 走乡串户
74361	走乡串户
74362	等于
7437	调丝品竹 国士无双 说心里话 出去一趟 回去再说
74372	国士无双 回去再说
74373	调丝品竹 说心里话 出去一趟
7438	记忆中的
74383	记忆中的
7439	之下 鸡鹜相争 困心横虑 诗情画意 团结一致
74392	之下 鸡鹜相争 困心横虑 团结一致 圣地亚哥
74393	诗情画意 此地无银
744	党组织 难为情
7441	跟着 说着 等着 详细 围堵
74411	跟着 忍着
74412	等着 围堵 因公殉职
74413	说着 详细 赏心悦目
7442	等级 各级 之声 难为情 各子公司
74421	断垣残壁
74422	等级 之声 难为情 囚首垢面 七子八婿
74423	各级 各子公司 该子公司 证券公司
7443	各地 之地 党组织 师道尊严 难分高下
74431	师道尊严
74432	之地 难分高下 七纵八横
74433	各地 党组织 力竭声嘶
7444	粉丝 筷子 圈子 东墙处子 断子绝孙
74441	粉丝 断子绝孙
74442	筷子 圈子 东墙处子
74443	言为心声 此恨绵绵
7445	办公 师级单位 非死即伤 了却残生 七死八活
74451	师级单位
74452	非死即伤 了却残生 七死八活 七高八低
74453	办公 谋夫孔多
7446	说道 街道 跆拳道
74461	街道 跆拳道
74463	说道
7447	围绕 断编残简
74471	断编残简
74472	围绕
7448	之前 跟前 长幼尊卑 七首八脚 七郤八手
74481	跟前 长幼尊卑
74482	之前 七首八脚 七郤八手
7449	之处 之心 诸永高速 因缘为市 悲愤填膺
74492	之处 之心 因缘为市 悲愤填膺
74493	诸永高速
7452	艰苦 街坊邻居 七孔生烟
74521	街坊邻居
74522	艰苦 七孔生烟
7453	悲伤 说他 各方 跟他 簪缨世胄
74531	跟他 贤良方正 鼠首偾事
74532	悲伤 簪缨世胄
74533	说他 各方
7454	办法 说法 各个 各位 等候
74541	忍住 墨子泣丝
74542	等候 笼络人心
74543	办法 说法 各个 各位
7455	忍耐 谋道作舍 谁主沉浮 七八个人 非处方药
74551	忍耐 忍垢偷生
74552	七八个人 非处方药 难分伯仲 簪缨世族
74553	谋道作舍 谁主沉浮
7456	简单清晰 谦尊而光
74562	简单清晰
74563	谦尊而光
7457	之人 圣人 诗人 归心似箭 断线偶戏
74571	归心似箭 断线偶戏 儿孙满堂
74572	之人 圣人
74573	诗人
7458	说过 七八个月 粗心浮气 出谷迁乔
74581	粗心浮气
74582	七八个月
74583	说过 出谷迁乔
7459	之外 说你 跟你 等你 因公假私
74591	跟你
74592	之外 等你 因公假私
74593	说你
746	难道是 讲道理
7461	粉丝专页
74611	粉丝专页
7462	训练有素
74623	训练有素
7463	办理 各大 之感 讲道理 之处在于
74632	之感 之处在于
74633	办理 各大 讲道理 言必有中
7464	各自 跟在 趴在 黑影 记忆犹新
74641	跟在 趴在 黑影 长亭短亭
74643	各自 记忆犹新 力殚财竭
7465	之内 之时 简单易学 困兽犹斗 长幼有叙
74651	长幼有叙 竖子成名
74652	之内 之时 简单易学 困兽犹斗 东京大学
7466	米盐博辩 长辔远驭
74661	米盐博辩 长辔远驭
7467	之日 简单易行 断线风筝 超级大国 简单明了
74671	断线风筝 超级大国
74672	之日 简单易行 简单明了
7468	说明 说是 难道是 各有 简单易用
74681	师心自用
74682	难道是 简单易用 七八十岁
74683	说明 说是 各有 言必有据 说着玩的
7469	黑暗 艰辛 长幼有序 精心布置 出新专辑
74691	黑暗 长幼有序 精心布置 粗心大意
74692	艰辛 笙磬同音
74693	出新专辑
747	记忆力
7471	跟踪 止增笑耳
74711	跟踪
74713	止增笑耳
7472	说话 越细越好 越新越好 越高越好 团结起来
74721	越细越好 越新越好 越高越好
74722	团结起来 非亲非故
74723	说话 发愤图强
7473	围观 谨慎行事 难弟难兄 非分之想
74732	围观 难弟难兄 非分之想
74733	谨慎行事
7474	等等 说说 又惊又喜 路经此地 说着说着
74741	路经此地
74742	等等 又惊又喜
74743	说说 说着说着
7475	说了 之力 议论 说谎 记忆力
74751	舆情监测 越堆越多 起死回生 踔绝之能 断织劝学
74752	之力 非分之念 帽子戏法 难分难舍 七纵七禽
74753	说了 议论 说谎 记忆力 各就各位
7476	说出 各国 各类 之类 走亲访友
74761	走亲访友
74762	之类 非分之财
74763	说出 各国 各类 此情此景
7477	之路 诛心之论 欢声笑语 谲怪之谈 断织之诫
74771	断织之诫
74772	之路 欢声笑语 东道之谊
74773	诛心之论 谲怪之谈 出去走走
7478	艰难 说起 诚惶诚恐 七纵七擒
74782	艰难 七纵七擒
74783	说起 诚惶诚恐
7479	诚心诚意 谈情说爱 步线行针 行差踏错 跑前跑后
74791	行差踏错 跑前跑后 跋前踬后
74792	难分难解 困心衡虑
74793	诚心诚意 谈情说爱 步线行针
748	国务院 赵子龙
7481	国务院 各项 之气 翘首以待 翘首以盼
74811	翘首以待 翘首以盼 黑纸白字
74812	国务院 之气
74813	各项 出土文物
7482	说要 黑白 力均势敌 欢声雷动 掌声雷动
74821	黑白
74822	欢声雷动
74823	说要 力均势敌 掌声雷动
7483	悲哀 之际 发综指示 瓦釜雷鸣 发纵指示
74832	悲哀 之际 瓦釜雷鸣
74833	发综指示 发纵指示
7484	戒慎恐惧 言志抒怀
74841	戒慎恐惧
74843	言志抒怀
7485	赵子龙 因缘际会 鸡声鹅斗 因缘巧合 七八月份
74851	赵子龙 儿童文学
74852	因缘际会 鸡声鹅斗 因缘巧合 七八月份
74853	发纵指使
7486	跟随 黑袍 趾高气昂 长绳系日
74861	跟随 黑袍 趾高气昂 长绳系日
7487	笑死我了
74872	笑死我了
7488	说我 跟我 趾高气扬 管城毛颖 围城打援
74881	跟我 趾高气扬
74882	管城毛颖 围城打援
74883	说我
7489	说服
74893	说服
749	粉红色 办公桌
7491	忍受 鸡鹜争食 之死靡它 行善积德
74911	忍受 行善积德
74912	鸡鹜争食 之死靡它
7492	办公厅
74923	办公厅
7493	之后 各种 之上 街上 跟上
74931	街上 跟上
74932	之后 之上
74933	各种 常务委员 赏善罚恶
7494	之意 筑地市场 回船转舵 各为其主
74942	之意 筑地市场 回船转舵
74943	各为其主
7495	黑夜 调良稳泛 各就其位
74951	黑夜
74953	调良稳泛 各就其位
7496	黑色 之色 粉红色 办公桌 详情度理
74961	黑色 粉红色 衡情酌理
74962	之色
74963	办公桌 详情度理
7497	等到 说到 走为上计 言情小说 走为上策
74971	走为上计 走为上策
74972	等到
74973	说到 言情小说
7498	谅解
74983	谅解
7499	回心转意 语惊四座 常规战争 七八点钟 难分轩轾
74992	回心转意 七八点钟 难分轩轾
74993	语惊四座 常规战争
7511	踏实 迷人眼目
75111	踏实 迷人眼目
7512	答案 长江实业 回过头来 长命富贵
75121	长江实业 长命富贵
75122	答案 回过头来
7513	数九寒天
75131	数九寒天
7514	对待 出人头地 国仇家恨 发散思维 回过头去
75142	对待 国仇家恨 回过头去
75143	出人头地 发散思维
7516	数学实验 谈何容易 识途老马
75161	数学实验
75163	谈何容易 识途老马
7517	此消彼长 粮草先行 长傲饰非 此伏彼起
75171	粮草先行 长傲饰非
75173	此消彼长 此伏彼起
7518	认定 办学宗旨 划清界限
75181	划清界限
75183	认定 办学宗旨
7519	对象 监测制度
75191	监测制度
75192	对象
752	各方面 等方面
7521	长生不老 起伏不定
75211	长生不老 起伏不定
7522	对不 笃学好古
75222	对不 笃学好古
7523	对她 访问 党邪丑正 忍俊不禁 毁誉不一
75231	忍俊不禁 毁誉不一 墨汁未干
75232	对她
75233	访问 党邪丑正 谲而不正
7524	讨好 跑过来 行侠好义 长生不死 切齿痛恨
75241	跑过来 行侠好义 长生不死
75242	切齿痛恨
75243	讨好
7525	帷薄不修 力学不倦 诸多不便 临深履薄 讨价还价
75251	临深履薄 忍耐不住 忍俊不住
75252	帷薄不修 帏薄不修 笃信好学 困而不学 笃学不倦
75253	力学不倦 诸多不便 讨价还价 讳莫如深 诲人不倦
7526	对面 各方面 等方面 对外贸易 行而不远
75261	行而不远
75262	对面 等方面 对外贸易
75263	各方面
7527	对他来说 对你来说 东施效颦 笑而不语
75272	对他来说 对你来说 东施效颦 笑而不语
7528	证件遗失 恩重泰山 等价交换 恩重如山
75282	恩重泰山 等价交换 恩重如山
75283	证件遗失
7529	长途运输 谑而不虐 迷而不返 迷而不反
75291	长途运输 迷而不返 迷而不反
75293	谑而不虐
753	类似于 回过神
7531	临渴穿井 非池中物
75311	临渴穿井
75312	非池中物
7532	回过神来 艰苦朴素 鼠凭社贵
75321	鼠凭社贵
75322	回过神来 艰苦朴素
7533	对视 符号 各凭本事 行若无事
75331	行若无事
75332	对视 符号
75333	各凭本事
7534	此生无憾 谦恭下士 走伏无地
75341	走伏无地
75343	此生无憾 谦恭下士
7535	类似事件 精英政治 谈若悬河 言而无信 恩若再生
75351	类似事件 精英政治
75352	恩若再生 对外开放 竹苞松茂
75353	谈若悬河 言而无信
7536	对于 答复 类似于 回过神 糊涂一时
75361	类似于 糊涂一时 黯淡无光
75362	对于 答复 回过神
7537	精益求精 等而下之 出没无常 加人一等
75371	精益求精
75372	等而下之
75373	出没无常 加人一等
7538	了无 师生员工 长命百岁 出生年月
75381	师生员工 长命百岁
75382	了无
75383	出生年月
7539	步入正轨 长江天堑
75391	长江天堑
75393	步入正轨
754	诸葛亮 走过去
7541	对着 趁着 等你结果 临渊羡鱼
75411	趁着 临渊羡鱼
75412	对着 等你结果
7542	等营养素
75422	等营养素
7543	紫外线 笑逐颜开 说千道万 贤母良妻 七满八平
75431	贤母良妻
75432	笑逐颜开 七满八平
75433	紫外线 说千道万
7544	签收 监测总站 策名就列 各个部分 迷途羔羊
75441	监测总站 迷途羔羊 蹈节死义
75442	签收 策名就列
75443	各个部分 误人子弟
7545	对立 走过去 圣母子像 恩荣并济 衔沙填海
75451	走过去 衔沙填海
75452	对立 圣母子像 恩荣并济 恩怨情仇 恩深义重
75453	说停就停 诚信经营
7546	谨慎 答道 诸葛亮 请多关照 恩怨分明
75462	答道 恩怨分明
75463	谨慎 诸葛亮 请多关照
7547	认为 语重心长 起偃为竖 讨人喜欢 难过死了
75471	起偃为竖
75472	难过死了 笼而统之
75473	认为 语重心长 讨人喜欢 出何典记
7548	该死 发生关系 言多必失 七湾八拐 七湾八扭
75482	七湾八拐 七湾八扭
75483	该死 发生关系 言多必失
7549	监测站点 蹈人旧辙 谈优务劣
75491	监测站点 蹈人旧辙
75493	谈优务劣
755	许多人 发生过
7551	言重九鼎 行住坐卧 粗茶淡饭 发人深思 讲信修睦
75511	行住坐卧 粗茶淡饭 临潼斗宝 衔华佩实
75513	言重九鼎 发人深思 讲信修睦 说个没完
7552	该做 双剑合璧 非你莫属 临池学书
75521	临池学书
75522	双剑合璧 非你莫属
75523	该做
7553	对方 对他 符合 签名 黑漆漆
75531	黑漆漆 师范学校
75532	对方 对他 符合 签名 双重人格
75533	各族人民
7554	行侠仗义 出生入死 各个领域 毁誉参半 断人生死
75541	行侠仗义 毁誉参半 断人生死
75543	出生入死 各个领域 认仇作父 言人人殊
7555	对付 简洁优雅 刀俎余生 走花溜水 讨流溯源
75551	刀俎余生 走花溜水 迷花沾草 忍苦耐劳 粘花惹草
75552	对付 简洁优雅 圆满落幕 笑傲江湖 简能而任
75553	讨流溯源 出水芙蓉
7556	圣洛伦索 东方千骑
75562	圣洛伦索 东方千骑
7557	许多人 弋人何篡 困而学之
75571	弋人何篡
75572	困而学之
75573	许多人
7558	踏入 发生过 误付洪乔 因人而异
75581	踏入
75582	因人而异
75583	发生过 误付洪乔
7559	对你 对外 圣劳伦斯 发人深省 越俎代庖
75591	越俎代庖 默化潜移 粮多草广
75592	对你 对外 圣劳伦斯
75593	发人深省 出入人罪
756	加拿大 又没有
7561	认真 加水同煮 非法所得 认清现实
75612	非法所得
75613	认真 加水同煮 认清现实
7562	课余时间 发生时间 师范专业 行若狗彘
75621	师范专业 行若狗彘
75623	课余时间 发生时间
7563	力量 认知 认同 加拿大 篡位夺权
75632	篡位夺权 因人成事
75633	力量 认知 认同 加拿大
7564	跌倒在地 走漏风声
75641	跌倒在地 走漏风声
7565	诽誉在俗 师范大学 言而有信 非昔是今 观过知仁
75651	师范大学
75652	非昔是今 观过知仁 艰苦奋斗
75653	诽誉在俗 言而有信
7566	东方明珠
75662	东方明珠
7567	双休日 简洁时尚 简洁明了 简便易行 圣多明各
75671	行若狐鼠
75672	双休日 简洁时尚 简洁明了 简便易行 圣多明各
75673	计过自讼
7568	又没有 调停两用 跳丸日月
75681	跳丸日月
75682	又没有
75683	调停两用
7569	双方自愿 迷而知反 迷途知反 迷涂知反 迷途知返
75691	迷而知反 迷途知反 迷涂知反 迷途知返 迷而知返
75692	双方自愿
75693	诱人犯罪
7571	诲淫诲盗 起伏跌宕 谩藏诲盗
75711	起伏跌宕
75713	诲淫诲盗 谩藏诲盗
7572	对话 签订 诊断 越多越好 越低越好
75721	越多越好 越低越好 越做越好 赴汤蹈火
75722	对话 签订 双汇发展
75723	诊断 谑浪笑敖 谈今论古
7573	认识
75733	认识
7574	了之 该说 七生七死 难舍难分
75742	了之 七生七死 难舍难分
75743	该说
7575	讨论 对了 此生此世 误入歧途 讨个说法
75751	长途跋涉 行浊言清
75752	对了
75753	讨论 此生此世 误入歧途 讨个说法 说没说过
7576	认出 行合趋同 出世超凡
75761	行合趋同
75763	认出 出世超凡
7577	简洁设计 简而言之 让人笑话 起而行之 默而识之
75771	起而行之 默而识之
75772	简洁设计 简而言之 笃而论之
75773	让人笑话 力学笃行
7578	对此 了些 监测数据
75781	监测数据
75782	对此 了些
7579	谎言 诺言 言外之意 刀过竹解 桑落瓦解
75791	刀过竹解 或多或少 趁人之危
75792	桑落瓦解 瓦合之卒
75793	谎言 诺言 言外之意
758	说什么 算什么
7581	力气 符文 因任授官 发蒙振聩 请多指教
75811	临渴掘井
75812	符文 因任授官
75813	力气 发蒙振聩 请多指教 力能扛鼎
7582	东倒西歪 出乖露丑
75822	东倒西歪
75823	出乖露丑
7583	党领导下 党邪陷正
75833	党领导下 党邪陷正
7584	力倍功半
75843	力倍功半
7585	说什么 算什么 精湛技艺 东劳西燕 发蒙振落
75851	精湛技艺 行藏用舍
75852	算什么 东劳西燕 东方文化 蜚英腾茂
75853	说什么 发蒙振落
7586	距今已有 东方文明 路人皆知 各个击破 精贯白日
75861	距今已有 路人皆知 精贯白日
75862	东方文明
75863	各个击破
7587	对手 堂而皇之 粗通文墨
75871	粗通文墨
75872	对手
75873	堂而皇之
7588	对比 戒指 长江三峡 街巷阡陌 东涂西抹
75881	戒指 长江三峡 街巷阡陌
75882	对比 东涂西抹
7589	对抗 起作用 东海扬尘
75891	起作用
75892	对抗 东海扬尘
759	请注意
7591	辽沈战役 言传身教 谈过其实 言过其实 长治久安
75911	长治久安
75912	辽沈战役
75913	言传身教 谈过其实 言过其实
7592	跳梁小丑 难能可贵 出人意表 谋而后动
75921	跳梁小丑
75922	难能可贵
75923	出人意表 谋而后动
7593	又入虎口 长生久视
75931	长生久视
75932	又入虎口
7594	对其 请注意 艰苦卓绝 切齿腐心 发蒙解缚
75941	坚苦卓绝
75942	对其 艰苦卓绝 切齿腐心 国外市场 等价连城
75943	请注意 发蒙解缚 各从其志
7595	答应 对错 认可 力度 对应
75951	长江上游
75952	答应 对错 对应 固若金汤
75953	认可 力度 出多少汗 出人意外 架海金梁
7596	讨厌 归全反真 计深虑远
75961	归全反真
75963	讨厌 计深虑远
7597	料到 出人意料 因人废言 发蒙解惑 等而上之
75971	料到
75972	因人废言 等而上之
75973	出人意料 发蒙解惑
7598	了解 发生争执 加水稀释
75982	了解
75983	发生争执 加水稀释
7599	长治市委 对酒当歌 步人后尘 策名委质 鼠牙雀角
75991	长治市委 鼠牙雀角
75992	对酒当歌 策名委质
75993	步人后尘
761	第二次 管理者
7611	诚实 因时制宜
76112	因时制宜
76113	诚实
7613	第二次 出资 因果 该是怎样 又是怎样
76132	第二次 因果 又是怎样 国破家亡
76133	出资 该是怎样
7614	调教
76143	调教
7615	国家 戒奢宁俭 谋财害命 图财害命
76151	戒奢宁俭
76152	国家 图财害命
76153	谋财害命
7616	读者 出头 管理者 东风御风
76162	管理者 东风御风
76163	读者 出头
7617	跟大家说 说风凉话 颇有微词 等量齐观 困知勉行
76171	跟大家说
76172	颇有微词 等量齐观 困知勉行
76173	说风凉话
7618	出奇制胜
76183	出奇制胜
7619	跌破眼镜
76191	跌破眼镜
762	长时间 说明书
7621	鸡犬不宁 雌雄未决
76212	鸡犬不宁
76213	雌雄未决
7622	读书 说明书 管理层 管理局 圆周运动
76221	走南闯北
76222	管理层 管理局 圆周运动 鸡犬不留
76223	读书 说明书 力所不及 力所不逮 力有不逮
7623	询问 精明强干 七日来复 笔大如椽
76231	精明强干
76232	七日来复 笔大如椽
76233	询问
7624	出来 因素 越好 诞罔不经 鸡犬不惊
76241	越好
76242	因素 鸡犬不惊
76243	出来 诞罔不经
7625	临财不苟
76251	临财不苟
7626	出门 长时间 发现问题 筑巢引凤
76261	长时间
76262	筑巢引凤
76263	出门 发现问题
7627	默契 出动 讨是寻非 非同寻常 策马飞舆
76271	默契
76272	非同寻常 策马飞舆
76273	出动 讨是寻非
7628	长时间的 党同妒异
76281	长时间的
76283	党同妒异
7629	出版 箭在弦上 七十古稀
76292	箭在弦上 七十古稀
76293	出版
763	第二天 管理员
7631	行成于思 恩同再造
76311	行成于思
76312	恩同再造
7632	东南亚 鸡犬相闻 因风吹火
76322	东南亚 鸡犬相闻 因风吹火
7633	出事 驾驶视野 又在哪里 力大无穷
76332	又在哪里
76333	出事 驾驶视野 力大无穷
7634	第十一 固有一死 非同一般
76342	第十一 固有一死 非同一般
7635	出口 类型 读研究生 驾驶员侧 又是一个
76351	类型 戎马一生
76352	又是一个 七十年代
76353	出口 读研究生 驾驶员侧 各显神通
7636	调查 第二天 国民 出于 讽刺
76361	数十万元
76362	第二天 国民 管理员
76363	调查 出于 讽刺 驾驶员
7637	加在一起 跖犬吠尧 止暴禁非
76371	跖犬吠尧
76373	加在一起 止暴禁非
7638	衒玉求售 赏奇析疑
76381	衒玉求售
76383	赏奇析疑
764	第二条
7641	认影为头 识时务者 颇有心得
76412	颇有心得
76413	认影为头 识时务者
7642	出声 简直惊艳 师直为壮 东南半壁
76421	师直为壮
76422	简直惊艳 东南半壁
76423	出声
7643	第二条 各大高校 记在心里 数十公里 发现商机
76431	数十公里
76432	第二条
76433	各大高校 记在心里 发现商机 各自为政
7644	团结 帽子 越高 认贼为父 认贼为子
76441	越高
76442	团结 帽子
76443	认贼为父 认贼为子
7645	出去 跑去 恩威并重 精雕细刻 恩威并施
76451	跑去 精雕细刻 衔环结草 衔石填海
76452	恩威并重 恩威并施 七颠八倒 恩同父母
76453	出去
7646	精雕细琢
76461	精雕细琢
7647	因为 训练 国务 数理统计 发短心长
76471	数理统计
76472	因为 国务 恩威并行
76473	训练 发短心长 说黄道黑 发硎新试
7648	出差 恩威并用 七破八补
76482	恩威并用 七破八补
76483	出差
7649	第二志愿 各自为战 各奔前程 党豺为虐 七大八小
76492	第二志愿 七大八小
76493	各自为战 各奔前程 党豺为虐
765	国内外 观景台
7651	计日而待 归马放牛
76511	归马放牛
76513	计日而待
7652	发布会 东风人面 街知巷闻 国有企业 力所能及
76521	街知巷闻 戎马生郊
76522	东风人面 国有企业
76523	发布会 力所能及
7653	因而 团体 观景台 紫砂艺术 蹑影藏形
76531	蹑影藏形 米珠薪桂
76532	因而 团体 观景台
76533	紫砂艺术
7654	第二位 忍尤含垢 认贼作父 认贼作子 对景伤情
76541	忍尤含垢
76542	第二位 对景伤情
76543	认贼作父 认贼作子
7655	越多 戎马倥傯 行同能偶 路在何方 各有侧重
76551	越多 戎马倥傯 行同能偶 路在何方 戎马倥偬
76552	东风浩荡
76553	各有侧重
7656	发布会时 数十亿元 刀光剑影
76561	数十亿元 刀光剑影
76563	发布会时
7657	国人 出生 诚信 发短信 议息会议
76571	足智多谋 超凡入圣 蹑影潜踪 行有余力 起早贪黑
76572	国人 蜚短流长
76573	出生 诚信 发短信 议息会议
7658	类似 越过 出现水肿 又是什么 恩有重报
76581	类似 越过 戎马仓皇
76582	又是什么 恩有重报 第二个月 东风化雨
76583	出现水肿 出凡入胜 党同伐异
7659	国外 调节 国内外 第二节 第二人称
76592	国外 国内外 第二节 第二人称
76593	调节 各有千秋 诈败佯输
766	出现在 七十二
7661	国王 跋扈自恣 言犹在耳 各有所职
76611	跋扈自恣
76612	国王
76613	言犹在耳 各有所职
7662	出卖 行驶时间 超时时间 等有时间 各有所好
76621	行驶时间 超时时间 行同狗彘 衡石量书
76622	等有时间 颇有成效
76623	出卖 各有所好
7663	出现 越大 七十二 非同凡响
76631	越大
76632	七十二 非同凡响
76633	出现
7664	出现在 出自 发自内心
76643	出现在 出自 发自内心
7665	国内 长风破浪 雌雄同体 加州大学 长驱直入
76651	长风破浪 长驱直入 长大成人 行同狗豨
76652	国内 东南大学 难辨真伪
76653	雌雄同体 加州大学
7666	各有所短 粉雕玉琢 说二是二
76661	粉雕玉琢
76663	各有所短 说二是二
7667	各有所长 七十二行 行易知难
76671	行易知难
76672	七十二行
76673	各有所长
7668	越是 国有 路是自己 戎马劻勷 衒玉自售
76681	越是 路是自己 戎马劻勷 衒玉自售
76682	国有
76683	粜风卖雨 调风弄月 加州理工
7669	各有所爱 发明专利 七十二变 切磋琢磨 精确匹配
76691	精确匹配 鉴貌辨色 行远自迩
76692	七十二变 切磋琢磨
76693	各有所爱 发明专利
767	驾驶证 非暴力
7671	计算 瓦影之鱼 认影迷头 发达国家 蹿房越脊
76711	蹿房越脊
76712	瓦影之鱼
76713	计算 认影迷头 发达国家
7672	越大越好 越短越好 越早越好 发奋图强 紧蹙双眉
76721	越大越好 越短越好 越早越好 紧蹙双眉 或早或迟
76723	发奋图强 各有各好
7673	驾驶证
76733	驾驶证
7674	因时因地 此时此地 行有行规 发光发亮
76741	行有行规
76742	因时因地
76743	此时此地 发光发亮
7675	出了 默认 非暴力 走马观花 诳时惑众
76751	默认 走马观花 跑马观花 走马赴任 超凡出世
76752	非暴力 国有国法 皮肉之苦
76753	出了 诳时惑众 此时此刻 谋朝篡位 发凡起例
7676	默默 讥讽 跨越 跑调 又辣又咸
76761	默默 跨越 跑调 或早或晚 糊弄糊弄
76762	又辣又咸 竹马之友 又臭又硬 非驴非马 切磋切磋
76763	讥讽
7677	计划 出发 越发 跑步 第二步
76771	越发 跑步 戒骄戒躁 黔驴之计 衡短论长
76772	第二步 又臭又长 鸡同鸭讲 圣马力诺 非同儿戏
76773	计划 出发 说短论长 论黄数黑
7678	因此 试验数据 行驶数据 各有各的 国内国际
76781	行驶数据
76782	因此 国内国际
76783	试验数据 各有各的 各奔东西 发光发热
7679	行驶距离 又大又厚 临时起意 加大力度 加班加点
76791	行驶距离 临时起意
76792	又大又厚 鸡犬桑麻 简截了当
76793	加大力度 加班加点
768	之所以
7682	出血 第十三届 起凤腾蛟 东南西北 走马换将
76821	起凤腾蛟 走马换将
76822	第十三届 东南西北
76823	出血 请自隗始
7683	国际 出售 竖直向下 踩在脚下 黔驴技穷
76831	竖直向下 踩在脚下 黔驴技穷
76832	国际 鸡犬升天 对景挂画
76833	出售
7684	各大院线 行远升高
76841	行远升高
76843	各大院线
7685	团队 之所以 试验工作 之所以会 谁在裸泳
76851	走马看花
76852	团队 之所以 之所以会 鸡犬皆仙
76853	试验工作 谁在裸泳 详星拜斗
7686	说自己是 衒玉贾石 衔玉贾石 刀光血影 堂哉皇哉
76861	衒玉贾石 衔玉贾石 刀光血影 蹑影追风
76863	说自己是 堂哉皇哉
7687	出手 瓦玉集糅 东奔西走 起早摸黑 东奔西跑
76871	起早摸黑
76872	瓦玉集糅 东奔西走 东奔西跑
76873	出手
7688	试验阶段 第十三集 恩同山岳 发自肺腑 燮理阴阳
76881	跃马扬鞭
76882	第十三集 恩同山岳 策马扬鞭 箕风毕雨 简明扼要
76883	试验阶段 发自肺腑 燮理阴阳 调理阴阳 请勿打扰
769	第二种 诈骗罪
7691	发财致富
76913	发财致富
7692	距离 计较 第十四届 粘在上面 衡石程书
76921	距离 粘在上面 衡石程书
76922	第十四届 东南雀飞
76923	计较 诺贝尔奖
7693	出租 第二种 出现转机 各有利弊 鉴影度形
76931	鉴影度形
76932	第二种
76933	出租 出现转机 各有利弊
7694	调整 试验基地 国内市场 回黄转绿
76942	国内市场 回黄转绿
76943	调整 试验基地
7695	出席 调风变俗 走马上任 走马章台
76951	走马上任 走马章台
76953	出席 调风变俗
7696	出色 回光返照 归真返璞 归真反璞
76961	归真返璞 归真反璞
76962	回光返照
76963	出色
7697	跑到 出身 诈骗罪
76971	跑到
76973	出身 诈骗罪
7698	调解 踏破铁鞋 计日程功 跨凤乘龙
76981	踏破铁鞋 跨凤乘龙
76983	调解 计日程功
7699	诺贝尔 第二季度 策顽磨钝 跨凤乘鸾 非同小可
76991	跨凤乘鸾 数易其稿
76992	第二季度 策顽磨钝 非同小可
76993	诺贝尔 计日可期
7711	切实 走出教室 发踊冲冠 踏踏实实 歧路徘徊
77111	走出教室 踏踏实实
77112	切实
77113	发踊冲冠 歧路徘徊 谄谀取容
7712	长篇累牍 笔墨官司
77121	长篇累牍
77122	笔墨官司
7713	双管齐下 谈言微中 谭言微中
77132	双管齐下
77133	谈言微中 谭言微中
7714	双眼 紧密
77141	紧密
77142	双眼
7715	坚守 此起彼落 此起彼伏 圣诞老人 此长彼消
77151	坚守 鼷鼠饮河 竖起脊梁
77152	圣诞老人
77153	此起彼落 此起彼伏 此长彼消
7716	坚决 双目 设计实验 又或者是 鸡鸭鱼肉
77161	坚决
77162	双目 又或者是 鸡鸭鱼肉 非常容易
77163	设计实验 发发牢骚
7717	设计实践 设计资讯 谆谆告诫 谆谆教诲 非常密切
77172	非常密切 鸡皮鹤发
77173	设计实践 设计资讯 谆谆告诫 谆谆教诲 此话怎讲
7718	坚定 鉴定 设定 谆谆教导
77181	坚定 鉴定
77183	设定 谆谆教导
7719	发策决科
77193	发策决科
772	说出来 非常好
7721	尚未 行踪不定 踧踖不安 簠簋不饬
77211	行踪不定 踧踖不安
77212	簠簋不饬
77213	尚未
7722	起诉书 言之凿凿 行步如飞 默默耕耘 鸡皮疙瘩
77221	起诉书 行步如飞 默默耕耘
77222	鸡皮疙瘩
77223	言之凿凿
7723	坚强 双臂 言行不一 非常希望
77231	坚强
77232	双臂 非常希望
77233	言行不一
7724	说出来 非常好 说起来 躁言丑句 诞谩不经
77241	躁言丑句 踌躇不前 踟蹰不前 临难不惧 趑趄不前
77242	非常好
77243	说出来 说起来 诞谩不经 谦谦君子 止步不前
7725	发展 行师动众 帏箔不修 此路不通 精力充沛
77251	行师动众 精力充沛 翘足引领
77252	帏箔不修 对答如流 帷箔不修
77253	发展 此路不通
7726	紧缺 非常及时 默默奉献 皮之不存
77261	紧缺 默默奉献
77262	非常及时 皮之不存
7727	紧张 发动 跳动 欢蹦乱跳 等因奉此
77271	紧张 跳动
77272	欢蹦乱跳 等因奉此
77273	发动
7728	发表 发育 谦让未遑 出师未捷 长发及腰
77281	长发及腰 坚忍不拔
77283	发表 发育 谦让未遑 出师未捷
7729	出师不利 图谋不轨 迷惑不解 谋图不轨
77291	迷惑不解
77292	图谋不轨
77293	出师不利 谋图不轨
773	计算机 笔记本
7731	言之无物 计出无聊 筐箧中物 行踪无定
77311	行踪无定
77312	筐箧中物
77313	言之无物 计出无聊
7732	计算机及 长了一张 言归于好 默默无闻 出言无状
77321	长了一张 默默无闻
77322	巾帼须眉
77323	计算机及 言归于好 出言无状 堂堂一表
7733	发呆 笔记本 笑了一下 计算机中 囫囵吞枣
77331	迷惑视听
77332	笔记本 笑了一下 囫囵吞枣 非常严格
77333	发呆 计算机中 堂堂正正 讨论一下 试了一下
7734	诡衔窃辔 巾帼丈夫 柴毁灭性 默默无声 歧路亡羊
77341	默默无声 赳赳武夫
77342	巾帼丈夫 国之干城
77343	诡衔窃辔 柴毁灭性 歧路亡羊 柴毁骨立
7735	路口 常见 频繁 跳舞 召回事件
77351	路口 跳舞 召回事件 走街串巷 师出无名
77352	籍籍无名 国之栋梁 国计民生 非常严重
77353	常见 频繁 言归正传 言谈林薮 计出万全
7736	党员 计算机 算了吧 对话框 对讲机
77362	算了吧 对话框 对讲机
77363	党员 计算机 计算机是 设计助理
7737	话语权 设计样式 计算机类 出谋画策 蹑蹻檐簦
77371	蹑蹻檐簦 默默无言
77373	话语权 设计样式 计算机类 出谋画策 出此下策
7738	计算机的 言之无文 舆论哗然 出了口气 因难见巧
77381	舆论哗然
77382	因难见巧 恩恩相报
77383	计算机的 言之无文 出了口气
7739	言行一致 步调一致 等米下锅
77392	等米下锅
77393	言行一致 步调一致
774	默默地
7741	设备 试着 非此即彼
77412	非此即彼
77413	设备 试着
7742	超级 召之即来 跨国公司 圣诞快乐 囫囵半片
77421	超级 召之即来 跨国公司
77422	圣诞快乐 囫囵半片
7743	路线 默默地 党组 柴米夫妻 误认颜标
77431	路线 默默地 断墨残楮
77432	东观续史
77433	党组 柴米夫妻 误认颜标 止戈为武 说了半天
7744	简简单单 断断续续 议论纷纷 悲观主义 步步惊心
77441	断断续续 粉墨登场 断简残编
77442	简简单单 悲观主义 七七八八 恩断义绝 七断八续
77443	议论纷纷 步步惊心 步步登高
7745	设立 发给 此言差矣 非常普通 了此残生
77452	非常普通 了此残生
77453	设立 发给 此言差矣 步步为营 语出惊人
7746	发送 说长道短 非常普遍 笔墨纸砚 断长续短
77461	断长续短
77462	非常普遍 笔墨纸砚 七长八短
77463	发送 说长道短
7747	划分 各走半边 跃跃欲试 说走就走 谨言慎行
77471	划分 跃跃欲试 紧赶慢赶
77472	非常喜欢 对簿公堂 七言八语 艰难竭蹶 七步八叉
77473	各走半边 说走就走 谨言慎行 谠言嘉论 言语道断
7748	步步高升 说东道西 非常必要 说黑道白 七足八手
77482	非常必要 七足八手
77483	步步高升 说东道西 说黑道白
7749	非常关键 七了八当
77492	非常关键 七了八当
775	谢谢你 圣诞节
7751	发觉 发作 临难苟免 翘足而待
77511	临难苟免 翘足而待
77513	发觉 发作
7752	常会 数米而炊
77521	数米而炊
77523	常会
7753	双方 设施 出了学校 国之重器 非常重视
77531	逃出生天 粘皮带骨 跬步千里
77532	双方 国之重器 非常重视 非常清楚 七行俱下
77533	设施 出了学校 谬之千里
7754	发放 讲师介绍 诡计多端 衔悲茹恨 筚路蓝缕
77541	衔悲茹恨 趋之若鹜 踌躇满志
77542	筚路蓝缕
77543	发放 讲师介绍 诡计多端 柴米油盐
7755	发泄 起起落落 双足重茧 非常深刻 许许多多
77551	起起落落 走走停停 迷迷荡荡
77552	双足重茧 非常深刻 非常深入 困难重重
77553	发泄 许许多多 步步生莲 步步莲花 谠论侃侃
7756	圣诞节时 认鸡作凤 巾帼英雄
77562	圣诞节时 巾帼英雄
77563	认鸡作凤
7757	发生 步伐 常人 路人 坚信
77571	路人 坚信 街谈巷议 蹒跚学步 蹑足潜踪
77573	发生 步伐 常人 言行举止 言谈举止
7758	超过 发货 路过 计算依据 诊断依据
77581	超过 路过
77582	非常重要
77583	发货 计算依据 诊断依据 谊切苔岑 言出法随
7759	谢谢你 圣诞节 语言学习 精力过剩 诡谲多变
77591	精力过剩 路断人稀
77592	圣诞节
77593	谢谢你 语言学习 诡谲多变
7761	步骤 言之有物 非请勿进
77612	非请勿进
77613	步骤 言之有物
7762	起止时间 行之有效 答非所问 谋篇布局 谈笑自如
77621	起止时间 行之有效
77622	答非所问
77623	谋篇布局 谈笑自如
7763	发现 言论自由 行之有年 舆论大哗
77631	行之有年 舆论大哗
77633	发现 言论自由
7764	发光 常态 谠言直声 固步自封
77642	固步自封
77643	发光 常态 谠言直声
7765	临时 党内 试验 谈议风生 谈论风生
77651	临时 师出有名
77652	非请勿入
77653	党内 试验 谈议风生 谈论风生 谈笑风生
7766	紧紧贴在 言之有理 言之成理 精力旺盛 非常明显
77661	紧紧贴在 精力旺盛 粒米狼戾
77662	非常明显 巾帼奇才
77663	言之有理 言之成理 认认真真
7767	发布 监狱 数米量柴 调墨弄笔 踽踽独行
77671	监狱 数米量柴 踽踽独行 长篇大论 蹉跎自误
77672	非常感谢 七步成诗
77673	发布 调墨弄笔 出谋献策
7768	常有 发明 发达 非常有用 止谈风月
77681	蹉跎日月 归师勿掩
77682	非常有用 非诚勿扰 非常有限
77683	常有 发明 发达 止谈风月
7769	讨类知原 东箭南金 出言成章 非常理解 非常时期
77691	贤贤易色
77692	东箭南金 非常理解 非常时期 皮糙肉厚 七步成章
77693	讨类知原 出言成章 出言有章
777	笑了笑 设计师
7771	监管 说了算 诊断试剂 非常紧密
77711	监管
77712	非常紧密
77713	说了算 诊断试剂
7772	越长越好 笑了起来
77721	越长越好
77722	笑了起来
7773	设计师 对计算机 诽谤之木 各式各样 步步紧逼
77731	糟糠之妻 糟糕之极
77732	对计算机
77733	设计师 诽谤之木 各式各样 步步紧逼 肯堂肯构
7774	试图 帐篷 精诚团结 非常简单 说七说八
77741	精诚团结
77742	帐篷 非常简单
77743	试图 说七说八
7775	发了 跳了 语言简洁 谈圆说通 非常难过
77751	跳了 越走越偏 或起或伏
77752	非常难过 团团围住 笔诛墨伐 艰难困苦
77753	发了 语言简洁 谈圆说通 出简让全 讹言惑众
7776	发出 设计 超越 超出 跳出
77761	超越 超出 跳出 越走越远 越长越大
77762	非常认真 切切此布 七步之才
77763	发出 设计 言之尚早 发国难财
7777	常常 紧紧 试试 步步 说说笑笑
77771	紧紧 赶紧试试 蹦蹦跳跳
77772	算了算了 非常之谋 团团圆圆 非常非常 非常困难
77773	常常 试试 步步 说说笑笑 詀言詀语
7778	笑了笑 路边 发起 设计之初 赶紧出手
77781	路边 赶紧出手 越走越近 跺了跺脚 跑东跑西
77782	笑了笑 难言之隐
77783	发起 设计之初
7779	发行 发言 舆论监督
77791	舆论监督
77793	发行 发言
778	试试看
7781	发挥 试探 试试看 长此以往 蹑足附耳
77811	长此以往 蹑足附耳
77813	发挥 试探 试试看
7782	紧握 舆论指责 笔走龙蛇 蹈常袭故
77821	紧握 舆论指责 蹈常袭故
77822	笔走龙蛇
7783	发票 监控 计算技术 蜚瓦拔木 发踪指示
77831	监控
77832	蜚瓦拔木
77833	发票 计算技术 发踪指示
7784	坚持 皮肤 双腿 双脚 非常抱歉
77841	坚持
77842	皮肤 双腿 双脚 非常抱歉
7785	发抖 发热 紧紧抓住 出类拔萃 竹篮打水
77851	紧紧抓住
77852	竹篮打水 辽东白豕
77853	发抖 发热 出类拔萃 发踪指使
7786	党的 监护 党坚势盛 东跑西颠
77861	监护
77862	东跑西颠
77863	党的 党坚势盛
7787	双手 蹑蹻担簦 迷踪失路 鸭行鹅步
77871	蹑蹻担簦 迷踪失路
77872	双手
77873	鸭行鹅步
7788	发誓 设计初衷 跌跌撞撞 逃之夭夭 艰难险阻
77881	跌跌撞撞 逃之夭夭 长发飘飘 走走看看 蹉跎岁月
77882	艰难险阻
77883	发誓 设计初衷 调皮捣蛋 堂堂皇皇
7789	常用 断发文身 东走西顾 发言盈庭
77891	断发文身
77892	东走西顾
77893	常用 发言盈庭
779	出发点 团团转
7791	跣足科头 频频点头 国难当头
77911	跣足科头
77912	国难当头
77913	频频点头
7792	紧急 谜底 蹑足其间
77921	紧急 蹑足其间
77923	谜底
7793	路上 监督 临床 出发点 长颈鸟喙
77931	路上 监督 临床 长颈鸟喙
77933	出发点 甲第连天
7794	频率 各行其志 非常可惜 诺诺连声
77942	非常可惜
77943	频率 各行其志 诺诺连声
7795	发射 粒米束薪 悲欢离合 超超玄著
77951	粒米束薪 超超玄著
77952	悲欢离合
77953	发射
7796	设置 团团转 言简意赅 诗词歌赋 各行其是
77962	团团转
77963	设置 言简意赅 诗词歌赋 各行其是
7797	超市 切切私语 长篇小说 粗言秽语
77971	超市 长篇小说 粗言秽语
77972	切切私语
7798	临难铸兵 艰难曲折 坚甲利兵
77981	临难铸兵 坚甲利兵
77982	艰难曲折
7799	长长久久 恩恩爱爱
77991	长长久久
77992	恩恩爱爱
781	第三次 第三者
7812	鸡胸龟背
78122	鸡胸龟背
7813	此次 第三次 之乎者也 国际资本 堂皇富丽
78132	第三次 之乎者也 国际资本
78133	此次 堂皇富丽
7814	笑容 因陋守旧 行险徼幸 发指眦裂
78141	行险徼幸
78142	笑容 因陋守旧
78143	发指眦裂
7815	难以割舍 超然物外 超以象外 尝胆卧薪 超然象外
78151	超然物外 超以象外 超然象外
78152	难以割舍
78153	尝胆卧薪
7816	记得 谁都 记者 难得 起头
78161	起头 数据实时
78162	难得 笑得 第三者
78163	记得 谁都 记者 堂皇冠冕
7817	难免 力拔头筹
78172	难免
78173	力拔头筹
7818	肯定 第五 党的宗旨 断脰决腹
78181	断脰决腹
78182	第五
78183	肯定 党的宗旨
7819	出手得卢
78193	出手得卢
7821	常胜将军 难以避免 料峭春寒 粗服乱头
78211	料峭春寒 粗服乱头
78212	难以避免
78213	常胜将军
7822	谁不 简要不烦 糖衣炮弹 调兵遣将 精兵强将
78221	糖衣炮弹 精兵强将 鼠肝虫臂
78222	简要不烦
78223	谁不 调兵遣将
7823	箪瓢屡空
78232	箪瓢屡空
7824	起来 坚持不懈 常抓不懈 语气不善
78241	起来 坚持不懈
78243	常抓不懈 语气不善
7825	记录 第六 笔录 紧追不舍 刀山火海
78251	紧追不舍 刀山火海 坚持不渝
78252	第六 笔录
78253	记录
7826	出手不凡 国际贸易 赴险如夷
78261	赴险如夷
78262	国际贸易
78263	出手不凡
7827	对我来说 默然不语 非比寻常 出毛病了 临文不讳
78271	默然不语 临文不讳
78272	对我来说 非比寻常
78273	出毛病了
7828	长揖不拜 鼠腹蜗肠
78281	长揖不拜 鼠腹蜗肠
7829	难以承受
78292	难以承受
783	第三天
7831	难以想象 难以形容 竹报平安 衔胆栖冰
78311	衔胆栖冰
78312	难以想象 难以形容 竹报平安
7832	毁灭 黑白相间 图费口舌
78321	毁灭 黑白相间
78322	图费口舌
7833	此事 国际视野 难以下咽
78332	国际视野 难以下咽
78333	此事
7834	第一 难忘 国际事务 忍气吞声 恩贾梅纳
78341	忍气吞声
78342	第一 难忘 国际事务 恩贾梅纳
7835	国际事件 黯然神伤 国际舞台 长斋礼佛
78351	黯然神伤 长斋礼佛
78352	国际事件 国际舞台
7836	第三天 堂皇正大
78362	第三天
78363	堂皇正大
7837	行胜于言 数以百计 数以万计 东山再起 各执一词
78371	行胜于言 数以百计 数以万计 走投无路
78372	东山再起 双拼助记
78373	各执一词
7838	国际形势 了然于胸
78382	国际形势 了然于胸
7839	谁也 孑然一身 调三窝四 黯然无色
78391	黯然无色
78392	孑然一身
78393	谁也 调三窝四
784	紧接着
7841	笑着 紧接着 精挑细选 紧要关头 七拼八凑
78411	紧接着 精挑细选 紧要关头
78412	笑着 七拼八凑 东山高卧
7842	记忆 笑声 边缘 第八 掌声
78422	笑声 第八 七扭八歪
78423	记忆 边缘 掌声
7843	此地 长袖善舞 诗肠鼓吹 欢欣鼓舞
78431	长袖善舞
78432	欢欣鼓舞
78433	此地 诗肠鼓吹
7844	国际主义 数据总线 国际商务 难乎为情 紧打慢敲
78441	数据总线 紧打慢敲 临阵退缩
78442	国际主义 国际商务 难乎为情 难以为继 幡然悔悟
78443	出以公心 说白道绿
7845	足够 七零八落 恩山义海 图文并茂 七损八益
78451	足够 长斋绣佛
78452	七零八落 恩山义海 图文并茂 七损八益 七损八伤
7846	难道 笑道 断手续玉 斐然乡风 围追堵截
78461	断手续玉 黑白分明
78462	难道 笑道 斐然乡风 围追堵截 七零八碎
7847	难怪 因陋就简 精打细算 难看死了 难以预料
78471	精打细算
78472	难怪 因陋就简 难看死了 难以预料 七拱八翘
7848	数据收集 国际纵队 证据收集 七手八脚 国际关系
78481	数据收集
78482	国际纵队 七手八脚 国际关系 七拐八拐 七折八扣
78483	证据收集
7849	此处 掌心 说三道四
78493	此处 掌心 说三道四
785	让我们 第三人
7851	第三世界 国际泳联 粗衣淡饭 笔扫千军
78511	粗衣淡饭
78512	第三世界 国际泳联 笔扫千军
7852	让我们 谁会 难以名状 难以企及
78522	难以名状 难以企及
78523	让我们 谁会
7853	第三方 国际学校 谬以千里 皮肤过敏 黯然伤神
78531	黯然伤神 刀山剑树
78532	第三方 国际学校 皮肤过敏
78533	谬以千里
7854	记住 国际法 粉白黛绿 行崄侥幸
78541	粉白黛绿 行崄侥幸
78542	国际法
78543	记住
7855	迷茫 第九 国际艺苑 跋山涉水 非异人任
78551	迷茫 跋山涉水 黑白混淆
78552	第九 国际艺苑 非异人任 回山倒海 笑比河清
7856	起伏 难以估量 笃近举远 欢欣若狂
78561	起伏
78562	难以估量 笃近举远 欢欣若狂
7857	此刻 此人 此生 第三人 诞生
78571	迷人 监护人 黑衣人 趁势落篷 数以千计
78572	第三人 非我族类 鸡毛蒜皮 对我而言
78573	此刻 此人 此生 诞生 调朱傅粉
7858	难过 谁能 黑龙江 国际化 第三个月
78581	黑龙江
78582	难过 国际化 第三个月 回肠荡气 观衅伺隙
78583	谁能
7859	此外 跌倒 第三节 默换潜移 回肠九转
78591	跌倒 默换潜移
78592	第三节 回肠九转
78593	此外
7861	超然自逸 行己有耻 超然自得
78611	超然自逸 行己有耻 超然自得
7862	坚持时间 第三十届 国际影展 证据确凿 东西南北
78621	坚持时间 米已成炊
78622	第三十届 国际影展 东西南北 笑看风云
78623	证据确凿 谈霏玉屑
7863	第二 谁知 国际时事 各抒所见 边际成本
78632	第二 国际时事
78633	谁知 各抒所见 边际成本
7864	谁在
78643	谁在
7865	此时 第三十九 黑白颠倒 难以启齿 国际知名
78651	黑白颠倒
78652	第三十九 难以启齿 国际知名 笑掉大牙 国防大学
78653	此时 力挽狂澜
7866	起码 鸡零狗碎 发扬光大
78661	起码
78662	鸡零狗碎
78663	发扬光大
7867	第十 记载 又失败了 调朱弄粉 调脂弄粉
78672	第十 又失败了
78673	记载 调朱弄粉 调脂弄粉
7868	难题 谁是 国际医院 第三医院 颇费周折
78681	行兵布阵
78682	难题 国际医院 第三医院 颇费周折 难以自抑
78683	谁是
7869	黑白两色 调三斡四 难以理解 斐然成章
78691	黑白两色
78692	难以理解 斐然成章
78693	调三斡四
787	说白了 说服力
7871	第七 国际足联 识文断字 粗衣粝食
78711	粗衣粝食
78712	第七 国际足联
78713	识文断字
7872	笑话 紫气东来 断袖之癖 切肤之痛 难以言状
78721	断袖之癖
78722	笑话 切肤之痛 难以言状
78723	紫气东来 各找各妈
7873	些许 迷惑 难以言喻 让三让再 精兵简政
78731	迷惑 精兵简政
78732	难以言喻 双拼双形 双拼加形
78733	些许 让三让再
7874	诉讼 诉说 谁说 第三等级 七擒七纵
78742	第三等级 七擒七纵
78743	诉讼 诉说 谁说
7875	起了 笑了 毁了 说白了 说服力
78751	起了 毁了 数据监测 越陷越深 越挫越勇
78752	笑了
78753	说白了 说服力 言扬行举
7876	双龙戏珠 数白论黄
78761	数白论黄
78762	双龙戏珠
7877	计功行赏 粉白墨黑 论功行赏 越描越黑 难以言说
78771	粉白墨黑 越描越黑 蹑手蹑足
78772	难以言说
78773	计功行赏 论功行赏
7878	起诉 笑笑 足足 笔记 误打误撞
78781	起诉 足足 蹑手蹑脚 蹑脚蹑手 鼠腹鸡肠
78782	笑笑 笔记
78783	误打误撞 试探试探
7879	谁又 边走 第三第四 加拉加斯 调三惑四
78792	第三第四 难以忍受
78793	谁又 边走 加拉加斯 调三惑四 发扬蹈厉
788	发脾气 双胞胎
7881	难看 发脾气 东拼西凑 发聋振聩
78812	难看 东拼西凑
78813	发脾气 发聋振聩
7882	掌握 评功摆好
78823	掌握 评功摆好
7883	掌控 固执己见 各执己见 鼷腹鹪枝 各抒己见
78831	鼷腹鹪枝 坚持己见
78832	固执己见
78833	掌控 各执己见 各抒己见 各项指标 各持己见
7884	迷失 各向异性 鸡毛掸子
78841	迷失
78842	鸡毛掸子
78843	各向异性
7885	难以 足以 笑脸 双胞胎 幡然改途
78851	足以
78852	难以 笑脸 双胞胎 幡然改途 东扶西倒
78853	出山泉水 发隐擿伏 计功补过 加膝坠渊 力拔山河
7886	谁的 言近旨远 斐然向风 谨毛失貌
78862	斐然向风
78863	谁的 言近旨远 谨毛失貌
7887	第三 起手 起初 长白山 笑盈盈
78871	起手 起初 长白山 临阵脱逃
78872	第三 笑盈盈
7888	东拉西扯 难以捉摸 难以抗拒 东隅已逝 东摇西摆
78882	东拉西扯 难以捉摸 难以抗拒 东隅已逝 东摇西摆
7889	戒指项链 蹈袭覆辙 难以改变 黯然失色 难以接受
78891	戒指项链 蹈袭覆辙 黯然失色 趁热打铁
78892	难以改变 难以接受
789	第三章 数据库
7891	难受 话的意思 难以解决 说文解字
78912	难受 难以解决
78913	话的意思 说文解字
7892	黯然销魂
78921	黯然销魂
7893	起床 边上 起点 此后 第三种
78931	起床 起点 临阵磨枪
78932	第三种 难以磨灭
78933	边上 此后
7894	笑意 试用期 墨西哥城 幡然醒悟
78941	墨西哥城
78942	笑意 幡然醒悟
78943	试用期
7895	难度 难以置信 跨山压海 因势乘便
78951	跨山压海
78952	难度 难以置信 因势乘便
7896	紫色 第三章 国际金融
78962	第三章 国际金融
78963	紫色
7897	起身 第四 起到 答疑解惑 衡阳雁断
78971	起身 起到 衡阳雁断
78972	第四 答疑解惑 欢欣雀跃 难乎其难
7898	长三角 肾阳虚衰 因势利导 越陌度阡
78981	长三角 肾阳虚衰 越陌度阡
78982	因势利导
7899	笼罩 些小 数据库 墨西哥 第三季度
78991	数据库 墨西哥 紧随其后
78992	笼罩 第三季度 第比利斯
78993	些小
7911	发上冲冠
79113	发上冲冠
7912	紧急制动 笨鸟先飞
79121	紧急制动
79122	笨鸟先飞
7914	迷离徜恍 断章取义 紧锣密鼓
79141	迷离徜恍 断章取义 紧锣密鼓
7915	迷离徜仿 瓦解冰泮 瓦解冰消
79151	迷离徜仿
79152	瓦解冰泮 瓦解冰消
7916	行者 走得
79161	行者 走得
7917	各种资讯
79173	各种资讯
7918	走进 让它 计较得失 调和鼎鼐
79181	走进
79183	让它 计较得失 调和鼎鼐
7919	瓦解冰销 刀锯鼎镬
79191	刀锯鼎镬
79192	瓦解冰销
792	黑色素
7921	趋利避害 紧皱眉头
79211	趋利避害 紧皱眉头
7922	又不 临危不乱 坚贞不屈
79221	临危不乱 坚贞不屈
79222	又不
7923	让她 又问 又如 难度适中 墨迹未干
79231	墨迹未干
79232	又问 又如 难度适中
79233	让她
7924	走来 黑色素 临危不惧 戏彩娱亲
79241	走来 黑色素 临危不惧
79242	戏彩娱亲
7925	谏争如流 贤身贵体 话音未落 笑靥如花 出尘不染
79251	贤身贵体
79252	笑靥如花
79253	谏争如流 话音未落 出尘不染
7926	糠豆不赡 囤积居奇 七返还丹
79261	糠豆不赡
79262	囤积居奇 七返还丹
7927	行动 党委书记
79271	行动
79273	党委书记
7928	东北
79282	东北
7929	行业 发射装置 出其不意
79291	行业
79293	发射装置 出其不意
793	邓小平 管辖权
7931	又想 国尔忘家 国色天姿
79312	又想 国尔忘家 国色天姿
7932	七彩祥云 精金百炼
79321	精金百炼
79322	七彩祥云
7933	行事 迷恋骸骨 了解一下 堂上一呼 非意相干
79331	行事 迷恋骸骨
79332	了解一下 非意相干
79333	堂上一呼
7934	又一 行李 邓小平 距市中心 谦躬下士
79341	行李 距市中心 肆意妄为
79342	又一 邓小平
79343	谦躬下士
7935	走开 紧急事件 出轨事件 断轴事件
79351	走开 紧急事件 断轴事件
79353	出轨事件
7936	走吧
79361	走吧
7937	行政 管辖权 诗歌形式 围魏救赵 话到嘴边
79371	行政
79372	管辖权 围魏救赵
79373	诗歌形式 话到嘴边
7939	跪下 走下 箪豆见色 国色天香 笔锋一转
79391	跪下 走下
79392	箪豆见色 国色天香 笔锋一转
79393	话锋一转
7941	走着 谨小慎微 计上心头
79411	走着
79413	谨小慎微 计上心头
7942	计上心来 力透纸背 出离愤怒 东床快婿
79422	东床快婿
79423	计上心来 力透纸背 出离愤怒
7943	赵钱孙李 七上八下 精彩纷呈
79431	赵钱孙李 精彩纷呈
79432	七上八下
7944	辈子 设身处地 驾轻就熟 迷离恍惚 迷离惝恍
79441	迷离恍惚 迷离惝恍
79442	辈子
79443	设身处地 驾轻就熟
7945	走去 精彩绝伦 精卫填海 七上八落 断雁孤鸿
79451	走去 精彩绝伦 精卫填海 断雁孤鸿
79452	七上八落
7946	谢庭兰玉 赏罚分明 精金良玉
79461	精金良玉
79463	谢庭兰玉 赏罚分明
7947	行为 难受死了 讨厌死了
79471	行为
79472	难受死了
79473	讨厌死了
7948	瓦解土崩 七弯八拐 东床坦腹
79482	瓦解土崩 七弯八拐 东床坦腹
7949	数罪并罚 刀锯斧钺 超轶绝尘
79491	数罪并罚 刀锯斧钺 超轶绝尘
795	常委会
7951	发秃齿豁
79513	发秃齿豁
7952	又会 常委会
79522	又会
79523	常委会
7953	让他 行使 东方 紧急施救 各色名样
79531	行使 紧急施救
79532	东方
79533	让他 各色名样
7954	因爱生恨 肆意而为 诡变多端 七贞九烈
79541	肆意而为
79542	因爱生恨 七贞九烈
79543	诡变多端
7955	切身体会 恩甚怨生 观音菩萨 趁虚而入 超度众生
79551	趁虚而入 超度众生
79552	切身体会 恩甚怨生 观音菩萨 悲愁垂涕
79553	谬种流传 诡秘莫测 力小任重
7956	箫韶九成
79562	箫韶九成
7957	让人 行人 语音信箱 各色人等 诸色人等
79571	行人
79573	让人 语音信箱 各色人等 诸色人等
7958	走过 又能 圆玄学院
79581	走过
79582	又能 圆玄学院
7959	让你 说到做到 默转潜移 该当何罪
79591	默转潜移
79593	让你 说到做到 该当何罪
796	行程码
7961	此种现象
79613	此种现象
7963	行驶 各种琐事 粉身碎骨 粉身灰骨
79631	行驶 粉身碎骨 粉身灰骨
79633	各种琐事
7964	走在 又在 跪在 长上影线
79641	走在 跪在 长上影线
79642	又在
7965	第四十九 话音刚落 话音才落 了身达命 瓦解星散
79652	第四十九 了身达命 瓦解星散
79653	话音刚落 话音才落
7966	行程码 行色怱怱 行色匆匆 掌上明珠
79661	行程码 行色怱怱 行色匆匆
79663	掌上明珠
7967	走远 临床医师 踔厉奋发 踔厉风发 蹈厉奋发
79671	走远 临床医师 踔厉奋发 踔厉风发 蹈厉奋发
7968	又是 又有 第四医院 黑色大衣
79681	黑色大衣
79682	又是 又有 第四医院
797	许可证
7971	言语 双卡双待 长夜之饮
79711	长夜之饮
79712	双卡双待
79713	言语
7972	越小越好 师哥师姐 越久越好 越少越好 行车记录
79721	越小越好 师哥师姐 越久越好 越少越好 行车记录
79722	叠床架屋
79723	谈玄说妙
7973	诱惑 许可证 各色各样 各种各样 精彩之极
79731	精彩之极
79733	诱惑 许可证 各色各样 各种各样
7974	又说 行针步线 蹈厉之志 谦虚谨慎 又爱又恨
79741	行针步线 蹈厉之志 衡虑困心
79742	又说 又爱又恨 难解难分
79743	谦虚谨慎
7975	走了 行了 加少许水 越战越勇 或轻或重
79751	走了 行了 越战越勇 或轻或重
79753	加少许水
7976	走出 又香又辣 又酸又辣 长夜难明
79761	走出 长夜难明
79762	又香又辣 又酸又辣
7977	走路 试乘试驾 长久之计 精锐之师 欢歌笑语
79771	走路 长久之计 精锐之师
79772	欢歌笑语 难解之谜 难上加难
79773	试乘试驾
7978	又香又脆 又酥又脆
79782	又香又脆 又酥又脆
7979	谢谢 行走 走走 又酥又香
79791	行走 走走
79792	又酥又香
79793	谢谢
798	又可以 肾上腺
7981	发上指冠
79813	发上指冠
7982	又要 鸡蛋 试射导弹 各种指责 长期以来
79821	长期以来 肾上腺素 行香挂牌
79822	又要 鸡蛋
79823	试射导弹 各种指责 力钧势敌
7983	圣卢西亚 糖醋排骨
79831	糖醋排骨
79832	圣卢西亚
7984	加速折旧 监督执纪 筛锣擂鼓 迷离扑朔 断章摘句
79841	监督执纪 迷离扑朔 断章摘句
79842	筛锣擂鼓
79843	加速折旧
7985	诡异 趋势 又可以 东躲西藏 临危授命
79851	趋势 临危授命 超尘拔俗
79852	又可以 东躲西藏 鸡争鹅斗
79853	诡异
7986	走向 又把 因小失大 七彩阳光 论甘忌辛
79861	走向
79862	又把 因小失大 七彩阳光
79863	论甘忌辛
7987	又被 发科打诨 戒急用忍
79871	戒急用忍
79872	又被
79873	发科打诨
7988	让我 走近 肾上腺 监督指导 围点打援
79881	走近 肾上腺 监督指导 足音跫然
79882	围点打援
79883	让我 诛锄异己 调和阴阳 力可拔山
7989	东西 蹈其覆辙
79891	蹈其覆辙
79892	东西
799	谈恋爱 出租车
7991	谈恋爱 语音转写
79913	谈恋爱 语音转写
7992	出租车 说到底
79923	出租车 说到底
7993	走上 长歌当哭 谄上欺下
79931	走上 长歌当哭
79933	谄上欺下
7994	走廊 黑压压 迷金醉纸 因私废公 谬采虚声
79941	走廊 黑压压 迷金醉纸 舄乌虎帝
79942	因私废公
79943	谬采虚声
7995	力争上游 切身利益 临危受命 因利乘便 谬采虚誉
79951	临危受命 临危致命
79952	切身利益 因利乘便
79953	力争上游 谬采虚誉
7997	走到 各种原因 出庭应诉 精采秀发
79971	走到 精采秀发
79973	各种原因 出庭应诉
7998	紧身上衣 各种质疑 调虎离山 对床夜雨
79981	紧身上衣
79982	对床夜雨
79983	各种质疑 调虎离山
7999	第四季度 出尔反尔 谈虎色变 步其后尘 长虑顾后
79991	长虑顾后
79992	第四季度
79993	出尔反尔 谈虎色变 步其后尘 词钝意虚
811	投资者 气冲冲
8111	三牲五鼎
81111	三牲五鼎
8112	逝者家属 攘往熙来
81122	逝者家属 攘往熙来
8113	气冲冲 导德齐礼 三老五更
81131	三老五更
81133	气冲冲 导德齐礼
8114	文字 看待 三鲜饺子
81141	三鲜饺子
81142	看待
81143	文字
8115	以逸待劳 气冲牛斗 折冲御侮
81152	折冲御侮
81153	以逸待劳 气冲牛斗
8116	项目 看得 气得 看头 投资者
81162	项目 看得 看头 投资者
81163	气得
8117	拔得头筹
81172	拔得头筹
8118	哀告宾服
81181	哀告宾服
8119	掩耳盗铃
81192	掩耳盗铃
8121	挽留 以眼还眼 焦头烂额 兵微将寡
81211	兵微将寡
81212	挽留 焦头烂额
81213	以眼还眼
8122	文书 看书 抑制炎症 三头六臂
81221	三头六臂
81222	看书 抑制炎症
81223	文书
8123	控制面板 抱头痛哭 抱头乱串 霞思云想
81231	霞思云想
81232	控制面板 抱头痛哭 抱头乱串
8124	看来 白头如新 摸头不着
81242	看来 白头如新 摸头不着
8125	掩饰不住 抑制不住 控制不住 哀思如潮
81251	哀思如潮
81252	掩饰不住 抑制不住 控制不住
8126	指定交易 招待不周 西安交大 衣食不周 三五好友
81261	衣食不周 三五好友
81262	指定交易 招待不周
81263	西安交大
8128	看那 掘井及泉 打得火热 三宫六院
81281	三宫六院
81282	看那 掘井及泉 打得火热
8129	白饭青刍 逝者如斯
81292	白饭青刍 逝者如斯
813	看得见
8131	投资机遇 括目相待 把饭叫饥 白头相守
81312	投资机遇 括目相待 把饭叫饥 白头相守
8132	气味 以赛亚书 气定神闲
81323	气味 以赛亚书 气定神闲
8133	霞思天想 衣冠楚楚 看家本事
81331	霞思天想 衣冠楚楚
81332	看家本事
8134	拍案叫绝 挂冠求去
81342	拍案叫绝 挂冠求去
8135	看见 院里 看得见 被盗事件 三宅一生
81351	院里 被盗事件 三宅一生 防微杜渐
81352	看见 看得见 看家本领 折冲樽俎
81353	气象万千
8136	功德无量 投井下石
81362	功德无量 投井下石
8137	指定邮箱 掘室求鼠 异军突起 抢先一步
81372	指定邮箱 掘室求鼠 抢先一步
81373	异军突起
8138	防微杜衅 白眼相看
81381	防微杜衅
81382	白眼相看
8139	看下 描写画角 描头画角
81392	看下 描写画角 描头画角
814	用得着
8141	看着 捂着 用得着
81411	用得着
81412	看着 捂着
8142	覆盖 掐头去尾
81422	掐头去尾
81423	覆盖
8143	初具规模 报冰公事
81431	初具规模
81432	报冰公事
8144	院子 抽象主义 以进为退
81441	院子
81442	抽象主义
81443	以进为退
8145	看去 衣食父母 折冲尊俎 打家劫舍 气得志满
81451	衣食父母
81452	看去 折冲尊俎 打家劫舍
81453	气得志满
8146	阿毗地狱 巧取豪夺 拍案惊奇
81461	阿毗地狱
81462	巧取豪夺 拍案惊奇
8147	三灾八难
81471	三灾八难
8148	探头缩脑 披头盖脑 陶冶情操 震耳欲聋 搂头盖脸
81481	陶冶情操 震耳欲聋
81482	探头缩脑 披头盖脑 搂头盖脸
8149	三五分钟
81491	三五分钟
815	被害人 掉眼泪
8151	文件 文学 掉眼泪 忌食生冷 嵬眼澒耳
81511	随遇而安
81512	掉眼泪 白头偕老 拭目而待 掷果潘安
81513	文件 文学 忌食生冷 嵬眼澒耳 嵬目鸿耳
8152	看清 文艺 炙冰使燥 抛家舍业 附耳过来
81521	附耳过来
81522	看清 抛家舍业
81523	文艺 炙冰使燥 改往修来
8153	看他 看重 阿富汗 手眼通天 招灾惹祸
81531	阿富汗
81532	看他 看重 手眼通天 招灾惹祸 拉家带口
8154	看法 捂住 衣冠禽兽 白鱼入舟 挹彼注兹
81541	衣冠禽兽
81542	看法 捂住 白鱼入舟 挹彼注兹 打富济贫
8155	三教九流
81551	三教九流
8156	三井住友
81561	三井住友
8157	被害人 投资人 衣食住行 披头散发 三思而行
81571	被害人 衣食住行 三思而行 附耳低言
81572	投资人 披头散发 拍案而起
81573	文字游戏
8158	文化 看过 看似 抑制作用
81582	看过 看似 抑制作用
81583	文化
8159	隐鳞藏彩 岗头泽底
81591	隐鳞藏彩
81593	岗头泽底
816	这都是 看守所
8161	探索 肥头大耳 搔头弄姿
81612	探索 搔头弄姿
81613	肥头大耳
8162	腌制时间 指定时间 肥头大面 三头两面 三五成群
81621	三头两面 三五成群
81622	指定时间
81623	腌制时间 肥头大面
8163	找准时机 抱头大哭
81632	找准时机 抱头大哭
8164	气息 打家截道 露宿风餐 三头两绪
81641	露宿风餐 三头两绪
81642	打家截道
81643	气息
8165	险象环生 打家截舍 峨冠博带
81651	险象环生
81652	打家截舍
81653	峨冠博带
8166	忌食辛辣 指定账户 投资理财 攻守同盟 改容易貌
81662	指定账户 投资理财 攻守同盟
81663	忌食辛辣 改容易貌 肥鱼大肉
8167	按照
81672	按照
8168	文明 这都是 看守所 三五知己 指定医院
81681	三五知己
81682	看守所 指定医院 招待所的 撞头磕脑 挺容易的
81683	文明 这都是
8169	三室两厅 投畀豺虎 初写黄庭
81691	三室两厅 初写黄庭
81692	投畀豺虎
817	看得出 看得起
8171	折冲之臣 阴凝坚冰 西食东眠 三头对案
81711	阴凝坚冰 三头对案
81712	折冲之臣
81713	西食东眠
8172	院长 看得出来 集聚发展 搏牛之虻 白往黑来
81721	院长
81722	看得出来 集聚发展 搏牛之虻 白往黑来
81723	以往鉴来
8173	捧头鼠窜 掉头鼠窜 抱头鼠窜
81732	捧头鼠窜 掉头鼠窜 抱头鼠窜
8174	改进之处 挂冠归去 比物此志
81742	挂冠归去
81743	改进之处 比物此志
8175	看了 扛鼎之作 批鳞请剑 功德圆满
81752	看了 扛鼎之作 批鳞请剑 功德圆满
8176	看出 看得出 升官发财
81761	升官发财
81762	看出 看得出
8177	胆寒发竖
81773	胆寒发竖
8178	看得起
81782	看得起
8179	服田力穑
81793	服田力穑
8181	看看 扛鼎抃牛 折鼎覆餗 拭目以待 以德报德
81812	看看 扛鼎抃牛 折鼎覆餗 拭目以待 搔头摸耳
81813	以德报德 肥头胖耳
8182	以冠补履 拽象拖犀 改头换面 抛头露面 阿塞拜疆
81821	阿塞拜疆
81822	拽象拖犀 抛头露面 摇头摆尾
81823	以冠补履 改头换面 改头换尾
8183	崇拜
81833	崇拜
8184	气氛 扶老携幼 气得要死 阿家阿翁 热得要死
81841	阿家阿翁
81842	扶老携幼 热得要死
81843	气氛 气得要死
8185	气势 失物招领 文思泉涌 报告文学 以德报怨
81851	失物招领
81852	报告文学
81853	气势 文思泉涌 以德报怨 气冲霄汉 以德服人
8186	看向 气决泉达 岁寒三友 挨家挨户
81862	看向 挨家挨户
81863	气决泉达 岁寒三友
8187	挥手
81872	挥手
8188	看我 看这 雷霆 指定打击 扒耳搔腮
81881	雷霆 三聚氰胺
81882	看我 看这 指定打击 扒耳搔腮 抬头挺胸
8189	霞姿月韵 掩目捕雀
81891	霞姿月韵
81892	掩目捕雀
819	比得上 看得到
8191	白头到老 据实禀告 丢官罢职 挨冻受饿
81911	丢官罢职
81912	白头到老 据实禀告 挨冻受饿
8192	脾胃虚弱 以冰致蝇
81923	脾胃虚弱 以冰致蝇
8193	看上 比得上 初审意见
81931	初审意见
81932	看上
81933	比得上
8194	这家店子 毛头小子 用进废退
81941	用进废退
81943	这家店子 毛头小子
8195	集思广益 探赜钩深
81952	集思广益 探赜钩深
8196	文章 气质 衣冠枭獍 气宇轩昂 防微虑远
81961	衣冠枭獍 防微虑远
81963	文章 气质 气宇轩昂
8197	看到 看得到 折冲厌难 投资银行
81972	看到 看得到 折冲厌难 投资银行
8198	看透 拔宅上升 挖耳当招
81982	看透 拔宅上升 挖耳当招
8199	投资意愿
81992	投资意愿
821	指不定
8211	扎实 被炒鱿鱼 攘来熙往 岂敢造次
82111	被炒鱿鱼
82112	扎实 攘来熙往
82113	岂敢造次
8212	抵御 以强凌弱 势如累卵 白屋寒门
82122	抵御 势如累卵 白屋寒门
82123	以强凌弱
8213	打造
82132	打造
8214	打字 白眼 革故鼎新 兵贵先声 手疾眼快
82141	革故鼎新 兵贵先声
82142	打字 白眼 手疾眼快
8215	拉丁字母
82152	拉丁字母
8216	扭头 阴云密布 白璧微瑕 挺不容易 费尽思量
82161	阴云密布 费尽思量
82162	扭头 白璧微瑕 挺不容易
8217	抑制 拭面容言
82172	抑制 拭面容言
8218	指不定 迫不得已 肤如凝脂 近火先焦
82181	近火先焦
82182	指不定 迫不得已
82183	肤如凝脂
8219	初来乍到 以辞害意 衣不完采
82191	初来乍到 衣不完采
82193	以辞害意
822	搞不好
8221	防毒面具 迫不及待 气壮如牛
82211	防毒面具
82212	迫不及待
82213	气壮如牛
8222	招蜂引蝶 龙蛇飞动 白璧青蝇
82221	龙蛇飞动
82222	招蜂引蝶 白璧青蝇
8223	要强
82233	要强
8224	要素 要好 要来 搞不好 疏不间亲
82241	疏不间亲 衣不如新
82242	搞不好 摸门不着
82243	要素 要好 要来
8225	补阙灯檠 推燥居湿 震古烁今 阴魂不散 技不如人
82251	补阙灯檠 震古烁今 阴魂不散 三姑六婆
82252	推燥居湿 技不如人 白面书生
82253	腾焰飞芒
8226	初始状态
82261	初始状态
8227	向来如此 拒不承认 巧舌如簧 三媒六证 腊尽春回
82271	向来如此 三媒六证
82272	拒不承认 巧舌如簧
82273	腊尽春回
8228	兵来将挡 打不还手 防不及防
82281	兵来将挡 防不及防
82282	打不还手
8229	白云 措辞不当 掉臂不顾
82292	白云 措辞不当 掉臂不顾
823	看不见 打火机
8231	要想 摇尾求食
82312	摇尾求食
82313	要想
8232	改弦更张 失不再来 气焰嚣张 费尽口舌 挂印悬牌
82321	失不再来 费尽口舌 兵不由将 附赘悬疣
82322	挂印悬牌
82323	改弦更张 气焰嚣张 以火救火
8233	振臂一呼 拨乱视听 奥妙无穷 项背相望 扰乱视听
82331	奥妙无穷
82332	振臂一呼 拨乱视听 项背相望 扰乱视听 攘臂一呼
8234	技术 拥书百城 摇尾乞怜 看不下去 搅屎棍子
82341	隐居求志
82342	技术 拥书百城 摇尾乞怜 看不下去 搅屎棍子
8235	要求 打开 看不见 拯救 失业救济
82351	失业救济 被蛇咬伤
82352	打开 看不见 拯救
82353	要求 山肴野蔌 以屈求伸 改姓更名
8236	白天 打火机 执业助理 白璧无瑕 拨云见日
82362	白天 打火机 执业助理 白璧无瑕 拨云见日
8237	隔壁听话 向火乞儿
82371	隔壁听话 向火乞儿
8238	打听 毛将焉附 扬眉吐气 拉不下脸 抹不下脸
82382	打听 扬眉吐气 拉不下脸 抹不下脸
82383	毛将焉附
8239	兵贵神速 揭不开锅 脱不开身
82391	兵贵神速
82392	揭不开锅
82393	脱不开身
824	用不着 打交道
8241	握着 捧着 打着 用不着 拆牌道字
82411	用不着 费尽心思
82412	握着 捧着 打着 拆牌道字 白眉赤眼
82413	文君新寡
8242	找不着北 以杀去杀 捐弃前嫌 白云孤飞
82422	找不着北 捐弃前嫌 白云孤飞
82423	以杀去杀
8243	打不着野 掉舌鼓唇 毕业典礼 费尽心机 用尽心机
82431	费尽心机 用尽心机
82432	打不着野 掉舌鼓唇 振臂高呼
82433	毕业典礼
8244	裙子 革面悛心 哀痛欲绝 以丑为美 革故立新
82441	裙子 革面悛心 哀痛欲绝 革故立新 降贵纡尊
82443	以丑为美
8245	要去 要给 看不惯 看不懂 搞不懂
82451	隐姓埋名 零丁孤苦
82452	看不惯 看不懂 搞不懂 拉丁美洲 拉帮结伙
82453	要去 要给
8246	匕首 打交道 这不就是 气充志骄 胆壮心雄
82461	朱门绣户
82462	打交道
82463	匕首 这不就是 气充志骄 胆壮心雄 岂不美哉
8247	要为 找不着了
82472	找不着了
82473	要为
8248	血红 打死 要死
82481	血红
82482	打死
82483	要死
8249	执业地点 文君新醮 陶熔鼓铸
82491	陶熔鼓铸
82492	执业地点
82493	文君新醮
825	看不清 毕业生
8251	白丁俗客 气克斗牛
82512	白丁俗客
82513	气克斗牛
8252	要做 看不清 奥运会 拉闲散闷 势如水火
82521	奥运会
82522	看不清 拉闲散闷 势如水火 扑面而来 招蜂惹蝶
82523	要做
8253	搞不清楚 鞭辟入里 白云蓝天 气焰熏天 势焰熏天
82531	鞭辟入里
82532	搞不清楚 白云蓝天 势焰熏天 把臂入林
82533	气焰熏天
8254	握住 打个 打动人心 革面洗心
82541	革面洗心
82542	握住 打个 打动人心
8255	雪花 三好学生 披古通今 持蠡测海 龙蛇混杂
82551	雪花 三好学生 龙蛇混杂 衣不蔽体
82552	披古通今 持蠡测海 掩面而泣 打闷葫芦
82553	山顶洞人 以蠡测海
8256	白云苍狗 白虹贯日 挨门逐户
82562	白云苍狗 白虹贯日 挨门逐户
8257	毕业生 执业药师 三六九等 掎挈伺诈 用尽全力
82571	三六九等 用尽全力
82572	执业药师 掎挈伺诈 拼尽全力 扪虱而言 扪虱而谈
82573	毕业生
8258	技能 打过 扫过 工业化 衣来伸手
82581	衣来伸手 袂云汗雨 革面敛手 失魂落魄
82582	技能 打过 扫过 工业化 攒眉苦脸
82583	气壮河山
8259	要你 血液 摘艳薰香 雷克萨斯 降妖伏魔
82591	血液 雷克萨斯 降妖伏魔
82592	摘艳薰香 摘艳熏香
82593	要你
826	岂不是 要不是
8261	抢尽风头 看不顺眼 挤眉弄眼 攒眉蹙额 龙蟠凤逸
82611	龙蟠凤逸
82612	抢尽风头 看不顺眼 挤眉弄眼 攒眉蹙额
8262	工业区 撩蜂剔蝎 兵强马壮 改弦易张
82621	兵强马壮
82622	工业区 撩蜂剔蝎
82623	改弦易张
8263	打量 阿司匹林 龙飞凤舞 热火朝天
82631	阿司匹林 龙飞凤舞
82632	打量 热火朝天
8264	要在 打败 随书赠送 势不两立 誓不两立
82641	随书赠送
82642	打败 势不两立 誓不两立 看不太懂 扫眉才子
82643	要在
8265	血肉 初春时节 阳痿早泄 工业大学 我不犯人
82651	血肉 初春时节 阳痿早泄 我不犯人
82652	工业大学 看不太清
82653	改姓易代
8266	白居易 皎如日星 气壮理直
82662	白居易 皎如日星
82663	气壮理直
8267	打破 执业医师 势如破竹 改张易调 雷动风行
82671	雷动风行 三尸暴跳
82672	打破 执业医师 势如破竹
82673	改张易调 改弦易调
8268	要是 要有 抵达 岂不是 要不是
82681	三局两胜 费尽周折 阳春有脚 裹尸马革
82682	抵达 执业风险 看不明白
82683	要是 要有 岂不是 要不是 脚痛医脚
8269	腥闻在上 改弦易辙 握蛇骑虎
82692	握蛇骑虎
82693	腥闻在上 改弦易辙
827	比如说 看不起
8271	打算 血管 打不出字 抬不起头 已属难得
82711	血管
82712	打算 打不出字 抬不起头 打不了字
82713	已属难得
8272	打断 执业证书 打不起来 打不出来 看不出来
82722	打断 执业证书 打不起来 打不出来 看不出来
8273	要回 打架 打熬筋骨
82732	打架 打熬筋骨
82733	要回
8274	据说 比如说 蛋糕 费尽了心
82741	蛋糕 费尽了心
82742	据说
82743	比如说
8275	打了 要对 巧克力 拔群出萃 以古非今
82752	打了 巧克力 拔群出萃
82753	要对 以古非今
8276	打出 被动语态 腾蛟起凤 文不对题 扑杀此獠
82761	被动语态
82762	打出 扑杀此獠
82763	腾蛟起凤 文不对题
8277	白发 要紧 崤函之固 毕业设计 袭故蹈常
82771	袭故蹈常 三蛇七鼠
82772	白发 插翅难逃
82773	要紧 崤函之固 毕业设计
8278	扬起 看不起 初始数据 腹背之毛 毕业论文
82781	初始数据 三魂七魄
82782	扬起 看不起
82783	腹背之毛 毕业论文 腾云驾雾
8279	要走 要让 文不加点 以壮行色
82793	要走 要让 文不加点 以壮行色
828	要不要 要不然
8281	要看 以蚓投鱼 拔犀擢象 拔来报往 热熬翻饼
82812	拔犀擢象 拔来报往 热熬翻饼
82813	要看 以蚓投鱼
8282	要不要 蛋白 雪白 白白 西装革履
82821	蛋白 雪白 补阙拾遗
82822	白白 把屎把尿 热闹热闹 拾遗补阙 指不胜屈
82823	要不要 西装革履 以毒攻毒 以弱胜强 岂敢岂敢
8283	技巧 除奸革弊 批砉导窾 拔丁抽楔 隔壁撺椽
82831	除奸革弊 隔壁撺椽 隔屋撺椽 鞭辟近里 堕云雾中
82832	技巧 批砉导窾 拔丁抽楔 攻疾防患 抵背扼喉
82833	脏不拉叽 岁不我与
8284	打扮 血脉 白衣 打工 革面革心
82841	血脉 革面革心 袒臂挥拳 番来覆去 阿姑阿翁
82842	打扮 白衣 打工 手不释卷 换来换去
82843	改来改去
8285	要么 要脸 这支队伍 工业革命 阿弥陀佛
82851	阿弥陀佛
82852	工业革命 功不抵过
82853	要么 要脸 这支队伍 气壮山河
8286	要把 打击 打扰 打的 血腥
82861	血腥 失张失智
82862	打击 打扰 打的 白璧三献 工业文明
82863	要把 要不然 以卵击石 胸闷气短 以卵投石
8287	要找 抵押 峨眉山 服装鞋帽 胆壮气粗
82871	兵不血刃
82872	抵押
82873	要找 峨眉山 服装鞋帽 胆壮气粗 气壮胆粗
8288	要我 翻云覆雨 初始阶段 需不需要 摧眉折腰
82881	翻云覆雨 初始阶段 需不需要 乔装打扮 防不胜防
82882	摧眉折腰 把素持斋 拨云撩雨
82883	要我
8289	要用 抵抗 抵挡 降妖除魔 拽耙扶犁
82891	降妖除魔
82892	抵抗 抵挡 拽耙扶犁
82893	要用
829	找不到 看不到
8291	扭曲 向壁虚造 迫不可待
82911	向壁虚造
82912	扭曲 迫不可待
8292	血迹 焦急 阿娇金屋 腹背受敌 找不到北
82921	血迹 阿娇金屋
82922	焦急 找不到北
82923	腹背受敌
8293	比不上 毕业后 看不上 裙屐少年 拨乱反正
82931	裙屐少年 向壁虚构
82932	看不上 拨乱反正
82933	比不上 毕业后
8294	焦虑 脍不厌细 奥古斯塔 用不习惯 脚不点地
82941	奥古斯塔 用不习惯
82942	焦虑 扶不上墙
82943	脍不厌细 脚不点地 比屋可封 岂不可惜
8295	摄氏度 衣不解带 功不可没 投闲置散 誓不罢休
82951	衣不解带
82952	摄氏度 功不可没 投闲置散 誓不罢休
82953	文如其人
8296	白色 执业质量 革奸铲暴 看杀卫玠 鞍不离马
82961	革奸铲暴 鞍不离马
82962	白色 执业质量 看杀卫玠
8297	找不到 看不到 授业解惑 兵不厌诈 龙蟠虎踞
82971	兵不厌诈 龙蟠虎踞
82972	找不到 看不到 授业解惑
8298	巧不可阶 挺不错的 势不可挡
82982	巧不可阶 挺不错的 势不可挡
8299	撤销 挑灯夜战
82992	撤销 挑灯夜战
831	这一次 看一眼
8311	以下食物 气吞宇宙 胸无宿物
83113	以下食物 气吞宇宙 胸无宿物
8312	损害 的一瞬间
83122	损害 的一瞬间
8313	这一次 山中宰相 雪窖冰天
83131	雪窖冰天
83133	这一次 山中宰相
8314	看一眼 西天取经
83142	看一眼
83143	西天取经
8315	用于制作 陈年老酒 择福宜重 气吞牛斗 月下老人
83151	用于制作 陈年老酒
83152	择福宜重 拔本塞源
83153	气吞牛斗 月下老人
8316	三年五载
83161	三年五载
8317	控制 手机资讯 以下资料 恐遭物议 胸中鳞甲
83172	控制 手机资讯 恐遭物议
83173	以下资料 胸中鳞甲 这样都行
8318	投机取巧 抱朴守拙
83182	投机取巧 抱朴守拙
8319	手术室 近视眼镜 隐形眼镜
83191	近视眼镜 隐形眼镜
83192	手术室
832	接下来 近年来
8321	迫于眉睫 气喘如牛 初窥门径 攻无不取
83211	初窥门径
83212	迫于眉睫 攻无不取
83213	气喘如牛
8322	以下症状 气吞虹蜺 改柱张弦 拘神遣将 撼树蚍蜉
83222	拘神遣将 撼树蚍蜉 攻无不克
83223	以下症状 气吞虹蜺 改柱张弦
8323	欣慰 岳麓书社 拔树寻根 以一敌百 这样那样
83231	欣慰 岳麓书社 三年不鸣
83232	拔树寻根 功标青史
83233	以一敌百 这样那样 以一奉百
8324	接下来 近年来 手榴弹 这样不就 撼天动地
83241	近年来 震天动地
83242	接下来 手榴弹 撼天动地 抛妻弃子 手下留情
83243	这样不就
8325	防患未萌 拟于不伦 险遭不测 扞格不入
83251	防患未萌 险遭不测
83252	拟于不伦 扞格不入
8326	技术背景
83262	技术背景
8327	震动 抽烟 手机支架 摊开来说
83271	震动
83272	抽烟 手机支架 摊开来说
8328	技术支撑 技术故障 以一敌三 技术支援 看也不看
83281	防患未然
83282	技术支撑 技术故障 技术支援 看也不看
83283	以一敌三
8329	技术交底 追根问底 追根寻底
83291	追根问底 追根寻底
83292	技术交底
833	这一年 气呼呼
8331	这一事实 以礼相待 文武百官 卑鄙无耻
83312	卑鄙无耻
83313	这一事实 以礼相待 文武百官
8332	这样一来 描神画鬼 扫榻相迎
83322	描神画鬼 扫榻相迎
83323	这样一来
8333	阴森森 技术概述 以正视听 异想天开 气喘吁吁
83331	阴森森
83332	技术概述
83333	以正视听 异想天开 气喘吁吁 以求一逞
8334	集中 这一下子 指示标志 补天柱地 这样下去
83341	补天柱地 哀天叫地
83342	集中 指示标志 指天画地
83343	这一下子 这样下去 毛森骨立 山野村夫 岁末年关
8335	随机事件 坠机事件 坠楼事件 扣楫中流 血口喷人
83351	随机事件 坠机事件 坠楼事件 血口喷人 追本穷源
83352	扣楫中流 探本穷源 击楫中流
8336	这也正是 被逼无奈 迫于无奈 覆亡无日
83361	被逼无奈
83362	迫于无奈
83363	这也正是 覆亡无日
8337	初一一回 技术术语 阶下百诺 翻复无常 血本无归
83371	初一一回 阶下百诺 翻复无常 血本无归 随口一说
83372	技术术语
83373	这样也行 胸中无数
8338	这一年 气呼呼 用一只手 迫于形势 险中求胜
83381	用一只手 险中求胜 三呼万岁
83382	迫于形势
83383	这一年 气呼呼 气味相投 岁末年初 疑事无功
8339	追根究底 毛里求斯 扎根串连
83391	追根究底
83392	扎根串连
83393	毛里求斯
834	看样子 三年级
8341	拖着 挖空心思
83412	拖着 挖空心思
8342	膝盖 三年级 手机登录 摇唇鼓舌 除恶务尽
83421	三年级 除恶务尽
83422	手机登录 摇唇鼓舌 搬唇递舌 持禄养交
83423	膝盖 西窗剪烛
8343	欣喜 这档子事 陈年旧事 以民为本
83431	欣喜 陈年旧事
83433	这档子事 以民为本
8344	震惊 看样子 袖子 抚养 袜子
83441	震惊 袖子 袜子 三民主义 霸权主义
83442	看样子 抚养 扑天盖地
83443	这样子 改恶为善
8345	阿平绝倒 初见端倪 悉听尊便
83451	阿平绝倒 初见端倪 悉听尊便
8346	揽权纳贿 功一美二 胶柱鼓瑟 以梦为马 陈年旧账
83461	陈年旧账
83462	揽权纳贿 功一美二 招权纳贿
83463	胶柱鼓瑟 以梦为马
8347	工于心计
83472	工于心计
8348	这样子的 毛骨竦然 雪中送炭 毛骨悚然 雪里送炭
83481	雪中送炭 雪里送炭 我武惟扬
83483	这样子的 毛骨竦然 毛骨悚然 山栖谷隐
8349	三更半夜 胸无城府 阴曹地府
83491	三更半夜 阴曹地府
83493	胸无城府
835	这一刻 这样做
8351	操作 异想世界 技术演进
83512	操作 技术演进
83513	异想世界
8352	这样做 山穷水尽 改口沓舌 延年益寿 追亡逐北
83521	延年益寿 追亡逐北
83523	这样做 山穷水尽 改口沓舌
8353	集体 损伤 这一件事 的一件事 肝髓流野
83531	向天而唾
83532	集体 损伤 的一件事 挂一漏万 择木而栖
83533	这一件事 肝髓流野 肚里泪下 以一警百
8354	改恶从善 月下花前 擂天倒地 翻天作地
83541	翻天作地
83542	擂天倒地
83543	改恶从善 月下花前
8355	衰落 飘落 追根溯源 初一学生 飘樊落溷
83551	衰落 追根溯源 初一学生 追本溯源
83552	执柯作伐 卑鄙龌龊 推本溯源 掩口葫芦
83553	飘落 飘樊落溷 胯下蒲伏 气吞湖海
8356	披裘带索 以武会友 文武全才 补天浴日 三年化碧
83561	补天浴日 三年化碧
83562	披裘带索
83563	以武会友 文武全才
8357	陌生 这一刻 白开水 拜神仪式 探口而出
83571	陌生 番窠倒臼
83572	白开水 拜神仪式 探口而出
83573	这一刻 腾空而起 脱口而出
8358	毛骨耸然 以示清白 投机倒把
83582	投机倒把
83583	毛骨耸然 以示清白
8359	技术依赖 手无寸铁 脸无人色
83592	技术依赖 手无寸铁
83593	脸无人色
8361	扼吭夺食 三天两头 山木自寇
83611	三天两头
83612	扼吭夺食
83613	山木自寇
8362	山本耀司 初见成效 手下败将 奥林匹克 拍板成交
83621	初见成效 奥林匹克 雷嗔电怒
83622	手下败将 拍板成交
83623	山本耀司
8363	雨一直下 要啥有啥 揭示真相 三下两下 奥林匹亚
83631	雨一直下 三下两下 奥林匹亚 龙吟凤哕 龙鸣狮吼
83632	揭示真相
83633	要啥有啥 改柯易叶 以一知万
8364	以下区域 掀天斡地 我见犹怜 胸无大志 异口同声
83641	我见犹怜 三更时分
83642	掀天斡地 插标卖首 搭桥牵线
83643	以下区域 胸无大志 异口同声
8365	比下有余 搜根剔齿 我中有你 改柯易节 三平二满
83651	我中有你 三平二满
83652	搜根剔齿
83653	比下有余 改柯易节
8366	阻碍 阿里巴巴 泉下有知 三年两载 朱干玉戚
83661	阻碍 阿里巴巴 三年两载 朱干玉戚
83662	泉下有知
8367	手术医师 胸中有数
83672	手术医师
83673	胸中有数
8369	以下几种 山下智久 疏于照顾 以下几点 以下犯上
83691	疏于照顾
83692	披枷戴锁 攘权夺利
83693	以下几种 山下智久 以下几点 以下犯上 异口同音
837	这一切 这样说
8371	这一切都 裙下之臣 三曹对案
83711	裙下之臣 三曹对案
83713	这一切都
8372	以下因素 这样说来 擦枪走火 附骨之蛆 附骨之疽
83721	附骨之蛆 附骨之疽
83722	擦枪走火
83723	以下因素 这样说来
8373	失望之极 指示精神 挑唇料嘴 隙穴之窥 胯下之辱
83731	失望之极 隙穴之窥 防民之口
83732	指示精神 挑唇料嘴 摽梅之年
83733	胯下之辱
8374	阻止 这样说 这一辈子 用武之地 雷鸣瓦釜
83741	阻止 用武之地 雷鸣瓦釜
83742	势穷力竭
83743	这样说 这一辈子 文武之道 改恶行善
8375	近视加深 拉开帷幕 文武双全 三年之艾
83751	近视加深 三年之艾
83752	拉开帷幕
83753	文武双全
8376	欣赏 集团 抽出 技术试验 这也许是
83761	欣赏 疏于管理 翻空出奇
83762	集团 抽出 技术试验
83763	这也许是 胶柱调瑟
8377	这一切 执政党 集中精力 手舞足蹈 持平之论
83772	执政党 集中精力 手舞足蹈 持平之论
83773	这一切
8378	以下数据 胸中甲兵 兵无常势 指天发誓 拙嘴笨腮
83781	兵无常势
83782	指天发誓 拙嘴笨腮
83783	以下数据 胸中甲兵
8379	向平之原 白天黑夜 以权谋私 向平之愿
83791	向平之原 向平之愿
83792	白天黑夜
83793	以权谋私
838	看一看 这一段
8381	看一看 三严三实 手机打字 手术指征 以下文字
83811	三严三实 三天打鱼
83812	看一看 手机打字 手术指征 击中要害 扫榻以待
83813	以下文字
8382	票据 挖掘 疑神疑鬼 扼喉抚背 捻神捻鬼
83822	挖掘 扼喉抚背 捻神捻鬼 扼吭拊背
83823	票据 疑神疑鬼 凯迪拉克 这样看来
8383	飘飘 这一段 技术援助 近视手术 投桃报李
83831	近视手术 降格以求
83832	技术援助 投桃报李 挠喉捩嗓 拉枯折朽 推杯换盏
83833	飘飘 这一段 月中折桂 以一持万
8384	损失 阻拦 这一阵子 异形系列 翻天覆地
83841	阻拦 翻天覆地 甩开膀子 隐恶扬善
83842	损失 掀天揭地 撼天震地
83843	这一阵子 异形系列 比武招亲 改天换地 改恶向善
8385	抚摸 补救措施 阳极氧化 气吞山河 雾里看花
83851	补救措施 阳极氧化 雾里看花 朱唇皓齿
83852	抚摸 捏一把汗 折槁振落 投梭折齿
83853	气吞山河
8386	震撼 这样的 补助费 挫骨扬灰 指天誓日
83861	震撼 补助费
83862	挫骨扬灰 指天誓日
83863	这样的
8387	拖延 以下这些 这样的话 腹中兵甲
83872	拖延
83873	以下这些 这样的话 腹中兵甲
8388	技术指导 我想要的 乃武乃文 拔树撼山 撇呆打堕
83881	我想要的
83882	技术指导 拔树撼山 撇呆打堕
83883	乃武乃文
8389	阻挡 随叫随到 以下文章 三天三夜 技术工种
83891	阻挡 随叫随到 三天三夜 隔年皇历
83892	技术工种 摧枯折腐 披林撷秀 批吭捣虚
83893	以下文章
839	这一点
8391	指天射鱼
83912	指天射鱼
8392	报本反始
83922	报本反始
8393	这一点 售后 失望至极 拥政爱民 龙吟虎啸
83931	失望至极 龙吟虎啸 夭桃秾李
83932	售后 拥政爱民
83933	这一点
8394	三妻四妾 皇天后土 白里透红 排患解纷 披榛采兰
83941	三妻四妾
83942	皇天后土 白里透红 排患解纷 披榛采兰
8395	技术积淀 披裘负薪
83952	技术积淀 披裘负薪
8396	手机钥匙 以一当十 操赢致奇 郫县豆瓣 用夏变夷
83961	用夏变夷
83962	手机钥匙 操赢致奇 郫县豆瓣
83963	以一当十 改政移风
8397	胸无点墨 三复斯言
83971	三复斯言
83973	胸无点墨
8398	拙口钝腮 提神醒脑 卑礼厚币
83982	拙口钝腮 提神醒脑 卑礼厚币
8399	搦朽磨钝 随机应变
83991	随机应变
83992	搦朽磨钝
841	按规定
8411	擦亮眼睛
84112	擦亮眼睛
8412	抱残守缺
84122	抱残守缺
8413	工资 改造 失眠 失道寡助 打心眼里
84131	失眠 失道寡助
84132	工资 打心眼里 接着往下
84133	改造
8414	工具 接待 攻城略地 三坟五典 脸红耳赤
84141	三坟五典 革旧鼎新
84142	工具 接待 攻城略地
84143	脸红耳赤
8415	衣单食薄 脑子进水
84151	衣单食薄
84153	脑子进水
8416	幽冥 搞得 我为鱼肉 投亲靠友
84161	我为鱼肉
84162	搞得 投亲靠友
84163	幽冥
8417	限制 拘役 以义割恩 三纲五常 按辔徐行
84171	限制 三纲五常 三分鼎足
84172	拘役 按辔徐行
84173	以义割恩
8418	改进 按规定 揆情审势 脸红耳热
84182	按规定 揆情审势
84183	改进 脸红耳热
8419	打死老虎
84192	打死老虎
842	服务业 恐怖片
8421	拘留 招商引资 腾声飞实 向声背实
84211	向声背实
84212	拘留 招商引资
84213	腾声飞实
8422	阴道瘙痒 按堵如故 白首北面 胆裂魂飞
84221	阴道瘙痒
84222	按堵如故 白首北面
84223	胆裂魂飞
8423	脚印 的士司机 失声痛哭 弗吉尼亚 随缘乐助
84231	失声痛哭 弗吉尼亚 随缘乐助 际地蟠天
84232	的士司机
84233	脚印 肥冬瘦年
8424	胆丧魂惊 除旧迎新 抛夫弃子 岂弟君子 陶情适性
84241	除旧迎新 陶情适性
84242	抛夫弃子
84243	胆丧魂惊 岂弟君子
8425	隐性遗传 胆丧魂消 抽丝剥茧 要死不活 提纲挈领
84251	隐性遗传 险死还生 陈善闭邪
84252	抽丝剥茧 提纲挈领 抵死不从
84253	胆丧魂消 要死不活 脂膏不润
8426	这绝不是 以柔克刚 誓死不二
84262	誓死不二
84263	这绝不是 以柔克刚
8427	恐怖片 弗兰克 月经不调 延绵不断 功高不赏
84271	弗兰克 延绵不断 衣绣昼行
84272	恐怖片 功高不赏 执经问难
84273	月经不调
8428	欣喜不已 这部剧的
84281	欣喜不已
84283	这部剧的
8429	工业 服务业 胆子不小 摘句寻章 堕甑不顾
84291	堕甑不顾 我心如秤
84292	工业 摘句寻章
84293	服务业 胆子不小
843	服务员 服务器
8431	文韬武略
84313	文韬武略
8432	西红柿酱 文恬武嬉 白纸一张 恐慌万状 腼颜事敌
84322	白纸一张 恐慌万状
84323	西红柿酱 文恬武嬉 腼颜事敌
8433	服务器 异性相吸 阶前万里 三分天下 功盖天下
84331	阶前万里 三分天下
84332	功盖天下
84333	服务器 异性相吸
8434	扪心无愧 腼颜天壤 腰鼓兄弟 掏心窝子 皓首穷经
84341	除旧更新
84342	扪心无愧 掏心窝子 皓首穷经 白首穷经
84343	腼颜天壤 腰鼓兄弟 异地相逢
8435	拉开 接收邮件 初级中学 抚绥万方 功高望重
84351	初级中学 降心相从
84352	拉开 接收邮件 抚绥万方 功高望重 打情骂俏
84353	腰缠万贯 腼颜事仇
8436	挂机 服务员 随声吠影 白首相知 脱缰野马
84361	随声吠影 三纸无驴
84362	挂机 白首相知
84363	服务员 脱缰野马 腹心相照
8437	拟规画圆 技高一筹 霸道横行 白首空归 打情骂趣
84371	霸道横行
84372	拟规画圆 技高一筹 白首空归 打情骂趣
8438	失望 气义相投 哀声叹气 提心吊胆 拼死一搏
84381	失望 哀声叹气
84382	提心吊胆 拼死一搏
84383	气义相投
8439	脚下 接下 西红柿 衷心祝愿 揽辔中原
84391	衷心祝愿 降志辱身
84392	接下 揽辔中原 捻土焚香 攻城野战 击鼓鸣金
84393	脚下 西红柿
844	系统性 持续性
8441	接着 拉着 陪着 挂着 扶着
84411	陪着
84412	接着 拉着 挂着 扶着
84413	以退为进
8442	系统 工商总局 胜残去杀
84421	系统
84422	工商总局
84423	胜残去杀
8443	工夫 气竭声嘶 以为憾事 抱恨终天
84432	工夫 抱恨终天
84433	气竭声嘶 以为憾事
8444	胖子 改善 肚子 鞋子 忌惮
84441	鞋子 近乡情怯 革旧维新
84442	接收 恐怖组织 恐怖分子 恐怖主义
84443	胖子 改善 肚子 忌惮 已经死去
8445	失去 系统性 持续性 招收新生 龙舟竞渡
84451	失去 系统性 龙舟竞渡 用心良苦
84452	持续性 招收新生 功高盖世
84453	气竭声澌
8446	持续 接纳 以规为瑱 按部就班
84462	持续 接纳 按部就班
84463	以规为瑱
8447	已经 系列 脱贫 扶贫 哀丝豪竹
84471	系列 哀丝豪竹
84472	扶贫 抗颜为师
84473	已经 脱贫
8448	文绉绉的 撕心裂肺 血缘关系 热心快肠 襟怀坦白
84481	血缘关系 襟怀坦白
84482	撕心裂肺 热心快肠 批红判白 摧心剖肝
84483	文绉绉的
8449	已经收到 捻土为香 揽辔登车 攻心为上 三线城市
84491	三线城市 除残去秽
84492	捻土为香 揽辔登车 攻心为上
84493	已经收到 气愤填膺
845	服务生
8451	工作 扮演 掩卷沉思 巧立名目 操矛入室
84512	工作 扮演 掩卷沉思 巧立名目 操矛入室
8452	降低 工艺 工会 抱给他娘 撮盐入火
84521	降低
84522	工艺 工会 抱给他娘 撮盐入火
8453	革命 拼命 热心苦口 择主而事 粟红贯朽
84531	革命
84532	拼命 热心苦口 择主而事 拔地倚天 操斧伐柯
84533	粟红贯朽
8454	陪伴 拉住 拦住 随乡入乡 肝心涂地
84541	陪伴 随乡入乡 震慑人心 革旧从新
84542	拉住 拦住 提高警惕 挥毫落纸 皓首苍颜
84543	肝心涂地 以心传心 肝心若裂
8455	失落 提纲举领 襟怀洒落 腼颜人世 向死而生
84551	失落 襟怀洒落 向死而生
84552	提纲举领 热情洋溢 择善而从 揽辔澄清
84553	腼颜人世 山高水低
8456	接收通知 欣喜若狂 山高水远
84561	欣喜若狂
84562	接收通知
84563	山高水远
8457	工人 扶苏 服务生 追悼仪式 山高水长
84571	追悼仪式
84572	工人 扶苏 择善而行 拔地而起 挟细拿粗
84573	服务生 山高水长 异端邪说 崛地而起
8458	掠过 接过 已经消失 披心沥血 拔新领异
84582	掠过 接过 披心沥血 拔新领异
84583	已经消失
8459	陪你 势高益危 搀前落后 阶级斗争 斋心涤虑
84591	陪你 阶级斗争
84592	势高益危 搀前落后
84593	斋心涤虑
846	这就是 龙卷风
8461	乃心王室 搔首弄姿 隔墙有耳 以羊易牛
84611	隔墙有耳
84612	搔首弄姿
84613	乃心王室 以羊易牛
8462	已成 龙卷风 近悦远来 扪心自问 抚心自问
84621	龙卷风 近悦远来
84622	扪心自问 抚心自问 操纵自如
84623	已成
8463	提心在口 褒善贬恶
84631	褒善贬恶
84632	提心在口
8464	失败 挂在 随心所欲 掷地有声 阳关大道
84641	失败 随心所欲 阳关大道 雷惊电绕 朱槃玉敦
84642	挂在 掷地有声 抱子弄孙
84643	胸怀大志
8465	毛遂自荐 摘埴索涂 擿埴索涂 工商大学 披红戴花
84651	襟怀磊落
84652	摘埴索涂 擿埴索涂 工商大学 披红戴花
84653	毛遂自荐
8467	革心易行 指条明路 兵分两路 拈毫弄管 打情卖笑
84671	革心易行 兵分两路
84672	指条明路 拈毫弄管 打情卖笑
8468	这就是 已是 已有 持有 三级医院
84681	三级医院 三拳两脚 零敲碎打
84682	持有 抱恨黄泉
84683	这就是 已是 已有 以为自己 胜券在握
8469	三心两意 三心二意 鞍前马后 三差两错
84691	三心两意 三心二意 鞍前马后 三差两错
847	这句话 失去了
8471	失踪 已经证实 隐约记得 白纸黑字 覆盆之冤
84711	失踪 隐约记得
84712	白纸黑字
84713	已经证实 覆盆之冤
8472	这句话 势均力敌 热烈欢迎 扫地出门 腹心之疾
84722	势均力敌 热烈欢迎 扫地出门
84723	这句话 腹心之疾
8473	失误 三分之一 扣壶长吟 霄壤之别
84731	失误 三分之一 霄壤之别
84732	扣壶长吟
8474	氛围 接着说 欣喜之情 白首之心 势单力孤
84741	欣喜之情 革旧图新
84742	接着说 白首之心 势单力孤 打退堂鼓 担惊忍怕
84743	氛围 以子之矛
8475	丢了 失去了 脱了 震惊之余 欣喜之余
84751	丢了 失去了 震惊之余 欣喜之余
84752	势单力薄 抱瓮出灌 抵死谩生 捧高踩低
84753	脱了 脸红筋涨
8476	幽默 这绝对是 脸红筋暴 山高路远 皇亲国戚
84761	三分之二
84762	皇亲国戚 探亲访友 白圭之玷
84763	幽默 这绝对是 脸红筋暴 山高路远 脱缰之马
8477	脚步 降临 攻坚 腰线设计 覆舟之戒
84771	降临
84772	攻坚
84773	脚步 腰线设计 覆舟之戒
8478	衣裳 我新出的 接收数据 执子之手 阴道出血
84781	衣裳 我新出的 阴道出血 降尊临卑
84782	接收数据 执子之手
8479	打道回府 扑朔迷离 攻子之盾 擂鼓筛锣 岸谷之变
84792	打道回府 扑朔迷离 攻子之盾 擂鼓筛锣
84793	岸谷之变
848	手续费 服务费
8481	雾气 批逆龙鳞 毛遂堕井 摧城拔寨 攻城拔寨
84811	雾气
84812	批逆龙鳞 摧城拔寨 攻城拔寨
84813	毛遂堕井
8482	升级补丁 掘地三尺 扣槃扪烛 扣盘扪烛 挖地三尺
84821	升级补丁
84822	掘地三尺 扣槃扪烛 扣盘扪烛 挖地三尺 手心手背
8483	衣衫 批郤导窾 扑地掀天 焦心热中 胎死腹中
84831	衣衫 用心险恶
84832	批郤导窾 扑地掀天 焦心热中 抱关击柝 攻心扼吭
84833	胎死腹中 覆地翻天
8484	改革 幽幽 攻城掠地 功高震主 龙子龙孙
84841	龙子龙孙 失惊打怪
84842	攻城掠地 功高震主 操心操心 掠地攻城 捧心西子
84843	改革 幽幽 西子捧心
8485	攻势 已经失传 手高手低 拼死拼活 提纲振领
84852	攻势 手高手低 拼死拼活 提纲振领
84853	已经失传
8486	攻击 撞击 膀胱 拼搏 手续费
84862	攻击 撞击 拼搏 手续费 抚养费
84863	膀胱 服务费 这主要是
8487	已被 接手 膨胀 陆续推出 要约邀请
84871	陆续推出 防心摄行 费心费力
84872	接手 擦拳抹掌 扣槃扪籥
84873	已被 膨胀 要约邀请 毛细血管
8488	接近 陪我 抠心挖血 掀拳裸袖 抓心挠肺
84881	陪我 阳关三迭
84882	接近 抠心挖血 掀拳裸袖 抓心挠肺 抓心挠肝
8489	衣服 丢掉 阴差阳错 改善肤质 打预防针
84891	衣服 丢掉 阴差阳错 随声附和 陈规陋习
84892	打预防针 捧毂推轮 扣盘扪钥 捏怪排科 损公肥私
84893	改善肤质
849	毛主席
8491	接受 脱贫致富 皆为利往 抛乡离井
84912	接受 抛乡离井
84913	脱贫致富 皆为利往
8492	改变 脱离 工厂 失恋 皆为利来
84921	失恋 隐约其辞
84922	工厂
84923	改变 脱离 皆为利来
8493	工程 随处可见 三缄其口 气绝身亡
84931	随处可见 三缄其口
84932	工程
84933	气绝身亡
8494	持久 担惊受怕 革新变旧 皂丝麻线 功遂身退
84941	革新变旧
84942	持久 担惊受怕 皂丝麻线 功遂身退
8495	毛主席 陵谷变迁
84951	陵谷变迁
84953	毛主席
8496	院线上映 揆情度理
84961	院线上映
84962	揆情度理
8497	接到 招商银行 排忧解难 工商银行 龙盘虎踞
84971	龙盘虎踞
84972	接到 招商银行 排忧解难 工商银行 擦拳磨掌
8498	接触 担惊受恐 推心置腹 乏善可陈
84981	乏善可陈
84982	接触 担惊受恐 推心置腹
8499	握拳透爪
84992	握拳透爪
851	我觉得 哲学家
8511	阿世取容 换位思考 血债累累 掩人耳目 初生牛犊
85111	阿世取容 血债累累 初生牛犊
85112	换位思考 掩人耳目 打入冷宫 抱令守律
8512	防御 三花聚顶 功名富贵
85121	防御 三花聚顶
85122	功名富贵
8513	除邪惩恶 攻苦食啖 盈千累万 失人者亡
85131	除邪惩恶 失人者亡
85132	攻苦食啖
85133	盈千累万
8514	以往 工作实绩 西方净土 折节待士
85142	工作实绩 折节待士
85143	以往 西方净土
8515	哲学家 文学家 阿世盗名 攻苦食俭 脏活累活
85151	阿世盗名
85152	哲学家 攻苦食俭 抚今思昔 攻苦食淡
85153	文学家 脏活累活
8516	我觉得 抬头 工作者 摄像头 霍华德
85161	我觉得 霍华德 我觉得是 三令五申 血液循环
85162	抬头 工作者 摄像头 攘外安内
85163	文从字顺
8517	以免 西方净国 文过饰非 掩过饰非 拈花微笑
85171	血溅五步
85172	掩过饰非 拈花微笑
85173	以免 西方净国 文过饰非
8518	异世界的 择优选择 挺便宜的
85182	择优选择 挺便宜的
85183	异世界的
8519	工作室 按劳取酬
85192	工作室 按劳取酬
852	这方面 顷刻间
8521	揽名责实 按名责实 看人眉睫 择优录取 控名责实
85211	三茶六饭
85212	揽名责实 按名责实 看人眉睫 择优录取 控名责实
8522	魄荡魂飞 拨草寻蛇 魄散魂飞 皓齿蛾眉 白齿青眉
85222	魄荡魂飞 拨草寻蛇 魄散魂飞 皓齿蛾眉 白齿青眉
8523	追问 西洋乐器 西泠印社 鹏游蝶梦 抽油烟机
85231	追问
85232	抽油烟机
85233	西洋乐器 西泠印社 鹏游蝶梦 西台痛哭
8524	以来 抗生素 掞藻飞声 打草蛇惊 掩住面孔
85242	抗生素 掞藻飞声 打草蛇惊 掩住面孔
85243	以来
8525	以及 抛弃 追寻 疑似病例 以牙还牙
85251	追寻 阿世媚俗 疏而不漏 哀而不伤 血流如注
85252	抛弃 魄散魂消 魄消魂散 执而不化
85253	以及 疑似病例 以牙还牙 崇洋媚外 要价还价
8526	这方面 顷刻间 这倒不是 以儆效尤 以假乱真
85261	袭人故智 三个问题
85263	这方面 顷刻间 这倒不是 以儆效尤 以假乱真
8527	追涨杀跌 追逐嬉戏 西邻责言 隐若敌国 血流不止
85271	追涨杀跌 追逐嬉戏 隐若敌国 血流不止
85273	西邻责言
8528	摇滚乐手 择优录用 魄散魂飘 魄荡魂摇 挥汗如雨
85281	用人不疑
85282	摇滚乐手 择优录用 魄散魂飘 魄荡魂摇 挥汗如雨
85283	肥而不腻 改过不吝 气涌如山
8529	热闹 这涉及到 西沙群岛 兵多将广 用人不当
85291	兵多将广 用人不当
85292	热闹 拣佛烧香 功薄蝉翼
85293	这涉及到 西沙群岛
853	这件事 工作中
8531	失而复得 看菜吃饭 岁暮天寒 飘泊无定
85311	失而复得
85312	看菜吃饭
85313	岁暮天寒 飘泊无定
8532	抱薪救火 击节叫好 把薪助火 改而更张
85322	抱薪救火 击节叫好 把薪助火
85323	改而更张
8533	这件事 看清楚 搞清楚 摇旗呐喊 拔葵啖枣
85331	补偏救弊
85332	看清楚 搞清楚 摇旗呐喊 拔葵啖枣 势倾天下
85333	这件事
8534	描述 异样 工作中 集散中心 欣生恶死
85341	欣生恶死
85342	描述 工作中 集散中心 折节下士
85343	异样
8535	追求 需求 追究 文艺复兴 防萌杜渐
85351	追求 需求 追究 防萌杜渐 近水楼台
85352	推波助澜 看人下菜 拖人下水
85353	文艺复兴 以偏概全 以沫相濡 以水救水
8536	队员 摄像机 山溜穿石 失节事大 雨过天晴
85361	队员 失节事大 雨过天晴
85362	摄像机 打人骂狗
85363	山溜穿石 这倒也是
8537	执政 拽巷啰街 拔苗助长 揠苗助长 拈花一笑
85372	执政 拽巷啰街 拔苗助长 揠苗助长 拈花一笑
85373	胜人一筹 文人无行
8538	这个礼拜 文治武功 以命相搏
85383	这个礼拜 文治武功 以命相搏
8539	以下 近代史上 山水相连 排沙见金 势合形离
85391	近代史上
85392	排沙见金 势合形离
85393	以下 山水相连 文人相轻 以莛叩钟
854	文件夹
8541	执着 摸着 防备 气满志得
85411	防备
85412	执着 摸着
85413	气满志得
8542	热情 阶级 升级 打草惊蛇 指名道姓
85421	阶级 升级
85422	热情 打草惊蛇 指名道姓 扣人心弦 揣合逢迎
85423	股份公司 毛举细故
8543	毛举缕析 以人为本 扬名立万 随他去吧
85431	随他去吧
85432	扬名立万
85433	毛举缕析 以人为本
8544	文件夹 集体主义 工作总结 以邻为壑 胜任愉快
85442	集体主义 工作总结 拔葵去织
85443	文件夹 以邻为壑 胜任愉快 气个半死 毛举细务
8545	描绘 用淡盐水 要做就做 飘洋航海 工作条件
85451	用淡盐水 三人为众
85452	描绘 工作条件 工作单位
85453	要做就做 飘洋航海 以你为荣
8546	追逐竞驶 以药养医 气满志骄 披沙剖璞
85461	追逐竞驶
85462	披沙剖璞
85463	以药养医 气满志骄
8547	以为 热烈 投入产出
85472	热烈 投入产出
85473	以为
8548	以前 雨水收集 裙带关系 摄人心魄 抱法处势
85481	雨水收集 裙带关系
85482	摄人心魄 抱法处势
85483	以前
8549	按劳分配 以人为镜
85492	按劳分配
85493	以人为镜
855	这个人 陌生人
8551	队伍 导演 毛茸茸 陈涉世家 工作做得
85511	队伍 陈涉世家 弗洛伊德 革命创制 裒多益寡
85512	工作做得 探丸借客 撒水拿鱼
85513	导演 毛茸茸
8552	拾人牙慧 推倒重来 扶倾济弱 集体活动 以泪洗面
85521	陷入僵局 三个方面
85522	拾人牙慧 推倒重来 扶倾济弱 集体活动 皈依佛门
85523	以泪洗面 比邻而居 飘若浮云
8553	措施 擒拿 以便 血淋淋 工作人员
85531	血淋淋 隐介藏形 失散多年 血流漂杵 向若而叹
85532	措施 擒拿 工作人员 拾人涕唾 拒人千里
85533	以便
8554	执法 龙生九子 工作重心 降低重心 投传而去
85541	龙生九子 降低重心
85542	执法 工作重心 投传而去 捧个人场
85543	文人雅士 改过迁善 气若游丝 改过从善 疑信参半
8555	防范 坠落 拼多多 白茫茫 随波逐流
85551	防范 坠落 随波逐流 血海深仇 随波荡漾
85552	拼多多 白茫茫 拖泥带水 拈花惹草 扬清激浊
85553	服从命令 飘洋过海 以水济水 飘茵落溷
8556	改源代码 改俗迁风 这个倒是 工作作风 打落水狗
85562	工作作风 打落水狗
85563	改源代码 改俗迁风 这个倒是 月夕花朝
8557	这个人 陌生人 随便你了 折而族之 工作能力
85571	陌生人 随便你了 陷入重围
85572	折而族之 工作能力
85573	这个人
8558	追逐 震荡蓄势 挪作他用 三个多月 以汤沃雪
85581	追逐 震荡蓄势 三个多月
85582	挪作他用 挺方便的 打恭作揖
85583	以汤沃雪 脑体倒挂
8559	以外 除外 追名逐利 山清水秀 飘萍浪迹
85591	除外 追名逐利 雪泥鸿爪 三个多钟
85592	择优汰劣 攻苦茹酸
85593	以外 山清水秀 飘萍浪迹 服低做小
856	工作日 工作量
8561	择优确定 丢人现眼 气沉丹田 皓齿明眸 异名同实
85611	丢人现眼
85612	择优确定 皓齿明眸
85613	气沉丹田 异名同实
8562	抽个时间 工作时间 兵荒马乱 挥洒自如 改名易姓
85621	兵荒马乱
85622	抽个时间 工作时间 挥洒自如 白草黄云
85623	改名易姓
8563	工作量 抓住时机 三件大事 挑茶斡刺 哀鸿遍野
85631	三件大事 哀鸿遍野
85632	工作量 抓住时机 挑茶斡刺 打牙犯嘴 拈花弄柳
8564	我没有去 打倒在地 三生有幸 改过自新 工作环境
85641	我没有去 三生有幸 哀鸿遍地
85642	打倒在地 工作环境
85643	改过自新
8565	防芽遏萌 脏污狼藉 这个时候 血流成河 月落星沉
85651	防芽遏萌 血流成河
85653	脏污狼藉 这个时候 月落星沉
8566	月满则亏
85663	月满则亏
8567	龙凤 工作日 三生石 防治知识 打个电话
85671	龙凤 三生石 防治知识 雷令风行
85672	工作日 打个电话
85673	异途同归
8568	陶渊明 这个医院 瓢泼大雨 山外有山 拈花弄月
85681	陶渊明 用人勿疑
85682	拈花弄月 挥汗成雨
85683	这个医院 瓢泼大雨 山外有山 疑人勿用 改节易操
8569	工作态度 三个星期 三人成虎 改途易辙 白旄黄钺
85691	三个星期 三人成虎
85692	工作态度 白旄黄钺
85693	改途易辙
857	毛泽东 这会儿
8571	三世因果 文人墨客 捉拿归案
85711	三世因果
85712	捉拿归案
85713	文人墨客
8572	队长 邀请 振作起来 震荡加剧 三寸之舌
85721	队长 震荡加剧 三寸之舌 三余读书
85722	邀请 振作起来 攻过箴阙 拔萃出群 探汤蹈火
85723	然荻读书 气贯长虹 顷刻之间
8573	除非 导师 追赶 这会儿 西游记中
85731	除非 追赶 陷落计中
85732	振作精神 挑牙料唇 看人行事
85733	导师 这会儿 西游记中 改邪归正 飘萍断梗
8574	防止 异议 比方说 乔迁之喜 覆水难收
85741	防止 乔迁之喜
85742	攘人之美 掠人之美 白水鉴心
85743	异议 比方说 覆水难收
8575	除了 势力 以对 技艺精湛 工作之余
85751	除了 用舍行藏 鹅湖之会
85752	势力 技艺精湛 工作之余 白华之怨 扬汤止沸
85753	以对 以汤止沸
8576	系外行星 三重简码 隔世之感 隋侯之珠
85761	系外行星 三重简码 隔世之感 隋侯之珠
8577	异常 西游记之 工作计划 随便说说 要而言之
85771	随便说说
85772	工作计划
85773	异常 西游记之 要而言之
8578	抬起 升起 以此 西游记 挺而走险
85781	升起 陋巷箪瓢
85782	抬起 挺而走险
85783	以此 西游记
8579	执行 毛泽东 招生简章 巧伪趋利 披沙简金
85791	币重言甘
85792	执行 招生简章 巧伪趋利 披沙简金 排沙简金
85793	毛泽东
858	三个月 我们的
8581	抱怨雪耻 以怨报德 授人以鱼 工作报告 热泪盈眶
85812	抱怨雪耻 授人以鱼 工作报告 热泪盈眶
85813	以怨报德
8582	需要 拈花摘艳 拈华摘艳 工薪阶层 改名换姓
85821	需要 血债血还 补过拾遗
85822	拈花摘艳 拈华摘艳 工薪阶层 把酒持螯
85823	改名换姓
8583	阶段 防控 嵌入这里 用洗衣机 疏散指示
85831	阶段 防控 用洗衣机 疏散指示
85832	授人以柄 热带雨林 打个招呼 集苑集枯 看没看见
85833	嵌入这里 改梁换柱
8584	操作系统 工人阶级 报仇雪恨 阴沟翻船 拼命三郎
85841	阴沟翻船
85842	操作系统 工人阶级 报仇雪恨 拼命三郎
8585	三生三世 飘茵随溷 打滚撒泼 气逾霄汉 毕恭毕敬
85851	三生三世 近代文学 随你的便 翻江搅海
85852	打滚撒泼 扑通扑通 抚今追昔 打个比方 扬葩振藻
85853	飘茵随溷 气逾霄汉 毕恭毕敬 西方文化 飘茵堕溷
8586	导向 我们的 的依据是 气消胆夺 西方文明
85861	我们的
85862	的依据是
85863	导向 气消胆夺 西方文明
8587	抬手 操作失误 掊斗折衡 拽巷攞街
85872	抬手 操作失误 掊斗折衡 拽巷攞街
8588	附近 挫折 朦胧 用药指导 这个月的
85881	附近 用药指导 血泪盈襟 三浴三衅
85882	挫折 功若丘山 披沥肝膈 工作需要 披沥肝胆
85883	朦胧 这个月的 已使用的 嵩生岳降 脑满肠肥
8589	岁月 三个月 看人脸色 看没看到 披沙拣金
85891	三个月
85892	看人脸色 看没看到 披沙拣金 抱蔓摘瓜
85893	岁月
859	阿波罗 阿修罗
8591	热爱 三从四德 扪参历井 三个钟头
85911	三从四德 三个钟头
85912	热爱 扪参历井
8592	拜倒辕门
85922	拜倒辕门
8593	以后 以上 脸上 零花钱 这件小事
85931	零花钱 震荡市中 革命反正 革邪反正 升斗小民
85932	功名利禄 披荆斩棘 打牙配嘴
85933	以后 以上 脸上 这件小事 西伯利亚
8594	导致 以至 革带移孔 脑袋瓜子
85941	革带移孔
85943	导致 以至 脑袋瓜子
8595	阿波罗 阿修罗 拔茅连茹 三寸金莲 三江四海
85951	阿波罗 阿修罗 三寸金莲 三江四海
85952	拔茅连茹
8596	脸色 换斗移星 三个小时 陂湖禀量
85961	三个小时 陂湖禀量
85962	换斗移星
85963	脸色
8597	胜利 要注意了 拽巷逻街 升学压力 推而广之
85971	升学压力
85972	拽巷逻街 推而广之 击节称赏
85973	胜利 要注意了
8598	脸庞 搭配 覆海移山 损人利己
85982	搭配 损人利己
85983	脸庞 覆海移山
8599	挣多少钱 工作秩序 毕苏斯基 以酒解酲 白俄罗斯
85992	挣多少钱 工作秩序 白俄罗斯
85993	毕苏斯基 以酒解酲
861	失败者
8611	招财进宝 探囊取物 随时制宜 拔十得五
86111	随时制宜
86112	招财进宝 探囊取物 拔十得五
8613	掩饰 这是写啥 挂专家号 看在眼里
86132	掩饰 挂专家号 看在眼里
86133	这是写啥
8614	向往 近在眼前 比肩齐声 除暴安良
86141	向往 近在眼前 除暴安良
86143	比肩齐声
8615	以貌取人 巧同造化
86152	巧同造化
86153	以貌取人
8616	把头 失败者 阳十字星 以暴制暴 要风得风
86161	失败者 阳十字星 三智五猜
86162	把头 探骊得珠
86163	以暴制暴 要风得风
8617	提取 三狮军团 抑郁寡欢 胸有鳞甲 胁肩累足
86171	三狮军团
86172	提取 抑郁寡欢
86173	胸有鳞甲 胁肩累足 腹有鳞甲 以狸饵鼠
8618	把它 三十五岁 打凤牢龙
86181	三十五岁
86182	把它 打凤牢龙
8619	腹载五车
86193	腹载五车
862	霎时间
8621	阴晴不定 迫在眉睫 近在眉睫
86211	阴晴不定 近在眉睫
86212	迫在眉睫
8622	提交 胜友如云 近在咫尺 阳光灿烂 兵马未动
86221	近在咫尺 阳光灿烂 兵马未动
86222	提交 功成不居
86223	胜友如云 文风不动
8623	击杀 疑问 隔壁 毛病 提问
86231	隔壁 褒贬不一
86232	击杀 提问 捅马蜂窝
86233	疑问 毛病 凸凹不平
8624	己所不欲 摆在面前 抱布贸丝
86242	摆在面前 抱布贸丝
86243	己所不欲
8625	拓展 岩浆 搜索引擎 月光如水 血肉丰满
86251	血肉丰满
86252	拓展 搜索引擎
86253	岩浆 月光如水 文理不通 胆大如斗
8626	霎时间 三十好几 抛砖引玉 三班六房 腾达飞黄
86261	霎时间 三十好几 三班六房
86262	抛砖引玉
86263	腾达飞黄
8627	三十六行 雷电交加 三十六计 雷奔云谲 的确如此
86271	三十六行 雷电交加 三十六计 雷奔云谲 三十六策
86272	的确如此 投石问路 按理来说
8628	三十来岁 霞友云朋 零星片段
86281	三十来岁 霞友云朋 零星片段
8629	随珠弹雀 以珠弹雀 隋珠弹雀
86291	随珠弹雀 隋珠弹雀
86293	以珠弹雀
863	这几天 这几年
8631	这是事实
86313	这是事实
8632	近几年来 白日见鬼 近两年来 霸王别姬 打成一片
86321	近几年来 近两年来 霸王别姬 血肉横飞 三户亡秦
86322	白日见鬼 打成一片
8633	白日梦 这有助于 这是哪里 哀感中年 功成骨枯
86331	哀感中年 霞光万丈 龙凤呈祥
86332	白日梦 功成骨枯 鹪鹩一枝 抢购一空
86333	这有助于 这是哪里
8634	胆大妄为 霞光万道 阿布哈兹 白驹空谷 击碎唾壶
86341	霞光万道 阿布哈兹 哀感天地
86342	白驹空谷 击碎唾壶
86343	胆大妄为
8635	胸口 拥有一件 这是一件 抃风舞润 附骥攀鸿
86351	附骥攀鸿 近日无仇 随才器使
86352	拥有一件 抃风舞润
86353	胸口 这是一件 文明社会
8636	这几天 文明礼貌 白玉无瑕 悉索敝赋 用在一时
86361	悉索敝赋 用在一时
86362	白玉无瑕
86363	这几天 文明礼貌
8637	提示 撞在一起 功亏一篑 血肉模糊 抱成一团
86371	血肉模糊
86372	提示 撞在一起 功亏一篑 抱成一团
8638	这几年 近几年 三十年 三十一岁 胸大无脑
86381	近几年 三十年 三十一岁 粤犬吠雪
86382	巧夺天工 搜索枯肠
86383	这几年 胸大无脑
8639	然也 挂在树上 氧自由基 胆大于身 把玩无厌
86391	血肉相连 三房一厅
86392	挂在树上 把玩无厌
86393	然也 氧自由基 胆大于身
864	已成为
8641	随着 抱着 恐惧 皇帝 隔着
86411	随着 隔着 向着
86412	抱着 恐惧 皇帝 提着 势在必得
86413	胆破心寒
8642	抱歉 掩盖 拱肩缩背
86422	抱歉 掩盖 拱肩缩背
8643	我所欲也 泉石膏肓
86431	我所欲也
86432	泉石膏肓
8644	提高 脖子 胆子 皇子 隙大墙坏
86441	隙大墙坏 霸王条款
86442	提高 皇子 挨风缉缝 捱风缉缝 摧刚为柔
86443	脖子 胆子 胆大心细
8645	气骄志满 阮囊羞涩 掀风鼓浪
86451	阮囊羞涩
86452	掀风鼓浪
86453	气骄志满
8646	恐怖 担忧 阳光普照 阿鼻地狱 西风残照
86461	阳光普照 阿鼻地狱
86462	恐怖 担忧 握瑜怀瑾
86463	西风残照 胆大心雄
8647	护士 已成为 比肩并起 革凡登圣 势在必行
86471	革凡登圣
86472	护士 势在必行 挨肩并足
86473	已成为 比肩并起 比肩继踵 胆大心粗
8648	恐怕 向前 提前 胸前 手牵着手
86481	向前
86482	恐怕 提前 手牵着手 扭亏为盈 挺奇怪的
86483	胸前
8649	担心 拒绝 随即 抵达终点 三十分钟
86491	随即 三十分钟 系马埋轮
86492	担心 拒绝 抵达终点 挠直为曲 看破红尘
86493	胆大心小
865	这时候 朋友们
8651	摇曳生姿 飘风过耳 三旬九食
86511	三旬九食
86512	摇曳生姿
86513	飘风过耳
8652	朋友们 拍卖会 扑鼻而来 势同水火 胁肩低眉
86521	追奔逐北
86522	拍卖会 扑鼻而来 势同水火
86523	朋友们 胁肩低眉 山南海北
8653	然而 随便 掩体 担保 阳台
86531	随便 阳台 三十余万 鞍马劳神 三十多年
86532	掩体 担保 白日做梦 拍马溜须 操奇逐赢
86533	然而 西风落叶 山珍海味 胆大泼天
8654	这时候 岗位 抱住 的时候 向日葵
86541	向日葵 随风而去 三十而立 疏财仗义 向风慕义
86542	抱住 的时候 抚景伤情 看风使船 功成名就
86543	这时候 岗位 比肩而立
8655	提供 折戟沉沙 鞍马劳倦 山川河流 擦肩而过
86551	鞍马劳倦
86552	提供 折戟沉沙 擦肩而过 掩鼻而过 招风惹草
86553	山川河流
8656	限时优惠 以夷伐夷 悉索薄赋 功败垂成
86561	限时优惠 悉索薄赋
86562	功败垂成
86563	以夷伐夷
8657	接班人 捐赠仪式 鞍马劳困 看风使帆
86571	鞍马劳困
86572	接班人 捐赠仪式 看风使帆
8658	担任 这有什么 白驹过隙 山盟海誓 翻黄倒皁
86581	翻黄倒皁 翻黄倒皂 随风而逝
86582	担任 白驹过隙 披星带月 捉班做势
86583	这有什么 山盟海誓 飘风苦雨
8659	抱怨 把你 西班牙 三十多度 三十多种
86591	三十多度 三十多种 附骥名彰
86592	抱怨 把你 手有余香 抓大放小 扭直作曲
86593	西班牙 已是深夜 山光水色 山明水秀 气大伤身
866	朱元璋 奥巴马
8661	集大成者 三朝元老
86611	三朝元老
86612	集大成者
8662	随风 摄影大展 阳光明媚 三昧真火 哀感顽艳
86621	随风 阳光明媚 三昧真火 哀感顽艳
86622	摄影大展
8663	护理 三马同槽 三星在天 胆大包天 阵马风樯
86631	三马同槽 三星在天 阵马风樯
86632	护理
86633	胆大包天
8664	阳光 攻瑕索垢 白马王子 折矩周规 看风驶船
86641	阳光
86642	攻瑕索垢 白马王子 折矩周规 看风驶船
8665	随时 肌肉 朱元璋传 革风易俗 肺石风清
86651	随时 朱元璋传 革风易俗
86653	肌肉 肺石风清
8666	贡献 奥巴马 看电影时 霞明玉映 气息奄奄
86661	奥巴马 霞明玉映 三星在户
86662	贡献 看电影时
86663	气息奄奄 以暴易暴 岂有是理 西赆南琛
8667	岩石 革凡成圣 搬弄是非 胸有成竹 改是成非
86671	革凡成圣
86672	搬弄是非
86673	岩石 胸有成竹 改是成非
8668	乃是 三十几岁 霸王风月 飘风暴雨 搬石砸脚
86681	三十几岁 霸王风月
86682	搬石砸脚 披星戴月
86683	乃是 飘风暴雨 飘风骤雨
8669	的确 朱元璋 操翰成章 月明星稀 龙驹凤雏
86691	朱元璋 龙驹凤雏 三房两厅
86692	的确 操翰成章 打破砂锅 势成骑虎
86693	月明星稀
867	打电话 朋友圈
8671	血光之灾 三十出头
86711	血光之灾 三十出头
8672	打电话 巩固 挨肩叠背
86722	打电话 巩固 挨肩叠背
8673	疑惑 摄影师 这是些啥 覆巢之下 龙马精神
86731	龙马精神
86732	摄影师 操奇计赢
86733	疑惑 这是些啥 覆巢之下
8674	朋友圈 随之 提议 按理说 皆大欢喜
86741	随之
86742	提议 按理说 打破常规 打破迷关
86743	朋友圈 皆大欢喜
8675	毛巾 打电话催 摄影师们 挥翰临池 势大力沉
86751	鞍马之劳 阿时趋俗
86752	打电话催 摄影师们 挥翰临池 势大力沉 功成行满
86753	毛巾 西风东渐
8676	提出 掏出 手电筒 岂有此理 肌肉发达
86762	提出 掏出 手电筒
86763	岂有此理 肌肉发达
8677	陶犬瓦鸡 胁肩谄笑
86771	陶犬瓦鸡
86773	胁肩谄笑
8678	提起 已知数据 以大数据 摄影图集 阳刚之气
86781	阳刚之气 追风赶月
86782	提起 摄影图集 抵瑕蹈隙
86783	已知数据 以大数据
8679	据理力争 血肉之躯
86791	血肉之躯
86792	据理力争
868	撕破脸
8681	拔十失五
86812	拔十失五
8682	把握 挨肩迭背 以碫投卵 挨肩搭背 挖肉补疮
86822	把握 挨肩迭背 挨肩搭背 挖肉补疮 招风揽火
86823	以碫投卵 脸黄肌瘦 改朝换姓
8683	攥在手里 阿布扎哈 捧在手里 三十三天 执两用中
86831	阿布扎哈 三十三天
86832	攥在手里 捧在手里 执两用中 白日升天
8684	肌肤 巅峰 随时随地 捧在手心 白日衣绣
86841	随时随地 阳煦山立
86842	捧在手心 白日衣绣 打狗看主
86843	肌肤 巅峰
8685	提升 撕破脸 摄影摄像 陨石坠落 防暑降温
86851	陨石坠落 防暑降温
86852	提升 撕破脸 摄影摄像
86853	改朝换代 以直报怨 以理服人 以石投水
8686	随风摇曳 掂量掂量 捕风捉影 系风捕景 擒贼擒王
86861	随风摇曳 系风捕景 阿猫阿狗 阿狗阿猫 系风捕影
86862	掂量掂量 捕风捉影 擒贼擒王 抉瑕掩瑜 捉贼捉赃
8687	把手 胸膛 随手 比肩接踵 探囊胠箧
86871	随手 费时费力
86872	把手 探囊胠箧 扫黄打非 撕破脸皮
86873	胸膛 比肩接踵 改玉改步 改玉改行
8688	把我 把自己的 攻瑕指失 挨肩擦膀 挨肩擦脸
86881	阴风阵阵 阿布扎比 随风飘扬 露才扬己
86882	把我 把自己的 攻瑕指失 挨肩擦膀 挨肩擦脸
86883	腥风血雨
8689	费用 抓早抓小 拽布披麻 皆成文章 拽布拖麻
86891	费用 鹅王择乳
86892	抓早抓小 拽布披麻 拽布拖麻 扶颠持危
86893	皆成文章
869	乔布斯 托马斯
8691	打马虎眼 挺有意思 指日可待 文房四宝 零存整取
86911	零存整取
86912	打马虎眼 挺有意思 指日可待
86913	文房四宝
8692	击键 担当
86922	击键 担当
8693	然后 随后 皇上 皇后 向上
86931	随后 向上 向后 龙骧虎视
86932	皇上 皇后 指日可下
86933	然后 山川秀丽 肥马轻裘
8694	随意 乃至 乔布斯 托马斯 揆理度情
86941	随意 乔布斯 随风转舵
86942	托马斯 揆理度情 功成身退
86943	乃至
8696	提醒 摆明车马
86962	提醒 摆明车马
8697	提到 兵在其颈 龙骧虎步
86971	兵在其颈 龙骧虎步
86972	提到
8698	揆理度势 挡风遮雨 接二连三 揆时度势 隐晦曲折
86981	隐晦曲折
86982	揆理度势 挡风遮雨 接二连三 揆时度势
86983	飘风急雨
8699	击右上角 以大欺小
86992	击右上角
86993	以大欺小
871	阴谋家
8711	播糠眯目 以词定字 捷足先得 阿谀取容
87111	阿谀取容
87112	播糠眯目 捷足先得
87113	以词定字
8712	被害 批评教育
87121	被害
87122	批评教育
8713	被告 投资 三管齐下 延颈鹤望
87131	被告 三管齐下 延颈鹤望
87132	投资
8714	三足鼎立 捷足先登 脚踏实地 三国鼎立
87141	三足鼎立 三国鼎立
87142	捷足先登
87143	脚踏实地
8715	阴谋家 三精制药 拼了老命
87151	阴谋家 三精制药
87152	拼了老命
8716	找对象时 抱团取暖 抱诚守真 衣架饭囊
87161	衣架饭囊
87162	找对象时 抱团取暖 抱诚守真
8717	挑选 近墨者黑 拒谏饰非
87171	近墨者黑
87172	挑选 拒谏饰非
8718	三五 按甲寝兵
87181	三五
87182	按甲寝兵
8719	操刀制锦
87192	操刀制锦
872	看起来 白皮书
8721	山顶 焦躁不安
87212	焦躁不安
87213	山顶
8722	白皮书 阻止病毒 失之交臂 三对六面 要言不烦
87221	阻止病毒 失之交臂 三对六面 阿谀奉承
87222	白皮书
87223	要言不烦 刖趾适屦
8723	手臂 三观不正
87231	三观不正
87232	手臂
8724	手疼 看起来 提出来 西双版纳 要言妙道
87241	用之不竭 裹足不前 哀毁瘠立
87242	手疼 看起来 提出来 挥之不去 执迷不悟
87243	西双版纳 要言妙道 匕鬯不惊
8725	招架不住 擦出火花 拒之门外 月黑杀人 三街六巷
87251	三街六巷
87252	招架不住 擦出火花 拒之门外
87253	月黑杀人
8726	扬长避短 毛发不爽
87262	扬长避短
87263	毛发不爽
8727	被动 阻止不了 这算不算 打起来了 膝语蛇行
87271	被动 阻止不了 三观尽毁 隐忍不言 雾鬓云鬟
87272	打起来了 攻坚克难 巧言如簧 抛戈弃甲
87273	这算不算 膝语蛇行 崇论闳议
8728	手表 补肾壮阳 以紫乱朱 巧笑嫣然 白发青衫
87281	补肾壮阳
87282	手表 巧笑嫣然 白发青衫
87283	以紫乱朱
873	这些年 这些事
8731	异常机制 看了一眼 以诚相待 提笔忘字
87312	看了一眼 提笔忘字
87313	异常机制 以诚相待
8732	这些年来
87323	这些年来
8733	这些事 招标 这回事 用路由器 拔刀相助
87331	用路由器 用之于民 兵戎相见
87332	招标 拔刀相助 揍了一顿 打了一顿 指桑骂槐
87333	这些事 这回事 以管窥天
8734	手中 手术 陈述 初中 山中
87341	陈述 初中 三叉神经 陌路相逢 哀毁骨立
87342	手中 手术 排行榜 手足相残
87343	山中
8735	手里 山里 这些事件 打架事件 失踪事件
87351	失踪事件
87352	手里 打架事件 打街骂巷
87353	山里 这些事件
8736	手机 三天 悉帅敝赋 疑行无成 指鸡骂狗
87361	三天 悉帅敝赋
87362	手机 指鸡骂狗 打鸡骂狗
87363	疑行无成
8737	股权 三国史记 打了一架 被甲枕戈 白跑一趟
87371	三国史记 被甲枕戈
87372	打了一架 白跑一趟
87373	股权
8738	三年 招呼 三百 这些年 翻了一番
87381	三年 三百 翻了一番
87382	招呼 手足无措 指东画西
87383	这些年 气谊相投
8739	手下 山下 山鸡舞镜 龚行天罚
87391	龚行天罚
87392	手下
87393	山下 山鸡舞镜
874	血常规 脚步声
8741	撑着 以此为准 被发缨冠 披发缨冠 操刀必割
87411	被发缨冠
87412	撑着 披发缨冠 操刀必割
87413	以此为准
8742	脚步声 集团公司 山东快书 阿谀逢迎 摇笔即来
87421	阿谀逢迎
87422	集团公司 摇笔即来
87423	脚步声 山东快书
8743	血常规 功夫 兵临城下 看了半天 搞了半天
87431	血常规 兵临城下
87432	功夫 看了半天 搞了半天
87433	气忍声吞 气断声吞
8744	被子 山谷 改行为善 挥之即去 招贤纳士
87441	被子 陈力就列 陈言务去 袍笏登场
87442	挥之即去 招贤纳士 白发红颜
87443	山谷 改行为善
8745	以此为荣 失了分寸 打鸭惊鸳
87451	失了分寸
87452	打鸭惊鸳
87453	以此为荣
8746	手续 延续 三道 按步就班 零七八碎
87461	延续 三道 零七八碎
87462	手续 按步就班 白黑分明
8747	三分 追加预算 腹诽心谤
87471	三分 追加预算
87473	腹诽心谤
8748	毛发丝粟 毛发悚然
87483	毛发丝粟 毛发悚然
8749	初心 手心 执行主席 指甲颜色 随行就市
87491	初心 随行就市 失之毫厘
87492	手心 执行主席 指甲颜色
875	阿米洛 股东会
8751	三千 操戈入室 升堂入室 三堂会审 抵足而眠
87511	三千 升堂入室 三堂会审
87512	操戈入室 抵足而眠
8752	股东会 巧言偏辞 释迦牟尼 疑难杂症 接踵而来
87521	释迦牟尼 鞭长莫及 随之而来
87522	巧言偏辞 接踵而来 拖儿带女 携儿带女
87523	股东会 疑难杂症 脑力劳动 疑难重症
8753	排名 失之千里 欣赏水平 翻箱倒柜 扑了个空
87531	失之千里 欣赏水平 翻箱倒柜 三跪九叩
87532	排名 扑了个空 白发千丈
87533	比类从事
8754	三个 释放 找个 投注 三倍
87541	三个 释放 三倍 三国演义 衅起萧墙
87542	找个 投注 扬长而去 白发苍颜
87543	股份 导师介绍 异国他乡 改行从善 改行迁善
8755	肤皮潦草 操之过激 白发苍苍 皇恩浩荡 用行舍藏
87551	用行舍藏 初发芙蓉
87552	操之过激 白发苍苍 皇恩浩荡 手足重茧
87553	肤皮潦草 膝行蒲伏
8756	山洞 延伸 招惹 山长水远 操之过蹙
87561	延伸 用力过猛
87562	招惹 操之过蹙 打架斗殴
87563	山洞 山长水远
8757	被人 三人 山水 找人 阿米洛
87571	被人 三人 阿米洛 陈词滥调 失之偏颇
87572	找人 揭竿而起 投笔从戎 捉刀代笔 操之过切
87573	山水 以讹传讹 服了你了 毛发倒竖
8758	功能 投入 翻滚 打了个折 随行逐队
87581	翻滚 随行逐队
87582	功能 投入 打了个折 按甲休兵 披发入山
87583	疑团满腹 疑团莫释 毛发耸然
8759	巧言令色 操之过急 操刀伤锦 接踵而至 初出茅庐
87591	初出茅庐 随踵而至
87592	巧言令色 操之过急 操刀伤锦 接踵而至 捡了芝麻
876	毕加索
8761	搜索 毕加索 操戈同室
87612	搜索 操戈同室
87613	毕加索
8762	手电 打发时间 指路明灯 持之有故
87622	手电 打发时间 指路明灯 持之有故
8763	三大 以简驭繁 龙跃凤鸣 巧发奇中
87631	三大 龙跃凤鸣
87632	巧发奇中
87633	以简驭繁
8764	这些日子 扬帆远航 异国风情 改行自新
87642	扬帆远航
87643	这些日子 异国风情 改行自新
8765	膝行匍伏 然糠照薪 用非所学 三瓦两舍 岁计有余
87651	用非所学 三瓦两舍
87652	探竿影草
87653	膝行匍伏 然糠照薪 岁计有余
8766	这简直是 然糠自照 插圈弄套 三长两短 按图索骥
87661	三长两短
87662	插圈弄套 按图索骥 按图索骏
87663	这简直是 然糠自照
8767	三十 三言两语 幽默风趣 抚掌大笑 雾鬓风鬟
87671	三十 三言两语 雾鬓风鬟
87672	抚掌大笑 拔帜易帜
87673	幽默风趣
8768	三甲医院 被发左衽 披发左衽 按行自抑
87681	三甲医院 被发左衽
87682	披发左衽 按行自抑
8769	三驾马车 革图易虑 搀行夺市
87691	三驾马车 革图易虑
87692	搀行夺市
877	这些话 执行力
8771	看图识字
87712	看图识字
8772	延长 这些话 异常紧张 股掌之间 西颦东效
87721	延长 阿谀谄媚
87722	拔类超群
87723	这些话 异常紧张 股掌之间 西颦东效
8773	三观 用计算机 股掌之中 拈断髭须 打起精神
87731	三观 用计算机
87732	拈断髭须 打起精神
87733	股掌之中
8774	换言之 手足之情 兵行诡道 文行出处
87741	兵行诡道
87742	换言之 手足之情
87743	文行出处
8775	执行力 手起刀落 卑谄足恭 隔皮断货 探观止矣
87751	隔皮断货 除此之外 衣裳之会
87752	执行力 手起刀落 卑谄足恭 探观止矣 抽刀断水
8776	露出 找出 比试切磋
87761	露出
87762	找出
87763	比试切磋
8777	翻译 初步 山路 随园诗话 阴谋诡计
87771	翻译 初步 随园诗话 阴谋诡计 兵精粮足
87772	擢发难数
87773	山路
8778	手掌 投诉 异常数据 失之东隅 以此类推
87781	失之东隅
87782	手掌 投诉 损之又损 打了鸡血
87783	异常数据 以此类推 毛发之功
8779	股东 山东 月圆之夜 股掌之上 峰回路转
87792	击筑悲歌
87793	股东 山东 月圆之夜 股掌之上 峰回路转
878	拍了拍 看了看
8781	排挤 手腕 看了看 授之以鱼 折足覆餗
87812	排挤 手腕 看了看 授之以鱼 折足覆餗
8782	被打 挑衅 气数已尽 我行我素 挑了挑眉
87821	被打 我行我素
87822	挑衅 挑了挑眉 工力悉敌 扬幡招魂
87823	气数已尽 胆粗气壮
8783	手段 股票 批评指正 报之以李 投鼠忌器
87832	手段 批评指正 报之以李 投鼠忌器 投之以桃
87833	股票
8784	山峰 手脚 山脉 手持 投降
87841	靴刀誓死
87842	手脚 手持 投降 擗踊拊心 持之以恒
87843	山峰 山脉
8785	排除 手势 授之以渔 飘籓坠溷 岐出岐入
87851	失之我命 升堂拜母 陈师鞠旅
87852	排除 手势 授之以渔
87853	飘籓坠溷 岐出岐入 以力服人 比起这个
8786	释然 胳膊 投向 我说的是 排糠障风
87861	释然 我说的是 阿党比周
87862	投向 排糠障风 折长补短 持衡拥璇 接踵比肩
87863	胳膊 朋党比周 改步改玉
8787	膝行肘步 持筹握算
87872	持筹握算
87873	膝行肘步
8788	手指 拍了拍 被迫 拣精择肥 摧坚陷阵
87881	被迫 被甲执兵 被甲据鞍 被甲持兵
87882	手指 拍了拍 拣精择肥 摧坚陷阵 拄笏看山
8789	三月 丢了西瓜 抛之脑后 被坚执锐 披坚执锐
87891	三月 丢了西瓜 被坚执锐 被发文身
87892	抛之脑后 披坚执锐 打诨插科 披发文身
879	山东省
8791	拜恩私室 龙跳虎卧 豚蹄穰田
87911	龙跳虎卧
87912	拜恩私室
87913	豚蹄穰田
8792	以观后效
87923	以观后效
8793	挑战 手上 山上 三种 撒迦利亚
87931	三种
87932	挑战 手上 撒迦利亚
87933	山上
8794	初期 排难解纷 飘瓦虚舟 擦掌磨拳
87941	初期
87942	排难解纷 擦掌磨拳
87943	飘瓦虚舟
8795	拟非其伦
87952	拟非其伦
8796	龙精虎猛 挥戈反日
87961	龙精虎猛
87962	挥戈反日
8797	找到 盈利 翻身 三四 龙行虎步
87971	翻身 三四 龙行虎步
87972	找到
87973	盈利
8798	山东省 掎裳连袂 拖了后腿 霓裳羽衣 投诸四裔
87981	霓裳羽衣 三请四邀
87982	掎裳连袂 拖了后腿 投诸四裔
87983	山东省
8799	热力四射
87992	热力四射
881	手指头 翻白眼
8811	比赛 扎扎实实 白白净净 三三五五 三番五次
88111	三三五五 三番五次
88112	扎扎实实 白白净净 担雪塞井 拼拼凑凑 攘攘熙熙
88113	比赛
8812	改换头面 改换家门
88123	改换头面 改换家门
8813	这次 月工资 指导思想
88132	指导思想
88133	这次 月工资
8814	翻白眼 热胀冷缩 三皇五帝 近朱者赤 手挥目送
88141	翻白眼 三皇五帝 近朱者赤
88142	热胀冷缩 手挥目送 挡我者死 摘胆剜心
8815	这家 我家 阴冷 指挥官 披霄决汉
88151	我家 阴冷
88152	指挥官 披霄决汉 挨山塞海
88153	这家 导以取保
8816	我都 手指头
88161	我都
88162	手指头
8817	我先 指导教师 摇摇头说 指导家长 热血男儿
88171	我先
88172	指导教师 摇摇头说 指导家长 热血男儿
8818	推进 批准 指定 卑微 指导教授
88182	推进 批准 指定 卑微 指导教授
88183	崭露头脚
8819	摘掉眼镜 崭露头角 初露头角 扬扬得意 挑三豁四
88191	初露头角
88192	摘掉眼镜 扬扬得意 挑三豁四
88193	崭露头角
882	这么好 看热闹
8821	捱三顶五 褐衣不完 捉摸不定 把持不定 挨三顶五
88211	褐衣不完
88212	捱三顶五 捉摸不定 把持不定 挨三顶五
8822	阴魂 岂不 措手不及 文文静静 雷打不动
88221	阴魂 雷打不动 三推六问
88222	措手不及 白白嫩嫩 按兵不动 打打闹闹 热热闹闹
88223	岂不 文文静静 岁月静好 气势如虹 岿然不动
8823	比如 白血病 指导帮助 改换门楣 岁月如梭
88231	用兵如神
88232	白血病 指导帮助 白衣卿相 打抱不平 攘肌及骨
88233	比如 改换门楣 岁月如梭 崎岖不平
8824	我好 指引 这么好 挺好 接近尾声
88241	我好
88242	指引 挺好 接近尾声 皂白不分 热肠古道
88243	这么好 以疏间亲
8825	打掉门牙 阻挡不住 把持不住 岁月如流 按捺不住
88251	阻挡不住 衣被群生
88252	打掉门牙 把持不住 按捺不住 推己及人 攘袂引领
88253	岁月如流 以防不测 以文乱法 飘零书剑
8826	指责 这已不是 招兵买马
88262	指责 招兵买马
88263	这已不是
8827	推动 这片 这张 指导建议 撒手不管
88272	推动 指导建议 撒手不管
88273	这片 这张 异乎寻常 肝胆胡越
8828	这群 嵩阳书院 抬脚动手 巫山云雨 以血还血
88282	抬脚动手 巫山云雨 拍拍屁股 搜肠刮肚 摆龙门阵
88283	这群 嵩阳书院 以血还血
8829	毕业 看热闹 挑三嫌四 捱三顶四 捉摸不透
88292	看热闹 挑三嫌四 捱三顶四 捉摸不透
88293	毕业 改换门庭
883	打招呼 山脚下
8831	我想 指导标准 抢险救灾 抗震救灾 岁岁平安
88311	我想
88312	指导标准 抢险救灾 抗震救灾
88313	岁岁平安
8832	披毛求疵 批毛求疵 拍手叫好 三阳开泰 白费口舌
88321	三阳开泰
88322	披毛求疵 批毛求疵 拍手叫好 白费口舌
8833	这事 指标 这本 护肤品 鹏霄万里
88331	陶陶兀兀
88332	指标 护肤品 扫除天下 扶摇万里
88333	这事 这本 鹏霄万里 以防万一 岁岁年年
8834	这样 这只 雨中 山西晋城 指导中心
88341	雨中 翻脸无情 三旨相公
88342	指导中心
88343	这样 这只 山西晋城 岁月无情 肥遯鸣高
8835	这里 推开 攻击事件 撞击事件 被打事件
88351	被打事件 袭击事件
88352	推开 攻击事件 撞击事件 抄袭事件 白衣天使
88353	这里 盈盈一水 改革开放 脉脉相通
8836	这天 我的天 指导员 拖拉机 热衷于
88361	我的天 用兵一时
88362	指导员 拖拉机 热衷于 披毛求瑕 扼腕叹息
88363	这天 肝胆相照
8837	指示 掐指一算 衽革枕戈 捶胸顿足 排除万难
88371	衽革枕戈 陈陈相因
88372	指示 掐指一算 捶胸顿足 排除万难 拱手相让
88373	肝胆楚越
8838	指望 打招呼 捉襟见肘 抑扬顿挫 指手画脚
88381	雷霆一击
88382	指望 打招呼 捉襟见肘 抑扬顿挫 指手画脚
8839	我也 这也 拍下 陛下 山脚下
88391	我也 陛下 我手机上 雷霆万钧 乔龙画虎
88392	拍下 招手示意 挥霍无度 挑三检四
88393	这也 山脚下
884	阶段性 指挥部
8841	指着 挑雪填井 气势恢宏 隔三岔五 以攻为守
88411	隔三岔五
88412	指着 挑雪填井 拆白道字
88413	气势恢宏 以攻为守
8842	这场 我爸 摧折豪强 山摇地动 翻手为云
88421	我爸 翻手为云
88422	摧折豪强 指腹为婚 白衣公卿
88423	这场 山摇地动 朋比为奸
8843	这条 这款 这部 指挥部 白费心机
88431	阡陌纵横
88432	指挥部 白费心机 拉脱维亚 挥斥八极
88433	这条 这款 这部
8844	隐隐约约 捡拾垃圾 山崩地裂 白雪公主 阴雨绵绵
88441	隐隐约约 阴雨绵绵 袒露心声 翻然悔悟 哀哀欲绝
88442	捡拾垃圾 白雪公主 招降纳叛
88443	山崩地裂
8845	这句 我去 逝去 阶段性 攻击性
88451	我去 阶段性 雨露均沾 初露端倪 哀哀父母
88452	逝去 攻击性 担雪填河 拔山盖世
88453	这句 飘飘欲仙
8846	霸道 这块 陆续 这已经是 哀兵必败
88461	霸道 陆续 哀兵必败 袒露心扉 被褐怀玉
88462	描龙绣凤
88463	这块 这已经是 岸然道貌 肝胆欲碎
8847	这般 撒腿就跑 拔腿就跑 携手前行 袖手旁观
88471	袖手旁观
88472	撒腿就跑 拔腿就跑 携手前行
88473	这般
8848	摇摇欲坠 手脚并用 白露为霜 阴阳怪气 覆手为雨
88481	阴阳怪气 哀兵必胜
88482	摇摇欲坠 手脚并用 白露为霜 手脑并用 推襟送抱
88483	覆手为雨
8849	这就 我心 按需分配 推崇备至 摆袖却金
88491	我心
88492	按需分配 推崇备至 摆袖却金
88493	这就 山阴道上
885	这么多 打工人
8851	这件 哲学 阴沉 携带 这三个字
88511	阴沉 朱衣使者 褐衣蔬食
88512	哲学 携带 撒手人寰 指挥若定 拔山举鼎
88513	这件 这三个字
8852	我们 我会 崩溃 皎阳似火 隐隐作痛
88521	我们 我会 隐隐作痛 血脉偾张
88522	皎阳似火 持盈保泰 掉三寸舌
88523	崩溃 朋比作奸
8853	这么多事 把这件事 抗拒从严 这么多年 皓月千里
88531	三拜九叩
88532	把这件事 抗拒从严 皓月千里 择肥而噬
88533	这么多事 这么多年 脍炙人口
8854	这个 这位 这份 比例 衣衫蓝缕
88541	衣衫蓝缕 震撼人心
88542	撒手而去 挥斥方遒 拂袖而去 折损过半
88543	这个 这位 这份 比例 鹏抟鹢退
8855	这么多 指导学生 山山水水 岁月悠悠 肝胆俱全
88551	随随便便 雨露滋润 霍然而愈 翻山倒海 向隅而泣
88552	指导学生 拔毛济世 拉拉杂杂 排山倒海
88553	这么多 山山水水 岁月悠悠 肝胆俱全 这么多人
8856	推荐 以文会友 血气方刚 气血方刚 腌臜泼才
88561	血气方刚
88562	推荐
88563	以文会友 气血方刚 腌臜泼才
8857	打工人 这人 雨水 胭脂水粉 脱颖而出
88571	雨水 陈腔滥调
88572	打工人 投袂而起 拂袖而归
88573	这人 胭脂水粉 脱颖而出 肝肠寸断
8858	我能 阿拉伯 指导作用 补血益气 腰肌劳损
88581	我能 阿拉伯 补血益气 附肤落毛 隳肝沥胆
88582	指导作用 打拱作揖 披肝沥血 白白浪费 披霜带露
88583	腰肌劳损 肥肠满脑 以血洗血
8859	我倒 招摇过市 丢三落四 飘然而至 降龙伏虎
88591	我倒 丢三落四 降龙伏虎
88592	招摇过市
88593	飘然而至
8861	接近真实 斤斤自守 接近现实 三番两次 陶然自得
88611	斤斤自守 三番两次 陶然自得
88612	接近真实 接近现实
8862	我刚 拍卖 峣峣易缺 近段时间 需要时间
88621	我刚 近段时间 需要时间 奥援有灵
88622	拍卖 振振有辞 拍拍马屁
88623	峣峣易缺
8863	的阴影下 雨打风吹 集腋成裘 龙肝凤髓 揆文奋武
88631	雨打风吹 龙肝凤髓
88632	的阴影下 集腋成裘 揆文奋武
8864	我在 我自 阴影 打翻在地 文以载道
88641	我在 我自 阴影 零打碎敲
88642	打翻在地
88643	文以载道 肤白貌美
8865	这时 霜降时节 月白风清 拥兵自重 褒衣博带
88651	霜降时节 褒衣博带
88652	拥兵自重
88653	这时 月白风清 肝胆照人 改操易节 西山日薄
8866	三三两两 摇摇晃晃 零零碎碎 的的确确 据我所知
88661	三三两两 零零碎碎 霁月光风
88662	摇摇晃晃 的的确确 据我所知 看朱成碧
88663	气势磅礴 以升量石 岿然独存
8867	朋友 拍照 阴险狡诈 振振有词 捧腹大笑
88671	阴险狡诈
88672	拍照 振振有词 捧腹大笑
88673	朋友
8868	这是 拥有 我有 这才 我才
88681	我有 我才 我所 衽扱囊括 阴阳两隔
88682	拥有 排兵布阵 探幽索隐
88683	这是 这才
8869	陕西周至 披毛索靥 披毛索黡 扶摇直上 披毛戴角
88691	陕西周至
88692	披毛索靥 披毛索黡 扶摇直上 披毛戴角
887	这么说 抵抗力
8871	白手起家 巅峰对决 振聋发聩 以手加额
88712	白手起家 振聋发聩
88713	巅峰对决 以手加额
8872	这话 这番话 用功读书 朱陈之好 霜露之病
88721	用功读书 朱陈之好 霜露之病 雷霆之怒 隔岸观火
88722	据鞍读书
88723	这话 这番话
8873	这儿 批评 这回 抖擞精神 以我之见
88731	甩手掌柜
88732	批评 抖擞精神 扼腕长叹
88733	这儿 这回 以我之见 这么回事 肘腋之患
8874	我说 这么说 这等 我等 推陈出新
88741	我说 我等 衮衮诸公
88742	推陈出新
88743	这么说 这等 这么简单 肌肤之亲
8875	拍了 指甲 这对 抵抗力 攻击力
88751	除我之外
88752	拍了 指甲 抵抗力 攻击力 拔山超海
88753	这对 巅峰之作 乃我困汝
8876	我国 指出 这类 推出 霜露之感
88761	我国 霜露之感
88762	指出 推出
88763	这类
8877	褴褛筚路 肺腑之言 毛毛躁躁 握手言欢 比比划划
88771	褴褛筚路 险阻艰难
88772	握手言欢
88773	肺腑之言 毛毛躁躁 比比划划 股肱之力 岁月蹉跎
8878	这些 这边 比起 掀起 摧毁
88781	翻山越岭 丘山之功
88782	掀起 摧毁 挺胸叠肚 白费力气
88783	这些 这边 比起
8879	我辈 誓言 这让 斤斤计较 跫然足音
88791	我辈 斤斤计较
88792	誓言 跫然足音 指山说磨 据我了解
88793	这让
8881	我看 脾气 指挥 拍摄 霸气
88811	我看 霸气 阴气 隔山打牛 翻然改进
88812	指挥 拍摄 拥挤 挠腮撧耳 拔山扛鼎
88813	脾气
8882	指导用书 袒胸露背 覆雨翻云 损兵折将 随手拈来
88821	袒胸露背 随手拈来 隔靴搔痒 隔靴挠痒 隔靴抓痒
88822	指导用书 损兵折将 挑肥拣瘦 挑么挑六 持斋把素
88823	覆雨翻云
8883	这段 指控 接打手机 乃文乃武 批隙导窾
88832	指控 接打手机 批隙导窾 打击报复 扼襟控咽
88833	这段 乃文乃武 脱胎换骨
8884	折腾 近乎 手把手地 指导服务 巍然屹立
88841	近乎 三迭阳关
88842	折腾 手把手地 指导服务 披露腹心
88843	巍然屹立
8885	这么 指导 脂肪 指导售价 指导工作
88851	欣欣向荣 除我以外 三衅三浴
88852	指导 指导售价 指导工作 打捞工作 拉捭摧藏
88853	这么 脂肪 肝胆披沥 肠肥脑满 以指挠沸
8886	我的 拥抱 阴阳 指向 袭击
88861	我的 阴阳 袭击 血雨腥风
88862	拥抱 指向 搬斤播两 掂斤播两 手零脚碎
88863	比比皆是
8887	拆招 携手 胼胝手足 拆西补东 执鞭随蹬
88871	霞裙月帔 翻然改图
88872	拆招 携手 拆西补东 执鞭随蹬 扼腕抵掌
88873	胼胝手足 胼手胝足
8888	拍拍 崇山峻岭 挑挑拣拣 裸裎袒裼 披露肝胆
88881	裸裎袒裼 雷霆雨露 补血补气 衣袂飘飘 雾气腾腾
88882	拍拍 挑挑拣拣 披露肝胆 搭搭撒撒 白白朱朱
88883	崇山峻岭 岁月峥嵘 峥嵘岁月 毛手毛脚
8889	降脂降压 陕西三原 阴疑阳战 挑三拣四 推三阻四
88891	降脂降压 陕西三原 阴疑阳战
88892	挑三拣四 推三阻四 拉三扯四 挑三拨四
889	这么久 蛋白质
8891	我爱 褒衣危冠 三番四次 褕衣甘食 朱衣点头
88911	我爱 褒衣危冠 三番四次 褕衣甘食 朱衣点头
8892	比较 霸陵醉尉 隔靴爬痒 挑拨离间 这么麻烦
88921	霸陵醉尉 隔靴爬痒
88922	挑拨离间 排山压卵
88923	比较 这么麻烦 以售其奸
8893	这种 这点 指点 这么点 指导意见
88931	三翻四复
88932	指点 指导意见 皓月当空 插手其中 搜岩采干
88933	这种 这点 这么点
8894	推广 这么久 指导意义 掇拾章句 白衣秀士
88941	三岁小孩
88942	推广 指导意义 掇拾章句 白衣秀士 掉以轻心
88943	这么久 栗栗危惧
8895	我可 这可 拔毛连茹 披襟解带 操揉磨治
88951	我可 初露锋芒
88952	拔毛连茹 披襟解带 操揉磨治 摧陷廓清
88953	这可 以己度人 崎嵚历落
8896	折磨 指尖 蛋白质 搜集整理 升山采珠
88961	蛋白质 升山采珠 龙血玄黄 三朋四友
88962	折磨 指尖 搜集整理 抹月秕风
8897	毕竟 龙腾虎跃 三岁小儿 阿拉斯加 按兵束甲
88971	龙腾虎跃 三岁小儿 阿拉斯加
88972	按兵束甲
88973	毕竟
8898	披挂上阵 炙手可热 兜肚连肠
88982	披挂上阵 兜肚连肠
88983	炙手可热
8899	血腥镇压 兜兜转转 指指点点 工工整整 手脚麻利
88991	血腥镇压
88992	兜兜转转 指指点点 工工整整 手脚麻利 提要钩玄
88993	岌岌可危 山崩钟应
891	胜利者
8911	胜利果实 阿意取容 擅离职守
89111	阿意取容
89112	擅离职守
89113	胜利果实
8912	扶危定乱 比翼齐飞
89122	扶危定乱
89123	比翼齐飞
8913	报告 以利累形
89132	报告
89133	以利累形
8915	隐瞒 拼音字母
89151	隐瞒
89152	拼音字母
8916	摇头 胜利者
89162	摇头
89163	胜利者
8917	按迹循踪
89172	按迹循踪
8918	摔角选手 脱离实际 打虎牢龙
89182	摔角选手 打虎牢龙
89183	脱离实际
8919	衣租食税 三省吾身 脸色微变 以身饲虎
89191	衣租食税 三省吾身
89193	脸色微变 以身饲虎
892	比较好 胰岛素
8921	脆弱 找麻烦 焦虑不安
89212	找麻烦 焦虑不安
89213	脆弱
8922	鞠躬尽瘁 毛羽未丰 腰酸背痛 以其昏昏
89221	鞠躬尽瘁
89223	毛羽未丰 腰酸背痛 以其昏昏
8923	跫音不响
89232	跫音不响
8924	换弹 用来 换来 西装 服装
89241	用来 用尽 衣锦还乡 哀其不幸 防意如城
89242	换弹 换来 挥金如土 攻其不备 搔到痒处
89243	西装 服装 比较好 胰岛素
8925	打麻将 技压群芳
89252	打麻将 技压群芳
8926	阿姨 找上门 打虎不成 技压群雄 拾金不昧
89261	阿姨 阴虚火旺
89262	找上门 打虎不成 技压群雄 拾金不昧 焦金烁石
89263	气度不凡 胜负未知
8927	补充 扩张 比上不足 接受不了 接连不断
89271	补充
89272	扩张 接受不了 接连不断
89273	比上不足 胆小如鼠 胆小如鼷
8928	西北 廷争面折 手到病除 挺麻烦的 卑躬屈膝
89281	廷争面折
89282	手到病除 挺麻烦的 卑躬屈膝
89283	西北
8929	热岛效应 胆小如豆 阿尔及尔
89291	阿尔及尔
89292	热岛效应
89293	胆小如豆
893	以至于 血小板
8931	接受事实
89312	接受事实
8932	摸金校尉 以点概面 披麻救火
89322	摸金校尉 披麻救火
89323	以点概面
8933	文质彬彬 提醒一下 鹏程万里
89332	提醒一下
89333	文质彬彬 鹏程万里
8934	脑中 向上一级 三点一线 兵连祸结 掩其无备
89341	向上一级 三点一线 兵连祸结
89342	掩其无备 攻其无备 扭转干坤
89343	脑中 以锥刺地 岁序更新 山颓木坏 肥遁鸣高
8935	三角形 焦点事件 撞车事件 找点事做 项庄舞剑
89351	三角形 衣钵相传 阿甘正传
89352	焦点事件 撞车事件 找点事做 项庄舞剑 恐后无凭
8936	用于 报复 以至于 推销员 以小见大
89361	用于 褚小杯大
89362	报复 推销员 挠曲枉直
89363	以至于 以小见大
8937	授权 向上一路
89371	向上一路
89372	授权
8938	血小板的
89381	血小板的
8939	血小板 朱利叶斯 摇身一变 攻其一点 拈酸吃醋
89391	血小板 朱利叶斯
89392	摇身一变 攻其一点 拈酸吃醋
894	被称为 以色列
8941	接受预定 以身殉职 我醉欲眠 胆战心寒
89411	我醉欲眠
89412	接受预定
89413	以身殉职 胆战心寒
8942	报纸 山鹰纸业 比翼高飞
89422	报纸
89423	山鹰纸业 比翼高飞
8943	工程款 异彩纷呈 胆小怕事
89432	工程款
89433	异彩纷呈 胆小怕事
8944	脑子 裤子 胆战心惊 胆战心慌 指雁为羹
89441	裤子 阿斯塔纳
89442	指雁为羹
89443	脑子 胆战心惊 胆战心慌 胆颤心惊 以意逆志
8945	文章憎命 拈轻怕重
89452	拈轻怕重
89453	文章憎命
8946	月亮 隐约 报道 指鹿为马 褚小怀大
89461	隐约 褚小怀大
89462	报道 指鹿为马
89463	月亮
8947	服务 撕裂 被称为 以色列 要小心了
89471	被称为
89472	撕裂 捐躯殉国 击其惰归
89473	服务 以色列 要小心了 以身殉国 以意为之
8948	播音主持 胆战心摇
89482	播音主持
89483	胆战心摇
8949	用心 三四分钟 以战养战 以战去战
89491	用心 三四分钟
89493	以战养战 以战去战
895	我爱你 这种人
8951	这四个字 项上人头 披麻带孝 哀梨蒸食
89511	哀梨蒸食
89512	项上人头 披麻带孝
89513	这四个字
8952	衰当益壮 以点带面
89521	衰当益壮
89523	以点带面
8953	脑海 西方 的黎波里
89532	的黎波里
89533	脑海 西方
8954	抓住 挡住 报警 用法 月份
89541	用法 阵法 阿尔法 三贞九烈 朱轮华毂
89542	抓住 挡住 报警 换个 抽身而去
89543	月份 已臻化境
8955	报仇 服从 比较潮湿 脱离苦海 疑虑重重
89551	三四个人
89552	报仇 擦身而过
89553	服从 比较潮湿 脱离苦海 疑虑重重
8956	隐藏 以身作则 扭曲作直 操觚染翰 披麻带索
89561	隐藏 三占从二
89562	扭曲作直 操觚染翰 披麻带索
89563	以身作则
8957	脑袋 补偿 这种人 用人 股市涨跌
89571	补偿 用人 衣锦荣归
89572	挺身而出 扶危济困
89573	脑袋 这种人 股市涨跌 异度传说 比较而言
8958	陷入 扩散 换货 指点江山 三角洲的
89581	陷入 三角洲的 三战全胜 三四个月
89582	扩散 换货 指点江山 摸爬滚打 打躬作揖
89583	脸色苍白 股战而栗
8959	用途 我爱你 阳虚体质 随意放置 掐尖落钞
89591	用途 我爱你 阳虚体质 随意放置 防卫过当
89592	掐尖落钞 拈酸泼醋
896	毕竟是 比较大
8961	接受现实 披麻戴孝 龙章凤姿
89611	龙章凤姿
89612	接受现实 披麻戴孝
8962	换成 报到时间 投其所好 奥尔巴尼 改变现状
89621	奥尔巴尼 阿其所好 雷厉风飞
89622	换成 报到时间 投其所好 抚躬自问
89623	改变现状
8963	扩大 比较大 以上所述 胜利在望 附上罔下
89631	附上罔下 雪虐风饕
89632	扩大
89633	比较大 以上所述 胜利在望
8964	用户 月光 摆在 气急败丧 摧身碎首
89641	用户
89642	摆在 摧身碎首 扭转乾坤
89643	月光 气急败丧 气急败坏
8965	附庸风雅 降至最低 改辙易途
89651	附庸风雅 降至最低
89653	改辙易途
8966	障碍 摇晃 以小博大 血迹斑斑
89661	障碍 血迹斑斑
89662	摇晃
89663	以小博大
8967	孕期知识 改曲易调 雷厉风行 用其所长
89671	雷厉风行 用其所长
89673	孕期知识 改曲易调
8968	毕竟是 三四十岁 以身犯险 异曲同工 撒豆成兵
89681	三四十岁 阿斯马拉
89682	撒豆成兵
89683	毕竟是 以身犯险 异曲同工
8969	以上几种 摘金夺银 披罗戴翠 改辕易辙
89692	摘金夺银 披罗戴翠
89693	以上几种 改辕易辙
897	工程师
8971	抗衡 焦急等待 白底黑字 阿基米德
89711	阿基米德
89712	抗衡 焦急等待 白底黑字
8972	擅长 迭床架屋 比翼双飞
89721	迭床架屋
89722	擅长
89723	比翼双飞
8973	工程师 隔音符号
89731	隔音符号
89732	工程师
8974	褪后趋前 阽危之域 打小算盘
89741	褪后趋前 阽危之域
89742	打小算盘
8975	用力 掉了 换了 以身试法 比较简洁
89751	用力 阪上走丸 兵车之会
89752	掉了 换了 操身行世 项庄之剑 指点迷津
89753	以身试法 比较简洁
8976	衣香鬓影
89761	衣香鬓影
8977	抓紧 肤受之言 肤受之诉 以身许国 覆车之戒
89771	陷身囹圄
89772	抓紧 捐躯赴难
89773	肤受之言 肤受之诉 以身许国 覆车之戒 覆车之鉴
8978	雪上加霜 比较长的 掎角之势 挺鹿走险 峰峦叠嶂
89781	雪上加霜
89782	掎角之势 挺鹿走险 打铁趁热
89783	比较长的 峰峦叠嶂
8979	覆车之轨
89793	覆车之轨
8981	陷阱 我意已决 打小报告 拼音文字
89811	陷阱 我意已决
89812	打小报告 拼音文字
8982	挣扎 扼亢拊背 手到擒来 阿哥阿妹 三战三北
89821	阿哥阿妹 三战三北
89822	挣扎 扼亢拊背 手到擒来 措置裕如 手到拈来
8983	气煞我也 挟私报复
89832	挟私报复
89833	气煞我也
8984	摆脱 挣脱 向上向善 阴错阳差 搜章摘句
89841	向上向善 阴错阳差
89842	摆脱 挣脱 搜章摘句 白色恐怖 扬铃打鼓
8985	股市震荡 以少胜多 摘瓜抱蔓 拈轻掇重 随身携带
89851	随身携带 三四月份
89852	摘瓜抱蔓 拈轻掇重
89853	股市震荡 以少胜多 毛羽零落
8986	月的 抗拒 持危扶颠
89862	抗拒 持危扶颠
89863	月的
8987	用功 摆手 近期推出 插科打诨 腰金衣紫
89871	用功 近期推出
89872	摆手 插科打诨
89873	腰金衣紫
8988	降压降脂 批亢抵巇 毡上拖毛 胶原蛋白 热可炙手
89881	降压降脂
89882	批亢抵巇 热可炙手 摧锋陷阵
89883	毡上拖毛 胶原蛋白
8989	隐隐 摇摆 摇摇 阵阵 阿尔卑斯
89891	隐隐 阵阵 阿尔卑斯
89892	摇摆 摇摇 拐弯抹角 按摩按摩 抛到脑后
899	氨基酸 三轮车
8991	盈科后进 恐后争先
89912	恐后争先
89913	盈科后进
8992	三轮车
89921	三轮车
8993	这点小事 这种小事 比翼连枝
89933	这点小事 这种小事 比翼连枝
8994	朱镕基 脚尖点地 除魔卫道
89941	朱镕基 除魔卫道
89943	脚尖点地
8995	氨基酸 龙争虎斗
89951	龙争虎斗
89953	氨基酸
8996	月色 报酬 肥甘轻暖
89962	报酬
89963	月色 肥甘轻暖
8997	衣锦夜行
89971	衣锦夜行
8998	指尖上的 衣轻乘肥
89981	衣轻乘肥
89982	指尖上的
8999	三四季度 血战到底 三四点钟
89991	三四季度 血战到底 三四点钟
911	受害者
9113	战略目标
91132	战略目标
9114	甘井先竭
91143	甘井先竭
9115	积德累仁
91151	积德累仁
9116	受害者 连宵彻曙 音容宛在
91161	音容宛在
91162	受害者 连宵彻曙
9117	虚往实归
91173	虚往实归
9118	利害得失 积德累功
91181	利害得失 积德累功
912	到头来 转眼间
9122	市教育局 少头缺尾 虎头蛇尾 触目如故
91221	触目如故
91222	少头缺尾
91223	市教育局 虎头蛇尾
9123	利灾乐祸 金吾不禁
91231	利灾乐祸
91233	金吾不禁
9124	爱好 到头来 反老还童 返老还童 爱富嫌贫
91241	反老还童 返老还童
91242	爱好 到头来 爱富嫌贫
9125	鸟得弓藏
91251	鸟得弓藏
9126	转眼间 转瞬间 解决问题
91261	解决问题
91262	转眼间 转瞬间
9127	反眼不识 负德辜恩 解决不了
91271	反眼不识 负德辜恩 解决不了
9128	受教育 铁案如山 四目交投
91282	受教育 四目交投
91283	铁案如山
9129	战略支点
91292	战略支点
913	床头柜
9131	乌鲁木齐 废寝忘食
91311	乌鲁木齐 废寝忘食
9133	瓜田李下 稗官野史 解决一下 当头一棒 当头棒喝
91331	稗官野史 解决一下 意思一下 鹰瞵鹗视
91332	瓜田李下 当头一棒 当头棒喝
9134	利害相关 废寝忘餐 和睦相处
91341	利害相关 废寝忘餐 和睦相处
9135	解决事件 厮守一生
91351	解决事件 厮守一生
9136	床头柜
91361	床头柜
9137	科特迪瓦 四目相对
91371	科特迪瓦
91372	四目相对
9138	点头哈腰
91382	点头哈腰
9139	钻冰求酥 市井无赖
91393	钻冰求酥 市井无赖
914	小男孩 金字塔
9141	爱着 受着 小富即安
91412	爱着 受着 小富即安
9142	爱情 广告公司 斩头去尾
91421	广告公司
91422	爱情 斩头去尾
9143	削职为民 整军经武
91431	整军经武
91432	削职为民
9144	小兔子 虐老兽心 触目惊心 反客为主 触目恸心
91441	触目惊心 反客为主 触目恸心
91442	小兔子
91443	虐老兽心
9145	小男孩 金字塔 稳定性 战略性 可靠性
91451	稳定性 香象绝流
91452	小男孩 战略性
91453	金字塔 可靠性 身家性命
9146	当耳旁风
91462	当耳旁风
9148	转瞬即逝 针头线脑 小家子气 称臣纳贡
91481	称臣纳贡
91482	转瞬即逝 小家子气
91483	针头线脑
9149	爱心 和容悦色 身先士卒 躬先士卒 战略部署
91491	和容悦色
91492	爱心 战略部署
91493	身先士卒 躬先士卒
915	小家伙
9151	速冻水饺 顾盼生姿
91511	速冻水饺 顾盼生姿
9152	小家伙 雍容华贵 愁容满面 厚往薄来 连头带尾
91521	愁容满面 厚往薄来
91522	小家伙 连头带尾
91523	雍容华贵
9153	受伤 触目兴叹 戳脊梁骨
91531	触目兴叹
91532	受伤
91533	戳脊梁骨
9154	当家做主 受宠若惊 利害攸关 触物兴怀 广寒仙子
91541	利害攸关 触物兴怀 广寒仙子
91542	当家做主 受宠若惊 尘饭涂羹
9155	战略合作 四五个人 率先垂范 香象渡河 虎头燕颔
91551	香象渡河
91552	战略合作 四五个人
91553	率先垂范 虎头燕颔
9156	解决生理 当牛做马 轻徭薄赋
91561	解决生理
91562	当牛做马 轻徭薄赋
9157	爱人 受人 小眼薄皮 少安毋躁
91572	爱人 受人 小眼薄皮 少安毋躁
9158	受过 爱过 致畸作用 后进领袖 四五个月
91581	后进领袖
91582	受过 爱过 致畸作用 四五个月 连头带脑
9159	爱你 和颐酒店
91591	和颐酒店
91592	爱你
916	其实是 意思是
9161	厚德载物
91611	厚德载物
9162	小往大来
91622	小往大来
9163	受理 唐德影视 称家有无 厚德载福
91631	唐德影视 称家有无 厚德载福
91632	受理
9165	镇定自若 积微成著 反目成仇
91651	积微成著 反目成仇
91653	镇定自若
9166	小家碧玉 顾盼自雄 连宵达旦
91661	顾盼自雄
91662	小家碧玉 连宵达旦
9167	度德量力 小惩大诫
91671	度德量力
91672	小惩大诫
9168	其实是 意思是 小聪明 四五十岁 虚头巴脑
91681	意思是
91682	小聪明 四五十岁
91683	其实是 虚头巴脑
9169	犁牛骍角 迩安远至 后果自负
91691	犁牛骍角 迩安远至 后果自负
9171	市井之臣 市井之徒
91713	市井之臣 市井之徒
9172	转眼之间 转瞬之间 期颐之寿 点头之交 当头对面
91722	转眼之间 转瞬之间 点头之交 当头对面
91723	期颐之寿
9173	解决此事 私家园林 整齐划一 其实难副
91731	解决此事 私家园林 整齐划一
91733	其实难副
9174	解决之道 积德行善 返老归童 可取之处 犁牛之子
91741	解决之道 积德行善 返老归童 犁牛之子
91743	可取之处
9175	受了 久安长治
91751	久安长治
91752	受了
9176	爱国 音容笑貌 当耳边风
91761	音容笑貌
91762	爱国 当耳边风
9177	其实难符 点睛之笔 科头箕踞 科头跣足
91771	科头箕踞 科头跣足
91772	点睛之笔
91773	其实难符
9179	省审计厅 后进之秀
91791	后进之秀
91792	省审计厅
9182	金字招牌 锁定胜局 欺男霸女
91823	金字招牌 锁定胜局 欺男霸女
9183	历井扪天 少先队员
91831	历井扪天
91832	少先队员
9184	负老携幼 小兔崽子 爱得要死 瓜字初分
91841	负老携幼
91842	小兔崽子 爱得要死 瓜字初分
9185	四五月份 金龟换酒 爱鹤失众
91852	四五月份 爱鹤失众
91853	金龟换酒
9186	触目皆是
91861	触目皆是
9187	积案盈箱 虎卧龙跳
91871	积案盈箱
91873	虎卧龙跳
9188	爱我 曲折 连畴接陇 爬耳搔腮
91882	爱我 曲折 连畴接陇 爬耳搔腮
9189	期待已久 争先恐后 移宫换羽
91891	争先恐后 移宫换羽
91893	期待已久
919	称得上
9191	期待期待 反馈反馈 争取争取 铜头铁额
91911	反馈反馈 争取争取
91913	期待期待 铜头铁额
9192	少男少女 铜头铁臂 床头金尽
91921	床头金尽
91922	少男少女
91923	铜头铁臂
9193	爱上 称得上
91931	称得上
91932	爱上
9194	私家车主 钻头觅缝
91941	私家车主
91943	钻头觅缝
9195	率先受益 身家上亿 市井小人
91953	率先受益 身家上亿 市井小人
9196	称得上是
91961	称得上是
9197	受到 上得厅堂 错字连篇
91972	受到 上得厅堂
91973	错字连篇
9198	称德度功 废物利用 虎头虎脑
91981	称德度功 废物利用
91983	虎头虎脑
9199	私家车辆 愿者上钩 点头致意 基准利率 钻牛角尖
91991	私家车辆 愿者上钩
91992	点头致意
91993	基准利率 钻牛角尖
921	顾不得 皱眉头
9211	音乐教室 钻火得冰
92111	音乐教室
92113	钻火得冰
9212	危如累卵
92121	危如累卵
9213	铁面御史 反面教员 反面教材 鸟面鹄形
92131	反面教员 反面教材 鸟面鹄形
92133	铁面御史
9214	四书五经
92142	四书五经
9215	斩将搴旗
92152	斩将搴旗
9216	变得 顾不得 皱眉头 爱好者 乌云密布
92161	顾不得 皱眉头 乌云密布 后门进狼 秉烛待旦
92162	爱好者
92163	变得
9217	争取 整装待发 当局者迷 习故安常 乌飞兔走
92171	争取 整装待发 乌飞兔走 庞眉鹤发
92172	当局者迷 罪不容诛
92173	习故安常 虎不食儿
9219	迹象 种姓制度 弯弓饮羽
92191	种姓制度
92193	迹象 弯弓饮羽
922	小姑娘 后遗症
9221	皱眉 虚弱 岛瘦郊寒 虎尾春冰
92211	皱眉 岛瘦郊寒
92213	虚弱 虎尾春冰
9222	离婚 小妹妹 袅娜娉婷 愁眉不展 爱素好古
92221	袅娜娉婷 愁眉不展
92222	小妹妹 爱素好古
92223	离婚
9223	后遗症 其乐不穷 稍不留神
92231	后遗症 稍不留神
92233	其乐不穷
9224	小姑娘 魔鬼 斩尽杀绝 躬耕乐道 虚弱不堪
92241	香火不绝 香火姻缘 枭蛇鬼怪
92242	小姑娘 斩尽杀绝
92243	魔鬼 躬耕乐道 虚弱不堪
9225	麻痺不仁 金翅擘海 罚不责众 鸟尽弓藏 点灯熬油
92251	鸟尽弓藏
92252	罚不责众 点灯熬油 斩将刈旗
92253	麻痺不仁 金翅擘海 麻痹不仁
9226	夜不闭户 其疾如风
92263	夜不闭户 其疾如风
9227	委屈 变动 金属支架 上层建筑 原来如此
92271	委屈 原来如此 历来如此
92272	上层建筑 上交不谄
92273	变动 金属支架
9228	银装素裹 乌烟瘴气 争强好胜 稳如泰山 蛮烟瘴雨
92281	乌烟瘴气 争强好胜 稳如泰山
92283	银装素裹 蛮烟瘴雨 蛮烟瘴雾
9229	后来居上 席履丰厚 爱屋及乌 席丰履厚
92291	后来居上 席履丰厚 席丰履厚
92292	爱屋及乌
923	离不开
9231	移动互联 雀屏中选
92311	移动互联
92312	雀屏中选
9232	解弦更张 愁眉啼妆 夜静更阑
92321	解弦更张 愁眉啼妆
92323	夜静更阑
9233	当事 移动一下 金尽裘弊 金舌弊口 其乐无穷
92331	移动一下
92332	当事 少不更事
92333	金尽裘弊 金舌弊口 其乐无穷
9234	当中 彪炳史册 返来复去 罪魁祸首 小鬼遭殃
92341	返来复去 反面无情
92342	当中 罪魁祸首 小鬼遭殃
92343	彪炳史册 身不由主
9235	离开 变形 车里 离不开 软弱无能
92351	席门穷巷 秘不示人 积不相能
92352	车里 软弱无能 四面开花
92353	离开 变形 离不开 夜静更深 铁面枪牙
9236	委员 变更 秋天 当天 轰动一时
92361	委员 秋天
92362	当天 轰动一时
92363	变更
9237	离别 意乱神迷 软弱无力 稷蜂社鼠
92371	意乱神迷 稷蜂社鼠
92372	软弱无力
92373	离别
9238	当年 虚空 虚无 身不由己 上烝下报
92382	当年 上烝下报
92383	虚空 虚无 身不由己
9239	剩下 底下 当下 争吵 钟灵毓秀
92391	剩下 底下 争吵
92392	当下 四面楚歌 上好下甚
92393	钟灵毓秀 铁面无私
924	小女孩
9241	魔兽 急着
92411	急着
92413	魔兽
9242	当场 虚幻 置业公司 战火纷飞 香闺绣阁
92421	香闺绣阁
92422	当场 置业公司 战火纷飞
92423	虚幻
9243	急忙 当地 底线 少不经事 上不着天
92431	急忙 底线
92432	当地 少不经事 上不着天
9244	车子 较高 负面情绪 束装就道
92441	负面情绪 束装就道
92442	车子 较高
9245	离去 小女孩 急性 原始部落 身居高位
92451	急性 原始部落
92452	小女孩 四面八方
92453	离去 身居高位
9246	负驽前驱 可不就是 稳如磐石
92461	负驽前驱 稳如磐石
92463	可不就是
9247	变为 急剧增长 意乱情迷 麻烦死了
92471	急剧增长 意乱情迷
92473	变为 麻烦死了
9248	当前 皱纹 虚张声势 程门立雪 愁云惨雾
92481	皱纹 程门立雪 愁云惨雾
92482	当前
92483	虚张声势 恋奸情热
9249	当即 车站 后不着店
92491	后不着店
92492	当即 车站
925	负责人 负责任
9251	当作 小动作 移动优先 音乐世家 小姨多鹤
92511	移动优先 音乐世家 反面人物 负屈含冤 愁眉泪眼
92512	当作 小动作 小姨多鹤
92513	铺眉苫眼 夜不能寐 铺眉蒙眼
9252	当做 虚假 当今 顾不过来 夜阑人静
92521	顾不过来
92522	当做 当今
92523	虚假 夜阑人静 身强体壮 金屋藏娇 彪炳千古
9253	当他 歌剧演员 久居人下 争妍斗丽 废书而叹
92531	久居人下 争妍斗丽 废书而叹
92532	当他
92533	歌剧演员
9254	魔法 虚伪 镇静舒缓
92543	魔法 虚伪 镇静舒缓
9255	较多 酣痛淋漓 蛮来生作 应运而生 厚古薄今
92551	应运而生 厚古薄今 席门蓬巷
92552	较多 酣痛淋漓 酣嬉淋漓 四郊多垒 采及葑菲
92553	蛮来生作
9256	金运激光 少不入川 酸甜苦辣 四姻九戚
92562	少不入川 酸甜苦辣 四姻九戚
92563	金运激光
9257	负责人 恋人 当代 急促 小女生
92571	负责人 急促 梨眉艾发 历尽沧桑
92572	当代 小女生 战不旋踵
92573	恋人 摩顶放踵
9258	变化 负责任 音乐学系 解毒作用 虎背熊腰
92581	负责任 音乐学系 解毒作用 愁眉苦脸 负面作用
92582	轻如鸿毛 酸不溜丢
92583	变化 虎背熊腰 铺张浪费
9259	当你 剩余 转不过弯 甘居人后 辙乱旗靡
92591	剩余
92592	当你 转不过弯 辙乱旗靡
92593	甘居人后
926	可不是
9261	当真 魔王 夜不成寐 爱如珍宝
92612	当真 爱如珍宝
92613	魔王 夜不成寐
9262	变成 当成 秋风 移动友好 离群索居
92621	秋风 移动友好 急如星火
92622	当成
92623	变成 离群索居 麻姑献寿 身娇肉贵
9263	较大 负面影响 可不是吗 鸾飞凤舞
92631	负面影响
92632	较大
92633	可不是吗 鸾飞凤舞
9264	变态 利不亏义 小姑独处
92641	利不亏义
92642	小姑独处
92643	变态
9265	当时 争夺 金属光泽 彩云易散 斩将夺旗
92651	争夺 厦门大学 久闻大名
92652	当时 彩云易散 斩将夺旗
92653	金属光泽
9266	久病成医 鸾交凤友 连昏达曙 其乐融融 席不暇暖
92661	久病成医 席不暇暖 和如琴瑟
92662	连昏达曙
92663	鸾交凤友 其乐融融
9267	遥远 妥协 当日 庞眉黄发 变古易常
92671	庞眉黄发
92672	遥远 妥协 当日
92673	变古易常
9268	可不是 市属医院 基层医院 靡不有初 危如朝露
92681	危如朝露 急不暇择
92683	可不是 市属医院 基层医院 靡不有初 销魂夺魄
9269	后不巴店 欺君罔上 麻痹大意 金浆玉醴
92691	后不巴店
92693	欺君罔上 麻痹大意 金浆玉醴
927	受不了 少不了
9271	连鳌跨鲸 夜不归宿 负屈衔冤
92711	负屈衔冤
92712	连鳌跨鲸
92713	夜不归宿
9272	市建设局 市运管局 负面因素 身强力壮 小女儿状
92721	负面因素
92722	小女儿状
92723	市建设局 市运管局 身强力壮
9273	离弦走板
92733	离弦走板
9274	争议 香火因缘 久留之地 金印紫绶 可贵之处
92741	争议 香火因缘 久留之地
92742	小鬼难缠
92743	金印紫绶 可贵之处
9275	变了 受不了 急了 少不了 夜尿频多
92751	急了
92752	受不了 少不了 轻装简从 小丑跳梁
92753	变了 夜尿频多
9276	历尽艰辛 蛮不讲理
92761	历尽艰辛
92763	蛮不讲理
9277	整装出发 罪责难逃 欺君误国 反间之计
92771	整装出发 反间之计
92772	罪责难逃
92773	欺君误国
9278	爱不忍释
92782	爱不忍释
9279	欺君之罪 基希讷乌 后来之秀
92791	后来之秀
92793	欺君之罪 基希讷乌
928	虞书欣 金不换
9281	争气 置业投资
92811	争气
92812	置业投资
9282	鸟不拉屎 锄强扶弱 四不拗六
92821	鸟不拉屎
92822	四不拗六
92823	锄强扶弱
9283	虞书欣 色不异空 上屋抽梯
92831	色不异空
92832	上屋抽梯
92833	虞书欣
9284	变革 金蝉脱壳 庞眉皓首
92841	庞眉皓首
92843	变革 金蝉脱壳
9286	当然 连昏接晨 酸不拉几 当门抵户 和璧隋珠
92861	和璧隋珠
92862	当然 连昏接晨 酸不拉几 当门抵户
9287	当初 音乐导师 急张拘诸 庞眉皓发 庞眉白发
92871	音乐导师 急张拘诸 庞眉皓发 庞眉白发
92872	当初 爱如己出
9288	委托 音乐指导 乳间股脚 爱不释手 唐古拉山
92881	委托 音乐指导 唐古拉山
92882	乳间股脚 爱不释手
9289	金不换 反面文章 斩妖除魔 铺张扬厉
92891	反面文章
92892	斩妖除魔
92893	金不换 铺张扬厉
929	顾不上 甘肃省
9291	恋爱 原始积累 急不可待 可不可靠 庖丁解牛
92911	原始积累 急不可待 庖丁解牛 愁眉锁眼
92912	罪不可逭
92913	恋爱 可不可靠
9292	四面受敌 遥不可及 曲尽其妙 酸痛酸痛
92922	四面受敌 遥不可及 曲尽其妙 酸痛酸痛
9293	车上 顾不上 魔鬼身材 曲不离口 酸甜可口
92931	顾不上
92932	车上 曲不离口 酸甜可口
92933	魔鬼身材
9294	金属原子 至始至终 点来点去 转来转去 习不习惯
92942	至始至终 点来点去 转来转去
92943	金属原子 习不习惯 铁壁铜墙
9295	秉烛夜游 急不可耐 可不可能 锻炼身体 厝火积薪
92951	秉烛夜游 急不可耐 厝火积薪
92953	可不可能 锻炼身体 镕古铸今
9296	车辆 秤不离砣
92961	秤不离砣
92962	车辆
9297	私交甚笃 摩顶至足 广譬曲谕 愿闻其详 秉烛夜话
92971	私交甚笃 广譬曲谕 愿闻其详 秉烛夜话
92973	摩顶至足 摩顶至踵
9298	急速 甘肃省 急剧上升 轻装上阵 可不可以
92981	急速 急剧上升
92982	轻装上阵
92983	甘肃省 可不可以 铁壁铜山
9299	愿不愿意 锐不可当 软弱可欺 罚不当罪 卜昼卜夜
92991	愿不愿意
92992	软弱可欺 罚不当罪 卜昼卜夜
92993	锐不可当 锋不可当
931	上一次
9311	虎视眈眈 钟鸣鼎食 积极进取
93111	积极进取
93113	虎视眈眈 钟鸣鼎食
9312	厉害 鸟焚鱼烂 钻木取火 危于累卵
93121	厉害 鸟焚鱼烂 危于累卵
93123	钻木取火
9313	上次 后果 上一次 离本徼末 庄严宝相
93131	后果 庄严宝相
93132	上次 上一次
93133	离本徼末
9314	积累 上眼 上下齐心 少年得志
93141	积累
93142	上眼 上下齐心 少年得志
9315	床下牛斗 曲突徙薪 雁杳鱼沉
93151	床下牛斗 雁杳鱼沉
93152	曲突徙薪
9316	点头 后者 少年老成
93161	后者
93162	点头 少年老成
9317	战略 采取 积极实践
93171	积极实践
93172	战略 采取
9318	积年累月 利弊得失
93181	积年累月 利弊得失
9319	锦标赛上 连更彻夜 轻松写意 欺下瞒上
93192	连更彻夜 轻松写意
93193	锦标赛上 欺下瞒上
9321	软弱 鹿裘不完 习焉不察 后无来者 忐忑不安
93211	鹿裘不完 后无来者 久悬不决
93212	软弱 忐忑不安 忐忑不定
93213	习焉不察
9322	连天烽火 战无不克
93222	连天烽火 战无不克
9323	上司
93232	上司
9324	后来 上来 上古 稔恶不悛 磨形炼性
93241	后来 稔恶不悛
93242	上来 上古 爱民如子
93243	磨形炼性 恋栈不去
9325	反正还淳 麻木不仁 意下如何 反朴还淳 返本还源
93251	反正还淳 意下如何 反朴还淳 返本还源 返朴还淳
93253	麻木不仁
9326	上面 后面 上门 铁板不易 返本还元
93261	后面 返本还元 返朴还真
93262	上面 上门 采椽不斫
93263	铁板不易 亦复如是
9327	基本建设 上一张图 庆吊不行 暂且不论 广开门路
93271	庆吊不行 广开门路
93272	上一张图 暂且不论 上无片瓦 上下交困
93273	基本建设 钳口不言
9328	点燃 彩虹 后背 战无不胜
93281	后背
93282	点燃 彩虹 战无不胜
9329	意想不到 庄严肃穆 历史遗迹 返本还原
93291	意想不到 庄严肃穆 历史遗迹 返本还原
933	某一天 私下里
9331	基于事实 稳中求进
93311	稳中求进
93313	基于事实
9332	积极 积极开展 黎民百姓 金口木舌
93321	积极 积极开展 黎民百姓
93323	金口木舌
9333	其中一员 小事一桩 其味无穷 罗里吧嗦 哥本哈根
93331	稀里哗啦 后患无穷 反咬一口
93332	小事一桩 罗里吧嗦
93333	其中一员 其味无穷 哥本哈根 歌楼舞榭
9334	上述 和平 桌椅板凳 市救助站 转型正义
93341	和平
93342	上述 桌椅板凳 转型正义 轻松晋级 上下一心
93343	市救助站 铁板一块
9335	私下里 历史极值 历史事件 和平年代 上吐下泻
93351	私下里 历史极值 历史事件 和平年代 质朴无华
93352	上吐下泻 四下无人
93353	铁树开花 其中一个 铁树开华
9336	上天 上午 后天 某一天 小中见大
93361	后天 急于求成 后福无量
93362	上天 上午 小中见大 上下求索
93363	某一天 蛮横无理 可见一斑
9337	上楼 上窜下跳 稀松平常 反复无常 反唇相讥
93371	稀松平常 反复无常 反唇相讥
93372	上楼 上窜下跳 上天无路
9338	上空 市一中院 香格里拉 香喷喷的 其鸣也哀
93381	香格里拉 香喷喷的 急于事功
93382	上空
93383	市一中院 其鸣也哀
9339	上下 遥相呼应 反唇相稽
93391	反唇相稽
93392	上下 遥相呼应
934	意味着 历史性
9341	上帝 意味着 连枝并头 移樽就教 厚禄高官
93411	意味着 移樽就教 厚禄高官 逶迤退食
93412	上帝 连枝并头
9342	战场 上级 质检总局 车无退表 摩口膏舌
93421	质检总局 积极主动
93422	战场 上级 车无退表
93423	摩口膏舌 钳口结舌
9343	后悔 其中缘由 反听收视 连枝分叶 转祸为福
93431	后悔 反听收视
93432	连枝分叶 转祸为福 削木为吏 上楼去梯
93433	其中缘由
9344	种子 积极分子 称兄道弟 置于死地 畜妻养子
93441	种子 积极分子 称兄道弟 和平主义 遮天盖地
93442	置于死地 轰天烈地 轻松愉快 转嗔为喜 轰天裂地
93443	畜妻养子 铺天盖地 虚无缥缈 锦天绣地
9345	上去 历史性 积极性 种植条件 广夏细旃
93451	历史性 积极性 种植条件 广夏细旃
93452	上去 小本经营 轻裘缓带 四野八荒
93453	基本条件
9346	后续 习与性成 软裘快马
93461	后续
93462	软裘快马
93463	习与性成
9347	战士 当机立断 磨叽死了
93472	战士 当机立断
93473	磨叽死了
9348	后退 上前 小兄弟 离析分崩 身无分文
93481	后退
93482	上前 小兄弟 曲里八拐
93483	离析分崩 身无分文
9349	点心 市中心 斯里兰卡 四平八稳 上年结转
93492	点心 四平八稳 上年结转
93493	市中心 斯里兰卡 率由旧章
935	当事人 委员会
9351	上学 软件 历史学家 轻视傲物 连枝共冢
93511	历史学家 积极营造
93512	上学 软件 轻视傲物 连枝共冢
9352	委员会 稔恶藏奸 广见洽闻 某一方面 上下浮动
93521	委员会 稔恶藏奸 广见洽闻
93522	上下浮动 轻嘴薄舌 尖嘴薄舌 轻口薄舌
93523	某一方面 钟鸣漏尽
9353	战斗 和他 上海 后方 上方
93531	和他 后方 种族 积极参与 解民倒悬
93532	战斗 上海 上方 连根带梢 连枝带叶
93533	离本依末 铁树花开
9354	某个 基本法 店员介绍 少见多怪 久别重逢
93541	店员介绍 久别重逢 和平共处
93542	少见多怪 战天斗地 上天入地
93543	某个 基本法 钻穴逾墙
9355	历史渊源 危机重重 鸟啼花怨 虎口余生 庸中佼佼
93551	历史渊源 危机重重 鸟啼花怨 庸中佼佼 鸟啼花落
93553	虎口余生
9356	稍事休息 急中生智 离析涣奔 可想而知 遮天蔽日
93561	稍事休息 急中生智 遮天蔽日
93562	当刑而王 爬梳洗剔
93563	离析涣奔 可想而知
9357	当事人 卫生 某人 上人 意味深长
93571	意味深长 反裘伤皮 触机便发
93572	当事人 上人 小事化了
93573	卫生 某人
9358	租赁 省吃俭用 轻于鸿毛 历史沿革 连吹带捧
93581	租赁 历史沿革
93582	省吃俭用 轻于鸿毛 连吹带捧
93583	铁桶江山
9359	和你 磨杵作针 小本生意
93591	和你
93592	小本生意
93593	磨杵作针
936	上下班
9361	基于现实
93613	基于现实
9362	上网 利喙赡辞 上下同门 轻松自如 急于星火
93621	利喙赡辞 急于星火
93622	上网 上下同门 轻松自如
9363	金枝玉叶 鸟哭猿啼 铁窗风味 反听内视 摩天大楼
93631	鸟哭猿啼 反听内视 鸟穷则啄
93633	金枝玉叶 铁窗风味 摩天大楼
9364	连天匝地 上下同心 连下两城 欺天罔地 爱礼存羊
93642	连天匝地 上下同心 连下两城 爱礼存羊
93643	欺天罔地
9365	解析几何 彪形大汉 金榜题名 罪恶昭著 欺天罔人
93651	解析几何 应天顺人
93652	罪恶昭著
93653	彪形大汉 金榜题名 欺天罔人 虎啸风生
9366	采购 上下左右 返视内照 返本朝元 移天易日
93661	返视内照 返本朝元 移天易日 乌焉成马
93662	采购 上下左右
9367	上班 上下班 金口玉言 鹰视狼步 广开才路
93671	鹰视狼步 广开才路
93672	上班 上下班
93673	金口玉言
9368	上有 占有 市一医院 市中医院 其中尤以
93681	稽查大队 稳中有升 整形医院
93682	上有 占有 省中医院 爬梳剔抉 连枝同气
93683	市一医院 市中医院 其中尤以
9369	历史最久 基里巴斯 鹯视狼顾 枭视狼顾 连更晓夜
93691	历史最久 枭视狼顾 庶民同罪 争权夺利 鹰视狼顾
93692	连更晓夜 连更星夜 上年同期 罪恶昭彰
93693	基里巴斯 鹯视狼顾 磨棱刓角 摩天大厦 铁杵成针
937	原材料 委员长
9371	上课 身无长物
93712	上课
93713	身无长物
9372	委员长 积极因素 瓜李之嫌 钗横鬓乱
93721	委员长 积极因素
93722	瓜李之嫌
93723	钗横鬓乱
9373	罚一劝百 离本趣末 其中之一
93732	罚一劝百
93733	离本趣末 其中之一
9374	音响设备 亢极之悔 金无足赤 欺天诳地 反哺之情
93741	音响设备 反哺之情
93742	少年儿童
93743	亢极之悔 金无足赤 欺天诳地 身无长处
9375	点了 采访 某甲 原材料 稀里糊涂
93751	原材料 稀里糊涂
93752	点了 采访
93753	某甲 虎口逃生 镜里观花
9376	种类 厘米 返朴归真 反朴归真
93761	种类 厘米 返朴归真 反朴归真
9377	和尚 原型设计 急救常识 后事之师 广开言路
93771	和尚 原型设计 急救常识 后事之师 广开言路
93772	转一圈儿
9378	上诉 某些 和谐 床边 其中又以
93781	和谐 床边 反求诸己
93782	上诉 较武论文
93783	某些 其中又以
9379	罪与非罪 反哺之私 变本加厉
93791	反哺之私
93792	罪与非罪
93793	变本加厉
9381	磨昬抉聩
93813	磨昬抉聩
9382	占据 稳中向好 反正拨乱 积极推动 鸟枪换炮
93821	稳中向好 反正拨乱 积极推动 鸟枪换炮 厚味腊毒
93822	占据
93823	虚嘴掠舌
9383	移植手术 削株掘根 歌舞升平 上树拔梯
93831	移植手术
93832	削株掘根 上树拔梯
93833	歌舞升平
9384	反复推敲 唐突西子
93841	反复推敲 唐突西子
9385	战队 战胜 上升 上机操作 稔恶盈贯
93851	稔恶盈贯 稳吃三注 唐突西施
93852	战队 战胜 上升 上机操作
93853	虎口拔牙 虎穴龙潭 钻天打洞 虎窟龙潭
9386	点击 上下打量 鸟枪换砲 连昬接晨 连中三元
93861	鸟枪换砲
93862	点击 上下打量 连昬接晨 连中三元 轻裘肥马
93863	甚于防川
9387	连根拔起 斩木揭竿
93872	连根拔起 斩木揭竿
9388	和我 原形毕露 虎口脱险
93881	和我 原形毕露
93883	虎口脱险
9389	采用 占用 积极向上 私相授受 曲里拐弯
93891	积极向上 私相授受
93892	采用 占用 曲里拐弯 连枝比翼
939	基本上 历史上
9391	鹰嘴鹞目
93911	鹰嘴鹞目
9392	战争 上车 虚与委蛇 可口可乐 钉嘴铁舌
93922	战争 上车
93923	虚与委蛇 可口可乐 钉嘴铁舌 铁板铜弦 铜唇铁舌
9393	点点 某某 床上 某种 种种
93931	床上 种种 历史上
93932	点点 叔叔 少一点 遥想当年
93933	某某 某种 基本上 铁板歌喉
9394	程序 后期 利析秋毫 镂骨铭心
93941	程序 后期 利析秋毫
93943	镂骨铭心
9395	程度 豆腐 市政府 历史积淀 危机四伏
93951	程度 历史积淀 危机四伏 反裘负薪
93952	爱别离苦
93953	豆腐 市政府 铁嘴钢牙
9396	基本上是 磨穿铁砚 铁板铜琶
93963	基本上是 磨穿铁砚 铁板铜琶
9397	上市 积极应诉 连里竟街
93971	积极应诉
93972	上市 连里竟街
9398	和解 上下其手 某年某月 虎视鹰扬 磨穿铁鞋
93981	和解
93982	上下其手
93983	某年某月 虎视鹰扬 磨穿铁鞋
9399	后视镜 上一季度 座无虚席 甚嚣尘上 铁板钉钉
93991	后视镜 座无虚席 反裘负刍
93992	上一季度
93993	甚嚣尘上 铁板钉钉 铁骨铮铮 铁中铮铮 铁画银钩
9411	其实 整齐 甘心瞑目
94111	整齐
94113	其实 甘心瞑目
9412	连编累牍 轹釜待炊
94122	连编累牍 轹釜待炊
9413	广告 其次 鸟为食亡 金鼓齐鸣
94131	广告 鸟为食亡
94133	其次 金鼓齐鸣
9414	意思 期待 秘密 期盼 离经畔道
94141	意思 秘密
94142	四分五裂
94143	期待 期盼 离经畔道 甘贫守分
9415	率兽食人 鸟惊鱼溃 鸟惊鱼散
94151	鸟惊鱼溃 鸟惊鱼散
94153	率兽食人
9416	玄德 致死剂量 久惯牢成 枭心鹤貌 久经考验
94161	久惯牢成 枭心鹤貌 久经考验 鸟惊鱼骇
94162	致死剂量
94163	玄德
9417	压制 率先 上前制止 邹缨齐紫
94171	压制 邹缨齐紫
94172	上前制止
94173	率先
9418	其它 种子选手
94181	种子选手
94183	其它
942	皱着眉
9421	皱着眉 甘死如饴 皱着眉头 离乡背井
94211	皱着眉 皱着眉头
94213	甘死如饴 离乡背井
9422	基层 秘书 身心交瘁 原封不动 后悔不及
94221	秘书 原封不动 后悔不及
94223	基层 身心交瘁 身心交病
9423	科纳克里 彰善瘅恶
94231	科纳克里 彰善瘅恶
9424	应收尽收 离乡背土 当着不着 急公好义 连绵不绝
94241	应收尽收 急公好义 庆父不死
94242	当着不着 连绵不绝 爱恨交织 至死不悟
94243	离乡背土 甘贫乐道
9425	广阔 转子引擎 至死不渝 曲终奏雅 甘心如荠
94251	广阔
94252	转子引擎 至死不渝 曲终奏雅
94253	甘心如荠
9426	期间 离死不远
94263	期间 离死不远
9427	习总书记 身怀六甲 连续不断 连绵不断 爱恨交加
94272	连续不断 连绵不断 爱恨交加
94273	习总书记 身怀六甲
9428	尘土飞扬
94282	尘土飞扬
9429	射线装置 称心如意 至死不变 可心如意
94291	称心如意
94292	至死不变
94293	射线装置 可心如意
943	上半年
9431	厚颜无耻 离乡别井
94311	厚颜无耻
94313	离乡别井
9432	意味 至极 魔高一尺 乌兹别克 后悔无及
94321	意味 乌兹别克 后悔无及
94322	至极
94323	魔高一尺
9433	基本 魔高一丈 锣鼓喧天 席卷天下 锥心刺骨
94331	席卷天下
94333	基本 魔高一丈 锣鼓喧天 锥心刺骨 其道无由
9434	其中 金地中心 原子吸收 虚惊一场 离情别绪
94341	原子吸收
94343	其中 金地中心 虚惊一场 离情别绪 恋新忘旧
9435	意见 致死事件 错综复杂 枭首示众 后继无人
94351	意见 枭首示众 后继无人
94352	致死事件
94353	错综复杂 锦绣年华 甘处下流
9436	至于 整天 基于 上情下达 秋毫无犯
94361	整天 秋毫无犯
94362	至于 上情下达 至亲骨肉
94363	基于
9437	曲线救国 稍逊一筹 变幻无常 后继无力
94371	稍逊一筹 后继无力
94372	曲线救国
94373	变幻无常
9438	期望 上半年 罗织构陷 铁心木肠
94382	上半年 罗织构陷
94383	期望 铁心木肠
9439	身经百战 其道亡繇 至高无上 移情别恋 当地政府
94391	移情别恋 秉公无私
94392	至高无上 当地政府
94393	身经百战 其道亡繇
944	小孩子 小公主
9441	铝坨坨 称孤道寡
94411	称孤道寡
94413	铝坨坨
9442	意义 广场 税务总局 甘心首疾
94421	意义 广场 税务总局
94423	甘心首疾
9443	基地 市场商机 欺善怕恶 锦心绣口
94433	基地 市场商机 欺善怕恶 锦心绣口
9444	意志 小孩子 银子 广结善缘 可怜兮兮
94441	意志 广结善缘 鸟声兽心 后半部分 广结良缘
94442	小孩子 上半部分
94443	银子 可怜兮兮 离经叛道
9445	尘埃 习惯性 连续性 占道经营 省级单位
94451	席卷八荒 秋收冬藏
94452	尘埃 连续性 占道经营 省级单位
94453	习惯性 身死道消 歌声绕梁
9446	小公主 酌情处理 爱憎分明 压良为贱
94461	压良为贱
94462	小公主 酌情处理 爱憎分明
9447	身残志坚 返辔收帆 励志竭精 轻声细语
94471	返辔收帆 励志竭精
94472	轻声细语
94473	身残志坚
9448	稍纵即逝 移船就岸 亢心憍气 少纵即逝 锦心绣肠
94481	稍纵即逝 移船就岸 积土为山 鸟道羊肠
94482	少纵即逝
94483	亢心憍气 锦心绣肠 其心必异
9449	至尊 甘心 和颜悦色 甘心情愿 甘心情原
94491	和颜悦色 称心快意 负心违愿
94492	至尊 四亭八当
94493	甘心 甘心情愿 甘心情原 锦绣前程
945	市场化 当地人
9451	身兼多职 尘埃落定 金瓶落井
94512	尘埃落定
94513	身兼多职 金瓶落井
9452	至今 尘世 后悔莫及 身心俱疲 意志薄弱
94521	后悔莫及 意志薄弱
94522	至今 尘世
94523	身心俱疲
9453	其他 整体 致命 致使 铭心刻骨
94531	整体 广土众民 席地幕天
94532	致命 致使
94533	其他 铭心刻骨 镂心刻骨
9454	整个 四级伤残 利欲熏心 久经沙场 虚怀若谷
94541	整个 利欲熏心 久经沙场 反经合义 意欲何为
94542	四级伤残
94543	虚怀若谷
9455	点亮生活 瓜熟蒂落 至死方休 久怀慕蔺 配享从汜
94551	久怀慕蔺 私心杂念 席地而坐
94552	点亮生活 瓜熟蒂落 至死方休 配享从汜 上帝保佑
94553	铜壶滴漏 变幻莫测 金城汤池
9456	意境深远 小道消息 广为人知 利绾名牵 铜盘重肉
94561	意境深远 广为人知 利绾名牵
94562	小道消息
94563	铜盘重肉
9457	当地人 庆典仪式 整场演出 邯郸重步 邯郸学步
94571	庆典仪式 整场演出 席卷而逃
94572	当地人
94573	邯郸重步 邯郸学步 金谷酒数
9458	广泛 市场化 至关重要 至为重要 锦绣河山
94581	广泛
94582	至关重要 至为重要
94583	市场化 锦绣河山 金盆洗手 身心俱损
9459	意外 季节 其余 省级重点 省级优秀
94591	意外 季节 利缰名锁 称心满意 积善余庆
94592	省级重点 省级优秀 爱新觉罗
94593	其余 市级重点 钩心斗角 身心健康 虚情假意
9461	积善成德 钦差大臣 鸾翔凤翥
94611	积善成德
94613	钦差大臣 鸾翔凤翥
9462	稀土元素 上场时间 金童玉女 积忧成疾 车殆马烦
94621	稀土元素 积忧成疾
94622	上场时间 车殆马烦
94623	金童玉女
9463	整理 广大 省级财政 市级财政 市场时机
94631	整理 广大 色即是空
94632	省级财政 上缴财政 软红十丈
94633	市级财政 市场时机 鸾孤凤只 锥处囊中
9464	压在 当着矬子 离经辨志
94641	压在
94642	当着矬子
94643	离经辨志
9465	采兰赠芍 后继有人 欺公罔法 采兰赠药 雁塔题名
94651	后继有人 雁塔题名
94652	采兰赠芍 采兰赠药
94653	欺公罔法 金声玉润
9466	虎码 欺骗 广州 夜郎自大 邯郸匍匐
94661	广州 香培玉琢
94663	虎码 欺骗 夜郎自大 邯郸匍匐 可怜巴巴
9467	基础 四处奔走 磨盘两圆 翠绕珠围
94672	四处奔走
94673	基础 磨盘两圆 翠绕珠围
9468	其所 上级医院 市级医院 金声玉振 危地马拉
94681	危地马拉 乌兰巴托 久经风霜
94682	上级医院 斩关夺隘
94683	其所 市级医院 金声玉振 鸾翔凤集 铁心石肠
9469	销声匿迹 争分夺秒
94691	争分夺秒
94693	销声匿迹
947	意志力 小孩儿
9471	战地记者 质地坚实
94711	质地坚实
94712	战地记者
9472	束缊请火 季孟之间 卓立鸡群 意志坚强 连城之璧
94721	束缊请火 季孟之间 意志坚强
94722	卓立鸡群 连城之璧
94723	金兰之契
9473	意识 小孩儿 四分之一 庚癸频呼 庚癸之呼
94731	意识 庚癸频呼 庚癸之呼 鸟惊鼠窜 秋毫之末
94732	小孩儿 四分之一 当立之年
9474	意图 小心谨慎 后半辈子 爱美之心 上半辈子
94741	意图 后半辈子 季孙之忧
94742	小心谨慎 爱美之心 上半辈子
9475	压力 罢了 久了 意料 意志力
94751	压力 久了 意料 意志力
94752	罢了 连绵起伏
94753	金壶墨汁 率土之滨
9476	基因 压线行驶 质地坚硬 秉公办理 金兰之友
94761	压线行驶 质地坚硬 秉公办理
94763	基因 金兰之友
9477	原地踏步
94771	原地踏步
9478	鹿死谁手
94781	鹿死谁手
9479	银行 广东 醉翁之意 当务之急 错恨难返
94791	广东 和颜说色 秉性难移
94792	醉翁之意 当务之急 当场出彩
94793	银行 错恨难返 弯道超车 禀性难移
948	羽绒服
9481	省级比赛 鉥心刿目 积谷防饥
94811	积谷防饥
94812	省级比赛
94813	鉥心刿目
9482	压抑 省地震局
94821	压抑
94822	省地震局
9483	上级指示 尖端技术 连墙接栋 夜半三更
94832	上级指示 尖端技术 连墙接栋
94833	夜半三更
9484	期限 战地系列 身首异处
94842	战地系列
94843	期限 身首异处
9485	锦绣山河 秉公执法 后继乏人
94851	秉公执法 后继乏人
94853	锦绣山河
9486	甘分随时 占为己有 秋高气爽 靡颜腻理
94861	秋高气爽
94862	占为己有
94863	甘分随时 靡颜腻理
9487	省级招办 上前阻止 磨拳擦掌 摩拳擦掌 厚着脸皮
94871	厚着脸皮 和盘托出 后继乏力
94872	省级招办 上前阻止
94873	磨拳擦掌 摩拳擦掌 虚舟飘瓦
9488	压迫 轿子雪山 急赤白脸 锦绣肝肠
94881	压迫 急赤白脸
94882	轿子雪山
94883	锦绣肝肠
9489	羽绒服 虚心接受 锦绣文章 急公近利 鹞子翻身
94891	急公近利 争前恐后
94892	鹞子翻身
94893	羽绒服 虚心接受 锦绣文章
949	小心点 上半身
9491	曲高和寡 离心离德 至死靡它 欺贫爱富
94912	曲高和寡 至死靡它
94913	离心离德 欺贫爱富
9492	原声音乐 市地税局 省地税局 铜墙铁壁 铜城铁壁
94921	原声音乐
94922	省地税局
94923	市地税局 铜墙铁壁 铜城铁壁
9493	小心点 镌心铭骨 铭心镂骨
94932	小心点
94933	镌心铭骨 铭心镂骨
9494	甚至 整整 久久 至善至美 上纲上线
94941	整整 久久
94942	至善至美 上纲上线 至情至性 爬坡上坎 瓜剖豆分
94943	甚至 豆剖瓜分 铁郭金城
9495	基金 后半夜 少盐少油 爬高上低
94951	后半夜
94952	少盐少油 爬高上低
94953	基金
9496	欺负 银色 小商小贩 躬逢其盛 铁绰铜琶
94962	小商小贩
94963	欺负 银色 躬逢其盛 铁绰铜琶
9497	锋利 上半身 原子序数 其心可诛 可喜可贺
94971	原子序数 速去速回
94972	上半身 尘垢秕糠
94973	锋利 其心可诛 可喜可贺
9498	至少 意愿 爱惜羽毛 乳声乳气 铜心铁胆
94981	意愿
94982	至少 爱惜羽毛 乳声乳气
94983	铜心铁胆
9499	市场秩序 小心翼翼
94992	小心翼翼
94993	市场秩序
951	科学家 解放军
9511	剩余食物 负债累累 遮人耳目 醉酒饱德
95111	剩余食物 负债累累 遮人耳目
95112	醉酒饱德
9512	转过头来
95122	转过头来
9513	可靠 占便宜 后台老板
95131	后台老板
95132	占便宜
95133	可靠
9514	顾名思义 转过头去 小人得志
95141	顾名思义
95142	转过头去 小人得志
9515	科学家 上游资源 后海先河 四舍五入 欺世盗名
95151	科学家 后海先河 鸟散鱼溃
95152	上游资源 四舍五入 四海鼎沸
95153	欺世盗名
9516	小人物 秋荼密网
95161	秋荼密网
95162	小人物
9517	金额 受人家管 卓创资讯 广而告之
95171	广而告之
95172	受人家管 卓创资讯
95173	金额
9518	小兴安岭
95182	小兴安岭
9519	解放军 剩余资金
95191	解放军 剩余资金
952	卫生间 反过来
9521	秘而不宣 稂莠不齐 错落不齐 秀而不实 软体动物
95211	秘而不宣 稂莠不齐 秀而不实
95212	软体动物
95213	错落不齐
9522	可不 稚齿婑媠 麋沸蚁动 身体不适
95221	稚齿婑媠 麋沸蚁动
95223	可不 身体不适
9523	秀外慧中 爱沙尼亚 和而不唱
95231	秀外慧中 和而不唱
95232	爱沙尼亚
9524	反过来 金沙遗址 雁过留声 廉洁奉公 转世灵童
95241	反过来 雁过留声 廉洁奉公 反水不收 乘人不备
95242	转世灵童 爱人好士
95243	金沙遗址 饔飧不继
9525	雍荣闲雅 连带责任 久治不愈 锲而不舍 四体不勤
95251	久治不愈 色而不淫
95252	连带责任 四体不勤 爱信不信 醇酒妇人 四清六活
95253	雍荣闲雅 锲而不舍 磨牙凿齿 变生不测
9526	卫生间 上海交大 意兴阑珊 和而不同 磨而不磷
95261	意兴阑珊 和而不同
95262	上海交大 四海承风
95263	卫生间 磨而不磷
9527	移动 战斗不止 醴酒不设 上方不足 当仁不让
95271	移动 久假不归 秘而不言
95272	战斗不止 醴酒不设 上方不足 当仁不让
9528	金属 爬过来的 锯齿状的 廉而不刿 锋芒不露
95281	廉而不刿 秘而不露
95282	爬过来的
95283	金属 锯齿状的 锋芒不露
953	战斗机
9531	四海一家 豆重榆瞑 上蒸下煮
95312	四海一家 上蒸下煮
95313	豆重榆瞑
9532	轻举妄动 遁入空门 负薪救火
95321	遁入空门 负薪救火
95322	轻举妄动
9533	解散事由 变化无穷 歌台舞榭 轻薄无礼 至人无梦
95331	解散事由
95332	轻薄无礼 至人无梦 转念一想
95333	变化无穷 歌台舞榭
9534	醉生梦死 席薪枕块 爱生恶死
95341	席薪枕块
95342	醉生梦死 爱生恶死
9535	可见 夜里 争蒸口汽 整个事件 卫生事件
95351	争蒸口汽 整个事件 意外事件
95352	受益一生 上漏下湿
95353	可见 夜里 卫生事件 羽多野涉 身价百倍
9536	战斗机 小菜一碟 反清复明 虎落平川
95361	反清复明
95362	战斗机 小菜一碟
95363	虎落平川
9537	尖沙咀东 错漏百出 压倒一切 变化无常 当世无双
95371	压倒一切 鸟入樊笼 乌漆嘛黑 积草屯粮
95372	尖沙咀东 当世无双
95373	错漏百出 变化无常
9538	夜空 战斗机的 致命一击 上个礼拜 磨牙吮血
95382	战斗机的 致命一击 上个礼拜
95383	夜空 磨牙吮血 虎落平阳
9539	利深祸速 后会无期
95391	利深祸速 后会无期
954	小伙子 可能性
9541	上海嘉定 翠消红减 反劳为逸 四海为家 暂劳永逸
95411	反劳为逸
95412	上海嘉定 四海为家 暂劳永逸
95413	翠消红减
9542	羽生结弦 四方八面 虎入羊群 虎荡羊群
95422	四方八面
95423	羽生结弦 虎入羊群 虎荡羊群
9543	鸟伏兽穷
95431	鸟伏兽穷
9544	席卷 小伙子 种族主义 利令志惛 变法维新
95441	席卷 种族主义 利令志惛 私淑弟子
95442	小伙子
95443	变法维新
9545	可惜 可怜 可能性 科学性 压倒性
95451	科学性 压倒性 香草美人 积水为海
95452	四渡赤水 受益良多
95453	可惜 可怜 可能性 离世绝俗
9546	轨道 斩草为马 四通八达 色若死灰
95461	色若死灰
95462	轨道 斩草为马 四通八达
9547	转化为 上海豫园 市值增长 卫生部长 至今为止
95471	负重前行
95472	转化为 上海豫园 至今为止 四仰八叉
95473	市值增长 卫生部长
9548	可怕 哥们义气 剩水残山
95481	剩水残山
95483	可怕 哥们义气
9549	可就 虚荣心 卫生死角 轻重缓急 铸剑为犁
95492	轻重缓急
95493	可就 虚荣心 卫生死角 铸剑为犁
955	其他人 可能会
9551	科学 错觉 到全世界 急流勇进
95511	科学 急流勇进
95512	到全世界
95513	错觉
9552	可能会 应激激素 雍荣华贵 枭俊禽敌 夜深人静
95521	应激激素 枭俊禽敌 私营企业 乘兴而来 厚今薄古
95522	四海波静
95523	可能会 雍荣华贵 夜深人静 斯洛伐克
9553	可他 爱莫能助 音信全无 连蒙带唬
95531	音信全无
95532	爱莫能助 连蒙带唬
95533	可他
9554	座位 小伙伴 斯蒂芬 输入法 上个世纪
95541	座位 急流勇退 香花供养
95542	小伙伴 输入法 上个世纪 受伤倒地
95543	斯蒂芬 变化多端
9555	应付 剩余价值 钜学鸿生 利齿伶牙 秋水伊人
95551	应付 剩余价值 利齿伶牙 秋水伊人 利齿能牙
95552	罪孽深重 连汤带水
95553	钜学鸿生 变化莫测 银河倒泻 钓名沽誉
9556	利惹名牵 至今没有 连蒙带骗
95561	利惹名牵
95562	至今没有 连蒙带骗
9557	其他人 整个人 私人 某个人 小学生
95571	整个人 私人 稻草人 称薪而爨 利傍倚刀
95572	小学生
95573	其他人 某个人 雍荣雅步
9558	可能 错过 度过 输入 镜花水月
95581	度过 梨花带雨
95582	输入 酸溜溜的 连消带打
95583	可能 错过 镜花水月 虎体熊腰
9559	身体健康 连滚带爬 轻重倒置 鹰拿燕雀
95591	鹰拿燕雀
95592	连滚带爬 轻重倒置
95593	身体健康
9561	夜晚 可真 稀世珍宝 采花大盗 廉洁自律
95611	稀世珍宝 廉洁自律 香消玉减
95612	采花大盗
95613	夜晚 可真
9562	金融 金刚 剩余时间 顾全大局 利令智昏
95621	剩余时间 顾全大局 利令智昏 积劳成疾 应付自如
95622	置若罔闻
95623	金融 金刚 变名易姓
9563	可知 斩落马下 康涅狄格
95631	康涅狄格
95632	斩落马下
95633	可知
9564	金光 腐败 香消玉殒 私人财产 积沙成塔
95641	腐败 香消玉殒 私人财产 积沙成塔
95643	金光
9565	上海申花 轻举远游 香港大学 久仰大名 积水成渊
95651	香港大学 久仰大名 积水成渊
95652	上海申花 轻举远游 受益匪浅 轻而易举 辅仁大学
9566	香消玉碎
95661	香消玉碎
9567	四散奔逃 四世同堂
95672	四散奔逃 四世同堂
9568	可是 车水马龙 玄酒瓠脯 压倒元白 称体载衣
95681	压倒元白 称体载衣 庸人自扰 香消玉损 危若朝露
95682	车水马龙
95683	可是 玄酒瓠脯 锋芒所向 钩深索隐
9569	争名夺利 犁生骍角 错落有致 急人所急 后会有期
95691	争名夺利 犁生骍角 急人所急 后会有期 遁名匿迹
95693	错落有致 欺人太甚 欺人自欺
957	战斗力 身份证
9571	上佳之选 身外之物 稀世之宝 解人难得
95711	稀世之宝 解人难得
95712	上佳之选
95713	身外之物
9572	尔汝之交 采薪之疾
95721	尔汝之交
95722	采薪之疾
9573	错误 轮回 身份证 魔法师 哥们儿
95731	种族歧视 返邪归正 刍荛之见
95732	轮回 爱莫之助 辅世长民 采薪之患
95733	错误 身份证 魔法师 哥们儿
9574	色仁行违 小人之心 采薪之忧 负薪之忧 金人之缄
95741	色仁行违 负薪之忧
95742	小人之心 采薪之忧 置水之情
95743	金人之缄 钓游之地
9575	应该 错了 应对 输了 战斗力
95751	应该 应对 度外之人 乌合之众
95752	输了 战斗力
95753	错了 恋酒迷花
9576	射出 输出 稀世之珍
95761	稀世之珍
95762	输出
95763	射出
9577	躬体力行 金汤之固 身体力行 小而言之 乘伪行诈
95771	乘伪行诈 急人之难
95772	小而言之
95773	躬体力行 金汤之固 身体力行 欺人之谈 离合悲欢
9578	可笑 受人之托 铤而走险 身体发肤
95782	受人之托
95783	可笑 铤而走险 身体发肤
9579	负荆请罪 积重难返 乘人之危 玄而又玄 争多论少
95791	负荆请罪 积重难返 乘人之危 争多论少
95793	玄而又玄
958	上个月 科学院
9581	科学院 虚位以待 爱人以德
95811	科学院
95812	爱人以德
95813	虚位以待
9582	科技 小学毕业 上洗手间 离蔬释屩 应付裕如
95821	科技 应付裕如
95822	小学毕业 上洗手间
95823	离蔬释屩
9583	战斗打响 银河系中 连甍接栋 斩荆披棘 削草除根
95831	移花接木 香药脆梅
95832	战斗打响 连甍接栋 斩荆披棘 削草除根 四海升平
95833	银河系中 哥伦比亚
9584	整个院子 亦能覆舟 虎生三子
95841	整个院子
95843	亦能覆舟 虎生三子
9585	可以 后人把滑 离世异俗 和蔼近人 当代文学
95851	后人把滑 和蔼近人
95852	当代文学 醋海翻波
95853	可以 离世异俗
9586	错的 至今已是 钗荆裙布
95862	至今已是
95863	错的 钗荆裙布
9587	座山 离蔬释蹻 夜幕降临 可能的话
95871	座山
95873	离蔬释蹻 夜幕降临 可能的话
9588	稳住阵脚 雁过拔毛 锋芒毕露 变生肘腋
95881	稳住阵脚 雁过拔毛
95883	锋芒毕露 变生肘腋
9589	应用 上个月 虎斗龙争
95891	应用
95892	上个月
95893	虎斗龙争
959	转过身 卡耐基
9591	可爱 上海租界 剩菜剩饭 后人乘凉 后生可畏
95911	剩菜剩饭 后人乘凉 后生可畏
95912	上海租界 爱人利物
95913	可爱
9592	应当 镕今铸古 积薪厝火 转过身来
95921	应当 积薪厝火
95922	转过身来
95923	镕今铸古
9593	金钱 逻辑 原汁原味
95931	原汁原味
95932	逻辑
95933	金钱
9594	轮廓 卡耐基 转化率 省油省心 上游厂商
95941	后生小子 和蔼可亲
95942	轮廓 卡耐基 转化率 省油省心 上游厂商
95943	习俗移性
9595	身价上亿 钓名欺世 爱慕虚荣 久仰久仰 铁齿铜牙
95951	久仰久仰 稠人广众
95952	爱慕虚荣 轻拿轻放 采葑采菲
95953	身价上亿 钓名欺世 铁齿铜牙
9596	金色 夜色 金九银十 负重致远 钩深致远
95961	负重致远
95963	金色 夜色 金九银十 钩深致远
9597	转过身 上海市 綦溪利跂 久而久之 受苦受难
95971	久而久之 愁多夜长
95972	转过身 上海市 受苦受难
95973	綦溪利跂
9598	小偷小摸 小修小补 利人利己 厚生利用
95981	利人利己 厚生利用
95982	小偷小摸 小修小补
9599	省水利厅 历世磨钝 离世遁上 历世摩钝 厉世摩钝
95991	历世磨钝 历世摩钝 厉世摩钝 稠人广座 反治其身
95992	省水利厅
95993	离世遁上 麻婆豆腐 可泣可歌 铜浇铁铸 钢浇铁铸
9611	席珍待聘
96111	席珍待聘
9613	急景凋年
96131	急景凋年
9614	转眼
96142	转眼
9615	乌有先生 鹰犬塞途
96151	乌有先生 鹰犬塞途
9616	转头 铭感五内
96162	转头
96163	铭感五内
9617	虚则实之 凫短鹤长
96171	凫短鹤长
96173	虚则实之
9618	镇定 麟凤龟龙
96181	麟凤龟龙
96183	镇定
9619	射石饮羽 连明彻夜 积日累久
96191	积日累久
96192	连明彻夜
96193	射石饮羽
962	金融业
9621	麻烦 利时及物 金刚怒目
96211	利时及物
96213	麻烦 金刚怒目
9622	意犹未尽 金光灿烂 金光闪闪
96221	意犹未尽
96223	金光灿烂 金光闪闪
9623	躲避 铭感不忘 度日如年 乳臭未干 罗马尼亚
96231	度日如年
96232	乳臭未干 罗马尼亚
96233	躲避 铭感不忘
9624	醒来 蟹匡蝉緌 稀奇古怪 离奇古怪 其臭如兰
96241	蟹匡蝉緌 稀奇古怪
96242	醒来
96243	离奇古怪 其臭如兰
9625	爱财如命 靡所适从 采风问俗 庸医杀人 爱才如命
96251	庸医杀人
96252	爱财如命 采风问俗 爱才如命 轻才好施 爱才如渴
96253	靡所适从
9626	负责 负面 应有尽有 原则问题 爱理不理
96261	负责 负面 应有尽有 原则问题
96262	爱理不理
9627	转动 四则运算 四十不惑 锦囊妙计
96272	转动 四则运算 四十不惑
96273	锦囊妙计
9628	乳臭未除 遮风避雨 其貌不扬
96281	遮风避雨
96282	乳臭未除
96283	其貌不扬
9629	金融业
96293	金融业
9631	上智下愚
96312	上智下愚
9632	厌恶 香味 广州亚运 金瓯无缺 反风灭火
96321	厌恶 香味 广州亚运 反风灭火
96323	金瓯无缺
9633	庆祝 解囊相助 虚晃一枪 利大于弊 罪大恶极
96331	庆祝 解囊相助 利大于弊
96332	罪大恶极
96333	虚晃一枪 离题万里
9634	尖叫 市直机关
96342	尖叫
96343	市直机关
9635	上研究生 锦瑟年华
96352	上研究生
96353	锦瑟年华
9636	麻木 甘败下风 蜀犬吠日 和风丽日
96361	和风丽日
96362	蜀犬吠日
96363	麻木 甘败下风
9637	辅助 输财助边 黏在一起 磨破嘴皮 季布一诺
96371	黏在一起 季布一诺
96372	辅助 输财助边 小大由之
96373	磨破嘴皮
9638	至十一月 广州中院 遝冈复岭 上知天文 占风望气
96381	广州中院 秋扇见捐 麟凤一毛
96382	至十一月 遝冈复岭 上知天文 占风望气
9639	稀有品种 争风吃醋 束马悬车
96391	稀有品种 争风吃醋 束马悬车
964	小王子 基础性
9642	广电总局 雁影分飞
96421	广电总局 雁影分飞
9643	小卖部 急在心里 连理分枝 金石为开 廉明公正
96431	急在心里 廉明公正
96432	小卖部 连理分枝
96433	金石为开
9644	桌子 庆幸 小王子 金玉良缘 斯威士兰
96441	庆幸 廉顽立懦
96442	桌子 小王子 小赌怡情
96443	金玉良缘 斯威士兰
9645	基础性 软硬兼施 铢两分寸 稍有差池 四时八节
96451	稍有差池
96452	软硬兼施 四时八节
96453	基础性 铢两分寸
9646	转载声明 金风送爽 秋风送爽 意马心猿
96461	秋风送爽 意马心猿
96462	转载声明
96463	金风送爽
9647	金玉良言 詈夷为跖 罗马帝国 金石丝竹 爱日惜力
96472	詈夷为跖 罗马帝国 爱日惜力
96473	金玉良言 金石丝竹
9648	连二并三 铁石心肠 转败为胜 和风细雨 反败为胜
96481	和风细雨 反败为胜
96482	连二并三 转败为胜 转亏为盈 转败为功
96483	铁石心肠 虚骄恃气 铁石心肝
9649	到达终点 四十分钟 连日继夜 积玉堆金 欺硬怕软
96491	积玉堆金
96492	到达终点 四十分钟 连日继夜
96493	欺硬怕软
965	到时候 小时候
9651	战时体制 秋风过耳
96511	秋风过耳
96512	战时体制
9652	负债 连珠合璧 厚貌深辞 争奇斗艳 罗曼蒂克
96521	负债 厚貌深辞 争奇斗艳
96522	连珠合璧 罗曼蒂克
9653	煞有介事 四所学校 小时候也 季友伯兄 车马劳顿
96531	煞有介事 季友伯兄 积财千万
96532	四所学校 小时候也 车马劳顿
96533	铜驼荆棘 铜臭熏天
9654	到时候 小时候 金州勇士 到时候就 少成若性
96541	秀才人情 意在沛公 触景生情 厚貌深情
96542	到时候 小时候 到时候就 少成若性 轻财重义
96543	金州勇士 身败名裂 锦囊佳句
9655	香港 市医学会 铜驼草莽 磨礲浸灌 四大名著
96551	香港
96552	四大名著 酣畅淋漓 爱才若渴
96553	市医学会 铜驼草莽 磨礲浸灌 身在江湖 躬自菲薄
9656	车载斗量 秋风萧瑟 原班人马
96561	秋风萧瑟 原班人马
96562	车载斗量
9657	置信 至理名言 金玉满堂 连奔带跑 占风使帆
96572	置信 至理名言 连奔带跑 占风使帆
96573	金玉满堂
9658	转过 转化 厚貌深文 小有名气
96581	厚貌深文
96582	转过 转化 小有名气
9659	磨砥刻厉 磨礲淬励 利在千秋 软玉温香 铄石流金
96591	利在千秋
96592	软玉温香 连日带夜
96593	磨砥刻厉 磨礲淬励 铄石流金
966	急匆匆
9661	顾影弄姿 金匮石室
96611	顾影弄姿
96613	金匮石室
9662	香川真司 卓有成效 稀有元素 斯巴达克 金碧辉煌
96621	香川真司 稀有元素
96622	卓有成效
96623	斯巴达克 金碧辉煌
9663	质量 急匆匆 针砭时弊
96631	质量 急匆匆
96633	针砭时弊
9664	躲在 广州大道 私有财产 顾影自怜 车在马前
96641	广州大道 私有财产 顾影自怜
96642	车在马前 罗敷有夫
96643	躲在
9665	乘风破浪 四川大学 移风易俗 危在旦夕 小题大做
96651	乘风破浪 移风易俗 危在旦夕 反骄破满
96652	四川大学 小题大做 小题大作
9666	钢琴 铁网珊瑚 磨礲砥砺 秋风瑟瑟 虎豹豺狼
96661	秋风瑟瑟
96663	钢琴 铁网珊瑚 磨礲砥砺 虎豹豺狼 躬冒矢石
9667	转账 受理申请 金题玉躞 卡布奇诺 金马玉堂
96672	转账 受理申请 卡布奇诺 上医医国
96673	金题玉躞 金马玉堂
9668	厕所 靡知所措 委内瑞拉 金风玉露 急风暴雨
96681	厕所 委内瑞拉 急风暴雨
96682	配套成龙
96683	靡知所措 金风玉露
9669	点石成金 历日旷久 连明达夜 铸成大错 和光同尘
96691	历日旷久 和光同尘 廓达大度
96692	点石成金 连明达夜 轮扁斫轮
96693	铸成大错 磨砖成镜
967	变成了
9671	意在笔先 赖有此耳
96711	意在笔先 赖有此耳
9672	靡有孑遗 连州跨郡 金石之交
96722	连州跨郡
96723	靡有孑遗 金石之交
9673	鸟儿 连理之木 鸟骇鼠窜
96731	鸟儿 鸟骇鼠窜
96732	连理之木
9674	应有之义 廉远堂高 锃光瓦亮
96741	应有之义 廉远堂高
96743	锃光瓦亮
9675	变成了 针对 醒了 金融精英 意在言外
96751	意在言外
96752	醒了 酷暑难耐
96753	变成了 针对 金融精英
9676	四大发明 秋风团扇 反璞归真 返璞归真 返照回光
96761	秋风团扇 反璞归真 返璞归真 返照回光 应时对景
96762	四大发明
9677	金石之策 金石之计 虎狼之师 小时了了 虎贲之师
96772	小时了了
96773	金石之策 金石之计 虎狼之师 虎贲之师 金石之坚
9678	磨难 到大数据 金十数据 钻石戒指 车匪路霸
96782	到大数据 车匪路霸 连二赶三
96783	磨难 金十数据 钻石戒指 虎狼之势
9679	转让 科班出身 酷暑难当
96791	科班出身
96792	转让 酷暑难当
9681	香气 顾犬补牢 虚左以待 争猫丢牛
96811	香气 顾犬补牢 争猫丢牛
96813	虚左以待
9682	车马盈门 压肩迭背
96821	压肩迭背
96822	车马盈门
9683	乘直升机 四大皆空 摩砺以须 连州比县 磨砺以须
96831	乘直升机
96832	四大皆空 连州比县
96833	摩砺以须 磨砺以须
9684	稍有改善 锅碗瓢盆 摩肩接毂 摩肩击毂
96841	稍有改善
96843	锅碗瓢盆 摩肩接毂 摩肩击毂
9685	采凤随鸦 金貂换酒 虎珀拾芥 其奈我何 彩凤随鸦
96852	采凤随鸦 彩凤随鸦
96853	金貂换酒 虎珀拾芥 其奈我何
9686	负担 转向 质疑 率马以骥 唐哉皇哉
96861	负担 质疑 唐哉皇哉
96862	转向
96863	率马以骥
9687	摩肩接踵 上房揭瓦 摩肩擦踵 乘风扬帆 四马攒蹄
96871	乘风扬帆
96872	上房揭瓦 四马攒蹄
96873	摩肩接踵 摩肩擦踵
9688	后有追兵 遮风挡雨 钩元提要
96881	后有追兵 遮风挡雨
96883	钩元提要
9689	转换 铢两悉称
96892	转换
96893	铢两悉称
969	到最后 基础上
9691	罪有应得
96912	罪有应得
9692	转变 稀有金属 虚有其表 当风秉烛
96921	稀有金属
96922	转变 当风秉烛
96923	虚有其表
9693	桌上 色彩 到最后 基础上 爬上
96931	色彩 原则上 争夺战中 煞有其事
96932	桌上 到最后 爬上
96933	基础上 金融危机 可有可无 铁砚磨穿 鸾凤和鸣
9694	镇压 尖锐 金玉锦绣 镜破钗分
96942	尖锐
96943	镇压 金玉锦绣 镜破钗分
9695	转移 后知后觉 金玉其外 彰明较著
96951	后知后觉 彰明较著
96952	转移
96953	金玉其外
9696	秃秃 金黄色 整理整理 至大至刚
96961	秃秃 整理整理
96962	至大至刚
96963	金黄色
9697	转身 意大利 广州市 基础上加 靡所底止
96971	意大利 广州市 委肉虎蹊
96972	转身
96973	基础上加 靡所底止 铁马金戈 铁狱铜笼
9698	四川省 意大利队 乘时乘势 秣马厉兵 称王称霸
96981	意大利队 乘时乘势 秣马厉兵 称王称霸 秋风秋雨
96982	四川省
9699	连明连夜 金玉其质 可大可小 欺大压小 连日连夜
96992	连明连夜 连日连夜
96993	金玉其质 可大可小 欺大压小
971	小说家
9711	罪行累累
97112	罪行累累
9712	反馈 连帙累牍 连篇累牍
97121	反馈
97122	连帙累牍 连篇累牍
9713	急诊室里 小国寡民 虎踞鲸吞
97131	急诊室里
97132	小国寡民
97133	虎踞鲸吞
9714	少许食盐 雁默先烹 连篇累册
97141	雁默先烹
97142	少许食盐 连篇累册
9715	到家 到老 小说家 后发制人 廉颇老矣
97151	后发制人 廉颇老矣
97152	到家 到老 小说家 轻诺寡信
9716	废物
97161	废物
9717	至圣先师 连篇累幅 连篇累帙 连篇累帧 唐诗宋词
97171	唐诗宋词
97172	至圣先师 连篇累幅 连篇累帙 连篇累帧 少言寡语
97173	躬行实践 铺谋定计
9718	轻微
97182	轻微
9719	后发先至
97191	后发先至
972	受欢迎 银行业
9721	镇国将军 镇东将军 可了不得 甘之如饴 少儿不宜
97211	皱起眉头
97212	少儿不宜 爱国如家
97213	镇国将军 镇东将军 可了不得 甘之如饴
9722	小精灵 削足适履
97222	小精灵 削足适履
9723	铭记不忘
97233	铭记不忘
9724	到来 应召女郎 鸟之将死
97241	应召女郎 鸟之将死
97242	到来
9725	争论不休 应该不能 应对如流 应答如流 甘之如荠
97251	争论不休 应该不能 应对如流 应答如流
97253	甘之如荠
9726	四面 置之不理 殷鉴不远 爱答不理 魏紫姚黄
97261	魏紫姚黄
97262	四面 置之不理 爱答不理
97263	殷鉴不远
9727	当断不断 爱说不说
97272	当断不断 爱说不说
9728	到那 返还 铁证如山 靡坚不摧
97281	返还
97282	到那
97283	铁证如山 靡坚不摧
9729	受欢迎 银行业 意料不到 觥筹交错 甘棠遗爱
97291	意料不到 觥筹交错
97292	受欢迎
97293	银行业 甘棠遗爱
973	致力于
9731	罢黜百家 铅刀一割
97312	罢黜百家
97313	铅刀一割
9732	历史 到哪 利亚 上行下效 厉精更始
97321	历史 利亚 厉精更始 历精更始 励精更始
97322	到哪 上行下效
97323	磨踵灭顶
9733	稍等一下 欺师灭祖 意料中事 酸了吧唧 麟趾呈祥
97331	稍等一下 意料中事 麟趾呈祥
97332	酸了吧唧
97333	欺师灭祖 可发一噱
9734	轻松 应了一声 其言也善 罪该万死 当之无愧
97341	应了一声 利出一孔
97342	轻松 罪该万死 当之无愧 上了年纪
97343	其言也善
9735	身形 身穿 争议事件 摩加迪沙 到此一游
97351	争议事件 励精求治 种类繁多
97352	到此一游 上谄下渎 少数民族
97353	身形 身穿 摩加迪沙 夜长梦多
9736	反复 身材 利于 致力于 上行下达
97361	反复 利于
97362	致力于 上行下达
97363	身材
9737	反正 转了一圈 上蹿下跳 罪加一等 唐临晋帖
97371	反正 唐临晋帖 危言核论 季路一言
97372	转了一圈 上蹿下跳 罪加一等 软谈丽语 置之一笑
97373	错误百出
9738	四年 四百 反戈一击 反戈相向
97381	反戈一击 反戈相向
97382	四年 四百
9739	危言正色 虚堂悬镜 当行本色 铁笔无私
97391	危言正色
97392	当行本色
97393	虚堂悬镜 铁笔无私
974	称之为 上辈子
9741	身旁 躺着 暂行规定 危言逆耳 稳步前进
97411	危言逆耳 稳步前进
97412	暂行规定
97413	身旁 躺着
9742	市场 轻声 质监部门 束之高阁 置诸高阁
97421	质监部门 束之高阁
97422	轻声 置诸高阁
97423	市场
9743	四条 罚款 黏皮着骨 和谐统一 错认颜标
97431	黏皮着骨 和谐统一
97432	四条 罚款
97433	错认颜标
9744	身子 身高 上辈子 和尚道士 置之死地
97441	和尚道士 梨园弟子 梨园子弟
97442	上辈子 置之死地 爱国主义 转悲为喜
97443	身子 身高
9745	基因组学 受之父母 历精为治 触类旁通
97451	历精为治 触类旁通
97452	受之父母
97453	基因组学
9746	束缚
97461	束缚
9747	身为 历经 称之为 危言高论 危言竦论
97471	历经 称之为 危言高论 危言竦论 乌七八糟
97472	到此为止 四衢八街
97473	身为 甘言美语
9748	身前 轻柔 上证综指 移东就西
97481	移东就西
97482	轻柔 上证综指
97483	身前
9749	到处 四处 身心 身处 连舆并席
97492	到处 四处 连舆并席
97493	身心 身处 金迷纸醉
975	上诉人 座谈会
9751	厚此薄彼 应对从容
97511	厚此薄彼 应对从容
9752	利益 利润 座谈会 连篇絫牍 轻言放弃
97521	利益 利润 座谈会
97522	连篇絫牍 轻言放弃
97523	甘之若素
9753	身体 反而 四方 危言耸听 黏皮带骨
97531	反而 危言耸听 黏皮带骨
97532	四方
97533	身体
9754	身份 四个 到位 厉行节约 爱国人士
97541	厉行节约
97542	四个 到位 爱国人士
97543	身份
9755	少说多做 称贤荐能 鹿走苏台 连街倒巷 钢筋水泥
97551	称贤荐能 鹿走苏台
97552	少说多做 连街倒巷 彩笔生花
97553	钢筋水泥 躬行节俭
9756	金鸡消息 解发佯狂
97561	解发佯狂
97563	金鸡消息
9757	四人 上诉人 某些人 少数人 受让人
97571	秽言污语
97572	四人 上诉人 少数人 受让人 上街游行
97573	某些人 市长信箱 可数名词
9758	到过 到货 少数族裔
97582	到过 到货 少数族裔
9759	反倒 到您 鸟语花香
97591	反倒 鸟语花香
97592	到您
976	应该是 应该有
9761	少数几家
97612	少数几家
9762	反驳 四川 键鼠套装 上架时间 秉笔直书
97621	反驳 秉笔直书
97622	四川 上架时间 酸儿辣女
97623	键鼠套装
9763	四大 车驾驶员 返观内视 受此影响
97631	返观内视
97632	四大 车驾驶员 受此影响
9764	身影 四周 躺在 利息 金鸡独立
97641	利息 负恩昧良 乘坚驱良
97642	四周 上了贼船 受之有愧 当之有愧
97643	身影 躺在 金鸡独立 铭记在心 戮力同心
9765	到时 少数几个 金精玉液 翠竹黄花 虎党狐侪
97652	到时 少数几个
97653	金精玉液 翠竹黄花 虎党狐侪
9766	轻易 反映 积非成是 习非成是 返观内照
97661	反映 积非成是 返观内照
97662	轻易
97663	习非成是 躬蹈矢石
9767	四十 到账 当断则断 轰堂大笑 秀出班行
97671	秀出班行
97672	四十 到账 当断则断 轰堂大笑 转了几圈
9768	竟是 到达 应该是 黎明 竟有
97681	竟是 应该是 黎明 竟有 应该有
97682	到达
9769	到了最后
97692	到了最后
9771	反诈 解甲归田 斯图加特
97711	反诈 解甲归田
97713	斯图加特
9772	废话 市长 季常之癖
97721	废话 季常之癖
97723	市长
9773	返回 意料之中 针对此事 可笑之极 锥刀之末
97731	返回 意料之中
97733	针对此事 可笑之极 锥刀之末
9774	爱国之心
97742	爱国之心
9775	到了 反对 贞观之治 厉精图治 历精图治
97751	反对 厉精图治 历精图治 励精图治 意料之外
97752	到了 贞观之治
9776	车笠之盟 应该说是 甘棠之惠 争长论短
97761	应该说是 争长论短
97762	车笠之盟
97763	甘棠之惠
9777	当设计师 应对之策 虚词诡说
97771	应对之策
97772	当设计师
97773	虚词诡说
9778	身边 到此 轻笑 某些东西 利刃出鞘
97781	利刃出鞘 乘坚策肥
97782	到此 轻笑
97783	身边 某些东西
9779	罪行 少之又少 后起之秀 甘棠之爱 玄之又玄
97791	后起之秀 庙堂之上 床笫之私
97792	罪行 少之又少 当行出色 雀鼠之争
97793	甘棠之爱 玄之又玄 钻皮出羽
978	小东西
9781	积甲山齐 顾此失彼 厌难折冲 连类比物
97811	积甲山齐 顾此失彼 厌难折冲
97812	连类比物
9782	虎踞龙蟠
97823	虎踞龙蟠
9783	斩竿揭木 连类比事 磨刀擦枪
97832	斩竿揭木 连类比事
97833	磨刀擦枪
9784	轰隆 虎踞龙盘 争鸡失羊
97841	争鸡失羊
97842	轰隆
97843	虎踞龙盘
9785	颤抖
97853	颤抖
9786	竟然 质非文是 虎超龙骧
97861	竟然 质非文是
97863	虎超龙骧
9787	到手 危言覈论 解甲投戈 虎步龙行
97871	危言覈论 解甲投戈
97872	到手
97873	虎步龙行
9788	磨刀霍霍 移东补西 铭诸肺腑
97881	移东补西
97883	磨刀霍霍 铭诸肺腑
9789	利用 反抗 小东西 连舆接席 置之脑后
97891	利用 反抗 尔诈我虞
97892	小东西 连舆接席 置之脑后
979	意识到 银行卡
9791	点了点头
97912	点了点头
9792	到底 市国税局 皱了皱眉 厕足其间 小儿麻痹
97921	皱了皱眉 厕足其间
97922	到底 小儿麻痹
97923	市国税局
9793	身上 身后 银行卡 甘言厚礼 钢筋铁骨
97931	积毁销骨
97933	身上 身后 银行卡 甘言厚礼 钢筋铁骨
9794	四季 利率 身临其境 爱因斯坦
97941	利率
97942	四季 爱因斯坦
97943	身临其境
9795	反应 反射 罚金 基数较低 置之度外
97951	反应 反射
97952	罚金 置之度外 小试锋芒
97953	基数较低 锋发韵流
9796	身躯 亦师亦友 四讲四有 原因竟是 银证转账
97961	原因竟是
97962	四讲四有 小恩小惠 至圣至明
97963	身躯 亦师亦友 银证转账 金戈铁马 铜围铁马
9797	轻轻 意识到 詹言曲说 少走弯路 原路返回
97971	意识到 詹言曲说 原路返回 危言危行 废话连篇
97972	轻轻 少走弯路
97973	亦步亦趋 错了错了
9798	到庭 广东省 上架销售 反之亦然 铜筋铁肋
97981	广东省 反之亦然
97982	到庭 上架销售
97983	铜筋铁肋
9799	可圈可点
97993	可圈可点
981	销售额 小白兔
9811	可以进食 酶抑制剂
98112	酶抑制剂
98113	可以进食
9812	四手联弹
98122	四手联弹
9813	原告
98131	原告
9815	香雪制药 广文先生 铸山煮海 鸟集鳞萃 连阶累任
98151	香雪制药 广文先生 鸟集鳞萃
98152	连阶累任
98153	铸山煮海
9816	解决 原审 庭审 轰雷掣电
98161	解决 原审 庭审
98162	轰雷掣电
9817	原先 销售额 应用实践
98171	原先 应用实践
98173	销售额
9818	小白兔 受限制的 连阡累陌 小己得失 凫胫鹤膝
98181	凫胫鹤膝 束手待毙
98182	小白兔 受限制的 连阡累陌 小己得失
98183	欺霜赛雪
9819	酌盈剂虚 欺三瞒四
98192	酌盈剂虚
98193	欺三瞒四
982	委托书
9821	靡衣媮食
98213	靡衣媮食
9822	委托书 射击运动 曲折蜿蜒 羽毛未丰
98221	委托书
98222	曲折蜿蜒
98223	射击运动 羽毛未丰
9823	争执不下 色授魂与 久要不忘
98231	争执不下 色授魂与 久要不忘
9824	原来 彩衣娱亲 爱兵如子
98241	原来
98242	彩衣娱亲 爱兵如子
9825	原始 广西壮族 秋月春花 羽毛丰满
98251	原始 广西壮族 秋月春花
98253	羽毛丰满
9826	少女 应接不暇 秋月春风
98261	应接不暇 秋月春风
98262	少女
9827	锻炼 底气不足 质疑问难 解衣卸甲
98271	底气不足 质疑问难 解衣卸甲
98273	锻炼
9828	稚气未脱 爱看不看 后手不接
98281	稚气未脱 后手不接
98282	爱看不看
9829	急三火四
98291	急三火四
983	习近平 可以吗
9831	意气相得
98311	意气相得
9833	原本 遥控器 罗掘一空 四肢百骸 利比里亚
98331	原本 利比里亚
98332	遥控器 罗掘一空 四肢百骸
98333	身陷桎梏
9834	习近平 反脸无情 锐挫望绝 歌以咏志 愁肠百结
98341	反脸无情 愁肠百结 广袤无垠
98343	习近平 锐挫望绝 歌以咏志
9835	解开 点击事件 黎丘丈人 称霸一方
98351	解开 黎丘丈人 称霸一方
98352	点击事件
9836	可以吗 甘拜下风
98363	可以吗 甘拜下风
9837	反覆无常 稍胜一筹 四肢无力 束手无策 广袤无边
98371	反覆无常 稍胜一筹 束手无策 广袤无边
98372	四肢无力
9838	少年 愿望 意气相投 上援下推
98381	愿望 意气相投
98382	少年 上援下推
984	可持续 危险性
9841	透着 歌功颂德 转折关头
98411	透着
98412	转折关头
98413	歌功颂德
9842	少爷 市工商局 可以登录 省工商局 乘龙快婿
98421	乘龙快婿
98422	少爷 省工商局
98423	市工商局 可以登录 夜以继昼
9843	连忙 原地 错失良机 后拥前呼
98431	原地 后拥前呼
98432	连忙
98433	错失良机
9844	黏吝缴绕 利己主义 甘泉必竭 铺胸纳地
98441	黏吝缴绕 利己主义
98443	甘泉必竭 铺胸纳地
9845	危险性 赖以为生 移气养体 反以为荣
98451	危险性 赖以为生 移气养体 反以为荣
9846	连续 可持续 销售经理 靡然乡风 称雨道晴
98461	称雨道晴
98462	连续 上雨旁风
98463	可持续 销售经理 靡然乡风 夜以继日
9847	意向登记 习以为常 束手旁观 四脚八叉
98471	意向登记 束手旁观
98472	四脚八叉
98473	习以为常
9848	可以收集 束手就擒 铁打心肠
98481	束手就擒
98483	可以收集 铁打心肠
9849	急脉缓灸 连三并四
98491	急脉缓灸
98492	连三并四
985	委托人 乌龙茶
9851	靡衣偷食 轰雷贯耳 轻描淡写 和衣而卧
98511	和衣而卧
98512	轰雷贯耳 轻描淡写
98513	靡衣偷食
9852	转院治疗 爱岗敬业 乘龙佳婿
98521	乘龙佳婿
98522	转院治疗 爱岗敬业
9853	配合 废文任武 酣然入梦
98531	废文任武
98532	配合 酣然入梦
9854	解放 销售佳绩 负气仗义 煞费苦心 科技创新
98541	解放 负气仗义 煞费苦心 科技创新 广陵散绝
98543	销售佳绩
9855	角落 乌龙茶 酉阳杂俎 磨砻浸灌 移山倒海
98551	角落 乌龙茶 移山倒海 委以重任 意气消沉
98552	酉阳杂俎 爬山涉水
98553	磨砻浸灌 其势汹汹
9856	赖以生存 负气斗狠 和气生财 秤斤注两 靡然从风
98561	赖以生存 负气斗狠 和气生财 秤斤注两
98563	靡然从风
9857	委托人 射击游戏 当我没说 上兵伐谋 反攻倒算
98571	委托人 反攻倒算 愁肠寸断 愁肠九回
98572	当我没说 上兵伐谋
98573	射击游戏
9858	透过 占据优势 锦衣华服 欺霜傲雪
98581	透过
98582	占据优势
98583	锦衣华服 欺霜傲雪
9859	愿你 乘势而上 酸文假醋 废然而返 废然而反
98591	愿你 乘势而上 废然而返 废然而反
98592	酸文假醋
986	当然是 小朋友
9861	锦衣玉食 虚拟现实 庞然大物 靡衣玉食
98611	庞然大物
98613	锦衣玉食 虚拟现实 靡衣玉食
9862	弯腰驼背 乌焦巴弓 镂月裁云
98621	乌焦巴弓
98623	弯腰驼背 镂月裁云
9863	庞大 原理 四脚朝天 色胆包天 香飘十里
98631	庞大 原理 色胆包天 香飘十里
98632	四脚朝天
9864	后脑勺 可操左券 亢龙有悔 稳操左券 铁肠石心
98641	后脑勺 稳操左券
98643	可操左券 亢龙有悔 铁肠石心
9865	暂时 少时 习以成俗 科技大学 广播电台
98651	科技大学 广播电台
98652	暂时 少时 轩然大波 小的时候
98653	习以成俗 鸾飘凤泊
9866	小提琴 靡然顺风 磨砻砥砺 小巧玲珑 靡然成风
98662	小提琴 小巧玲珑
98663	靡然顺风 磨砻砥砺 靡然成风
9867	原则 小朋友 意向协议 斯文败类 底气十足
98671	原则 意向协议 底气十足 意气风发
98672	小朋友 连衽成帷
98673	斯文败类
9868	透明 钥匙 当然是 少有 稀疏矩阵
98681	透明 稀疏矩阵 负隅顽抗
98682	当然是 少有
98683	钥匙
9869	乌白马角
98691	乌白马角
987	可以说
9871	连三跨五
98712	连三跨五
9872	少数 销售记录 锦衣行昼 后院起火
98721	后院起火
98722	少数
98723	销售记录 锦衣行昼
9873	后的又一 鹰击长空 当打之年 躬擐甲胄
98731	后的又一 鹰击长空
98732	当打之年
98733	躬擐甲胄
9874	原谅 可以说 质疑之声
98741	原谅 质疑之声
98743	可以说
9875	少了 解答 廉泉让水
98751	解答 廉泉让水
98752	少了
9876	原因 射击之星 四肢发达 铁鞋踏破
98761	原因
98762	四肢发达
98763	射击之星 铁鞋踏破
9877	铁路 身陷囹圄 解疑答惑
98771	解疑答惑
98773	铁路 身陷囹圄
9878	稀疏数据 小肚鸡肠
98781	稀疏数据
98782	小肚鸡肠
9879	应邀出席 受损发质 离山调虎 夜雨对床
98791	应邀出席
98792	受损发质
98793	离山调虎 夜雨对床
988	轰隆隆 轻飘飘
9881	摩擦 羽月要塞 射击比赛 解衣推食 连三接五
98811	解衣推食
98812	连三接五
98813	摩擦 羽月要塞 射击比赛
9882	连衣裙 虎据龙蟠
98822	连衣裙
98823	虎据龙蟠
9883	轻飘飘 连接手机 射击技术 意气用事 秉要执本
98831	意气用事 秉要执本
98832	轻飘飘 连接手机
98833	射击技术
9884	连接 解脱 轰隆隆 连升三级 斯文扫地
98841	解脱 度己以绳 稳操胜券
98842	连接 轰隆隆 连升三级 卡的要死
98843	斯文扫地
9885	解除 触摸 小白脸 连山排海 甘旨肥浓
98851	解除 触摸 利己损人
98852	小白脸 连山排海
98853	甘旨肥浓
9886	历兵粟马 锐挫气索 厉兵粟马 香气扑鼻 可以攻玉
98861	历兵粟马 厉兵粟马 香气扑鼻
98862	连三接二
98863	锐挫气索 可以攻玉 靡然向风
9887	解释 透露 解疑释惑 可以的话 稳操胜算
98871	解释 透露 解疑释惑 稳操胜算 解兵释甲
98873	可以的话
9888	弯腰捧腹 采阴补阳 意气扬扬 铜山西崩 鹰击毛挚
98881	意气扬扬 鹰击毛挚 返我初服
98882	采阴补阳
98883	弯腰捧腹 铜山西崩
9889	颤巍巍 可以接受 急功近利 甘雨随车 连三接四
98891	急功近利 乘肥衣轻
98892	连三接四
98893	颤巍巍 可以接受 甘雨随车
989	摩托车 银白色
9891	反手可得
98911	反手可得
9892	摩托车 触手可及 小打小闹 色衰爱弛 鸟革翚飞
98921	触手可及 色衰爱弛 鸟革翚飞
98922	小打小闹
98923	摩托车 铜山铁壁
9893	铭肤镂骨 铜山金穴 和气致祥 爱毛反裘 铭肌镂骨
98931	和气致祥 鹰扬虎视
98932	爱毛反裘
98933	铭肤镂骨 铜山金穴 铭肌镂骨
9894	愿意 秩序
98941	愿意 秩序
9895	速度 角度 反被虎伤 利用厚生
98951	速度 角度 反被虎伤 利用厚生
9896	角色 配置 银白色 遥控钥匙 历兵秣马
98961	角色 历兵秣马 励兵秣马 鸟覆危巢 厉兵秣马
98962	配置 遥控钥匙 小摊小贩
98963	银白色 某月某日
9897	危迫利诱 磨砻镌切
98971	危迫利诱
98973	磨砻镌切
9898	连连 射手座的 束手束脚 小手小脚 轻手轻脚
98981	束手束脚 稳扎稳打
98982	连连 小手小脚 轻手轻脚 轮番上阵 辅导辅导
98983	射手座的
9899	磨砻底厉 铁打铜铸 铜打铁铸
98993	磨砻底厉 铁打铜铸 铜打铁铸
991	点点头 基督教
9911	虚虚实实 基督宗教 基督耶稣 锐意进取 整整齐齐
99111	整整齐齐
99113	虚虚实实 基督宗教 基督耶稣 锐意进取 摩尔定律
9912	危害 连章累牍
99121	危害
99122	连章累牍
9913	基金资助 欺上瞒下
99133	基金资助 欺上瞒下
9914	基督教 逻辑思维 少私寡欲
99142	逻辑思维 少私寡欲
99143	基督教
9915	上床睡觉 种质资源 基金净值 积铢累寸
99151	种质资源 积铢累寸
99152	上床睡觉
99153	基金净值
9916	点点头 镜头 廉可寄财 香车宝马 香轮宝骑
99161	廉可寄财 香车宝马 香轮宝骑
99162	点点头
99163	镜头
9917	顾客
99171	顾客
9918	稳定 稍微 钻进 锁定 秩序井然
99181	稳定 稍微 秩序井然
99183	钻进 锁定
9919	种豆得豆 种瓜得瓜 床上安床
99191	种豆得豆 种瓜得瓜 床上安床
992	钱钟书 角质层
9922	小姑 钱钟书 角质层 战战兢兢 酸酸甜甜
99221	角质层 袅袅婷婷 袅袅娜娜 袅袅娉娉 詹詹炎炎
99222	小姑 战战兢兢 酸酸甜甜 卓尔不群 曲意奉承
99223	钱钟书
9923	小姐 卡车司机 虚应故事 其应如响
99232	小姐 卡车司机
99233	虚应故事 其应如响
9924	鸟迹虫丝 历久弥新 乘其不备
99241	鸟迹虫丝 历久弥新 乘其不备
9925	恋恋不舍 身轻如燕 削铁如泥 爱钱如命
99252	削铁如泥 爱钱如命
99253	恋恋不舍 身轻如燕
9926	小女 至当不易 卓尔不凡
99262	小女 至当不易 卓尔不凡
9927	小小不言 市委书记 省委书记 镇委书记 厄尔尼诺
99271	厄尔尼诺 历久弥坚
99272	小小不言 省委书记 觅迹寻踪
99273	市委书记 镇委书记
9928	委靡不振 小鹿乱撞 省身克己
99281	委靡不振
99282	小鹿乱撞 省身克己
9929	音乐 黍离麦秀 酩酊烂醉
99291	音乐 黍离麦秀
99292	酩酊烂醉
993	甚至于 程序员
9931	上市事宜 邂逅相遇 离鸾别鹄 离鸾别鹤
99311	邂逅相遇
99312	上市事宜
99313	离鸾别鹄 离鸾别鹤
9932	广厦万间
99321	广厦万间
9933	小事 穆斯林 上上下下 轻轻松松 鹰觑鹘望
99331	穆斯林 鹰觑鹘望 原原本本 仄仄平平 反反复复
99332	小事 上上下下 轻轻松松 忐上忑下 忐忐忑忑
99333	磨磨叽叽
9934	程序正义 离愁别绪 钩章棘句 小小年纪 离愁别恨
99341	程序正义 秋色平分
99342	小小年纪 蜀锦吴绫
99343	离愁别绪 钩章棘句 离愁别恨
9935	库里 豆腐一方 置身事外 应变无方 连车平斗
99351	库里 应变无方 委曲求全
99352	置身事外 连车平斗 小康社会 辅车相依 四顾无人
99353	豆腐一方 虚度年华
9936	危机 歌唱 甚至于 程序员 镂尘吹影
99361	危机 程序员
99362	少小无猜
99363	歌唱 甚至于 镂尘吹影 钩辀格磔 铿金戛玉
9937	遥遥相对 针锋相对 鸵鸟政策
99371	鸵鸟政策
99372	遥遥相对
99373	针锋相对
9938	称呼 战争形势 上原亚衣 铿镪顿挫 虎躯一震
99381	称呼
99382	战争形势 上原亚衣
99383	铿镪顿挫 虎躯一震
9939	私底下 遥遥无期 麻雀虽小 蛮触相争
99391	私底下
99392	遥遥无期
99393	麻雀虽小 蛮触相争
994	轻轻地 爱尔兰
9941	金银首饰 变危为安 应急预案 危急关头 转危为安
99411	应急预案 危急关头
99412	转危为安
99413	金银首饰 变危为安 变废为宝
9942	小声 歌声 曲意逢迎 上市公司
99422	小声 曲意逢迎 上市公司
99423	歌声
9943	轻轻地 当轴处中 斯科普里 酣歌恒舞
99432	轻轻地 当轴处中 酣歌恒舞
99433	斯科普里
9944	小子 镜子 至上主义 小酌怡情 轰轰烈烈
99441	急急忙忙 色彩缤纷 废私立公 袅袅亭亭
99442	小子 至上主义 小酌怡情 轰轰烈烈 瓜瓞绵绵
99443	镜子 铺锦列绣
9945	习惯 小孩
99452	小孩
99453	习惯
9946	欺软怕硬 四季分明
99462	四季分明
99463	欺软怕硬
9947	称为 急速增加 连镳并驾 点到即止 轻车熟路
99471	称为 急速增加
99472	连镳并驾 点到即止 轻车熟路 转身就走 点到为止
9948	爱尔兰
99482	爱尔兰
9949	小心 锱铢必较 金银细软 连镳并轸
99492	小心 连镳并轸
99493	锱铢必较 金银细软
995	基金会
9951	小学 广度优先 甚至伤害 遥遥领先 铢积寸累
99511	广度优先 穰穰满家
99512	小学 遥遥领先
99513	甚至伤害 铢积寸累
9952	小伙 基金会 市卫生局 上卫生间 反应过来
99521	反应过来 麇至沓来
99522	小伙 上卫生间 醍醐灌顶
99523	基金会 市卫生局
9953	遁迹潜形 其应若响 转战千里 钱可通神
99531	遁迹潜形
99532	转战千里
99533	其应若响 钱可通神
9954	金色世纪 身后萧条 广种薄收 利锁名缰 积羽沉舟
99541	广种薄收 利锁名缰 积羽沉舟
99543	金色世纪 身后萧条
9955	小花 点点滴滴 身受重伤 四季旅游 角角落落
99551	角角落落 历历落落 乘虚而入 顾虑重重 色色俱全
99552	小花 点点滴滴 四季旅游 四四方方 逍遥法外
99553	身受重伤 躲躲藏藏 锦上添花 身负重任 期期艾艾
9956	彩色液晶 锒铛入狱 羿射九日 积厚流光 软香温玉
99561	积厚流光
99562	彩色液晶 软香温玉
99563	锒铛入狱 羿射九日
9957	小人 上市仪式 厚积薄发 摩尔多瓦 铩羽而归
99571	厚积薄发
99572	小人 上市仪式 轻虑浅谋
99573	摩尔多瓦 铩羽而归
9958	省市领导 甚至消失 上上个月 四顾茫然 鹿车共挽
99581	鹿车共挽 黎庶涂炭
99582	省市领导 上上个月 四顾茫然
99583	甚至消失
9959	反腐倡廉 厄瓜多尔 袅袅余音
99591	反腐倡廉 厄瓜多尔 袅袅余音
996	到底是 上厕所
9961	变色易容 金银财宝 金科玉律 历历在目 逍遥自得
99611	历历在目 历历在耳
99612	逍遥自得
99613	变色易容 金银财宝 金科玉律
9962	小区 市辖区 夜枭星云 反身自问 四轮驱动
99621	反身自问 反躬自问 束身自好 反躬自责
99622	小区 四轮驱动
99623	市辖区 夜枭星云
9963	急转直下 鸾歌凤舞 麟角凤嘴 危急存亡 轻歌曼舞
99631	急转直下 麟角凤嘴 危急存亡
99632	轻歌曼舞
99633	鸾歌凤舞 欺上罔下
9964	库存 受到破坏 糜躯碎首 康庄大道 铮铮有声
99641	库存 康庄大道 顾曲周郎
99642	受到破坏
99643	糜躯碎首 铮铮有声 金科玉条
9965	小时 厨房 积少成多 危急时刻 久负盛名
99651	厨房 积少成多 危急时刻 久负盛名 色厉内荏
99652	小时 软磨硬泡 小廉大法 劣迹昭著
9966	酸酸辣辣 离离矗矗 庸庸碌碌 逍遥自在 劣迹斑斑
99661	庸庸碌碌 皱皱巴巴
99662	酸酸辣辣 逍遥自在 劣迹斑斑
99663	离离矗矗 金钗十二
9967	反射星团 乘车戴笠 麟角凤距 小受大走 铿锵有力
99671	反射星团 乘车戴笠 麟角凤距 麟角凤觜
99672	小受大走
99673	铿锵有力
9968	到底是 上厕所 色彩斑斓 麻省理工 爬罗剔抉
99681	色彩斑斓
99682	到底是 上厕所 爬罗剔抉
99683	麻省理工
9969	四季景色 斩钉截铁 酩酊大醉 反躬自省 点铁成金
99691	反躬自省
99692	四季景色 斩钉截铁 酩酊大醉 点铁成金 点金成铁
9971	小康之家 辗转难眠 磨铅策蹇 身轻言微
99712	小康之家 辗转难眠
99713	磨铅策蹇 身轻言微
9972	四季常青 靡靡之乐
99722	四季常青
99723	靡靡之乐
9973	铄金毁骨 可乘之机
99733	铄金毁骨 可乘之机
9974	小说 稍等 转移因子 后顾之忧 四战之地
99741	稍等 后顾之忧
99742	小说 转移因子 四战之地
99743	钢铁长城 靡靡之声
9975	唐虞之治 轻车简从 斩瓜切菜 雀角鼠牙
99751	唐虞之治
99752	轻车简从 斩瓜切菜 雀角鼠牙
9976	小米 乘鸾跨凤 磨盾之暇 四季发财 席上之珍
99761	乘鸾跨凤 席上之珍
99762	小米 四季发财
99763	磨盾之暇
9977	小路 上上之策 后车之戒 虚废词说 黏黏糊糊
99771	后车之戒 黏黏糊糊 稼穑艰难
99772	小路 上上之策
99773	虚废词说 磨磨蹭蹭 变色之言
9978	季度数据 上市之初 积习难改 可乘之隙
99781	季度数据 积习难改
99782	上市之初
99783	可乘之隙
9979	钩金舆羽 错上加错 靡靡之音 其利断金 斩钉切铁
99792	斩钉切铁
99793	钩金舆羽 错上加错 靡靡之音 其利断金 夜色迷离
9981	四季皆宜 虚席以待
99812	四季皆宜
99813	虚席以待
9982	小白 叔叔阿姨 犁庭扫闾
99821	犁庭扫闾
99822	小白 叔叔阿姨
9983	销售 摩厉以须 可可西里 犁庭扫穴 点金乏术
99831	犁庭扫穴
99832	点金乏术
99833	销售 摩厉以须 可可西里 磨厉以须
9984	链接 亦可覆舟
99843	链接 亦可覆舟
9985	危险 小脸 雀小脏全 科罗拉多 夜色撩人
99851	危险 科罗拉多 利市三倍
99852	小脸 雀小脏全
99853	夜色撩人 虎变龙蒸 金钗换酒
9986	甚至抑郁 铿金霏玉
99863	甚至抑郁 铿金霏玉
9987	小手 愿意的话 尔虞我诈 罗雀掘鼠 乘虚迭出
99871	愿意的话 尔虞我诈 乘虚迭出
99872	小手 罗雀掘鼠
9988	曲曲折折 遮遮掩掩 稀稀疏疏 稀稀拉拉 锋铓毕露
99881	遮遮掩掩 稀稀疏疏 稀稀拉拉
99882	曲曲折折 连战皆捷
99883	锋铓毕露 摩厉以需 斯斯文文 颤颤巍巍 钩玄提要
9989	转弯抹角 解铃系铃 率尔操觚
99891	解铃系铃
99892	转弯抹角
99893	率尔操觚
9991	歌曲 速战速决 少小离家 历历可考 轩轩甚得
99911	速战速决 历历可考
99912	少小离家 轩轩甚得
99913	歌曲
9992	小康 银色金属 卜夜卜昼 卢甘斯克 厕身其间
99921	厕身其间
99922	小康 卜夜卜昼 卢甘斯克
99923	银色金属
9993	秒钟 铮铮铁骨 置身其中 历历可见 可上可下
99931	秒钟 历历可见
99932	置身其中 酣歌醉舞
99933	铮铮铁骨 可上可下
9994	某种意义 秀色可餐 乌鸟私情 铲迹销声
99941	秀色可餐 乌鸟私情
99943	某种意义 铲迹销声
9995	辗转反侧 可歌可泣 金针度人 钩爪锯牙 铜铸铁浇
99952	辗转反侧
99953	可歌可泣 金针度人 钩爪锯牙 铜铸铁浇
9996	店铺 小镇 上当受骗 历历可辨
99961	店铺 历历可辨
99962	小镇 上当受骗
9997	亦庄亦谐 车轱辘话 轻解罗裳 历历可数 小廉曲谨
99971	历历可数
99972	车轱辘话 轻解罗裳 小廉曲谨
99973	亦庄亦谐
9998	急速上升 卓翼科技
99981	急速上升
99982	卓翼科技
9999	哥哥 小小 稍稍 小哥 连锁反应
99991	稍稍 稳稳当当 稳稳妥妥
99992	小小 小哥 连锁反应 爱斯基摩
99993	哥哥 欺负欺负 错彩镂金 镂金错彩
aaa	来不及 好不好
aaaa	灵魂 妹妹 姑姑 层层 兢兢业业
aaaaa	灵魂 妹妹 姑姑 姗姗来迟 娱乐娱乐
aaaad	层层 兢兢业业 火烧火燎 迟迟不来 不痛不痒
aaaaq	疯疯癫癫 魑魅魍魉 闷闷不乐 病病歪歪
aaad	不如 还不如 不问 泰来否极 娓娓动听
aaada	娓娓动听 如痴如梦
aaadd	不如 还不如 不问
aaadq	泰来否极
aaag	不好 姑娘 好不好 不来 不尽
aaaga	姑娘 好不好 动来动去
aaagd	不好 不来 不尽 灯火 蛾眉螓首
aaaj	不及 来不及 蝴蝶 不妨 癞蛤蟆
aaaja	嫉闲妒能 妩媚动人 如火如荼 娓娓不倦
aaajd	不及 蝴蝶 不妨 蜂媒蝶使 不敢问津
aaajq	来不及 癞蛤蟆 适不适合 青灯古佛 乱云飞渡
aaam	局面 妇女 嫉妒 书面 层面
aaama	妇女 嫉妒 刹那间 弃好背盟 如痴如狂
aaamd	局面 层面 犀燃烛照 炒买炒卖
aaamq	书面
aaap	婚姻 不动 动不动 闭门不出 还不如说
aaapa	婚姻 动不动 如履如临
aaapd	不动 还不如说
aaapq	闭门不出 来不及了 书不尽言 敢怒敢言
aaaq	不敢 不留 敢不敢 克逮克容 动弹不得
aaaqa	动弹不得 恕不奉告
aaaqd	不敢 不留 克逮克容 不疾不徐
aaaqq	敢不敢 泰来否往
aaat	不适 支不支持 火烧眉毛 不屈不挠 不动如山
aaata	恕不奉陪
aaatd	不适 支不支持 火烧眉毛 不屈不挠 不动如山
aaax	不屑 引火烧身 蝴蝶效应 娟好静秀 不留痕迹
aaaxa	引火烧身 娟好静秀 如痴如醉 如火燎原
aaaxd	不屑 蝴蝶效应 不留痕迹
aad	不希望 运动员
aada	婚礼 不灭 未婚妻 怒火中烧 弃如敝屣
aadaa	婚礼 怒火中烧 弃如敝屣 如弃敝屣
aadad	不灭
aadaq	未婚妻 舐痈吮痔
aadd	不禁 不朽 不吃 虮虱相吊 歪不横楞
aadda	面面相窥
aaddd	不禁 不朽 不吃 虮虱相吊 歪不横楞
aaddq	闲来无事 艳如桃李 阖门百口
aadg	不一 不忘 不平 不只 书中
aadga	乐不极盘 如履平地
aadgd	不一 不忘 不平 不只 不干
aadgq	书中 痛痒相关
aadj	不见 不开 不求 君不见 好运一生
aadja	君不见 好运一生 粥粥无能 奴隶社会 魂飞天外
aadjd	不见 不开 不求 爆炸事件 尺蠖求伸
aadjq	未来事件 耕耘树艺
aadm	不再 居民 居于 运动员 不屑于
aadma	运动员 强弩末矢 弱不禁风
aadmd	不再 居民 居于 不屑于 烂熳天真
aadp	不正 张居正 素不相识 不敢妄言
aadpa	张居正
aadpd	不正 不敢妄言
aadpq	素不相识
aadq	不想 闲云野鹤 青蝇吊客 面面相睹 未尽事宜
aadqa	面面相睹
aadqd	不想 还不一定
aadqq	闲云野鹤 青蝇吊客 未尽事宜 那不一定 买静求安
aadt	不听 不希望 面面相看 鬼烂神焦
aadta	面面相看
aadtd	不听 不希望
aadtq	鬼烂神焦
aadx	不由 不下 烽火相连 青春年少 不屑一顾
aadxa	面面相觑 强奸民意
aadxd	不由 不下 烽火相连 不屑一顾
aadxq	青春年少
aag	静静地 不动产
aaga	剧情 蠢蠢欲动 展翅高飞 炉火纯青 始乱终弃
aagaa	始乱终弃 娓娓道来
aagad	剧情 展翅高飞 炉火纯青 不留情面
aagaq	蠢蠢欲动 静如处女
aagd	静静地 局部 未婚夫 将寻斧柯 蚂蚁缘槐
aagda	嫌好道恶
aagdd	局部 蚂蚁缘槐 不敢高攀
aagdq	静静地 未婚夫 将寻斧柯
aagg	不幸 不高 不良 妹子 虫子
aagga	妹子 嫌好道歉 嫌好道歹
aaggd	不幸 不高 不良 虫子 不敢旁骛
aaggq	痛痛快快 嫠不恤纬 来迎去送 来来去去
aagj	不懂 不够 不去 交给 不给
aagja	娇艳欲滴
aagjd	不懂 不够 不去 不给 不公
aagjq	交给 痛不欲生
aagm	不快 娱乐场所 那不就是 面如死灰
aagma	娱乐场所 面如死灰
aagmd	不快
aagmq	那不就是
aagp	不曾 不为 剧烈 不经 不分
aagpd	不曾 不为 剧烈 不经 不分
aagq	迎来送往 昏昏欲睡 闲云孤鹤
aagqa	迎来送往 昏昏欲睡
aagqq	闲云孤鹤
aagt	不必 不怕 不予 不死 蝮蛇螫手
aagtd	不必 不怕 不予 不死 蝮蛇螫手
aagtq	闭门却扫
aagx	不堪 不就 不动产 运动场上 不动声色
aagxa	运动场上 张灯结彩 面如土色 云贵高原
aagxd	不堪 不就 不动产 不动声色 不避斧钺
aaj	不适合 婚姻法
aaja	不会 不清 交流 不做 不舍
aajaa	灵活 姐妹们 迎面而来 娱乐活动
aajad	不会 不清 不做 不舍 火耕水耨
aajaq	交流 鬼不像鬼
aajd	不合 不便 不适合 如来佛祖 咫尺千里
aajda	如来佛祖
aajdd	不合 不便 不适合 咫尺千里 不辞而别
aajg	不住 不停 不放 居住 婚姻法
aajga	婚姻法
aajgd	不住 不停 不放 居住 不留余地
aajgq	熬不过去
aajj	不多 不满 交付 蝼蚁贪生 不辞劳苦
aajja	恕不从命
aajjd	不多 不满 蝼蚁贪生 不辞劳苦 歪歪斜斜
aajjq	交付 鬼蜮伎俩 舌灿莲花 敢不从命
aajm	不但 不值 熠熠生辉 凿壁偷光 不敢苟同
aajma	如蝇逐臭
aajmd	不但 不值 熠熠生辉 凿壁偷光 不敢苟同
aajp	不仅 不信 交代 妇人 不遗余力
aajpa	妇人 娓娓而谈 面如傅粉 面面俱圆
aajpd	不仅 不信 不遗余力
aajpq	交代 疾如旋踵
aajq	不像 不觉 不带 门不停宾 丰屋蔀家
aajqa	如履薄冰 婀娜多姿
aajqd	不像 不觉 不带 烟云过眼
aajqq	门不停宾 丰屋蔀家 丰屋生灾 疮痍满目
aajt	不能 不过 交通 不通 不好过
aajta	如蚁慕膻 如臂使指 面如满月 弩张剑拔
aajtd	不能 不过 不通 不好过 尸居余气
aajtq	交通 症状消失
aajx	蜈支洲岛 炎症介质 不尽人意 居不重席 面面俱到
aajxa	面面俱到 如痴似醉
aajxd	蜈支洲岛 炎症介质 不尽人意 居不重席 不如人意
aam	还不是
aama	不成 不爽 螳螂奋臂 灯烛辉煌 灿烂辉煌
aamaa	强弓硬弩
aamad	不成 不爽 螳螂奋臂 灯烛辉煌 灿烂辉煌
aamaq	将门有将 书缺有间
aamd	不知 不同 不大 不理 炯炯有神
aamdd	不知 不同 不大 不理 炯炯有神
aamdq	素面朝天
aamg	不在 不太 灯光 灵光 不凡
aamga	灵光 面如灰土 恕不远送 姐妹同心
aamgd	不在 不太 灯光 不凡 蚍蜉戴盆
aamgq	青灯黄卷
aamj	书房 不时 北门南牙 弘奖风流 装疯卖傻
aamja	弘奖风流
aamjd	不时 贵古贱今
aamjq	书房 北门南牙 装疯卖傻 青面獠牙
aamm	交易 不易 运动量大 不怒自威 蚌病成珠
aamma	运动量大
aammd	不易 不怒自威 蚌病成珠
aammq	交易
aamp	不远 来好息师 动静有常
aampa	动静有常
aampd	不远
aampq	来好息师
aamq	灿烂夺目 表面现象 贵壮贱老
aamqd	灿烂夺目 贵壮贱老
aamqq	表面现象
aamt	不是 不明 书包 还不是 痌瘝在抱
aamta	嫦娥奔月 好问则裕
aamtd	不是 不明 还不是 屡建奇功 蝉不知雪
aamtq	书包 痌瘝在抱
aamx	张弛有度 屈艳班香 妇姑勃谿 辞不达意 青云直上
aamxa	张弛有度 妇姑勃谿
aamxd	屈艳班香 螳螂黄雀
aamxq	辞不达意 青云直上
aap	不承认 娱乐圈
aapa	不断 交谈 书籍 局长 不长
aapaa	刹那之间 乐尽悲来 强弓劲弩
aapad	不断 局长 不长 飞蛾赴烛 飞蛾赴焰
aapaq	交谈 书籍 症状加剧 素未谋面 癣疥之疾
aapd	不回 不许 飞书走檄 丰屋之祸 门闾之望
aapda	强弩之极 强弩之末
aapdd	不回 不许 飞书走檄 炮烙之刑 不敢或忘
aapdq	丰屋之祸 门闾之望
aapg	不说 不止 不忍 不等 娱乐圈
aapga	娱乐圈 弹尽粮绝
aapgd	不说 不止 不忍 不等 不如说
aapgq	六尺之孤
aapj	不了 灵力 不对 不该 不论
aapja	灵力
aapjd	不了 不对 不该 不论 不符
aapjq	魅力 效力 症状加重 丰屋之过
aapm	不出 古书记载 飞将数奇 闪闪发光 屈居第二
aapma	灵蛇之珠
aapmd	不出 古书记载 飞将数奇 屈居第二 屋如七星
aapmq	闪闪发光
aapp	魂动设计 媒妁之言 鬼鬼祟祟 层层叠叠 如运诸掌
aappa	魂动设计 媒妁之言 如运诸掌
aappd	层层叠叠 屠毒笔墨
aappq	鬼鬼祟祟
aapq	不管 不算 不语
aapqd	不管 不算 不语
aapt	不起 不足 书记 不肯 不难
aapta	弥留之际
aaptd	不起 不足 不肯 不难 烘云讬月
aaptq	书记
aapx	不行 不让 不走 充闾之庆 燃眉之急
aapxa	充闾之庆 面面圆到
aapxd	不行 不让 不走 燃眉之急
aaqa	不安 乐业安居
aaqaa	乐业安居
aaqad	不安
aaqd	效果 层次 书写 不宜 如烟往事
aaqda	如烟往事 怒火冲天
aaqdd	层次 不宜
aaqdq	效果 书写
aaqg	不容 交往 不尽完美 眉来眼去 杀彘教子
aaqga	杀彘教子
aaqgd	不容 不尽完美 眉来眼去
aaqgq	交往
aaqj	魂不守舍 闵乱思治 好好先生 面壁思过 闭门思过
aaqja	魂不守舍 好好先生 面壁思过 强强联合
aaqjd	不敢告劳
aaqjq	闵乱思治 闭门思过
aaqm	不得 不完 好不容易 面如冠玉 飞云掣电
aaqma	好不容易 面如冠玉
aaqmd	不得 不完 飞云掣电
aaqmq	间不容息
aaqp	不免 间不容发 眉飞眼笑
aaqpd	不免 眉飞眼笑
aaqpq	间不容发
aaqq	不敢造次 火奴鲁鲁
aaqqd	不敢造次 火奴鲁鲁
aaqt	不定 不准 犀顶龟文 好问决疑 克敌制胜
aaqta	好问决疑 强强联手 面如凝脂
aaqtd	不定 不准 犀顶龟文 克敌制胜
aaqx	乐不思蜀 闭门造车
aaqxa	乐不思蜀
aaqxq	闭门造车
aat	秦始皇 好运气
aata	不要 魂魄 不打 飞蛾扑火 敌强我弱
aataa	魂魄
aatad	不要 不打 飞蛾扑火 螳螂捕蝉 灯蛾扑火
aataq	敌强我弱
aatd	女娲补天 蚍蜉撼树 如蛆附骨 属辞比事 尸居龙见
aatda	女娲补天 如蛆附骨
aatdd	蚍蜉撼树 属辞比事 尸居龙见
aatg	不已 弃故揽新 弹尽援绝 动动脑子 不敢掠美
aatga	弃故揽新 弹尽援绝 动动脑子
aatgd	不已 不敢掠美
aatj	不需 古希腊 弃书捐剑 燔书阬儒 乐尽哀生
aatja	弃书捐剑 乐尽哀生 魂飞魄散 魂不附体 面壁功深
aatjd	不需 古希腊 燔书阬儒 蛾眉皓齿
aatjq	妆嫫费黛 慧业文人
aatm	居然 不然 秦始皇 动不失时 疾如雷电
aatma	动不失时
aatmd	居然 不然 不敢擅专
aatmq	秦始皇 疾如雷电
aatp	交手 烂如指掌 不支持了 交臂失之
aatpd	烂如指掌 不支持了
aatpq	交手 交臂失之
aatq	灵气 不看 好运气 丰屋延灾 动如脱兔
aatqa	灵气 好运气 动如脱兔 面不改容 妖不胜德
aatqd	不看
aatqq	丰屋延灾
aatt	烧杀抢掠 卿卿我我 烘云托月 动动手指 群蚁附膻
aatta	卿卿我我 动动手指 群蚁附膻 弱不胜衣 如蚁附膻
aattd	烧杀抢掠 烘云托月
aatx	不用 不服 交换 不掉 面不改色
aatxa	面不改色 面引廷争 面面皆到
aatxd	不用 不服 不掉 螳螂拒辙 螳臂挡车
aatxq	交换 闭门投辖 那不勒斯 表面文章
aax	不乐意 青春期
aaxa	不变 不离 还不错来 青蝇点素 片云遮顶
aaxaa	乐不可支 娉婷袅娜 引鬼上门
aaxad	不变 不离 还不错来
aaxaq	青蝇点素 片云遮顶 闪烁其辞 春蚓秋蛇 春蛙秋蝉
aaxd	不上 婚后 眉飞色舞 烽火连年 还不至于
aaxda	婚后 乐不可极
aaxdd	不上 眉飞色舞 烽火连年 还不至于 炮火连天
aaxg	不久 效率 不甘 不乐意 青春期
aaxga	如闻其声
aaxgd	不久 不甘 不乐意
aaxgq	效率 青春期 帮闲钻懒 门不夜关 帮不上忙
aaxj	不可 不错 不应 效应 还不错
aaxjd	不可 不错 不应 还不错 蜻蜓点水
aaxjq	效应
aaxm	不负 面壁磨砖 门不夜扃 怒不可遏 不屑置辩
aaxma	面壁磨砖 怒不可遏
aaxmd	不负 不屑置辩 不问可知
aaxmq	门不夜扃
aaxp	不到 不利 烽烟四起 闪烁其词 妙不可言
aaxpa	妙不可言 乐不可言
aaxpd	不到 不利 烽烟四起 烽火四起 昼耕夜诵
aaxpq	闪烁其词 敖不可长
aaxq	不爱 不受 杀敌致果 克尽厥职 北面称臣
aaxqa	杀敌致果
aaxqd	不爱 不受 克尽厥职
aaxqq	北面称臣
aaxt	不少 不愿 不解 凿凿可据 憨状可掬
aaxtd	不少 不愿 不解 凿凿可据 蜿蜒曲折
aaxtq	憨状可掬 交臂历指 表面上看
aaxx	不小 不顾 不赖 瘦瘦小小 闭门酣歌
aaxxa	面面厮觑 妊娠反应
aaxxd	不小 不顾 不赖 螳臂当辙 螳臂当车
aaxxq	瘦瘦小小 闭门酣歌 北门锁钥
ada	留下来 静下来
adaa	姐妹 群空冀北 强本弱支 刮骨疗毒 那一刹那
adaaa	姐妹 群空冀北 强本弱支
adaad	否极泰来 不吵不闹 不相闻问
adaaq	刮骨疗毒 那一刹那 奉天承运
adad	姐姐 问问 强枝弱本 蜂窠蚁穴 强本弱枝
adada	姐姐 强枝弱本 强本弱枝 好模好样 张口闭口
adadd	蜂窠蚁穴 不哼不哈 蛙鸣蝉噪
adadq	问问 表里不一 表里如一
adag	留下来 静下来 古里古怪 不吐不快 如梦如幻
adaga	留下来 如梦如幻 如兄如弟 面无表情 孀妻弱子
adagd	古里古怪 不吐不快 胡天胡帝 胡天胡地 不忘故旧
adagq	静下来
adaj	病毒 不见不散 鬼神不测 煨干避湿 层林尽染
adaja	嫉恶如仇
adajd	不见不散 煨干避湿 层林尽染 不年不节 不吐不茹
adajq	病毒 鬼神不测 艳福不浅 青史留名 疾恶如仇
adam	症状 买椟还珠 不求闻达 好恶不同 丰神如玉
adama	好恶不同
adamd	不求闻达
adamq	症状 买椟还珠 丰神如玉 丁一卯二
adap	否极泰回 闲见层出 闭口不言 屡禁不止 闭口不谈
adapa	好梦不长
adapd	否极泰回 屡禁不止 烟视媚行 尺椽片瓦
adapq	闲见层出 闭口不言 闭口不谈 病民蛊国
adaq	不干不净 屡见不鲜 六神不安 蜂屯蚁聚
adaqd	不干不净 屡见不鲜 蜂屯蚁聚
adaqq	六神不安
adat	刹那 不见泰山 妖里妖气
adata	刹那 妖里妖气
adatd	不见泰山
adax	娱乐 缺一不可 寻根问底 病骨支离 如梦如醉
adaxa	娱乐 寻根问底 如梦如醉
adaxd	蛇口蜂针
adaxq	缺一不可 病骨支离
add	不一样 那一天
adda	灵机一动 杀妻求将 熔于一炉 春梦无痕 闲神野鬼
addaa	灵机一动 杀妻求将
addad	熔于一炉
addaq	春梦无痕 闲神野鬼
addd	不见森林 故事梗概 妙想天开 鬼哭神嚎 门禁森严
addda	妙想天开 弃本求末
adddd	不见森林 故事梗概
adddq	鬼哭神嚎 门禁森严
addg	不一样 如一 不相干 女中丈夫 六神无主
addga	如一 女中丈夫
addgd	不一样 不相干
addgq	六神无主 司空见惯
addj	避开 飞舞 强权政治 不吃一斗 乐于助人
addja	强权政治 乐于助人 嫁祸于人
addjd	避开 飞舞 不吃一斗
addm	飞机 司机 那一天 强横 不亚于
addma	强横 云开见日
addmd	飞机 不亚于 尸骨无存 不见天日
addmq	司机 那一天
addp	不一样了 姑妄听之
addpa	姑妄听之
addpd	不一样了
addq	她想 闲极无聊 寿与天齐 秦楼楚馆
addqa	她想
addqq	闲极无聊 寿与天齐 秦楼楚馆
addt	那一年 不一样的 舌敝唇焦
addtd	不一样的
addtq	那一年 舌敝唇焦
addx	如下 乐呵呵 鳌鸣鳖应 表里一致 寻根究底
addxa	如下 乐呵呵 寻根究底 怒形于色 凶神恶煞
addxq	鳌鸣鳖应 表里一致
adg	不开心
adga	病情 支柱产业 凿楹纳书 张口结舌 刮骨去毒
adgaa	张口结舌
adgad	支柱产业 凿楹纳书
adgaq	病情 刮骨去毒 表里为奸
adgd	将机就机 克嗣良裘 买一送一 避祸就福 女中豪杰
adgda	女中豪杰
adgdd	克嗣良裘 避祸就福
adgdq	将机就机 买一送一 辞严义正
adgg	女权主义 顶天立地 丰神绰约
adgga	女权主义
adggq	顶天立地 丰神绰约
adgj	不见经传 好吃懒做 责无旁贷 居里夫人 煨干就湿
adgja	好吃懒做
adgjd	不见经传 居里夫人 煨干就湿
adgjq	责无旁贷
adgm	问道 飞快 强悍 不无道理
adgma	强悍
adgmd	飞快 不无道理
adgmq	问道
adgp	强烈 不由分说 不相为谋
adgpa	强烈
adgpd	不由分说 不相为谋
adgq	乐祸幸灾
adgqa	乐祸幸灾
adgt	杀死 不无关系
adgta	杀死
adgtd	不无关系
adgx	她就 飞翔 不开心 引吭高歌 面无惭色
adgxa	她就 引吭高歌 面无惭色
adgxd	飞翔 不开心
adj	那一刻 不相信
adja	如今 她们 不一会 六根清静 闭口藏舌
adjaa	如今 她们
adjad	不一会
adjaq	六根清静 闭口藏舌 春树暮云 泰极而否
adjd	乐嗟苦咄 装模作样 杀一儆百 劈啪作响 不恶而严
adjda	乐嗟苦咄 杀一儆百 弃本逐末
adjdd	劈啪作响 不恶而严
adjdq	装模作样
adjg	司法 问候 不忘沟壑 如梦似幻 丰神俊朗
adjga	如梦似幻 弃恶从善
adjgd	不忘沟壑 蚁穴溃堤
adjgq	司法 问候 丰神俊朗
adjj	如花 鬼神莫测 痛哭流涕 不辱使命 青史传名
adjja	如花 妖由人兴 乐天任命
adjjd	不辱使命 尺树寸泓
adjjq	鬼神莫测 痛哭流涕 青史传名
adjm	还本付息 屁事没有
adjmd	还本付息 屁事没有
adjp	那一刻 杀人 病人 不相信 如水
adjpa	杀人 如水 乐极生悲 寻事生非
adjpd	不相信 不想多说 不一而足
adjpq	那一刻 病人 青年人
adjq	门无杂客 门无杂宾 六根清净
adjqq	门无杂客 门无杂宾 六根清净
adjt	强化 问过 乐极生哀 毒副作用 飞也似的
adjta	强化 乐极生哀 强本节用
adjtd	飞也似的
adjtq	问过 毒副作用
adjx	如何 好事多磨 如梦方醒 面无人色 妙舞清歌
adjxa	如何 好事多磨 如梦方醒 面无人色 妙舞清歌
adm	不只是 那也是
adma	乐视影业 装神弄鬼 飞机大炮 蜂虿有毒
admaa	乐视影业
admad	飞机大炮 蜂虿有毒
admaq	装神弄鬼
admd	强大 如同 尸横遍野 闯下大祸 鬼哭狼嚎
admda	强大 如同 弥天大祸
admdd	尸横遍野 不平则鸣
admdq	闯下大祸 鬼哭狼嚎 买空卖空
admg	不由自主 乐极则忧 鳌里夺尊
admga	乐极则忧
admgd	不由自主
admgq	鳌里夺尊
admj	病房 疲于奔命 疲于奔波 青年才俊 乐天知命
admja	乐天知命 卵与石斗
admjq	病房 疲于奔命 疲于奔波 青年才俊 魁梧奇伟
admm	司马 版权所有 交相辉映 闻一知十 不复存在
admmd	不复存在
admmq	司马 版权所有 交相辉映 闻一知十 来也匆匆
admp	否则 好事成双 弥天大谎 云开日出 如椽大笔
admpa	好事成双 弥天大谎 云开日出 如椽大笔 乐极则悲
admpd	否则
admt	问题 如是 她有 如有 不只是
admta	如是 她有 如有
admtd	不只是 不求有功 不鸣则已
admtq	问题 那也是
admx	弥天大罪
admxa	弥天大罪
adp	不平衡
adpa	春夏之交 飞檐走壁 秦晋之好 乐极悲来 屋下架屋
adpaa	乐极悲来
adpad	飞檐走壁 屋下架屋
adpaq	春夏之交 秦晋之好
adpd	始于足下 将相之器 承天之祐 弹空说嘴 如天之福
adpda	始于足下 弹空说嘴 如天之福
adpdd	不祧之祖
adpdq	将相之器 承天之祐 背本趋末
adpg	她说 昏天黑地
adpga	她说 昏天黑地
adpj	问了 否认 乐极悲生 不见舆薪 闳中肆外
adpja	乐极悲生
adpjd	否认 不见舆薪
adpjq	问了 闳中肆外
adpm	强调 强国 飞出 不见踪影 不正之风
adpma	强调 强国 好梦难成
adpmd	飞出 不见踪影 不正之风
adpmq	门下走狗 青梅竹马
adpp	不祥之兆 弩下逃箭 凿空之论 不枉此行 姑妄言之
adppa	弩下逃箭 姑妄言之 好梦难圆
adppd	不祥之兆 凿空之论 不枉此行 不刊之论 不根之论
adpq	不平衡 青林黑塞 飞檐走脊 好事之徒 履穿踵决
adpqa	好事之徒
adpqd	不平衡 飞檐走脊 履穿踵决 不逞之徒 不舞之鹤
adpqq	青林黑塞
adpt	如此 印记 乐事劝功 不求回报
adpta	如此 印记 乐事劝功
adptd	不求回报
adpx	强行 飞行 女中尧舜
adpxa	强行 女中尧舜
adpxd	飞行
adq	不由得 不一定
adqa	凿柱取书 闲曹冷局 静极思动 闹中取静 甜嘴蜜舌
adqad	凿柱取书
adqaq	闲曹冷局 静极思动 闹中取静 甜嘴蜜舌
adqd	如果 丰富
adqda	如果
adqdq	丰富
adqg	痛下决心 君辱臣死 刁天决地 不栉进士
adqga	君辱臣死
adqgd	不栉进士
adqgq	痛下决心 刁天决地
adqj	乐天安命
adqja	乐天安命
adqm	强者 不由得 不见得 病患者 居无定所
adqma	强者
adqmd	不由得 不见得 居无定所
adqmq	病患者
adqp	避免 强制 不一定对 凿空取办 眉开眼笑
adqpa	强制
adqpd	避免 不一定对 凿空取办 眉开眼笑
adqq	如实 不吃馒头 不一定都 尽忠职守
adqqa	如实
adqqd	不吃馒头 不一定都 尽忠职守
adqt	不一定 否定 舌敝耳聋 乱中取胜 火中取栗
adqta	凶年饥岁
adqtd	不一定 否定 火中取栗
adqtq	舌敝耳聋 乱中取胜
adqx	印象 熬更守夜
adqxa	印象
adqxq	熬更守夜
adta	乐极哀来
adtaa	乐极哀来
adtd	云里雾里 凿骨捣髓 寻枝摘叶
adtda	云里雾里 寻枝摘叶
adtdd	凿骨捣髓
adtg	好一阵子 不忘初心
adtga	好一阵子
adtgd	不忘初心
adtj	炽热 强势 凶喘肤汗 云开雾散 表里山河
adtja	强势 凶喘肤汗 云开雾散 如梦初觉
adtjd	炽热
adtjq	表里山河
adtm	她的 嫣然 表示的是 青天白日 弱柳扶风
adtma	她的 嫣然 弱柳扶风
adtmq	表示的是 青天白日
adtp	杀手 否极阳回 尽忠报国 那样的话
adtpa	杀手
adtpd	否极阳回 尽忠报国
adtpq	那样的话
adtq	云中白鹤
adtqa	云中白鹤
adtt	强迫 魂亡魄失 凿空投隙 青天霹雳 凶相毕露
adtta	强迫 魂亡魄失 凶相毕露 如见肺肝
adttd	凿空投隙
adttq	青天霹雳 顶礼膜拜 瘦骨嶙峋
adtx	如梦初醒 希望工程 面无血色 寻根追底 丰神异彩
adtxa	如梦初醒 希望工程 面无血色 寻根追底
adtxq	丰神异彩
adxa	表里受敌
adxaq	表里受敌
adxd	如无其事 强唇劣嘴 弃末返本 不相上下 不复当年
adxda	如无其事 强唇劣嘴 弃末返本 弃末反本
adxdd	不相上下 不复当年
adxg	如意 春夏秋冬 飞天遁地
adxga	如意
adxgd	飞天遁地
adxgq	春夏秋冬
adxj	印度 熬枯受淡 弸中彪外 火树银花 疲于应付
adxja	印度 弸中彪外 如见其人
adxjd	火树银花
adxjq	熬枯受淡 疲于应付 交口称誉
adxm	敢于较真 乐见其成 痛下针砭
adxma	乐见其成
adxmq	敢于较真 痛下针砭
adxp	弦无虚发 弹无虚发 怒极反笑
adxpa	弦无虚发 弹无虚发 怒极反笑
adxq	交口称赞
adxqq	交口称赞
adxt	表示质疑 不无小补 丰年稔岁
adxtd	不无小补
adxtq	表示质疑 丰年稔岁
adxx	不求甚解 好事连连
adxxa	好事连连
adxxd	不求甚解
agaa	好不 乐道好古 剧烈运动 螓首蛾眉 不关痛痒
agaaa	好不 乐道好古
agaad	剧烈运动 螓首蛾眉 不关痛痒 故旧不弃 否去泰来
agad	北京君正 不声不响 始终如一 闷声不响 君子好逑
agada	始终如一 君子好逑 君子不器 奴颜媚骨 好善嫉恶
agadd	不声不响 居高不下 不忮不求
agadq	北京君正 闷声不响
agag	好好 装弹 娃娃 娘娘 尽善尽美
agaga	好好 娃娃 娘娘 面红面绿 面红面赤
agagd	尽善尽美 不懂装懂 居心不良 不怕不怕 不绝如缕
agagq	装弹 痛心疾首 疚心疾首 痛心病首 辞旧迎新
agaj	疼痛 嫌弃 云卷云舒 妙处不传 乐道遗荣
agaja	嫌弃 云卷云舒 妙处不传 乐道遗荣 弃情遗世
agajd	不死不活 不死不休 不矜不伐 不愧屋漏 不愧不作
agajq	疼痛 敢为敢做
agam	函盖充周 烽鼓不息 来去如风 不愤不启 来处不易
agamd	烽鼓不息 不愤不启
agamq	函盖充周 来去如风 来处不易
agap	支部书记 不懈努力 如埙如篪 如埙如箎 不悱不发
agapa	如埙如篪 如埙如箎
agapd	支部书记 不懈努力 不悱不发 不主故常
agapq	六亲不认
agaq	尽心尽职 引咎辞职 奴颜婢睐 丁公凿井
agaqa	引咎辞职 奴颜婢睐
agaqd	尽心尽职
agaqq	丁公凿井
agat	好运 不慎遗失 壮心不已 奉公不阿 奴颜婢膝
agata	好运 奴颜婢膝 好声好气 奶声奶气
agatd	不慎遗失 屏声静气
agatq	壮心不已 奉公不阿 痴心不改 闷声闷气 辞尊居卑
agax	火焰 奴颜婢色 不即不离 壮志未酬 不着痕迹
agaxa	奴颜婢色
agaxd	火焰 不即不离 不着痕迹 不郎不秀
agaxq	壮志未酬
agd	不公平 好半天
agda	否终复泰 不务正业
agdad	否终复泰 不务正业
agdd	故事 好事 好吃 将就一下 杀死一只
agdda	好事 好吃 杀死一只 好善恶恶
agddd	故事 不怕一万 不经一事
agddq	将就一下 痴心妄想 门墙桃李 问道于盲 奉为楷模
agdg	不公平 烂熟于心 问心无愧 好为事端
agdga	好为事端
agdgd	不公平 烂熟于心
agdgq	问心无愧
agdj	背地里 不良事件 契船求剑 靦颜事仇 始终一贯
agdja	靦颜事仇 始终一贯
agdjd	不良事件 不务空名 不啻天渊
agdjq	背地里 契船求剑 责备求全
agdm	春天 好吧 好吗 来吧 好半天
agdma	好吧 好吗 好半天
agdmd	业务员 不快也光 烜赫一时
agdmq	春天 来吧
agdp	弹丝品竹 君子一言 来去无踪
agdpa	弹丝品竹 君子一言
agdpq	来去无踪
agdq	好想 寿终正寝 闻声相思 乐道忘饥 不绝于耳
agdqa	好想 乐道忘饥
agdqd	不绝于耳 蛇欲吞象
agdqq	寿终正寝 闻声相思 六亲无靠 片纸只字
agdt	好听 蚁封穴雨 奉公正己 不堪一击 鬼斧神工
agdta	好听
agdtd	蚁封穴雨 不堪一击
agdtq	奉公正己 鬼斧神工
agdx	闲情别致 还差一点 熬姜呷醋 背城一战
agdxd	还差一点
agdxq	闲情别致 熬姜呷醋 背城一战
agg	女孩子 好孩子
agga	尽情 不懂就问
aggad	尽情 不懂就问
aggd	好歹 不分高下 屈高就下
aggda	好歹
aggdd	不分高下 屈高就下
aggg	女孩子 好孩子 古典主义 素丝羔羊 弃旧怜新
aggga	女孩子 好孩子 弃旧怜新
agggd	古典主义
agggq	素丝羔羊
aggj	北道主人
aggjq	北道主人
aggm	尽快 不愉快 好高鹜远 来去分明 奉为圭臬
aggma	好高鹜远 好高骛远 君子慎独
aggmd	尽快 不愉快
aggmq	来去分明 奉为圭臬 丰亨豫大
aggp	古怪 尽心竭力 痛悔前非 不差毫发
aggpd	古怪 尽心竭力 不差毫发
aggpq	痛悔前非
aggq	装备 装着 动心怵目 君主立宪 不咎既往
aggqa	动心怵目 君主立宪
aggqd	不咎既往
aggqq	装备 装着
aggt	好端端 不怕死 痛心绝气 闭关却扫
aggta	好端端
aggtd	不怕死
aggtq	痛心绝气 闭关却扫
aggx	好处 故乡 好心 静悄悄 不差毫厘
aggxa	好处 好心
aggxd	故乡 不差毫厘
aggxq	静悄悄 来情去意
agj	不高兴 女主人
agja	来做 尺寸 业务涉及 春心萌动 炮舰外交
agjaa	奸夫淫妇
agjad	尺寸 业务涉及 炮舰外交
agjaq	来做 春心萌动
agjd	好地方 闲着没事 弃道任术 背城借一 不必多礼
agjda	好地方 弃道任术
agjdd	不必多礼
agjdq	闲着没事 背城借一 痛心入骨
agjg	不高兴 装修 灯红酒绿 面墙而立
agjga	面墙而立
agjgd	不高兴 灯红酒绿
agjgq	装修
agjj	支付 好多 引领 女子举重 故地重游
agjja	好多 引领 女子举重 靦颜人世 弃义倍信
agjjd	支付 故地重游 壁立千仞
agjjq	春心荡漾 痛快淋漓 舌绽莲花 春情荡漾 装怯作勇
agjm	屏幕 古墓 不为人知 背道而驰 不约而同
agjma	群情激昂 群情激奋
agjmd	屏幕 古墓 不为人知 不约而同 飞土逐肉
agjmq	背道而驰
agjp	敌人 古代 古人 好人 来人
agjpa	好人 好生 女主人 好为人师
agjpd	古代 古人 不恤人言
agjpq	敌人 来人
agjq	好像 装作 飞土逐害 避坑落井 女士优先
agjqa	好像 女士优先 妇道人家
agjqd	飞土逐害 避坑落井 不堪入目 不堪入耳
agjqq	装作
agjt	来过 好似 好过 痛心伤臆 古为今用
agjta	好似 好过
agjtd	古为今用
agjtq	来过 痛心伤臆
agjx	来源 春节 凿坯而遁 弃公营私 承颜候色
agjxa	弃公营私 如约而至 引商刻羽
agjxd	凿坯而遁 凿坏而遁 歪心邪意
agjxq	来源 春节 承颜候色
agm	那就是 不愧是
agma	春风 奉子成婚 不为所动 否终则泰 门殚户尽
agmaa	引咎自责
agmad	不为所动 否终则泰
agmaq	春风 奉子成婚 门殚户尽
agmd	尽量 好感 婚纱照中 丰墙硗下 来去自由
agmda	好感 婚纱照中
agmdd	尽量
agmdq	丰墙硗下 来去自由
agmg	来自 好在 火光 函盖乾坤
agmga	好在
agmgd	火光
agmgq	来自 函盖乾坤
agmj	好几 来时 北京大学 业绩暴涨 门单户薄
agmja	好几 妙绝时人
agmjd	业绩暴涨 居心叵测 不登大雅
agmjq	来时 北京大学 门单户薄 敌忾同仇
agmm	奉献 尺码 症结所在 书声琅琅 问羊知马
agmmd	尺码
agmmq	奉献 症结所在 书声琅琅 问羊知马 来去匆匆
agmp	好友 不规则
agmpa	好友
agmpd	不规则
agmq	遨翔自得 不予理睬 闭关自守 疾首蹙额 属垣有耳
agmqa	动心骇目
agmqd	不予理睬 属垣有耳
agmqq	遨翔自得 闭关自守 疾首蹙额
agmt	那就是 不愧是 引为知己 妇产医院 丑声远播
agmta	引为知己 妇产医院
agmtd	不愧是 屏声息气
agmtq	那就是 丑声远播
agmx	好奇 蛛丝马迹 不必在意 承前启后 不预则废
agmxa	好奇
agmxd	蛛丝马迹 不必在意 不预则废
agmxq	承前启后
agp	不喜欢 女孩儿
agpa	尽数 君子之交 面缚衔璧 阋墙谇帚 不良记录
agpaa	君子之交 面缚衔璧
agpad	尽数 不良记录 不堪言状
agpaq	阋墙谇帚
agpd	不喜欢 来回 女孩儿 飞殃走祸 不幸言中
agpda	女孩儿 君子固穷 面缚舆榇
agpdd	不喜欢 飞殃走祸 不幸言中 不堪设想 居高临下
agpdq	来回 痛心切骨
agpg	来说 来之 君子之道 面红颈赤 动心忍性
agpga	君子之道 面红颈赤 动心忍性 弃旧图新
agpgd	不堪回首 歪八竖八
agpgq	来说 来之
agpj	来了 好了 尽力 尽了 不为瓦全
agpja	好了 贸首之仇
agpjd	尽力 尽了 不为瓦全
agpjq	来了
agpm	阅读 支出 泰国 弃逆归顺 挈瓶之知
agpma	弃逆归顺 充分说明
agpmd	支出 不义之财
agpmq	阅读 泰国 挈瓶之知
agpp	引发 来临 那就算了 不情之请 强颜欢笑
agppa	引发 强颜欢笑
agppd	不情之请 不经之谈 不必言谢
agppq	来临 那就算了
agpq	尽管 来讲
agpqd	尽管
agpqq	来讲
agpt	引起 好笑 壮士断腕 贸首之雠 不着边际
agpta	引起 好笑 贸首之雠 始终坚持
agptd	不着边际 不关紧要
agptq	壮士断腕
agpx	不死之身 故土难离
agpxd	不死之身 故土难离
agq	不懂得
agqa	壮志凌云 女织男耕 如丧考妣
agqaa	女织男耕 如丧考妣
agqaq	壮志凌云
agqd	装饰
agqdq	装饰
agqg	闺蜜 来往 乐退安贫 闲情逸志 乐道安贫
agqga	乐退安贫 乐道安贫 面红耳赤
agqgd	不良资产 不分畛域 不堪造就
agqgq	闺蜜 来往 闲情逸志
agqj	古老 乐道安命 阋墙御侮 奉公守法 群情鼎沸
agqja	乐道安命 群情鼎沸
agqjd	古老 眉高眼低
agqjq	阋墙御侮 奉公守法
agqm	尽头 来得 不懂得 不违农时
agqmd	尽头 不懂得 不违农时
agqmq	来得
agqp	将欲取之 不分彼此 缺心眼儿 闲情逸趣
agqpd	不分彼此
agqpq	将欲取之 缺心眼儿 闲情逸趣
agqq	壮烈牺牲 乙级联赛 闭着眼睛
agqqq	壮烈牺牲 乙级联赛 闭着眼睛
agqt	面红耳热
agqta	面红耳热
agqx	好象 尽收眼底 闲情逸致 弘毅宽厚 不为牛后
agqxa	好象 弘毅宽厚
agqxd	尽收眼底 不为牛后 不差累黍
agqxq	闲情逸致
agt	不必要 青城山
agta	不必要 弹道导弹
agtaa	弹道导弹
agtad	不必要
agtd	虱处裈中 不惜工本 杀声震天 引绳排根 居心险恶
agtda	杀声震天 引绳排根 凶终隙末
agtdd	不惜工本 居心险恶 慰情胜无
agtdq	虱处裈中
agtg	支持 引经据典 丰墙峭址 将心比心
agtga	引经据典
agtgd	支持
agtgq	丰墙峭址 将心比心
agtj	引导 支队 古典文学
agtja	引导
agtjd	支队 古典文学
agtm	好的 迟疑 嫌疑 遗憾的是 妇孺皆知
agtma	好的 嫌疑 妇孺皆知
agtmd	迟疑 遗憾的是
agtmq	舌端月旦
agtp	支撑 来找 青城山 熬心费力
agtpd	支撑
agtpq	来找 青城山 熬心费力
agtq	来看 好看 灶坑打井 飞声腾实 不立文字
agtqa	好看
agtqd	灶坑打井 飞声腾实 不立文字
agtqq	来看 六韬三略
agtt	痛心拔脑 丰墙峭阯 青红皂白 古道热肠 不分皂白
agttd	古道热肠 不分皂白
agttq	痛心拔脑 丰墙峭阯 青红皂白
agtx	凿坏以遁 不为已甚 鳌愤龙愁
agtxd	凿坏以遁 不为已甚
agtxq	鳌愤龙愁
agx	不经意 北京市
agxa	痕迹 火车 春秋 弥缝其阙 春去秋来
agxaa	弥缝其阙
agxad	火车 古典音乐
agxaq	痕迹 春秋 春去秋来
agxd	敌后 不差上下
agxdd	不差上下
agxdq	敌后
agxg	故意 鬼虎 好意 好久 不经意
agxga	好意 好久 乐新厌旧
agxgd	故意 不经意 不堪其忧 不良习惯
agxgq	鬼虎 北京市级
agxj	强死赖活 不分轻重 适逢其会 寻死觅活 春兰秋菊
agxja	强死赖活 寻死觅活
agxjd	不分轻重
agxjq	适逢其会 春兰秋菊
agxm	素质 君子爱财 不必当真 刮垢磨光
agxma	君子爱财
agxmd	不必当真
agxmq	素质 刮垢磨光
agxp	来到 迟到 北京市 闭关锁国 不予置评
agxpd	迟到 不予置评
agxpq	来到 北京市 闭关锁国 六道轮回
agxq	不够意思 嫌贫爱富 奉为至宝 不退反进
agxqa	嫌贫爱富
agxqd	不够意思 不退反进
agxqq	奉为至宝
agxt	支配 女主角 缺心少肺 壮士解腕
agxta	女主角
agxtd	支配
agxtq	缺心少肺 壮士解腕
agxx	门堪罗雀 不良反应 不分轩轾
agxxd	不良反应 不分轩轾
agxxq	门堪罗雀
aja	不合适 不能不
ajaa	闪烁 蜡烛 不能不 不但不 烟熏火燎
ajaad	蜡烛 不能不 不但不 烟熏火燎 不温不火
ajaaq	闪烁 虱多不痒
ajad	将她 乱涂乱画 不生不灭 门生故吏 寻花问柳
ajada	寻花问柳
ajadd	不生不灭 不清不楚 不蔓不枝 避而不见 烟消火灭
ajadq	将她 乱涂乱画 门生故吏
ajag	将来 装傻充愣 背信弃义 闳侈不经 不伏烧埋
ajagd	不伏烧埋 尸位素餐 不仁不义 胡作胡为 胡作乱为
ajagq	将来 装傻充愣 背信弃义 闳侈不经 敢作敢为
ajaj	烟消云散 尿流屁滚 好学不倦 不偏不倚 来没来过
ajaja	好学不倦 乐而不淫 面沉如水 乐而不荒
ajajd	烟消云散 尿流屁滚 不偏不倚 屁滚尿流 克勤克俭
ajajq	来没来过 那倒不会
ajam	那倒不是 如沐春风 灿若群星 寻消问息 如坐春风
ajama	如沐春风 寻消问息 如坐春风
ajamd	灿若群星
ajamq	那倒不是
ajap	不伦不类 面誉背非 面誉背毁 不仅如此 避而不谈
ajapa	面誉背非 面誉背毁 如泣如诉 引而不发 群而不党
ajapd	不伦不类 不仅如此 避而不谈 避而不答 不过如此
ajapq	痛而不言 刁滑奸诈
ajaq	蜂合蚁聚 克传弓冶 奉令承教 不依不饶 如法炮制
ajaqa	如法炮制 动荡不安 如渴如饥
ajaqd	蜂合蚁聚 克传弓冶 不依不饶 局促不安 不茶不饭
ajaqq	奉令承教
ajat	不合适 交警支队 将信将疑 杀人凶手 如若不然
ajata	杀人凶手 如若不然 如坐云雾
ajatd	不合适 飞鸿印雪
ajatq	交警支队 将信将疑 顶个屁用
ajax	古代遗迹 交通运输 不舍昼夜 敢作敢当 女人不爱
ajaxa	女人不爱 杀人如麻 乐而不厌
ajaxd	古代遗迹 不舍昼夜
ajaxq	交通运输 敢作敢当 闻名遐迩
ajd	不清楚 来源于
ajda	弃若敝履 弃若敝屣 如芒刺背
ajdaa	弃若敝履 弃若敝屣 如芒刺背
ajdd	不清楚 毒品 不值一哂 壁垒森严 不学无术
ajdda	杀人灭口
ajddd	不清楚 不值一哂 壁垒森严 不学无术 屏住呼吸
ajddq	毒品 痛入骨髓 舌剑唇枪 病入骨髓 刁斗森严
ajdg	闪过一丝 鬼使神差 交通枢纽 痛深恶绝 乐而忘死
ajdga	乐而忘死
ajdgq	闪过一丝 鬼使神差 交通枢纽 痛深恶绝
ajdj	展开 寻求 闲花埜草 买菜求益 彗汜画涂
ajdja	寻求
ajdjd	展开 古今中外 尺水丈波 不齿于人 屈节辱命
ajdjq	闲花埜草 买菜求益 彗汜画涂 闻名于世 病从口入
ajdm	来源于 不能再 运营助理 不过只是 烂漫天真
ajdma	运营助理
ajdmd	不能再 不过只是 烂漫天真 灿若繁星
ajdmq	来源于 奉若神明 那倒也是
ajdp	展示 春生夏长 乱作一团 不落窠臼 奉命唯谨
ajdpa	鸱鸦嗜鼠
ajdpd	展示 不落窠臼 蜷作一团
ajdpq	春生夏长 乱作一团 奉命唯谨
ajdq	问舍求田
ajdqq	问舍求田
ajdt	六年 不名一文 不值一文 不值一提
ajdtd	不名一文 不值一文 不值一提
ajdtq	六年
ajdx	殿下 张牙舞爪 背水一战 乐而忘返 不名一钱
ajdxa	张牙舞爪 乐而忘返 恕你无罪
ajdxd	殿下 不名一钱 不值一钱 不值一顾
ajdxq	背水一战
ajg	不停地 充满着
ajga	春节快乐 动人心弦 火伞高张 灼艾分痛
ajgaa	动人心弦
ajgad	火伞高张 灼艾分痛
ajgaq	春节快乐
ajgd	六条 不停地 居住地 病入膏肓 不念旧恶
ajgdd	不停地 居住地 不念旧恶 尽入彀中
ajgdq	六条 病入膏肓
ajgg	始终 不作死就 娇生惯养 遐方绝壤 静若处子
ajgga	始终 娇生惯养
ajggd	不作死就 遐方绝壤 不法分子 遐方绝域
ajggq	静若处子
ajgj	不能够 灵活性 故作高深 痛贯心膂 居停主人
ajgja	灵活性 留作纪念 婢作夫人
ajgjd	不能够 故作高深 居停主人 避世绝俗 遗世绝俗
ajgjq	痛贯心膂 来鸿去燕
ajgm	痛快 运营商 不通情理 承蒙关照 面若死灰
ajgma	运营商 面若死灰
ajgmd	不通情理
ajgmq	痛快 承蒙关照
ajgp	不作为 乜斜缠帐
ajgpd	不作为
ajgpq	乜斜缠帐
ajgq	充满着 贵重首饰 留个心眼
ajgqa	充满着 留个心眼
ajgqd	贵重首饰
ajgt	动人心魄 蛇化为龙 痛入心脾
ajgta	动人心魄
ajgtd	蛇化为龙
ajgtq	痛入心脾
ajgx	责任心 凶多吉少 青藏高原 避重就轻 燃萁煎豆
ajgxa	凶多吉少
ajgxd	避重就轻 燃萁煎豆
ajgxq	责任心 青藏高原
ajj	不仅仅 责任人
ajja	痛苦 将会 女人们 飞鸽传书 杀人放火
ajjaa	女人们 杀人放火
ajjad	飞鸽传书 不通水火
ajjaq	痛苦 将会 聱牙佶屈
ajjd	姓名 将他 不方便 不仅仅只 蜂合豕突
ajjda	姓名 弃邪从正 留个念想 引领而望 好酒贪杯
ajjdd	不方便 不仅仅只 蜂合豕突 飞熊入梦
ajjdq	将他
ajjg	六个 克伐怨欲 不通人情 乱世重典
ajjgd	克伐怨欲 不通人情
ajjgq	六个 乱世重典
ajjj	如泣草芥 交淡若水 乱世佳人 闯荡江湖 不劳而获
ajjja	如泣草芥 杀人偿命
ajjjd	不劳而获 烟波浩渺
ajjjq	交淡若水 乱世佳人 闯荡江湖 春深似海
ajjm	乱世英雄 昼警暮巡 弃伪从真 如花似玉 好勇斗狠
ajjma	弃伪从真 如花似玉 好勇斗狠 如花似朵
ajjmd	昼警暮巡
ajjmq	乱世英雄
ajjp	不仅仅 责任人 好多人 留学生 好学生
ajjpa	好多人 留学生 好学生
ajjpd	不仅仅
ajjpq	责任人 闲杂人等
ajjq	录像带 始作俑者 不作浊富 如法泡制 引人注目
ajjqa	录像带 始作俑者 如法泡制 引人注目 引人深思
ajjqd	不作浊富
ajjt	闪过 如汤浇雪 如汤灌雪 引人入胜 女生外向
ajjta	如汤浇雪 如汤灌雪 引人入胜 女生外向 如汤沃雪
ajjtq	闪过
ajjx	烂若舒锦 如花似锦 故入人罪 弹剑作歌
ajjxa	如花似锦 弹剑作歌
ajjxd	烂若舒锦 故入人罪
ajm	不过是 还没有
ajma	闪电 不测风云 业余时间 如芒在背 不做凤尾
ajmaa	如芒在背
ajmad	不测风云 业余时间 不做凤尾
ajmaq	闪电
ajmd	展现 责任感 不合理 建仓时机 聱牙戟口
ajmda	建仓时机 运营成本
ajmdd	展现 不合理 飞流直下 不共戴天 灿若星辰
ajmdq	责任感 聱牙戟口 阆苑琼楼
ajmg	好消息 闻过则喜 遗世独立 司法独立 如蒙大赦
ajmga	好消息 如蒙大赦
ajmgd	遗世独立
ajmgq	闻过则喜 司法独立
ajmj	及时 蝇营狗苟 云散风流 交通大学
ajmja	云散风流
ajmjd	及时 蝇营狗苟
ajmjq	交通大学
ajmm	引领风骚 璧坐玑驰
ajmma	引领风骚
ajmmd	璧坐玑驰
ajmp	六十 适合自驾 飞流短长 强人所难 留个电话
ajmpa	强人所难 留个电话
ajmpd	飞流短长
ajmpq	六十 适合自驾 闲邪存诚
ajmq	不合时宜 炊沙成饭 如法砲制 杀人夺宝 虫沙猿鹤
ajmqa	如法砲制 杀人夺宝
ajmqd	不合时宜 炊沙成饭 虫沙猿鹤 不入时宜
ajmt	不过是 还没有 承包 交警大队 如假包换
ajmta	如假包换
ajmtd	不过是 还没有 不能自已 不能自拔 贵人贱己
ajmtq	承包 交警大队
ajmx	如你所愿 云淡风轻 好像有点 弦外有音
ajmxa	如你所愿 云淡风轻 好像有点 弦外有音
ajp	不允许 那会儿
ajpa	不治之症 飞沿走壁 聱牙诘屈
ajpad	不治之症 飞沿走壁
ajpaq	聱牙诘屈
ajpd	不允许 那会儿 燃萁之敏 丰草长林 蠡测管窥
ajpda	蠡测管窥 云泥之别 弃邪归正 弦外之响
ajpdd	不允许 燃萁之敏 迟暮之年
ajpdq	那会儿 丰草长林 痴人说梦 将伯之呼 将伯之助
ajpg	弹丸黑子 弃过图新 北斗之尊 弹丸之地 群众路线
ajpga	弹丸黑子 弃过图新 弹丸之地 群众路线 弹丸黑志
ajpgd	不法行为 胡作非为 飞禽走兽 尺寸之地
ajpgq	北斗之尊
ajpj	承诺 承认 杀伤力 杀人越货 尾生之信
ajpja	杀伤力 杀人越货 妇人之仁 好人难做 群鸿戏海
ajpjd	尾生之信 局外之人 不能瓦全 履薄临深
ajpjq	承诺 承认 交浅言深
ajpm	飞沙走石 希世之珍 希世之才 北斗七星 飞沙走砾
ajpma	希世之珍 希世之才
ajpmd	飞沙走石 飞沙走砾 飞苍走黄
ajpmq	北斗七星 六合之内
ajpp	寻常 不苟言笑 不修边幅 女流之辈
ajppa	寻常 女流之辈
ajppd	不苟言笑 不修边幅
ajpq	司法鉴定 好生之德 希世之宝 不法之徒 尺泽之鲵
ajpqa	好生之德 希世之宝
ajpqd	不法之徒 尺泽之鲵
ajpqq	司法鉴定
ajpt	弱水之隔 飞鸿踏雪 不世之功 火海刀山 尺寸之功
ajpta	弱水之隔
ajptd	飞鸿踏雪 不世之功 火海刀山 尺寸之功
ajpx	聱牙诘曲 弦外之音 不传之秘 不法常可 弦外之意
ajpxa	弦外之音 弦外之意
ajpxd	不传之秘 不法常可
ajpxq	聱牙诘曲
ajq	支付宝 不值得
ajqd	还能怎样
ajqdd	还能怎样
ajqg	不舍得删 痛湔宿垢
ajqgd	不舍得删
ajqgq	痛湔宿垢
ajqj	如人饮水 未能免俗 熬清守淡
ajqja	如人饮水
ajqjq	未能免俗 熬清守淡
ajqm	支付宝 不值得 不觉得 不假思索 故作姿态
ajqmd	支付宝 不值得 不觉得 不假思索 故作姿态
ajqp	责任制 杀伐决断 熬清守谈 杀伐果断 面带微笑
ajqpa	杀伐决断 杀伐果断 面带微笑 妒能害贤
ajqpd	眉花眼笑
ajqpq	责任制 熬清守谈
ajqt	将它 面命耳提
ajqta	面命耳提
ajqtq	将它
ajqx	将军 眉清目秀 燃萁煮豆
ajqxd	眉清目秀 燃萁煮豆
ajqxq	将军
ajt	不舒服 不重要
ajta	不重要 将要 弘扬 熬油费火 不觉技痒
ajtaa	弘扬
ajtad	不重要 不觉技痒
ajtaq	将要 熬油费火
ajtd	还能这样
ajtdd	还能这样
ajtg	不像以前
ajtgd	不像以前
ajtj	云蒸霞蔚 云消雾散 弱水三千
ajtja	云蒸霞蔚 云消雾散 弱水三千
ajtm	承担 逮捕 交通费 不使用时 飞蓬随风
ajtma	逮捕 如水投石
ajtmd	不使用时 飞蓬随风 尽人皆知 飞沙扬砾
ajtmq	承担 交通费 交个朋友 浆酒霍肉
ajtp	寻找 不生气了 烂若披掌 不停的说 面似靴皮
ajtpa	寻找 面似靴皮 面从腹诽
ajtpd	不生气了 烂若披掌 不停的说
ajtq	交通工具 敌众我寡
ajtqq	交通工具 敌众我寡
ajtt	将近 将我 不重要的 弹丸脱手 奸淫掳掠
ajtta	弹丸脱手 奸淫掳掠
ajttd	不重要的
ajttq	将近 将我 青葱岁月 瘠人肥己 将勤补拙
ajtx	不舒服 飞鸿雪爪 烂若披锦
ajtxd	不舒服 飞鸿雪爪 烂若披锦
ajx	不满意 不介意
ajxa	胡萝卜 熔今铸古 妙龄少女 业余爱好 春生秋杀
ajxaa	妙龄少女
ajxad	胡萝卜 熔今铸古 业余爱好
ajxaq	春生秋杀
ajxd	奖励 劈荆斩棘 不入虎穴 还淳返朴 春荣秋枯
ajxdd	劈荆斩棘 不入虎穴 还淳返朴
ajxdq	奖励 春荣秋枯
ajxg	及其 将其 不满意 不介意 契合金兰
ajxgd	及其 不满意 不介意
ajxgq	将其 契合金兰 奖勤罚懒 契若金兰
ajxj	奖学金 熬清受淡 奶油小生 强作解人
ajxja	奶油小生 强作解人
ajxjq	奖学金 熬清受淡
ajxm	飞蓬乘风 如获至珍
ajxma	如获至珍
ajxmd	飞蓬乘风
ajxp	静水压力 交通银行 昼伏夜出
ajxpd	昼伏夜出
ajxpq	静水压力 交通银行
ajxq	承受 尺寸可取 敖世轻物 如获至宝 故作镇定
ajxqa	如获至宝
ajxqd	尺寸可取 故作镇定 烟波钓徒
ajxqq	承受 敖世轻物 春华秋实 敢勇当先
ajxt	如坐针毡 书生意气 春花秋月 闷海愁山
ajxta	如坐针毡
ajxtq	书生意气 春花秋月 闷海愁山
ajxx	运营秩序 群众意愿 司法程序 不过尔尔 奖优罚劣
ajxxa	运营秩序 群众意愿 强而后可
ajxxd	不过尔尔 蜕化变质
ajxxq	司法程序 奖优罚劣 辞多受少
ama	不太好
amaa	媳妇 卵石不敌 闻所未闻 面南背北 蜂狂蝶乱
amaaa	媳妇 卵石不敌 面南背北 奸同鬼蜮
amaad	蜂狂蝶乱
amaaq	闻所未闻
amad	疾病 蜂房蚁穴 不太好吧 火光烛天 阎王好见
amadd	蜂房蚁穴 不太好吧 火光烛天
amadq	疾病 阎王好见
amag	姨娘 蚂蚁 不太好 不知好歹 不破不立
amaga	姨娘 希奇古怪
amagd	蚂蚁 不太好 不知好歹 不破不立 古貌古心
amagq	闳大不经
amaj	背景交代 不知不觉 贸易壁垒 灵丹妙药 不知丁董
amaja	贸易壁垒 灵丹妙药
amajd	不知不觉 不知丁董
amajq	背景交代
amam	妈妈 问题不大 不尴不尬 居大不易 不成问题
amama	妈妈
amamd	不尴不尬 居大不易 不成问题 不是问题 不早不晚
amamq	问题不大
amap	状元及第 好景不常 不骄不躁 好景不长 不同寻常
amapa	好景不常 好景不长 面是背非
amapd	不骄不躁 不同寻常
amapq	状元及第 闲是闲非
amaq	爆炸 弱肉强食 不理不睬
amaqa	弱肉强食
amaqd	爆炸 不理不睬
amat	不太好看 疾风迅雷 尾大不掉 青黄不接 不明不白
amata	群威群胆 弃瑕录用
amatd	不太好看 尾大不掉 不明不白 不日不月
amatq	疾风迅雷 青黄不接 司马青衫
amax	弃智遗身 不大不小 屡败屡战 还有不少 如琢如磨
amaxa	弃智遗身 如琢如磨 如狼如虎
amaxd	不大不小 屡败屡战 还有不少
amd	不影响 来自于
amda	熄灭 尽态极妍 引风吹火 弓影杯蛇 女大须嫁
amdaa	引风吹火 弓影杯蛇 女大须嫁
amdad	熄灭 尽态极妍
amdd	如有神助 不同政见 不太一样 不远万里 如日中天
amdda	如有神助 如日中天
amddd	不同政见 不太一样 不远万里 遗臭万年
amdg	遗忘 将是一场 交感神经 魂牵梦绕 克肩一心
amdga	魂牵梦绕
amdgd	遗忘 克肩一心
amdgq	将是一场 交感神经
amdj	门口 弃瑕忘过 未成年人 六十年代 素昧平生
amdja	弃瑕忘过 魂牵梦萦
amdjd	不是一个 故态复萌
amdjq	门口 未成年人 六十年代 素昧平生
amdm	女神 来自于 不同于 不在于 寿元无量
amdma	女神 灵光一现
amdmd	不同于 不在于 不明事理 贵贱无二
amdmq	来自于 寿元无量
amdp	闭嘴 门槛 闲鸥野鹭 弃易求难 丑态百出
amdpa	弃易求难 张王李赵
amdpd	贵贱无常
amdpq	闭嘴 门槛 闲鸥野鹭 丑态百出
amdq	不易一字
amdqd	不易一字
amdt	希望 不影响 未成年 痛剿穷迫 函矢相攻
amdta	希望 魂牵梦系
amdtd	不影响
amdtq	未成年 痛剿穷迫 函矢相攻 刮风下雨 春风夏雨
amdx	春风一度
amdxq	春风一度
amg	不知道 表现为
amga	面孔 好成绩 姑息养奸
amgaa	面孔 好成绩 姑息养奸
amgd	将成斧柯 不知就里 买二送一 不知纪极
amgdd	不知就里 不知纪极
amgdq	将成斧柯 买二送一
amgg	女子 面子 疯子 好日子 及时组织
amgga	女子 面子 好日子 贸易逆差
amggd	及时组织 炎黄子孙
amggq	疯子
amgj	女孩 女性 不知死活 不太高兴 不知高低
amgja	女孩 女性
amgjd	不知死活 不太高兴 不知高低 不知为何 不知端倪
amgm	不知道 遗憾 及早就医 炫石为玉 女貌郎才
amgma	女貌郎才
amgmd	不知道 遗憾 及早就医 炫石为玉
amgp	女士 表现为 好戴高帽 面是心非 弃短就长
amgpa	女士 好戴高帽 面是心非 弃短就长 好自为之
amgpd	不知道了 不太喜欢
amgpq	表现为
amgq	司马懿 不知羞耻
amgqd	不知羞耻
amgqq	司马懿
amgt	面前 门前 及时收集 及时收手 弃同即异
amgta	面前 弃同即异 好大喜功
amgtd	及时收集 及时收手 不知悔改 不知去向 不太熟悉
amgtq	门前 闻风丧胆
amgx	遗产 好奇心 背景颜色 乐昌分镜 不太吉利
amgxa	好奇心 乐昌分镜
amgxd	遗产 不太吉利
amgxq	背景颜色 瘗玉埋香
amj	那时候 女同学
amja	及早治疗 北大药业 不二法门 闻风而动 春风满面
amjad	及早治疗 不二法门 不辨菽麦
amjaq	北大药业 闻风而动 春风满面
amjd	贵重 贵族 弓影浮杯 青州从事 不远千里
amjda	弓影浮杯 如日方中
amjdd	贵重 贵族 不远千里 不太清楚
amjdq	青州从事 春暖花开
amjg	那时候 古时候 乐成人美 遐州僻壤 留有余地
amjga	乐成人美 留有余地 姑息迁就
amjgd	古时候 遐州僻壤 业内人士 不成体统 不知生死
amjgq	那时候
amjj	责令 痛自创艾 春晖寸草 春光漏泄 不太方便
amjjd	不太方便 不知深浅 不同流俗 不存芥蒂
amjjq	责令 痛自创艾 春晖寸草 春光漏泄 乱砍滥伐
amjm	遗传 适时休息 怒猊渴骥 飞珠溅玉 不二法则
amjma	怒猊渴骥
amjmd	遗传 飞珠溅玉 不二法则
amjmq	适时休息
amjp	女人 女生 装载能力 表达能力 来日方长
amjpa	女人 女生
amjpd	飞短流长 不成方圆 不感兴趣 尺短寸长 古是今非
amjpq	装载能力 表达能力 来日方长 六十花甲 责有攸归
amjq	女同学 不自觉 病理学家 引狼入室 顶风作案
amjqa	女同学 引狼入室 如风过耳
amjqd	不自觉
amjqq	病理学家 顶风作案
amjt	责任 六十多岁 寻瑕伺隙 不太舒服 春风化雨
amjta	寻瑕伺隙 贸易保护 如日方升
amjtd	不太舒服 歪风邪气 尺布斗粟
amjtq	责任 六十多岁 春风化雨 阑风伏雨
amjx	门外 群雄逐鹿 不太满意 如狼似虎 不成敬意
amjxa	群雄逐鹿 如狼似虎 面有菜色
amjxd	不太满意 不成敬意
amjxq	门外 闻风而至 六马仰秣
amm	不存在 火辣辣
amma	闲暇时间 建成时间 六十大寿 不知所云 买贱卖贵
ammaa	建成时间
ammad	不知所云
ammaq	闲暇时间 六十大寿 买贱卖贵 春光明媚
ammd	不知肉味 不太理想 不同凡响 不明真相
ammdd	不知肉味 不太理想 不同凡响 不明真相
ammg	状态 不存在 司马光 背盟败约 贸易顺差
ammga	贸易顺差 强直自遂
ammgd	不存在 不知所终
ammgq	状态 司马光 背盟败约
ammj	驽马十舍 不知有汉 不辨真伪 不同凡俗 春风风人
ammja	驽马十舍
ammjd	不知有汉 不辨真伪 不同凡俗
ammjq	春风风人
ammm	疯狂 贸易 不太明显 不知凡几 尺有所短
ammma	贸易 群星璀璨 姆巴巴内
ammmd	不太明显 不知凡几 尺有所短
ammmq	疯狂 乱琼碎玉
ammp	女友 贵州智诚 责有所归 不知所谓 不知所踪
ammpa	女友 驽马十驾
ammpd	贵州智诚 不知所谓 不知所踪 不自量力
ammpq	责有所归 来日大难
ammq	女王 不是真实
ammqa	女王
ammqd	不是真实
ammt	面包 交易所 魆风骤雨 不知所措 疾风骤雨
ammta	面包 如有所失 如左右手
ammtd	不知所措 不知所以 不太明白 贵远贱近
ammtq	交易所 魆风骤雨 疾风骤雨 疾风暴雨 那是自然
ammx	昏暗 火辣辣 乐昌破镜 静电感应
ammxa	昏暗 乐昌破镜
ammxd	火辣辣
ammxq	静电感应
amp	表现出 强有力
ampa	及时行乐 好丹非素 闭户读书 女大难留 屦贱踊贵
ampaa	好丹非素 女大难留
ampad	及时行乐 屦贱踊贵
ampaq	闭户读书
ampd	女儿 将夺固与 不在话下 门户之见 张王赵李
ampda	女儿 张王赵李
ampdd	不在话下
ampdq	将夺固与 门户之见
ampg	六十甲子 不在此列 不易之典 不同之处
ampgd	不在此列 不易之典 不同之处
ampgq	六十甲子
ampj	面对 疯了 强有力 灵丹圣药
ampja	面对 强有力 灵丹圣药
ampjq	疯了
ampm	表现出 不太认同 飞砂走石 引玉之砖
ampma	引玉之砖
ampmd	不太认同 飞砂走石
ampmq	表现出
ampp	爆发 面临 面试 不太认识 不易之论
amppa	面临 面试
amppd	爆发 不太认识 不易之论 烛照数计
ampq	不二之选
ampqd	不二之选
ampt	昏迷 及时出手 好奇尚异 阑风长雨 不时之需
ampta	昏迷 好奇尚异
amptd	及时出手 不时之需
amptq	阑风长雨
ampx	及时赶到 乐昌之镜 北风之恋 面有难色 门户之争
ampxa	乐昌之镜 面有难色
ampxd	及时赶到 不太了解
ampxq	北风之恋 门户之争
amq	不确定 好几次
amqa	贸易往来 好肉剜疮
amqaa	贸易往来 好肉剜疮
amqd	状况 辞职 好几次 强自取柱 屏息凝神
amqda	好几次 强自取柱
amqdd	屏息凝神
amqdq	状况 辞职
amqg	面容 面具 屠所牛羊 买王得羊 不确定性
amqga	面容 面具 杀猪宰羊 如狼牧羊
amqgd	屠所牛羊 不确定性 不知进退
amqgq	买王得羊
amqj	犀照牛渚 不太安全
amqjd	犀照牛渚 不太安全
amqm	面目 不太赞成 灵光乍现
amqma	面目 灵光乍现
amqmd	不太赞成
amqp	及时制止 及时咨询
amqpd	及时制止 及时咨询
amqt	不确定 迎风待月 强自取折 群雄割据 不达目的
amqta	迎风待月 强自取折 群雄割据 好骑者堕 弃瑕取用
amqtd	不确定 不达目的
amqx	弥日累夜 春风得意
amqxa	弥日累夜
amqxq	春风得意
amt	不明白 不在乎
amta	不明白 面黄肌瘦 迎风招展 如是我闻 不太看好
amtaa	面黄肌瘦 迎风招展 如是我闻
amtad	不明白 不太看好
amtaq	春风拂面
amtd	如影随形 炼石补天 迟早的事 火冒三丈
amtda	如影随形
amtdd	炼石补天 迟早的事 火冒三丈
amtg	不在乎
amtgd	不在乎
amtj	局骗拐带 古巴比伦 北大西洋 不同的人 如石投水
amtja	如石投水
amtjd	局骗拐带 古巴比伦 不同的人
amtjq	北大西洋
amtm	妈的 女的 面向 嫁狗随狗 弃琼拾砾
amtma	妈的 女的 面向 嫁狗随狗 弃琼拾砾
amtmd	飞砂扬砾 飞黄腾达 炫玉贾石
amtmq	敌暗我明 敌明我暗
amtp	缺乏 凶手 否则的话 飞黄腾踏 遗大投艰
amtpa	凶手 弃短用长
amtpd	否则的话 飞黄腾踏 遗大投艰 不成三瓦
amtpq	缺乏
amtq	适量摄取 买马招军
amtqq	适量摄取 买马招军
amtt	买马招兵 故布疑阵 丑态毕露
amttd	故布疑阵
amttq	买马招兵 丑态毕露
amtx	缺陷 片光零羽
amtxq	缺陷 片光零羽
amx	不在意 不同意
amxa	遗迹 女大当嫁 煽风点火
amxaa	女大当嫁
amxad	遗迹 煽风点火
amxd	面上 缺点 面积 闭上 门上
amxda	面上 面积 乐在其中 驽马恋栈
amxdd	尼日利亚
amxdq	缺点 闭上 门上
amxg	不在意 不同意 不太习惯 不成其为
amxgd	不在意 不同意 不太习惯 不成其为
amxj	缺医少药 不太可能 不知轻重 北达科他 不大可能
amxjd	不太可能 不知轻重 不大可能 火星四溅 不在其位
amxjq	缺医少药 北达科他
amxm	面色 辜负 飞砂转石 不知其二
amxma	面色
amxmd	辜负 飞砂转石 不知其二
amxp	六朝金粉 张大其词 不知其详 姚黄魏紫 驽马铅刀
amxpa	张大其词 姚黄魏紫 驽马铅刀
amxpd	不知其详
amxpq	六朝金粉
amxq	好有意思 不知廉耻 不知利害
amxqa	好有意思
amxqd	不知廉耻 不知利害
amxt	迅速 缺少 面庞 云南省 不理解
amxta	面庞 云南省
amxtd	不理解
amxtq	迅速 缺少 憨态可掬 春风和气
amxx	交易秩序 不同程度 不知其可 故弄玄虚
amxxd	不同程度 不知其可 故弄玄虚
amxxq	交易秩序
apa	面对面
apaa	始料不及 片甲不还 乐此不疲 始料未及 群雌粥粥
apaaa	始料不及 乐此不疲 始料未及 群雌粥粥
apaad	古调不弹 不管不问
apaaq	片甲不还 片瓦不留 片甲不留
apad	层出不穷 奉行故事 嬉笑怒骂
apada	嬉笑怒骂
apadd	层出不穷
apadq	奉行故事
apag	怒火 刷屏 胡行乱为 姹紫嫣红 不识好歹
apaga	怒火 姹紫嫣红
apagd	刷屏 胡行乱为 不识好歹 不讲面子 辜恩背义
apagq	来回来去
apaj	奴隶 嫉贤妒能 妒贤嫉能 乐此不倦
apaja	奴隶 嫉贤妒能 妒贤嫉能 乐此不倦
apam	面对面 建议及早 屡试不爽 好语如珠 妙语如珠
apama	面对面 建议及早 好语如珠 妙语如珠 如切如磋
apamd	屡试不爽 不识不知 蝶粉蜂黄
apamq	问长问短 来之不易 片甲不存 闲非闲是
apap	不言不语 痛诬丑诋 买笑寻欢 闲言赘语 甜言媚语
apapa	群策群力 面谀背毁
apapd	不言不语 胡言乱语 尽管如此 飞起来了 不止不行
apapq	痛诬丑诋 买笑寻欢 闲言赘语 甜言媚语 春笋怒发
apaq	烦躁不安
apaqd	烦躁不安
apat	动静 烦躁不已 弃之不用 居之不疑 屡劝不改
apata	动静 弃之不用
apatd	烦躁不已 居之不疑 屡劝不改 不识泰山
apatq	买东买西
apax	昏迷不醒 不管不顾 建筑面积 未尝不可 履舄交错
apaxa	昏迷不醒 建筑面积
apaxd	不管不顾 履舄交错
apaxq	未尝不可
apd	书记员 飞行员
apda	弃之敝屣 片语只辞 如此一来 春诵夏弦 女长须嫁
apdaa	弃之敝屣 如此一来 女长须嫁 张敞画眉
apdad	不识一丁
apdaq	片语只辞 春诵夏弦 痴儿呆女
apdd	蛇鼠一窝 乐趣无穷 君临天下 问计于民 如出一口
apdda	乐趣无穷 君临天下 如出一口 妙算神机
apddd	蛇鼠一窝
apddq	问计于民
apdg	引足救经 背恩忘义 片词只句
apdga	引足救经
apdgq	背恩忘义 片词只句
apdj	张开 业精于勤 青出于蓝 不止一个 妙趣横生
apdja	张开 妙趣横生 强加于人 如此下作
apdjd	业精于勤 不止一个 及笄年华
apdjq	青出于蓝
apdm	书记员 动机 动员 飞行员 尻舆神马
apdma	动机 动员 杀鸡吓猴
apdmd	飞行员 尻舆神马 不长一智
apdmq	书记员 片瓦无存 片甲无存
apdp	张嘴 好言相劝 不发一言 片言只语 不足与谋
apdpa	张嘴 好言相劝
apdpd	不发一言 不足与谋
apdpq	片言只语
apdq	不难想象 片言一字 不止一次 不讲武德 片言只字
apdqd	不难想象 不止一次 不讲武德
apdqq	片言一字 片言只字 丑类恶物
apdt	飞起一脚 片长末技
apdtd	飞起一脚
apdtq	片长末技
apdx	如出一辙 不说也罢
apdxa	如出一辙
apdxd	不说也罢
apg	不简单 不足道
apga	疫情 不计前嫌 古调单弹 建筑公司 六出纷飞
apgaa	建筑公司
apgad	不计前嫌 古调单弹
apgaq	疫情 六出纷飞
apgd	鬼迷心窍 不足为患 乱了心神 痰迷心窍
apgdd	不足为患
apgdq	鬼迷心窍 乱了心神 痰迷心窍
apgg	胡说八道 闳识孤怀 乐行忧违 乐观主义 不足为怪
apgga	乐行忧违 乐观主义 引起公愤
apggd	胡说八道 不足为怪
apggq	闳识孤怀
apgj	不足为凭 妙语惊人 不识高低
apgja	妙语惊人
apgjd	不足为凭 不识高低
apgm	不足道 嫌长道短 不足为奇
apgma	嫌长道短
apgmd	不足道 不足为奇
apgp	充分 支出预算 好说歹说 乱七八糟 闳言高论
apgpa	充分 好说歹说 好谋善断
apgpd	支出预算 不足为训
apgpq	乱七八糟 闳言高论 来踪去路 将计就计 甜言美语
apgq	疲惫 不简单 来因去果 阔步前进 未了公案
apgqd	不简单
apgqq	疲惫 来因去果 阔步前进 未了公案
apgt	不讲义气 不足为据
apgtd	不讲义气 不足为据
apgx	动产 不忍心 不足为虑 来踪去迹
apgxa	动产
apgxd	不忍心 不足为虑
apgxq	来踪去迹
apj	那些人 好办法
apja	如蹈汤火 如蹈水火
apjaa	如蹈汤火 如蹈水火
apjd	尸体 烟盒 不言而喻 火力全开 尺幅千里
apjdd	尸体 烟盒 不言而喻 火力全开 尺幅千里
apjg	烟蒂 疲倦 好办法 如临深谷 蛊惑人心
apjga	好办法 如临深谷
apjgd	烟蒂 蛊惑人心 尽力而为
apjgq	疲倦
apjj	充满 烟花 不计代价 不欢而散 不默而生
apjja	充满 妙笔生花 如临深渊 恕难从命
apjjd	烟花 不计代价 不欢而散 不默而生 尽欢而散
apjjq	乱了方寸 六七个人 问诸水滨
apjm	充值 未读消息 杀鸡儆猴
apjma	充值 杀鸡儆猴
apjmq	未读消息
apjp	片刻 动人 那些人 闲言泼语 飞谋荐谤
apjpa	动人 弃甲倒戈 弃笔从戎
apjpd	飞谋荐谤 胡言汉语 不足齿数
apjpq	片刻 那些人 闲言泼语 闲言淡语 丰筋多力
apjq	动作 不加节制 耕读传家
apjqa	动作
apjqd	不加节制
apjqq	耕读传家
apjt	如此而已 不起作用 六七个月 片长薄技 炼精化气
apjta	如此而已
apjtd	不起作用 炼精化气 不因人热
apjtq	六七个月 片长薄技
apjx	不足介意 迎刃而解 迎难而上
apjxa	迎刃而解 迎难而上
apjxd	不足介意
apm	不论是
apma	强记博闻 强识博闻 不请自来 弥足珍贵 如临大敌
apmaa	强记博闻 强识博闻 弥足珍贵 如临大敌 如箭在弦
apmad	不请自来 烦言碎辞
apmd	张大 强词夺正 不忍直视 如图所示
apmda	张大 强词夺正 如图所示
apmdd	不忍直视
apmg	动态 春回大地 不识时务 那些日子 故步自封
apmga	动态
apmgd	不识时务 故步自封
apmgq	春回大地 那些日子
apmj	遗精早泄 鬼出电入 努力奋斗 不识大体 如之奈何
apmja	努力奋斗 如之奈何
apmjd	遗精早泄 不识大体 及第成名
apmjq	鬼出电入
apmm	阅读量大 燃糠自照 不言自明 强词夺理 杀鸡骇猴
apmma	强词夺理 杀鸡骇猴
apmmd	燃糠自照 不言自明
apmmq	阅读量大
apmp	不说短话 闲言碎语 不出所料 烘堂大笑 建言献策
apmpa	建言献策
apmpd	不说短话 不出所料 烘堂大笑 不说二话
apmpq	闲言碎语 青筋暴起 六出奇计
apmq	面对现实
apmqa	面对现实
apmt	不论是 六七十岁 弃甲曳兵 弓调马服
apmta	弃甲曳兵 弓调马服
apmtd	不论是
apmtq	六七十岁
app	不认识 不对劲
appa	好说话 不讳之门 如此说来
appaa	好说话 如此说来
appad	不讳之门
appd	不认识 不惑之年 胡越之祸 舐皮论骨 闻鸡起舞
appdd	不认识 不惑之年 胡越之祸 不识之无
appdq	舐皮论骨 闻鸡起舞 静谧之中
appg	不足之处 婉言谢绝
appga	婉言谢绝
appgd	不足之处
appj	努力 动力 妖言惑众 如此之多
appja	努力 动力 妖言惑众 如此之多
appp	版式设计 古诗鉴赏 卯足了劲 不了了之 运筹帷幄
apppa	卯足了劲 运筹帷幄 寻行数墨
apppd	古诗鉴赏 不了了之 避让贤路
apppq	版式设计 闲言长语
appq	静观默察
appqq	静观默察
appt	不对劲 充足 建设之初 乱糟糟的 嬉皮笑脸
appta	充足 建设之初 嬉皮笑脸
apptd	不对劲 不赏之功
apptq	乱糟糟的
apq	还记得 建筑物
apqa	杀鸡取卵
apqaa	杀鸡取卵
apqg	不起眼 遣词造句 印第安纳
apqga	印第安纳
apqgd	不起眼 遣词造句
apqj	张家 面试官 印第安人
apqja	张家 面试官 印第安人
apqm	动物 舌头 还记得 建筑物 如数家珍
apqma	动物 建筑物 如数家珍
apqmd	还记得
apqmq	舌头
apqp	炼制 克制 不断实践 阅读次数 不记得了
apqpd	炼制 克制 不断实践 不记得了 蜗行牛步
apqpq	阅读次数 甜言蜜语 闲言冷语
apqq	充实 怒发冲冠 疾足先得
apqqa	充实 怒发冲冠
apqqq	疾足先得
apqt	不切实际
apqtd	不切实际
apqx	引颈待戮
apqxa	引颈待戮
apt	不足以 买东西
apta	秦越肥瘠 如此看来 遗簪坠屦
aptaa	如此看来
aptad	遗簪坠屦
aptaq	秦越肥瘠
aptd	燎发摧枯 承欢膝下 属词比事
aptdd	燎发摧枯 属词比事
aptdq	承欢膝下
aptg	动脉 动之以情 妙言要道 不断提高 乱箭攒心
aptga	动脉 动之以情 妙言要道 如此这般
aptgd	不断提高
aptgq	乱箭攒心
aptj	不足以 建筑技艺 蜂出泉流 青紫被体 六七月份
aptja	建筑技艺
aptjd	不足以 蜂出泉流 不识抬举 不足挂齿
aptjq	青紫被体 六七月份
aptm	片言折狱 弃甲丢盔 北叟失马
aptma	弃甲丢盔
aptmq	片言折狱 北叟失马
aptp	动手 嫁鸡随鸡 买笑追欢 闳言崇议 弃甲投戈
aptpa	动手 嫁鸡随鸡 弃甲投戈 面谩腹诽 剥皮抽筋
aptpd	不难看出 克难攻坚
aptpq	买笑追欢 闳言崇议
aptq	怒气
aptqa	怒气
aptt	烟雨 不常用的 建设指导 乱了阵脚 杀鸡抹脖
aptta	建设指导 杀鸡抹脖
apttd	烟雨 不常用的
apttq	乱了阵脚
aptx	克服 动摇 动用 买东西 好东西
aptxa	动摇 动用 好东西
aptxd	克服 飞粮挽秣 尼加拉瓜
aptxq	买东西 函数指针 六街三市
apx	不了解 泰戈尔
apxa	动车 驽箭离弦 弃甲负弩 女长当嫁 妙语解烦
apxaa	动车 驽箭离弦 弃甲负弩 女长当嫁 妙语解烦
apxd	不谋其政
apxdd	不谋其政
apxg	弃之可惜 如临其境
apxga	弃之可惜 如临其境
apxj	熬夜 弃之度外 不出意外 好戏连台
apxja	弃之度外 好戏连台
apxjd	不出意外
apxjq	熬夜
apxm	古籍整理 昼长夜短 蝇粪点玉 妙语连珠 好行小惠
apxma	妙语连珠 好行小惠
apxmd	古籍整理 昼长夜短 蝇粪点玉
apxp	飞谋钓谤 不忍卒读 不计其数 建设银行 甜言软语
apxpa	建设银行
apxpd	飞谋钓谤 不忍卒读 不计其数
apxpq	甜言软语
apxq	不计后果 妙语解颐
apxqa	妙语解颐
apxqd	不计后果
apxt	不了解 春困秋乏
apxtd	不了解
apxtq	春困秋乏
apxx	泰戈尔 飞米转刍 疾言厉色 静观其变 闻之色变
apxxa	寻踪觅迹 引颈受戮
apxxd	飞米转刍
apxxq	泰戈尔 疾言厉色 静观其变 闻之色变 魅力四射
aqa	不得不 来得及
aqaa	不得不 尽职尽责 否往泰来 不徐不疾 充耳不闻
aqaaa	充耳不闻
aqaad	不得不 尽职尽责 否往泰来 不徐不疾 履职尽责
aqad	胡思乱想 眉目如画
aqadd	胡思乱想 眉目如画
aqag	未来 辞富居贫 不得好死 不守妇道 不安好心
aqaga	媚眼如丝
aqagd	不得好死 不守妇道 不安好心
aqagq	未来 辞富居贫 来者不善
aqaj	来得及 眉头不伸 好聚好散 如饥如渴 强聒不舍
aqaja	好聚好散 如饥如渴 强聒不舍
aqajd	眉头不伸
aqajq	来得及
aqam	问寒问暖 不畏强暴 胡思乱量 强食弱肉
aqama	强食弱肉
aqamd	不畏强暴 胡思乱量
aqamq	问寒问暖
aqap	不容乐观
aqapd	不容乐观
aqaq	凿饮耕食 不瞅不睬
aqaqd	凿饮耕食 不瞅不睬
aqat	来者不拒 屡教不改 不得不服 迎头痛击 鬼头鬼脑
aqata	迎头痛击 昏头昏脑
aqatd	屡教不改 不得不服 不冷不热
aqatq	来者不拒 鬼头鬼脑
aqax	遗老遗少 来者居上 来头不小 妍姿艳质 买官鬻爵
aqaxa	妍姿艳质
aqaxd	遗老遗少
aqaxq	来者居上 来头不小 买官鬻爵
aqda	不耻下问 怒目横眉
aqdaa	怒目横眉
aqdad	不耻下问
aqdd	遗害无穷 昏睡百年 飞灾横祸
aqdda	昏睡百年
aqddd	遗害无穷 飞灾横祸
aqdg	飞得更高 面目一新
aqdga	面目一新
aqdgd	飞得更高
aqdj	未见 印象极深 不塞下流 好逸恶劳 古井无波
aqdja	印象极深 好逸恶劳 昏聩无能
aqdjd	不塞下流 古井无波 不安于位
aqdjq	未见 春宵一刻
aqdm	敢于 张冠李戴 不宁唯是
aqdma	张冠李戴
aqdmd	不宁唯是
aqdmq	敢于
aqdp	不赞一词 片鳞只甲
aqdpd	不赞一词
aqdpq	片鳞只甲
aqdq	闲得无聊 刮目相待 不安于室
aqdqd	不安于室
aqdqq	闲得无聊 刮目相待
aqdt	刮目相看 不畏权势 犀牛望月 问安视膳
aqdtd	不畏权势 犀牛望月
aqdtq	刮目相看 问安视膳
aqdx	留下 问鼎中原 眉头一皱 弹冠相庆
aqdxa	留下 弹冠相庆
aqdxd	眉头一皱
aqdxq	问鼎中原
aqg	强制性 不具备
aqgd	屠夫 好果子吃 阖家幸福 将遇良材
aqgda	好果子吃
aqgdd	屠夫
aqgdq	阖家幸福 将遇良材
aqgg	不得善终 弹冠结绶
aqgga	弹冠结绶
aqggd	不得善终
aqgj	留给 嫁给 强制性 交界地带 舐犊情深
aqgja	留给 嫁给 强制性 印累绶若
aqgjq	交界地带 舐犊情深 舔犊情深
aqgm	将遇良才 痛彻心扉 强取豪夺
aqgma	强取豪夺
aqgmq	将遇良才 痛彻心扉
aqgp	未曾 未经 片鳞残甲 不容分说 絮果兰因
aqgpa	絮果兰因
aqgpd	不容分说
aqgpq	未曾 未经 片鳞残甲
aqgq	留着 不具备
aqgqa	留着
aqgqd	不具备
aqgt	未必 不思悔改 劈头盖脸 劈头盖脑
aqgtd	不思悔改 劈头盖脸 劈头盖脑
aqgtq	未必
aqgx	烦恼 眉心 避实就虚 避害就利 片鳞半爪
aqgxd	烦恼 眉心 避实就虚 避害就利
aqgxq	片鳞半爪
aqj	不完全 好男人
aqja	古往今来 痴男怨女 展眼舒眉 不教而杀
aqjad	古往今来 展眼舒眉 不教而杀
aqjaq	痴男怨女
aqjd	不告而别 怒目而视 丰取刻与
aqjda	怒目而视
aqjdd	不告而别
aqjdq	丰取刻与
aqjg	弃家荡产 飞眼传情 不得人心 眉目传情
aqjga	弃家荡产
aqjgd	飞眼传情 不得人心 眉目传情
aqjj	好得多 适宜生命 如饥似渴 印象深刻 如鱼似水
aqjja	好得多 如饥似渴 印象深刻 如鱼似水
aqjjq	适宜生命
aqjm	不完全 适者生存 春宵苦短 不得而知 姱容修态
aqjma	姱容修态
aqjmd	不完全 不得而知
aqjmq	适者生存 春宵苦短
aqjp	好男人 面目全非 不瞒你说 不教而诛
aqjpa	好男人 面目全非
aqjpd	不瞒你说 不教而诛
aqjq	不待蓍龟 不告而取
aqjqd	不待蓍龟 不告而取
aqjt	未能 不寒而栗
aqjtd	不寒而栗
aqjtq	未能
aqjx	丰富多采 丰富多彩 不宣而战
aqjxd	不宣而战
aqjxq	丰富多采 丰富多彩
aqm	不容易 好容易
aqma	买卖 未完成
aqmaq	买卖 未完成
aqmd	未知 如鲠在喉 不容忽视
aqmda	如鲠在喉
aqmdd	不容忽视
aqmdq	未知
aqmg	留在 强得易贫 乱臣贼子 不进则退 蜂目豺声
aqmga	留在 强得易贫
aqmgd	不进则退 蜂目豺声
aqmgq	乱臣贼子
aqmj	买牛卖剑
aqmjq	买牛卖剑
aqmm	不容易 好容易 面目狰狞 问牛知马
aqmma	好容易 面目狰狞
aqmmd	不容易
aqmmq	问牛知马
aqmp	青眼有加 买犊卖刀 北宫婴儿 片鳞碎甲 买牛息戈
aqmpd	不得有误
aqmpq	青眼有加 买犊卖刀 北宫婴儿 片鳞碎甲 买牛息戈
aqmq	贵耳贱目 及宾有鱼
aqmqd	贵耳贱目 及宾有鱼
aqmt	未有 来者勿拒 不食周粟 不容有失 痛饮黄龙
aqmtd	不食周粟 不容有失 不食马肝
aqmtq	未有 来者勿拒 痛饮黄龙
aqmx	鳌头独占 强食自爱 承先启后 昏定晨省 不耻最后
aqmxa	强食自爱 昏定晨省
aqmxd	不耻最后
aqmxq	鳌头独占 承先启后
aqp	不得了 如果说
aqpd	眉睫之祸 尽职调查 未定之天 奉头鼠窜
aqpdd	眉睫之祸 尽职调查
aqpdq	未定之天 奉头鼠窜
aqpg	敢说 如果说 不臣之心 不食之地 不牧之地
aqpga	如果说
aqpgd	不臣之心 不食之地 不牧之地
aqpgq	敢说
aqpj	买了 留了 不得了 怒目切齿 虫鱼之学
aqpja	留了 怒目切齿
aqpjd	不得了 虫鱼之学 不次之迁
aqpjq	买了
aqpm	动物园 眉睫之内 眉头紧蹙 问牛答马
aqpma	动物园
aqpmd	眉睫之内 眉头紧蹙
aqpmq	问牛答马
aqpp	闻者足戒 不得了了 凿龟数策
aqppd	不得了了 凿龟数策
aqppq	闻者足戒
aqpq	不教之教
aqpqd	不教之教
aqpt	春寒料峭 乱头粗服
aqptq	春寒料峭 乱头粗服
aqpx	履行 留言 迎头赶上 眉头紧锁
aqpxa	留言 迎头赶上
aqpxd	履行 眉头紧锁
aqqa	痛定思痛 眉头眼尾
aqqad	眉头眼尾
aqqaq	痛定思痛
aqqd	闭目塞听
aqqdq	闭目塞听
aqqg	未完待续
aqqgq	未完待续
aqqj	买家 如鱼得水 如鱼饮水 责实循名 居官守法
aqqja	如鱼得水 如鱼饮水
aqqjd	居官守法 居安资深
aqqjq	买家 责实循名
aqqm	眉头 眉头微蹙
aqqmd	眉头 眉头微蹙
aqqp	未免 业界资讯
aqqpd	业界资讯
aqqpq	未免
aqqq	不思饮食 不思进取 不得安宁
aqqqd	不思饮食 不思进取 不得安宁
aqqt	未老先衰 不饮盗泉
aqqtd	不饮盗泉
aqqtq	未老先衰
aqqx	奖惩制度 眉头微皱 居安思危 蝇头微利 阖家安康
aqqxd	眉头微皱 居安思危 蝇头微利
aqqxq	奖惩制度 阖家安康
aqt	不怎么 不客气
aqta	乐往哀来
aqtaa	乐往哀来
aqtd	适宜技术 蟾宫折桂 闳宇崇楼 不怎么样
aqtdd	蟾宫折桂 不怎么样
aqtdq	适宜技术 闳宇崇楼
aqtg	不得已 烦得要死 疼得要死 蠢得要死 买田阳羡
aqtgd	不得已 烦得要死
aqtgq	疼得要死 蠢得要死 买田阳羡
aqtj	不怎么 买臣覆水 不得要领 强制措施 疼得要命
aqtja	强制措施
aqtjd	不怎么 不得要领
aqtjq	买臣覆水 疼得要命
aqtm	眉毛
aqtmd	眉毛
aqtq	不客气 交头接耳 烂额焦头
aqtqd	不客气 烂额焦头
aqtqq	交头接耳
aqtt	弹冠振衿 弹冠振衣 屡次三番
aqtta	弹冠振衿 弹冠振衣
aqttd	屡次三番
aqtx	避实击虚
aqtxd	避实击虚
aqx	不定期
aqxa	留恋 顶头上司 郊寒岛瘦 不宜久留 春冰虎尾
aqxaa	留恋
aqxad	不宜久留
aqxaq	顶头上司 郊寒岛瘦 春冰虎尾
aqxd	顶上 不减当年 不容置喙 昼思夜想 鸱目虎吻
aqxda	鸱目虎吻
aqxdd	不减当年 不容置喙 昼思夜想
aqxdq	顶上
aqxg	留意 不定期 麦饭豆羹 背井离乡 不进反退
aqxga	留意 面目可憎
aqxgd	不定期 不进反退 不徇私情
aqxgq	麦饭豆羹 背井离乡
aqxj	不得其法 如牛负重
aqxja	如牛负重
aqxjd	不得其法
aqxm	顶尖 不得其所 不容置辩
aqxmd	不得其所 不容置辩
aqxmq	顶尖
aqxp	闻到 支吾其词
aqxpd	支吾其词
aqxpq	闻到
aqxq	火眼金睛 不安其室
aqxqd	火眼金睛 不安其室
aqxt	不容置疑 昏头转向 来者可追
aqxta	昏头转向
aqxtd	不容置疑
aqxtq	来者可追
aqxx	蝇头小利 强食靡角 适得其反 不容小觑 故宫禾黍
aqxxa	强食靡角 如饮醍醐
aqxxd	蝇头小利 不容小觑 故宫禾黍
aqxxq	适得其反
ata	青霉素
ataa	还不 那不 面向未来 问这问那 运指如飞
ataaa	面向未来 运指如飞
ataad	还不 不衫不履 烟霞痼疾
ataaq	那不 问这问那
atad	帮她 表姐 强手如林 不文不武 丰肌弱骨
atada	强手如林
atadd	不文不武
atadq	帮她 表姐 丰肌弱骨 舌挢不下
atag	青春 灿烂 还好 青蛙 青霉素
ataga	希旨承颜
atagd	灿烂 还好 克己奉公
atagq	青春 青蛙 青霉素
ataj	乐山乐水 背山面水 娘要嫁人 泰山北斗 弱势群体
ataja	乐山乐水 娘要嫁人 弱势群体 如堕烟海 如胶如漆
atajd	烟雾弥漫
atajq	背山面水 泰山北斗 春雨如油
atam	表面 那间 履险如夷
atamd	履险如夷
atamq	表面 那间
atap	运动 燃烧 那张 那片 春山如笑
atapa	运动 如手如足
atapd	燃烧
atapq	那张 那片 春山如笑
ataq	还未 还敢 迟疑不决 青山不老 胡拼乱凑
ataqd	还未 还敢 迟疑不决 胡拼乱凑
ataqq	青山不老
atat	奶奶 静静 动手动脚 青山不改 飞霜六月
atata	奶奶 动手动脚 如堕烟雾 好巧不巧
atatd	飞霜六月 蜂附云集 不阴不阳 不折不扣
atatq	静静 青山不改 虱胫虮肝 六月飞霜 六月飞雪
atax	青云 不三不四 不卑不亢
ataxd	不三不四 不卑不亢
ataxq	青云
atd	适用于
atdd	不拘一格 弥山亘野 片文只事 妙手空空 克己复礼
atdda	弥山亘野 妙手空空 弹雨枪林
atddd	不拘一格 克己复礼 不胜杯杓
atddq	片文只事
atdg	那样 那只 那一 疾控中心 灿然一新
atdga	乐以忘忧 群龙无首
atdgd	灿然一新 屏气吞声 歪打正着 焕然一新
atdgq	那样 那只 那一 疾控中心
atdj	那里 群里 灵异事件 不胜枚举 寿山福海
atdja	群里 灵异事件
atdjd	不胜枚举
atdjq	那里 寿山福海 门衰祚薄
atdm	属于 那天 适用于 面朋口友
atdma	面朋口友
atdmd	属于
atdmq	那天 适用于
atdp	帮助 表示 嫣然一笑 不要忘记 青山一发
atdpa	嫣然一笑
atdpd	不要忘记
atdpq	帮助 表示 青山一发
atdq	还想 面授机宜
atdqa	面授机宜
atdqd	还想
atdt	青年 那年
atdtq	青年 那年
atdx	那也 张三李四 不提也罢
atdxa	张三李四
atdxd	不提也罢
atdxq	那也
atg	还以为 局限性
atga	表情 尽释前嫌 建功立业
atgaa	建功立业
atgad	尽释前嫌
atgaq	表情
atgd	帮忙 那条 适用死刑 她的心里 烦文缛礼
atgda	她的心里 弃文就武
atgdd	烦文缛礼
atgdq	帮忙 那条 适用死刑 将用斧柯
atgg	君子 胡子 引以为豪 毒手尊前 云雾缭绕
atgga	君子 引以为豪 云雾缭绕 动魄惊心
atggd	胡子
atggq	毒手尊前 未雨绸缪 门捷列夫
atgj	建立 属性 那句 还给 局限性
atgja	建立 引以为傲 如拾地芥
atgjd	属性 还给 局限性
atgjq	那句 青山绿水 闭月羞花
atgm	那道 那块 艳阳高照 遗失声明 泰山盘石
atgmd	遗失声明 不以规矩 不近情理 不以为奇 炮龙烹凤
atgmq	那道 那块 艳阳高照 泰山盘石 泰山磐石
atgp	那般 还以为 引以为戒 泰然处之 痛改前非
atgpa	引以为戒
atgpd	还以为 克己慎行
atgpq	那般 泰然处之 痛改前非
atgq	背着 丰功懿德 引以为耻 不以为耻 不追既往
atgqa	引以为耻
atgqd	不以为耻 不追既往
atgqq	背着 丰功懿德
atgt	背叛 支援部队 不以为然 来龙去脉 怒气填胸
atgta	怒气填胸
atgtd	支援部队 不以为然 不失圭撮
atgtq	背叛 来龙去脉
atgx	北京 那就 她的颜色 不露声色 不以为意
atgxa	她的颜色
atgxd	不露声色 不以为意 不露圭角 不失毫厘
atgxq	北京 那就 敌我矛盾
atj	那么多 嫌疑人
atja	还会 蜂拥而来 古肥今瘠
atjad	还会 蜂拥而来 古肥今瘠
atjd	适合 北方 群体 帮他 寻衅滋事
atjda	群体 寻衅滋事 如振落叶
atjdd	不拘泥于 炼气化神
atjdq	适合 北方 帮他 装聋作哑 泰山梁木
atjg	那个 那位 那份 妙手仁心 丰功伟绩
atjga	妙手仁心
atjgd	不近人情 不胜荣幸 不服水土
atjgq	那个 那位 那份 丰功伟绩
atjj	群众 那么多 故技重施 来势汹汹 那么多人
atjja	群众 如胶似漆
atjjd	故技重施 蜂拥而入 故技重演 烘托渲染
atjjq	那么多 来势汹汹 那么多人
atjm	弹斤估两 屏气敛息 奉扬仁风 飞文染翰
atjma	弹斤估两
atjmd	屏气敛息 飞文染翰
atjmq	奉扬仁风
atjp	还没 还贷 那人 嫌疑人 交接仪式
atjpa	嫌疑人 如丘而止
atjpd	还没 还贷 不胜酒力 飞扬浮躁 不用多说
atjpq	那人 交接仪式 适用范围
atjq	表演 运营 那件 如雷灌耳 凿隧入井
atjqa	运营 如雷灌耳 妙手偶得 如雷贯耳
atjqd	凿隧入井
atjqq	表演 那件 丰功茂德 刮肠洗胃
atjt	还能 充血水肿 火势蔓延 故我依然 装腔作势
atjta	充血水肿
atjtd	还能 火势蔓延 故我依然 还我河山 展脚伸腰
atjtq	装腔作势 片接寸附 泰山鸿毛
atjx	帮你 帮您 静以修身 强文浉醋 强文假醋
atjxa	强文浉醋 强文假醋 如释重负 如龙似虎
atjxd	蜂拥而上 蜂拥而至
atjxq	帮你 帮您 静以修身 素袖藏金
atm	女朋友 好朋友
atma	尾巴 建成 闲的时间 那段时间 运用自如
atmaa	建成 运用自如 妙手丹青
atmad	尾巴 贵阴贱璧
atmaq	闲的时间 那段时间
atmd	表现 不失时机 间接影响 好的时机 飞龙在天
atmda	好的时机
atmdd	不失时机 飞龙在天
atmdq	表现 间接影响
atmg	还在 背景 背影 如持左券 丰功盛烈
atmga	如持左券 如操左券 妈拉巴子
atmgd	还在
atmgq	背景 背影 丰功盛烈
atmj	那时 闲的时候 不胜感激 尽我所能 不疑有他
atmjd	不胜感激 尽我所能 不疑有他 居功自傲 蟒袍玉带
atmjq	那时 闲的时候 泰然自若
atmm	缺斤短两 不扶自直 不攻自破 不揣冒昧 恕我冒昧
atmma	恕我冒昧
atmmd	不扶自直 不攻自破 不揣冒昧 不吝珠玉
atmmq	缺斤短两 阐扬光大
atmp	女朋友 好朋友 交朋友 不接电话 恕我直言
atmpa	女朋友 好朋友 恕我直言
atmpd	不接电话
atmpq	交朋友
atmq	还真 故障现象 不吝赐教 阐幽明微 丰功硕德
atmqd	还真 故障现象 不吝赐教
atmqq	阐幽明微 丰功硕德
atmt	还是 还有 那是 表达 表明
atmta	好的医院
atmtd	还是 还有 不擒二毛 不打自招 屈打成招
atmtq	那是 表达 表明 背包 寿比南山
atmx	弃文存质 将功赎罪 胡服骑射 门阶户席
atmxa	弃文存质
atmxd	胡服骑射
atmxq	将功赎罪 门阶户席
atp	不要紧 不用说
atpa	还请 弹指之间 支气管炎 妙手回春 弓折刀尽
atpaa	弹指之间 妙手回春 弓折刀尽 剥肤之痛
atpad	还请 支气管炎
atpd	那儿 麦丘之祝 那么回事 背山起楼
atpdq	那儿 麦丘之祝 那么回事 背山起楼
atpg	建议 还说 不用说 不毛之地 不拔之志
atpga	建议
atpgd	还说 不用说 不毛之地 不拔之志
atpgq	素隐行怪
atpj	肃然起敬 不腆之仪
atpja	肃然起敬
atpjd	不腆之仪
atpm	飞扬跋扈 不按常理
atpmd	飞扬跋扈 不按常理
atpp	建设 那双 不要紧 故障诊断 还手之力
atppa	建设 如指诸掌
atppd	不要紧 故障诊断 还手之力 不用管了 履霜之戒
atppq	那双
atpq	还算 支气管 丰衣足食 不白之冤 履霜坚冰
atpqd	还算 支气管 不白之冤 履霜坚冰
atpqq	丰衣足食
atpt	那些 那边 建筑 屠龙之技
atpta	建筑
atptd	屠龙之技
atptq	那些 那边
atpx	运行 面露难色
atpxa	运行 面露难色
atq	支持者
atqa	女扮男装
atqaa	女扮男装
atqd	那颗 那次 建造 鳌掷鲸吞 鳌掷鲸呿
atqda	建造 怒气冲天 杀气冲天
atqdd	屏气凝神
atqdq	那颗 那次 鳌掷鲸吞 鳌掷鲸呿
atqj	那家 妨功害能 不乏先例 蛟龙得水
atqja	妨功害能
atqjd	不乏先例 蛟龙得水
atqjq	那家
atqm	那头 还得 支持者
atqmd	还得 支持者
atqmq	那头
atqp	动手实践 强兵富国
atqpa	动手实践 强兵富国
atqq	怒气冲冲
atqqa	怒气冲冲
atqt	蝉腹龟肠 不用客气
atqtd	蝉腹龟肠 不用客气
att	不需要 不要脸
atta	还要 不需要 表白
attad	还要 不需要
attaq	表白
attd	那段 恕我失礼
attda	恕我失礼
attdq	那段
attg	闲的要死 不用担心
attgd	不用担心
attgq	闲的要死
attj	那么 还需 不要脸 运费险 不需要做
attja	运费险 弱势震荡 如胶投漆
attjd	还需 不要脸 不需要做 尸山血海
attjq	那么 将功补过 瘠己肥人
attm	运费 火然泉达
attma	运费
attmd	火然泉达
attp	屁股 那股 青山 胡扯 壮阳补肾
attpa	面折廷诤
attpd	屁股 胡扯 不然的话
attpq	那股 青山 壮阳补肾 闻雷失箸
attq	运气 间接投资 不吝指教 飞升腾实 阐幽抉微
attqa	运气
attqd	不吝指教 飞升腾实
attqq	间接投资 阐幽抉微
attt	帮我 那我 不择手段 张皇失措 杀气腾腾
attta	张皇失措 杀气腾腾
atttd	不择手段
atttq	帮我 那我
attx	适用 运用 不需要钱 如隔三秋 将功折罪
attxa	运用 如隔三秋 面折廷争
attxd	不需要钱
attxq	适用 将功折罪
atxa	适当 卵覆鸟飞 如山压卵 瘴雨蛮烟 胡肥锺瘦
atxaa	卵覆鸟飞 如山压卵
atxad	胡肥锺瘦 不胜其烦 不改其乐 虾兵蟹将 飞龙乘云
atxaq	适当 瘴雨蛮烟 静脉曲张 泰山压顶 泰山压卵
atxd	那种 背后 背上 丰肌秀骨 属毛离里
atxdd	属毛离里
atxdq	那种 背后 背上 丰肌秀骨
atxg	胡搅蛮缠
atxgd	胡搅蛮缠
atxj	适应 运输 还可 那座 那可
atxja	运输 乐山爱水
atxjd	还可 还比较多 不拘小节 居功至伟 不露锋芒
atxjq	适应 那座 那可 青山秀水
atxm	青色 青铜 运转 还比较大 缺斤少两
atxma	运转
atxmd	还比较大 不要当真
atxmq	青色 青铜 缺斤少两
atxp	故障原因 火的原因 屈指可数
atxpd	故障原因 火的原因 屈指可数
atxq	缺衣少食
atxqq	缺衣少食
atxt	缺肢少腿 春露秋霜
atxtq	缺肢少腿 春露秋霜
atxx	适用税率 奉陪到底 面折庭争 丰功厚利 泰山其颓
atxxa	面折庭争
atxxq	适用税率 奉陪到底 丰功厚利 泰山其颓
axaa	火急火燎 不离不弃 如醉如痴 舌锋如火 耕当问奴
axaaa	如醉如痴
axaad	火急火燎 不离不弃
axaaq	舌锋如火 耕当问奴
axad	不上不下 好久不见 群魔乱舞 如醉如梦 北辕适楚
axada	好久不见 群魔乱舞 如醉如梦
axadd	不上不下
axadq	北辕适楚 交梨火枣
axag	迎来 犀角烛怪 敢爱敢恨 刁钻古怪 妖魔鬼怪
axaga	迎来 妖魔鬼怪 面色如土
axagd	犀角烛怪
axagq	敢爱敢恨 刁钻古怪
axaj	遐尔闻名 不斩来使 艳压群芳 不负责任 舌战群儒
axajd	遐尔闻名 不斩来使 不负责任 烂醉如泥 遐迩闻名
axajq	艳压群芳 舌战群儒
axam	克爱克威 卸磨杀驴 春意阑珊 不可不知 屡战屡败
axama	如醉如狂
axamd	克爱克威 不可不知 屡战屡败
axamq	卸磨杀驴 春意阑珊 来历不明
axap	书香门第 承受不起 不醉不归 那可不行 不可否认
axapd	不醉不归 不可否认
axapq	书香门第 承受不起 那可不行
axaq	屋顶 六畜不安
axaqd	屋顶
axaqq	六畜不安
axat	闳意妙指 不亦乐乎 屡战屡胜 不可动摇 不可不防
axata	剥床及肤
axatd	不亦乐乎 屡战屡胜 不可动摇 不可不防 不亢不卑
axatq	闳意妙指
axax	嬷嬷 乐乐 乙酸乙酯 门可张罗 古色古香
axaxa	嬷嬷 乐乐 怒其不争
axaxd	古色古香 不可缺少 不稼不穑
axaxq	乙酸乙酯 门可张罗 门庭如市
axd	不至于 青少年
axda	不甘示弱 不可开交
axdad	不甘示弱 不可开交
axdd	买上嘱下 不至于吧
axddd	不至于吧
axddq	买上嘱下
axdg	飞遁鸣高 昏庸无道
axdga	昏庸无道
axdgd	飞遁鸣高
axdj	屋里 不可救药 不可一世 不可再生 如锥画沙
axdja	如锥画沙 姑射神人
axdjd	屋里 不可救药 不可一世 不可再生 遐迩一体
axdm	不至于 不利于 尻轮神马 面上无光
axdma	面上无光
axdmd	不至于 不利于 尻轮神马
axdp	不顾一切 不可究诘
axdpd	不顾一切 不可究诘
axdq	飞上枝头 帮虎吃食 弹铗无鱼 不可想象 青钱万选
axdqa	弹铗无鱼
axdqd	飞上枝头 不可想象
axdqq	帮虎吃食 青钱万选
axdt	青少年 适应形势 引锥刺股
axdta	引锥刺股
axdtq	青少年 适应形势
axdx	不至于到 闲愁万种
axdxd	不至于到
axdxq	闲愁万种
axg	不小心 不甘心
axga	业绩 燎原烈火 飞鸟惊蛇
axgad	业绩 燎原烈火 飞鸟惊蛇
axgd	不后悔 如意吉祥 克罗地亚 歪瓜裂枣 秦镜高悬
axgda	如意吉祥
axgdd	不后悔 克罗地亚 歪瓜裂枣
axgdq	秦镜高悬
axgg	屋子 不肖子孙
axggd	屋子 不肖子孙
axgj	好习惯 不习惯 不可端倪 青翠欲滴 如鸟兽散
axgja	好习惯 如鸟兽散
axgjd	不习惯 不可端倪 蝉翼为重 不可懈怠
axgjq	青翠欲滴
axgm	业主 飞鸾翔凤 不可终日 奖罚分明
axgmd	业主 飞鸾翔凤 不可终日
axgmq	奖罚分明
axgp	业务
axgpd	业务
axgq	不可兼得 建章立制
axgqa	建章立制
axgqd	不可兼得
axgt	不久前 不可收拾
axgtd	不久前 不可收拾
axgx	不小心 不甘心 火车站 门庭赫奕 顶针续麻
axgxd	不小心 不甘心 火车站 不可逆转
axgxq	门庭赫奕 顶针续麻 病魔缠身 将错就错
axj	不可能 不少人
axja	不可企及 不翼而飞 不可名状 不期修古 遐迩著闻
axjad	不可企及 不翼而飞 不可名状 不期修古 遐迩著闻
axjd	媒体 病原体 不负众望 不可能吧 不省人事
axjda	媒体 如解倒悬
axjdd	不负众望 不可能吧 不省人事
axjdq	病原体
axjg	炼虚合道 不当人子
axjgd	炼虚合道 不当人子
axjj	火上浇油 刁钻刻薄 粥少僧多 不废江河 不可全信
axjja	粥少僧多
axjjd	火上浇油 不废江河 不可全信 飞鸟依人 及瓜而代
axjjq	刁钻刻薄
axjm	弥漫 不可侵犯 不可估量 乱点鸳鸯 六畜兴旺
axjma	弥漫
axjmd	不可侵犯 不可估量
axjmq	乱点鸳鸯 六畜兴旺 甜酸苦辣
axjp	不少人 买受人 刷身份证 及身份证 适应能力
axjpd	不少人 刷身份证 及身份证 不可逾越 及锋而试
axjpq	买受人 适应能力 春色满园 承受能力 适可而止
axjq	不劣方头 不可多得 不期而遇
axjqd	不劣方头 不可多得 不期而遇
axjt	不可能 尽可能 表率作用 建置沿革 不可能的
axjta	建置沿革
axjtd	不可能 尽可能 不可能的 不可外扬 不战而胜
axjtq	表率作用
axjx	尼罗河 昏镜重磨 屙金溺银 不甘落后 如期而至
axjxa	昏镜重磨 如期而至 如虎添翼 如虎生翼 如醉方醒
axjxd	尼罗河 屙金溺银 不甘落后 不期而至 不可偏废
axjxq	门庭若市
axm	张爱玲
axma	背后是鬼
axmaq	背后是鬼
axmd	适当时机 承上启下 如上所述 不可理喻 飞觥献斝
axmda	如上所述
axmdd	不可理喻 飞觥献斝
axmdq	适当时机 承上启下
axmg	不应有恨 犀颅玉颊 不解风情 迟到早退
axmgd	不应有恨 犀颅玉颊 不解风情 迟到早退
axmj	张爱玲 昼夜颠倒 买犁卖剑 青铜时代 尽其所能
axmja	张爱玲 杀身成仁
axmjd	昼夜颠倒 尽其所能
axmjq	买犁卖剑 青铜时代
axmm	丰度翩翩 飞鹰奔犬 娇小玲珑 支离破碎 春和景明
axmma	娇小玲珑 面上有光
axmmd	飞鹰奔犬 支离破碎
axmmq	丰度翩翩 春和景明
axmp	门当户对 麦秀两歧 不可知论 不甚明了 尽其所长
axmpd	不可知论 不甚明了 尽其所长
axmpq	门当户对 麦秀两歧 麦穗两歧 门到户说
axmq	买爵贩官 不可遏制 不欺暗室 火上弄冰
axmqd	不可遏制 不欺暗室 火上弄冰
axmqq	买爵贩官
axmt	麦穗两岐 麦秀两岐 不负所托 春意盎然
axmtd	不负所托
axmtq	麦穗两岐 麦秀两岐 春意盎然
axmx	炫耀 引虎自卫
axmxa	引虎自卫
axmxd	炫耀
axp	不应该
axpa	不利因素 不可言状 不可或缺
axpad	不利因素 不可言状 不可或缺
axpd	乐观 古迹之一 不羁之民 弃车走林 蠡酌管窥
axpda	乐观 弃车走林 蠡酌管窥
axpdd	古迹之一 不羁之民 不可言喻 古稀之年 飞觞走斝
axpdq	秦庭之哭
axpg	不解之缘 飞针走线 如意算盘 不急之务
axpga	如意算盘
axpgd	不解之缘 飞针走线 不急之务
axpj	不应该 承受之重 不可言传 不负此生 春秋笔法
axpjd	不应该 不可言传 不负此生 不甘雌伏 不虞之誉
axpjq	承受之重 春秋笔法
axpm	飞鹰走狗 飞鹰走犬 飞鹰走马 不羁之才
axpmd	飞鹰走狗 飞鹰走犬 飞鹰走马 不羁之才
axpp	不虚此行 不甚了了 问罪之师
axppd	不虚此行 不甚了了
axppq	问罪之师
axpq	乐趣 好色之徒 不速之客 不轨之徒 不可言宣
axpqa	乐趣 好色之徒
axpqd	不速之客 不轨之徒 不可言宣
axpt	不亦说乎 层峦叠嶂
axptd	不亦说乎 层峦叠嶂
axpx	屋乌之爱 蜗角之争
axpxd	屋乌之爱 蜗角之争
axq	闭上眼 不稳定
axqd	不可靠 买上告下
axqdd	不可靠
axqdq	买上告下
axqg	甜蜜 闭上眼 动辄得咎
axqga	动辄得咎
axqgq	甜蜜 闭上眼
axqj	闲置资源 不可告人 门庭冷落
axqjd	不可告人
axqjq	闲置资源 门庭冷落
axqm	如期完成 如期实现 未卜先知 春秋鼎盛 炊金馔玉
axqma	如期完成 如期实现
axqmd	炊金馔玉
axqmq	未卜先知 春秋鼎盛
axqp	不可思议 不可教训
axqpd	不可思议 不可教训
axqq	弃其馀鱼 不甘寂寞 不可造次
axqqa	弃其馀鱼
axqqd	不甘寂寞 不可造次
axqt	不稳定 闳意眇指
axqtd	不稳定
axqtq	闳意眇指
axqx	如虎得翼 买铁思金
axqxa	如虎得翼
axqxq	买铁思金
axt	还可以 那当然
axta	不可推卸
axtad	不可推卸
axtd	不可以吗
axtdd	不可以吗
axtg	翅膀 迎接 迅速集结 剥削阶级 寻章摘句
axtga	迎接 剥削阶级 寻章摘句
axtgd	翅膀
axtgq	迅速集结
axtj	还可以 如原以偿 如愿以偿 烧香拜佛 春色撩人
axtja	如原以偿 如愿以偿
axtjd	还可以 烧香拜佛
axtjq	春色撩人
axtm	那当然 乙酰胆碱 不可限量 好整以暇 素车白马
axtma	好整以暇
axtmd	不可限量 不置褒贬
axtmq	那当然 乙酰胆碱 素车白马
axtp	不可抗力 不可胜数 那当然了 不可胜言 飞刍挽粒
axtpd	不可抗力 不可胜数 不可胜言 飞刍挽粒 飞刍挽粮
axtpq	那当然了
axtt	不可以的 不可捉摸 虹销雨霁 飞刍挽粟
axttd	不可以的 不可捉摸 虹销雨霁 飞刍挽粟
axtx	弥补 不可揆度 如醉初醒 不久以后 不可改变
axtxa	弥补 如醉初醒 群轻折轴
axtxd	不可揆度 不久以后 不可改变 不可向迩
axx	不愿意 不锈钢
axxa	未置可否 不厌其烦 不置可否
axxad	不厌其烦 不置可否
axxaq	未置可否
axxd	不可小视 不可磨灭 如应斯响
axxda	如应斯响
axxdd	不可小视 不可磨灭
axxg	不愿意 北爱尔兰
axxgd	不愿意
axxgq	北爱尔兰
axxj	不愿意花 飞遁离俗 不可置信 避其锋芒 不甘后人
axxjd	不愿意花 飞遁离俗 不可置信 避其锋芒 不甘后人
axxm	不锈钢 不可移易
axxmd	不锈钢 不可移易
axxp	面争庭论 春秋战国 不厌其详 未可厚非
axxpa	面争庭论
axxpd	不厌其详
axxpq	春秋战国 未可厚非
axxq	飞刍转饷 强凫变鹤
axxqa	强凫变鹤
axxqd	飞刍转饷
axxt	舌尖上的 避其锐气 不变其文
axxtd	避其锐气 不变其文
axxtq	舌尖上的
axxx	麦秀黍离 不可小觑 门可罗雀
axxxd	不可小觑
axxxq	麦秀黍离 门可罗雀
daa	一刹那 一片片
daaa	别动不动 一动不动 吮痈舐痔
daaad	一动不动
daaaq	别动不动 吮痈舐痔
daad	一不留神 由表及里 骂不还口 亘古不灭 呵壁问天
daadd	一不留神 亘古不灭
daadq	由表及里 骂不还口 呵壁问天
daag	吸引 吃闭门羹 开疆辟土 妻不如妾 一面如旧
daagd	开疆辟土 妻不如妾 一面如旧 开疆展土
daagq	吸引 吃闭门羹
daaj	枪支弹药 百毒不侵 再好不过 机动灵活 百病不侵
daaja	枪支弹药 机动灵活
daajd	百毒不侵 再好不过 百病不侵 下不来台 万古留芳
daajq	民间疾苦
daam	杯弓蛇影 亘古未有 穿壁引光
daama	杯弓蛇影 穿壁引光
daamd	亘古未有
daap	严肃 互动 一片片 一张张 望闻问切
daapa	格杀不论
daapd	严肃 互动 一片片 一张张 望闻问切
daaq	本来面目 横眉怒目 开眉展眼
daaqa	本来面目 横眉怒目
daaqd	开眉展眼
daat	一刹那 禁毒支队 吊古寻幽 须眉交白 相交不拆
daata	禁毒支队 须眉交白 相交不拆 也不尽然
daatd	一刹那
daatq	吊古寻幽 逞强好胜
daax	吕氏春秋 民贵君轻 亘古不变
daaxd	亘古不变
daaxq	吕氏春秋 民贵君轻
dad	听不见 想不想
dada	叮嘱 一闪一闪 一动一动 中建一局 一间一间
dadad	一闪一闪 一动一动 一间一间 一闲下来 一张一弛
dadaq	叮嘱 中建一局 味如嚼蜡
dadd	一弦一柱 无病呻吟 无尽无穷 无故呻吟 见弹求鸮
dadda	见弹求鸮 枯燥无味 穷凶极恶
daddd	一弦一柱 互不相欠 开阔视野 形如枯木 开云见天
daddq	无病呻吟 无尽无穷 无故呻吟 无敌天下 口燥唇干
dadg	哪一 一来一去 吃来吃去 虽疾无声 吃不下去
dadga	穴居野处
dadgd	一来一去 开不开心 开门见喜
dadgq	哪一 吃来吃去 虽疾无声 吃不下去 呼来喝去
dadj	哪里 听不见 想不开 社交礼仪 中毒事件
dadja	想不开 刺杀事件 见弃于人 相克相济 朴素无华
dadjd	社交礼仪 恶居下流 亘古亘今
dadjq	哪里 听不见 中毒事件 吸毒事件 无背无侧
dadm	再来一遍 窄门窄户 哄动一时 桃弧棘矢 嚣张一时
dadma	窄门窄户 桃弧棘矢
dadmd	再来一遍 开云见日 百不一存
dadmq	哄动一时 嚣张一时
dadp	严格 一问一答 格杀无论 叩阍无路 呆如木鸡
dadpa	格杀无论 桃来李答
dadpd	严格 一问一答
dadpq	叩阍无路 呆如木鸡
dadq	互相 想不想 楞眉横眼 也不一定 吃不下饭
dadqa	想不想 楞眉横眼 也不一定 楚尾吴头 楚弓楚得
dadqd	互相 再来一次 互不相容
dadqq	吃不下饭 无病无灾 无不无聊
dadt	一瘸一拐 吞云吐雾 无动于衷 一片空白 开门见山
dadtd	一瘸一拐 吞云吐雾 一片空白 开门见山 互不干扰
dadtq	无动于衷 喷云吐雾
dadx	乞丐 吃不下 啮檗吞针 唯妙唯肖 无昼无夜
dadxa	乞丐
dadxq	吃不下 啮檗吞针 唯妙唯肖 无昼无夜
dag	听不懂 天灵盖
daga	天灵盖 亘古新闻 无痛分娩 史不绝书
dagad	天灵盖 亘古新闻
dagaq	无痛分娩 史不绝书
dagd	丈夫 呼不给吸 骂不绝口 无间冬夏
dagdd	丈夫
dagdq	呼不给吸 骂不绝口 无间冬夏
dagg	妻子 吸收 杯子 天妒红颜 下不着地
dagga	杯子
daggd	妻子 天妒红颜 下不着地 福寿绵绵 恶不去善
daggq	吸收 吐故纳新
dagj	听不懂 视如土芥 事业单位 也不为过 焚书坑儒
dagja	也不为过 焚书坑儒
dagjd	视如土芥 事业单位 下不为例 天不绝人 一片坦途
dagjq	听不懂 民不堪命 嘴甜心苦
dagm	味道 本来就是 天昏地暗 穿云裂石 灭门绝户
dagma	本来就是 穿云裂石 材剧志大
dagmd	天昏地暗 灭门绝户 夏炉冬扇
dagmq	味道 无动为大
dagp	极为 祸不单行 呼群结党 天昏地黑
dagpa	极为
dagpd	祸不单行 天昏地黑
dagpq	呼群结党
dagq	咬着 事业编制 事业部制 一门心思 一片死寂
dagqa	横眉立目 桂殿兰宫
dagqd	事业编制 事业部制 一门心思 一片死寂 一如既往
dagqq	咬着
dagt	哪怕 极端 一闪即逝 禁毒总队 事不关己
dagta	极端 禁毒总队 杜门却扫
dagtd	一闪即逝 事不关己 亡魂丧胆 亡魂丧魄
dagtq	哪怕
dagx	恶心 杜门绝迹 一片心意 百病缠身 悬灯结彩
dagxa	杜门绝迹
dagxd	恶心 一片心意 百病缠身 悬灯结彩
daj	只不过 也不能
daja	事业学业 一片混乱 别不耐烦 更阑人静 穷阎漏屋
dajaa	穷阎漏屋
dajad	事业学业 一片混乱 更阑人静
dajaq	别不耐烦
dajd	严重 与他 听不清楚 无业人员 无业游民
dajdd	严重 与他 一片生机 天不假年
dajdq	听不清楚 无业人员 无业游民
dajg	哪个 禁不住 中书侍郎 中古世纪 无疾而终
dajga	禁不住
dajgd	百业萧条 一炮而红 天不作美
dajgq	哪个 中书侍郎 中古世纪 无疾而终
dajj	格古通今 禅絮沾泥 也不例外 干将莫邪 一闪而过
dajja	格古通今 也不例外 干将莫邪
dajjd	禅絮沾泥 一闪而过 神鬼莫测 一片汪洋 天女散花
dajjq	吊古伤今
dajm	亚洲 也不会是 一表人才 天妒英才 干云蔽日
dajma	也不会是 干云蔽日
dajmd	亚洲 一表人才 天妒英才 百辞莫辩
dajp	与人 吸引人 机动能力 枘凿方圆 亡不旋踵
dajpa	机动能力 枘凿方圆 也不能说
dajpd	与人 亡不旋踵 亡不旋跬 一片漆黑 画蛇添足
dajpq	吸引人 口不能言 郢书燕说
dajq	复印件 极乐世界 画眉举案 正面人物 吃尽苦头
dajqa	复印件 极乐世界
dajqd	画眉举案 正面人物 望屋而食 一辞莫赞
dajqq	吃尽苦头
dajt	只不过 也不能 也不过 想不通 窥间伺隙
dajta	也不能 也不过 想不通 窥间伺隙 枯耘伤岁
dajtd	事不过三 一闪而逝
dajtq	只不过 喘不过气 喷云泄雾
dajx	与你 咬牙 福不重至 根蟠节错 万古千秋
dajxa	根蟠节错
dajxd	与你 福不重至 万古千秋 敝帚千金
dajxq	咬牙
dam	也不是
dama	枉尺直寻 亘古奇闻
damaa	枉尺直寻
damad	亘古奇闻
damd	极大 相门有相 望表知里 互不影响 唾面自干
damda	极大 相门有相
damdd	望表知里 互不影响
damdq	唾面自干
damg	一间房子 嗜杀成性 也不知道 一来二去 咋不知道
damga	也不知道 杜门自绝 柳絮才高
damgd	一间房子 一来二去 开门大吉
damgq	嗜杀成性 咋不知道
damj	校验 神魂颠倒 一尸两命 一片狼藉 听不太清
damja	校验 梦魂颠倒
damjd	神魂颠倒 一尸两命 一片狼藉 夏虫朝菌
damjq	听不太清 无如奈何 口不二价
damm	敝帚自珍 一片光明 天将破晓 辱门败户
dammd	敝帚自珍 一片光明 天将破晓 辱门败户
damp	一展所长 无间是非 格杀勿论 咋不早说
dampa	格杀勿论
dampd	一展所长
dampq	无间是非 咋不早说
damq	视如珍宝 突飞猛进 杜门自守 互不理睬 一来二往
damqa	突飞猛进 杜门自守 杳如黄鹤
damqd	视如珍宝 互不理睬 一来二往 一蛇两头 一浆十饼
damt	也不是 哪有 礼貌 中乙球队 无病自炙
damta	也不是 想不明白 穿云破雾
damtd	礼貌 祥云瑞气
damtq	哪有 中乙球队 无病自炙
damx	祖云达斯 杜门晦迹 一展风采 百炼成钢 更弦易辙
damxa	杜门晦迹
damxd	祖云达斯 一展风采 百炼成钢 更弦易辙
dap	忘不了 吸引力
dapa	校长 副局长 画不出来 喝不出来 一面之交
dapaa	校长 想不起来 想不出来
dapad	副局长 画不出来 一面之交 万古长青 事不师古
dapaq	喝不出来 啮臂之好 嗜痂之癖
dapd	哪儿 一怒之下 开不了口 一将难求
dapdd	一怒之下 开不了口 一将难求
dapdq	哪儿
dapg	虽说 中印边境 望云之情 一面之缘 口舌之快
dapgd	望云之情 一面之缘 百舌之声
dapgq	虽说 中印边境 口舌之快 口不对心
dapj	极了 忘不了 吸引力 口舌之便 想尽办法
dapja	极了 想尽办法
dapjd	忘不了 福慧双修 福如东海 末如之何 迈古超今
dapjq	吸引力 口舌之便 无如之何 无疆之休
dapm	校园 嚣张跋扈 无如之奈 万古长存 一表非凡
dapma	校园
dapmd	万古长存 一表非凡
dapmq	嚣张跋扈 无如之奈
dapp	检疫监管 一面之词 神来之笔 一臂之力
dappa	检疫监管
dappd	一面之词 神来之笔 一臂之力
dapq	中印边界 嗟来之食 灭顶之灾 另辟蹊径 百尺竿头
dapqa	横眉竖眼 杜门谢客
dapqd	灭顶之灾 百尺竿头 夏虫语冰 开眉笑眼
dapqq	中印边界 嗟来之食 另辟蹊径
dapt	哪些 与此 福不双降 味如鸡肋
daptd	与此 福不双降
daptq	哪些 味如鸡肋
dapx	口舌之争 口舌之利 逞凶肆虐
dapxq	口舌之争 口舌之利 逞凶肆虐
daq	见不得 由不得
daqa	事不宜迟
daqad	事不宜迟
daqd	一飞冲天 福寿齐天 枪炮齐鸣
daqda	枪炮齐鸣
daqdd	一飞冲天 福寿齐天
daqg	互联 一片宫商 听不进去 民不畏死 一片冰心
daqgd	互联 一片宫商 一片冰心
daqgq	听不进去 民不畏死
daqj	李氏家族 杨氏家族 求浆得酒 亡不待夕 民不聊生
daqja	李氏家族 杨氏家族 乞浆得酒
daqjd	求浆得酒 亡不待夕 视如寇仇
daqjq	民不聊生
daqm	礼物 见不得 由不得 吸引眼球 也不容易
daqma	见不得 也不容易 见不得光
daqmd	礼物
daqmq	由不得 吸引眼球 吹弹得破
daqq	一间教室 开阔眼界 吃不饱饭 横眉冷眼
daqqa	横眉冷眼
daqqd	一间教室 开阔眼界
daqqq	吃不饱饭
daqt	逼不得已 万不得已 也不怎么 枘凿冰炭
daqta	也不怎么 枘凿冰炭
daqtd	逼不得已 万不得已
dat	也不要
data	也不要 中建三局 悬疣附赘 示敌以弱
dataa	也不要
datad	悬疣附赘 示敌以弱
dataq	中建三局
datd	只适用于 百不随一 祛病延年 见素抱朴 百不失一
datda	见素抱朴 攀蟾折桂
datdd	百不随一 祛病延年 百不失一 万不失一
datdq	只适用于
datg	极限 也不失为 本来以为 里丑捧心 开疆拓境
datga	极限 也不失为 本来以为 穷不失义
datgd	开疆拓境 礼乐崩坏 开疆拓土 一片焦土
datgq	里丑捧心
datj	救火投薪 查缺补漏 一屁股债 穿凿附会 救火扬沸
datja	查缺补漏 穿凿附会
datjd	救火投薪 一屁股债 救火扬沸 一不扭众
datm	虽然 焚尸扬灰 亡秦三户
datma	焚尸扬灰
datmd	亡秦三户
datmq	虽然
datp	格杀弗论 视如己出 更不用说 口不择言 吃奶的劲
datpa	格杀弗论
datpd	视如己出 更不用说 望门投止
datpq	口不择言 吃奶的劲
datq	夏虫疑冰 更姓改物 开门延盗 望屋以食 开门揖盗
datqd	夏虫疑冰 更姓改物 开门延盗 望屋以食 开门揖盗
datt	攀炎附热 梳妆打扮 亡魂失魄 一弹指顷
datta	攀炎附热 梳妆打扮
dattd	亡魂失魄 一弹指顷
datx	空不异色 年壮气锐 更弦改辙
datxa	空不异色 年壮气锐
datxd	更弦改辙
dax	想不到 机动车
daxa	机动车 恶魔 概不负责 突如其来
daxaa	机动车 概不负责 突如其来
daxad	恶魔
daxd	史上 严厉 一丁点 想不到吧 干卿底事
daxda	想不到吧 干卿底事
daxdd	严厉 一丁点
daxdq	史上 吹弹歌舞
daxg	极其 与其 极致 恶意 由始至终
daxga	极其 极致 析交离亲 相女配夫
daxgd	与其 恶意 一不小心
daxgq	由始至终 口不应心
daxj	极度 相适应 无间可伺 更不可能 一不压众
daxja	极度 相适应
daxjd	更不可能 一不压众
daxjq	无间可伺
daxm	也未可知 吹弹可破
daxma	也未可知
daxmq	吹弹可破
daxp	想不到 听不到 见不到 窥牖小儿 也不应该
daxpa	想不到 见不到 窥牖小儿 也不应该 繁弦急管
daxpq	听不到 忠君爱国
daxt	极速 恶劣 福建省 正业科技 唇不离腮
daxta	极速 机不可失
daxtd	恶劣 福建省 正业科技 唇不离腮 再不其然
daxx	中印战争 机动车辆 无间可乘 礼不可废
daxxa	机动车辆
daxxd	礼不可废
daxxq	中印战争 无间可乘
dda	再也不 一开始
ddaa	本书 再也不 民政局 正中书局 互相嫌弃
ddaaa	本书 机械运动 平平静静
ddaad	再也不 正中书局 互相嫌弃 神神鬼鬼 一见如故
ddaaq	民政局 鄙于不屑 吵吵闹闹 口干舌燥 叽叽歪歪
ddad	帘窥壁听 楚棺秦楼 咂嘴舔唇 开口闭口 空空如也
ddada	帘窥壁听 楚棺秦楼 空空如也 穷形尽相 格格不吐
ddadd	开口闭口 神号鬼哭
ddadq	咂嘴舔唇 鸮啼鬼啸
ddag	本来 事故 天年不遂 格格不纳 福禄寿喜
ddaga	本来 格格不纳 桃李门墙
ddagd	事故 天年不遂 福禄寿喜 开天辟地 一见如旧
ddagq	无一不备 无恶不为 嚎天动地
ddaj	一开始 天年不测 无空不入 木朽蛀生 栩栩如生
ddaja	木朽蛀生 栩栩如生 楚楚动人 格格不入 森严壁垒
ddajd	一开始 天年不测 唇枪舌剑 一窍不通 百年好合
ddajq	无空不入 喋喋不休 无恶不作 口福不浅 呶呶不休
ddam	另一面 朽木不雕 空穴来风 无一不知 桃李春风
ddama	朽木不雕 空穴来风 桃李春风
ddamq	另一面 无一不知
ddap	嚣张 一再强调 神机妙算 无平不颇 严格来讲
ddapa	桃李不言 根椽片瓦
ddapd	一再强调 神机妙算 严格来讲 礼无不答
ddapq	嚣张 无平不颇 野无遗贤
ddaq	天年不齐 无恶不造 百年不遇 横祸飞灾 吐吐舌头
ddaqa	横祸飞灾
ddaqd	天年不齐 百年不遇 望梅阁老 百万买宅
ddaqq	无恶不造 吐吐舌头
ddat	品牌 唏嘘不已 嘘唏不已 楚梦云雨 枪林弹雨
ddata	楚梦云雨 枪林弹雨
ddatq	品牌 唏嘘不已 嘘唏不已 咆哮如雷 口干舌焦
ddax	事业 求神问卜 万事如意 百吃不厌 想望丰采
ddaxa	想望丰采
ddaxd	事业 求神问卜 万事如意 百吃不厌 天机云锦
ddd	每一天 一天天
ddda	品味 枯枝再春 咂嘴咂舌 平民百姓 万里无云
dddaa	枯枝再春 平民百姓 空中楼阁 枉口嚼舌
dddad	万里无云 天下无敌 万口一辞 恶形恶状 唇干口燥
dddaq	品味 咂嘴咂舌 无穷无尽
dddd	森林 本事 祝福 副本 呆呆
dddda	森林 本事 核武器 窸窸窣窣 枯枿朽株
ddddd	祝福 副本 神神叨叨 一一一一 一模一样
ddddq	呆呆 咒骂 叽叽喳喳 咯噔一下 呱唧呱唧
dddg	梦中 视野 无形中 一根根 一只只
dddga	梦中 相形见绌 杜口吞声
dddgd	视野 一根根 一只只 正中下怀 再下一城
dddgq	无形中 中枢神经 嚎天喊地 骂天咒地 哭天喊地
dddj	梦里 梦见 相呴相济 再也无法 鸣枪示警
dddja	梦里 梦见 相呴相济 枝繁叶茂 空口无凭
dddjd	再也无法 祸福相依 百年树人 百无一能 礼下于人
dddjq	鸣枪示警 口口相传 咄咄逼人 唯一一个 听天由命
dddm	每一天 杉木 一天天 哪一天 想想也是
dddma	每一天 杉木 想想也是 平平无奇 窥见一斑
dddmd	一天天 一事无成 百无一是
dddmq	哪一天 无天无日 无形无影 嘴里一套
dddp	一百万 一事一议 相视一笑 一横一竖 忠于祖国
dddpa	相视一笑 桃李无言
dddpd	一百万 一事一议 一横一竖 一呼百诺 天下无双
dddpq	忠于祖国 别树一帜 哑口无言
dddq	梦想 万事万物 一板一眼 一天一次 一口咬定
dddqa	梦想 木本植物 空无一物 穷极无聊 机杼一家
dddqd	万事万物 一板一眼 一天一次 一口咬定 一年一次
dddqq	唯一一次
dddt	哗啦啦 相形见拙 一榻横陈 开口见胆 百无一用
dddta	相形见拙 杜鹃啼血 松一口气 楚材晋用
dddtd	一榻横陈 开口见胆 百无一用 百无禁忌 于事无补
dddtq	哗啦啦 无权无势
dddx	事中事后 一唱一和 无天于上 一年一度 一呼百应
dddxa	穷根究底
dddxd	事中事后 一唱一和 一年一度 一呼百应 一天一夜
dddxq	无天于上
ddg	一下子 另一半
ddga	事情 祖父 一年级 一一道来 邮政总局
ddgaa	枯木逢春 枯树逢春
ddgad	事情 祖父 一年级 一一道来 互相残杀
ddgaq	邮政总局
ddgd	视线 本地 一桩心事 咄咄怪事 相与为一
ddgda	本地 相与为一
ddgdd	视线 一桩心事
ddgdq	咄咄怪事
ddgg	一下子 标志 吃惊 正正经经 一下子就
ddgga	标志 根株结盘 林林总总 松松垮垮
ddggd	一下子 正正经经 一下子就 神神经经 天下为公
ddggq	吃惊 口口声声
ddgj	本性 根本性 相由心生 焚林竭泽 一鸣惊人
ddgja	本性 根本性 相由心生 焚林竭泽 标本兼治
ddgjd	一鸣惊人 万事亨通
ddgjq	史无前例
ddgm	呼吸道 黾穴鸲巢 邮政编码 一年半载 相见恨晚
ddgma	相见恨晚 格林纳达 槁木死灰 朽木死灰 枯木死灰
ddgmd	一年半载 形槁心灰 天平地成
ddgmq	呼吸道 黾穴鸲巢 邮政编码
ddgp	事务 视为 天下为笼 每一句话 事无绝对
ddgpa	每一句话
ddgpd	事务 视为 天下为笼 事无绝对
ddgpq	呢喃细语 喃喃细语 咄嗟立办
ddgq	哭着 枢机主教 无一幸免 天下为家 天材地宝
ddgqa	枢机主教
ddgqd	天下为家 天材地宝 妻梅子鹤
ddgqq	哭着 无一幸免
ddgt	另一半 一年前 武林高手 天悬地隔 无与为比
ddgtd	一年前 武林高手 天悬地隔
ddgtq	另一半 无与为比
ddgx	本就 梦境 视野缩小 一相情愿 每一分钟
ddgxa	本就 梦境 每一分钟
ddgxd	视野缩小 一相情愿 万丈红尘 助天为虐
ddgxq	别无分店
ddj	机器人 中年人
ddja	天空海阔 别开生面 呼啸而来 窈窕淑女 年迈体弱
ddjaa	窈窕淑女 年迈体弱 相机而动 析骨而炊
ddjad	天空海阔 天下莫敌 一一过问
ddjaq	别开生面 呼啸而来 无权过问 另一方面
ddjd	每一件事 乞穷俭相 一柱擎天 天下兴亡 形神俱灭
ddjda	每一件事 乞穷俭相 想也没想 干啼湿哭
ddjdd	一柱擎天 天下兴亡 形神俱灭 悬悬而望
ddjdq	嗡嗡作响 别无他求 无事生事
ddjg	本法 哭泣 每一个 一见倾心 万事俱备
ddjga	本法 每一个 根正苗红 相视莫逆
ddjgd	一见倾心 万事俱备 万别千差
ddjgq	哭泣
ddjj	本领 空空荡荡 枯树生花 咀嚼英华 正本清源
ddjja	本领 空空荡荡 枯树生花 平平淡淡 每一个人
ddjjd	正本清源 天下汹汹 天下苍生 一哄而散 万万千千
ddjjq	咀嚼英华 另一个人 无一例外 别无他法 口吐莲花
ddjm	祖母 焚林而狩 枯骨生肉 无中生有 繁刑重赋
ddjma	焚林而狩 枯骨生肉 繁刑重赋 焚林而猎
ddjmd	祖母 百口莫辩 再也没有 一望而知 骨骼清奇
ddjmq	无中生有
ddjp	本人 机器人 中年人 下一代 植株生长
ddjpa	本人 机器人 植株生长 相视而笑 见机而行
ddjpd	下一代 一概而论 天与人归
ddjpq	中年人 邮政信箱 无根而固 咄嗟便办 无事生非
ddjq	事件 每一个字 唇亡齿寒 别无他物 顿开茅塞
ddjqa	每一个字 每下愈况 焚林而田 焚林而畋
ddjqd	事件 唇亡齿寒 顿开茅塞 百年偕老
ddjqq	别无他物
ddjt	本能 吃过 严禁使用 相互作用 柳下借阴
ddjta	本能 相互作用 柳下借阴
ddjtd	严禁使用 下下个月 万民涂炭
ddjtq	吃过 无副作用 无与伦比
ddjx	祝您 咬咬牙 本末倒置 无福消受 吊民伐罪
ddjxa	本末倒置 枯杨生稊
ddjxd	祝您 蜃楼海市
ddjxq	咬咬牙 无福消受 吊民伐罪
ddm	也只是 也只有
ddma	吃亏 妄口巴舌 咂嘴弄舌 天下大乱 叱咤风云
ddmad	妄口巴舌 天下大乱 与民同乐 一哭二闹
ddmaq	吃亏 咂嘴弄舌 叱咤风云 民穷财尽
ddmd	咂嘴弄唇 号咷大哭 一天两天 别无所求 一无所求
ddmda	彬彬有礼 枯枝败叶
ddmdd	一天两天 一无所求 天下大事 天下太平 万里晴空
ddmdq	咂嘴弄唇 号咷大哭 别无所求 嚎啕大哭 号啕大哭
ddmg	只想知道 一无是处 析骸易子 槁形灰心 梦见周公
ddmga	析骸易子 槁形灰心 梦见周公 模棱两端 村野匹夫
ddmgd	一无是处 事无巨细 万丈雄心 正午时分 万事大吉
ddmgq	只想知道
ddmj	年年有余 一枕黄梁 林下风范 无万大千 画栋雕梁
ddmja	年年有余 林下风范 格林威治 格于成例 梦想颠倒
ddmjd	一枕黄梁 画栋雕梁 一无所获 一视同仁 万丈光芒
ddmjq	无万大千
ddmm	号码 一无所知 一无所有 一无所成 一口两匙
ddmma	梦想成真 平平凡凡
ddmmd	一无所知 一无所有 一无所成 一口两匙 天无二日
ddmmq	号码 吃哑巴亏 口吐珠玑 咳唾成珠 民穷财匮
ddmp	一无所长 画中有诗 喃喃自语 百年大计 百万雄师
ddmpa	桃李成蹊
ddmpd	一无所长 画中有诗 百年大计 百万雄师 天下独步
ddmpq	喃喃自语
ddmq	正视现实 一无所得 一干二净 一无所取
ddmqd	正视现实 一无所得 一干二净 一无所取
ddmt	标题 也只是 也只有 一只大手 忠于自己
ddmta	标题 也只是 也只有 林下风气 想望风褱
ddmtd	一只大手 县中医院 一穷二白 一无所失
ddmtq	忠于自己
ddmx	刑事犯罪 哈根达斯 一枝独秀 想望风采 梦里南轲
ddmxa	想望风采 梦里南轲 根株牵连 梅开二度 模棱两可
ddmxd	刑事犯罪 一枝独秀 一叶知秋 万事顺意 形枉影曲
ddmxq	哈根达斯 别无二致
ddp	下一步 每一步
ddpa	严格说来 忘年之交 忘年之好 忘年之契 口中蚤虱
ddpaa	枉口诳舌 松柏之寿
ddpad	严格说来 忘年之交 忘年之好 忘年之契 忘形之契
ddpaq	口中蚤虱 呼吸之间
ddpd	事儿 梦中说梦 见机行事 天下第一 另一回事
ddpda	梦中说梦 见机行事 杞梓之林 木梗之患 相机行事
ddpdd	事儿 天下第一 一枝之栖 百年之柄
ddpdq	另一回事 无形之中 无须之祸 无妄之福 无本之木
ddpg	禁止 朽木粪墙 无妄之忧 天下归心 万里长城
ddpga	禁止 朽木粪墙 朽木粪土
ddpgd	天下归心 万里长城
ddpgq	无妄之忧 无下箸处
ddpj	吃了 哭了 赢了 标签 样样精通
ddpja	标签 样样精通 想想办法 枯朽之余 枯木发荣
ddpjd	赢了 福禄双全 万恶之源 望梅止渴 正正之旗
ddpjq	吃了 哭了 无噍类矣
ddpm	祖国 野史记载 口中雌黄 一年之内 救亡图存
ddpma	横平竖直 横枪跃马
ddpmd	祖国 一年之内 救亡图存 武无第二 妄下雌黄
ddpmq	野史记载 口中雌黄 只欠东风 鸮鸣鼠暴
ddpp	视频 下一步 每一步 哈里发 刑事诉讼
ddppa	每一步 平平常常
ddppd	视频 下一步 刑事诉讼 曹社之谋 祖祖辈辈
ddppq	哈里发 唯唯诺诺
ddpq	桃李之教 枯骨之馀 无妄之灾 百年难遇 万里长征
ddpqa	桃李之教 枯骨之馀 横祸非灾 穿窬之盗 桃李之馈
ddpqd	百年难遇 万里长征 一无长物
ddpqq	无妄之灾 别无长物
ddpt	哈哈笑 吃相难看
ddptq	哈哈笑 吃相难看
ddpx	材朽行秽 开柙出虎 无形之罪 更唱叠和 福无双至
ddpxa	材朽行秽 杞天之虑
ddpxd	开柙出虎 更唱叠和 福无双至 一年之后 百年之后
ddpxq	无形之罪
ddq	再一次 下一次
ddqa	本案 无兄盗嫂 饕口馋舌 天干物燥
ddqaa	本案
ddqad	天干物燥
ddqaq	无兄盗嫂 饕口馋舌
ddqd	再一次 下一次 植树造林 嗷嗷待哺
ddqda	植树造林
ddqdd	再一次 下一次
ddqdq	嗷嗷待哺
ddqg	中年得子 一棰定声 梅妻鹤子 无形资产
ddqga	梅妻鹤子
ddqgd	一棰定声
ddqgq	中年得子 无形资产
ddqj	器官 只想睡觉 焚枯食淡 刑事案件 枉突徙薪
ddqja	焚枯食淡 枉突徙薪 焚天煮海
ddqjd	刑事案件
ddqjq	器官 只想睡觉 鸣野食苹
ddqm	事物 吓得 患者 赢得 吃完
ddqmd	事物 赢得 天末凉风
ddqmq	吓得 患者 吃完
ddqp	事先
ddqpd	事先
ddqq	事实 咖啡馆 忠于职守 一只眼睛 干干净净
ddqqa	干干净净 平平安安 朴朴实实
ddqqd	事实 一只眼睛 天下熙熙 遭事制宜
ddqqq	咖啡馆 忠于职守 口呆目瞪
ddqt	标准 查无实据 别无选择 一口老血 穷年累月
ddqta	标准 查无实据 穷年累月
ddqtd	一口老血
ddqtq	别无选择
ddqx	吃饭 一顿饭 口呆目钝 祸枣灾梨 百无聊赖
ddqxa	穷极思变
ddqxd	一顿饭 祸枣灾梨 百无聊赖
ddqxq	吃饭 口呆目钝
ddt	一口气 神枪手
ddta	刑事拘留 枉口拔舌 呆里撒奸 一口三舌
ddtaa	枉口拔舌
ddtad	刑事拘留 一口三舌
ddtaq	呆里撒奸
ddtd	根株附丽 万里挑一 一唱三叹 百里挑一 天助我也
ddtda	根株附丽
ddtdd	万里挑一 一唱三叹 百里挑一 天助我也 严格要求
ddtg	横无忌惮 骂天扯地 年事已高 呼天抢地 哭天抢地
ddtga	横无忌惮 年事已高 极天际地
ddtgq	骂天扯地 呼天抢地 哭天抢地
ddtj	相呴以湿 口吐白沫 求神拜佛 严刑峻法 吃里扒外
ddtja	相呴以湿 榆木脑袋 空口白牙
ddtjd	求神拜佛 严刑峻法
ddtjq	口吐白沫 吃里扒外 哭天抹泪 吴下阿蒙 无与比伦
ddtm	吃的 标的 望空捉影 呜呼哀哉 焚骨扬灰
ddtma	标的 焚骨扬灰
ddtmd	望空捉影
ddtmq	吃的 呜呼哀哉
ddtp	神枪手 杜口裹足 互相推诿 空口白话 析骸以爨
ddtpa	杜口裹足 空口白话 析骸以爨
ddtpd	神枪手 互相推诿 政由己出
ddtpq	吐哺握发 口无择言
ddtq	一口气 本院 事项 吃干抹净 一叶障目
ddtqa	本院
ddtqd	一口气 事项 一叶障目 一板三眼
ddtqq	吃干抹净
ddtt	检查指导 严禁抄袭 干干脆脆 顿口拙腮 年年岁岁
ddtta	检查指导 干干脆脆 年年岁岁 本相毕露 栖栖遑遑
ddttd	严禁抄袭 顿口拙腮 天下攘攘
ddtx	由下向上 天天向上 更唱迭和 万里鹏翼 吃穿用度
ddtxa	相形失色
ddtxd	天天向上 更唱迭和 万里鹏翼 万里鹏程
ddtxq	由下向上 吃穿用度
ddx	另一种 每一种
ddxa	咖啡厅 百事可乐 桃李争妍 裘弊金尽
ddxaa	桃李争妍
ddxad	百事可乐 裘弊金尽
ddxaq	咖啡厅
ddxd	事后 另一种 每一种 根本上 忘啜废枕
ddxda	每一种 根本上 樱桃小嘴 樗栎庸材 木干鸟栖
ddxdd	事后 忘啜废枕
ddxdq	另一种 无形当中 无事可干 呵欠连天
ddxg	一见钟情 事与愿违 呼天钥地 楚楚可怜 啧啧称羡
ddxga	楚楚可怜
ddxgd	一见钟情 事与愿违
ddxgq	呼天钥地 啧啧称羡 唯唯连声 喏喏连声
ddxj	本金 忠于原著 由里到外 哈里斯堡 杳无音信
ddxja	本金 杳无音信 穷于应付
ddxjd	望穿秋水 万木争荣
ddxjq	忠于原著 由里到外 哈里斯堡 无事可做 吃里爬外
ddxm	品质 本质 啧啧称奇 一天到晚
ddxma	本质
ddxmd	一天到晚
ddxmq	品质 啧啧称奇
ddxp	本身 福利 嗫嚅小儿 窃窃私语 根本原因
ddxpa	本身 窃窃私语 根本原因 窃窃私议
ddxpd	福利
ddxpq	嗫嚅小儿
ddxq	李下瓜田 啧啧称赞 一年到头 一无可取 松柏后凋
ddxqa	李下瓜田 松柏后凋
ddxqd	一年到头 一无可取
ddxqq	啧啧称赞
ddxt	视角 检查督导 口无遮拦
ddxta	检查督导
ddxtd	视角
ddxtq	口无遮拦
ddxx	本店 咖啡店 形形色色 一嗨租车 再一点点
ddxxa	本店 干干翼翼 林林种种 平平仄仄 每一秒钟
ddxxd	形形色色 一嗨租车 再一点点 忑忑忐忐 一年四季
ddxxq	咖啡店 无机可乘
dga	神经病
dgaa	一层 社交 神经毒素 一丝不乱 平地青云
dgaaa	平地青云
dgaad	一层 社交 神经毒素 一丝不乱 天道好还
dgaaq	吊死问疾 兄弟姐妹 无关痛痒 吃着不尽
dgad	干燥 一如 神经病 见死不救 横殃飞祸
dgada	干燥 见死不救 横殃飞祸 也就那样
dgadd	一如 神经病 一声不响 万劫不复 互为表里
dgag	只好 一支 一来 民心不壹 一塌刮子
dgaga	见怪不怪 年谷不登
dgagd	一支 一来 一塌刮子 一着不慎 丈八蛇矛
dgagq	只好 民心不壹 兄弟阋墙
dgaj	一闪 一丝不苟 神志不清 天高云淡 万般不舍
dgaja	极为不满
dgajd	一闪 一丝不苟 神志不清 天高云淡 万般不舍
dgajq	无孔不入 中立不倚
dgam	一面 中间 一间 一门 无线充电
dgamd	一面 一间 一门
dgamq	中间 无线充电 无处不在
dgap	一片 一张 一动 无般不识 救经引足
dgapd	一片 一张 一动 救经引足 百般刁难
dgapq	无般不识
dgaq	天地不容
dgaqd	天地不容
dgat	平静 一群 神经病的 一丝不挂 复旧如初
dgata	平静 复旧如初 平心静气 棋逢敌手
dgatd	一群 神经病的 一丝不挂 礼坏乐崩 一丝不紊
dgatq	吃惊不已 叶公好龙
dgax	神憎鬼厌 万般留恋 极为不利 万夫不当 无孔不钻
dgaxa	极为不利
dgaxd	神憎鬼厌 万般留恋 万夫不当
dgaxq	无孔不钻
dgd	骨子里 正处于
dgda	一杯 一味 鸮心鹂舌 嗟悔无及 吸新吐故
dgdad	一杯 一味 天塌下来
dgdaq	鸮心鹂舌 嗟悔无及 吸新吐故 无缘无故 无亲无故
dgdd	根本 一副 一本 一事 一冬一夏
dgdda	根本
dgddd	一副 一本 一事 一冬一夏 神经中枢
dgddq	无地于下 无欲无求 只怕万一 无冬无夏
dgdg	一样 一只 一概 一枚 一一
dgdga	见墙见羹 想着想着 棋高一着 桃红柳绿 本乡本土
dgdgd	一样 一只 一概 一枚 一一
dgdgq	无旧无新 无情无绪 无情无义 无愧于心 逞性妄为
dgdj	一口 只见 一开 吩咐 一见
dgdja	松开 极端事件 枉道事人 年高望重 平地楼台
dgdjd	一口 一开 一见 骨子里 一死一伤
dgdjq	只见 吩咐 无適无莫 无咎无誉 无拳无勇
dgdm	一再 中午 一天 正处于 无愧于
dgdma	相差无几 年幼无知 相去无几
dgdmd	一再 一天 正处于 万般无奈 一般无二
dgdmq	中午 无愧于 无声无息 无声无臭
dgdp	一顿 一万 一盏 一般见识 无喜无悲
dgdpa	桃羞杏让
dgdpd	一顿 一万 一盏 一般见识 一死百了
dgdpq	无喜无悲
dgdq	只想 一棵 一想 晋级正赛 一惊一乍
dgdqa	村夫野老
dgdqd	一棵 一想 晋级正赛 一惊一乍 祸为福先
dgdqq	只想
dgdt	一年 一百 一听 中年 只听
dgdtd	一年 一百 一听 一无 一株
dgdtq	中年 只听 嗳声叹气 嗲声嗲气 唉声叹气
dgdx	一下 干嘛 一心一意 于公于私 无情无彩
dgdxa	干嘛 相亲相爱 桴鼓相应
dgdxd	一下 一心一意 于公于私 一前一后 一分一秒
dgdxq	无情无彩 无声无色 无忧无虑
dgg	一道道 一部分
dgga	一声 一场 一级 叫声 平地登云
dggaa	平地登云 攀高结贵
dggad	一声 一场 一级 逼良为娼 天残地缺
dggaq	叫声 兄死弟及
dggd	一条 干部 一部 一款 一线
dggda	干部
dggdd	一条 一部 一款 一线 一条条
dggg	样子 一丝 一惊 一封 一丝丝
dggga	样子 极端主义 析缕分条 析圭分组 平均主义
dgggd	一丝 一惊 一封 一丝丝 天经地义
dgggq	中心主义 唯心主义 由着性子
dggj	一句 一并 忘却 见善必迁 干端坤倪
dggja	见善必迁 干端坤倪 焚典坑儒 析毫剖芒
dggjd	一句 一并 忘却 一分收获 严父慈母
dggm	一道 一块 一道道 平均 叫道
dggma	平均 焚膏继晷 相逢恨晚
dggmd	一道 一块 一道道 一块块 礼为情貌
dggmq	叫道 口快心直
dggp	一般 一分 只为 一部分 一缕
dggpa	根结盘固
dggpd	一般 一分 一部分 一缕 一缕缕
dggpq	只为
dggq	一旁 叫着 野兽 画地为牢
dggqd	一旁 画地为牢
dggqq	叫着 野兽
dggt	一半 一堆 只怕 再立新功 材士练兵
dggta	材士练兵 根结盘据 标新立异
dggtd	一半 一堆 再立新功 敝鼓丧豚 天塌地陷
dggtq	只怕 哭丧着脸 忠心赤胆
dggx	中心 一处 一愣 一心 野心
dggxa	空前绝后 见缝就钻 析毫剖厘
dggxd	一处 一愣 一心 神经递质 一线城市
dggxq	中心 野心 中高级车
dgj	一般人 相结合
dgja	社会 一会 只会 叫做 一世
dgjaa	平淡 概念 干活
dgjad	社会 一会 一世 一寸 祸必重来
dgjaq	只会 叫做 兄弟们
dgjd	一名 一方 平台 一体 相结合
dgjda	平台 相结合 刊心刻骨 杜绝人事 穷乡僻野
dgjdd	一名 一方 一体 一线生机 一级演员
dgjdq	无端生事
dgjg	一个 一份 一位 一滴 一共
dgjga	本单位 村夫俗子 李郭仙舟 根盘蒂结 见义勇为
dgjgd	一个 一份 一位 一滴 一共
dgjgq	中共 民主人士
dgjj	一剑 一九 核心价值 一盘散沙 无为而治
dgjja	核心价值 根孤伎薄
dgjjd	一剑 一九 一盘散沙 一统江湖
dgjjq	无为而治
dgjm	一幕 桔子水晶 事关重大 梦幻泡影 相惊伯有
dgjma	桔子水晶 梦幻泡影 相惊伯有
dgjmd	一幕 事关重大
dgjmq	无为而成 无愧衾影
dgjp	一生 一人 一刻 一代 叫人
dgjpa	枉辔学步 平心而论 空心汤圆 平地而起 年登花甲
dgjpd	一生 一人 一刻 一代 一般人
dgjpq	叫人
dgjq	一件 一千 一带 中学 只觉
dgjqd	一件 一千 一带 正义使者 遭逢会遇
dgjqq	中学 只觉 无条件
dgjt	只能 中华 副主任 一鼓作气 叩心泣血
dgjta	极为重要 椎心泣血
dgjtd	副主任 一鼓作气 唇红齿白 万壑千岩
dgjtq	只能 中华 叩心泣血 呕心沥血
dgjx	万恨千愁 无颜落色 无处藏身 相煎何急 极为满意
dgjxa	相煎何急 极为满意 空心萝卜 析圭儋爵
dgjxd	万恨千愁 一分价钱 万夫莫当 一壶千金
dgjxq	无颜落色 无处藏身
dgm	也就是 百八十
dgma	社区 无线电 本地区 中级专业 妻妾成群
dgmaa	本地区
dgmad	社区 妻妾成群 天地同寿
dgmaq	无线电 中级专业 无关大局
dgmd	一旦 一大 一朵 一同 一声巨响
dgmda	梵册贝叶
dgmdd	一旦 一大 一朵 一同 一声巨响
dgmg	一遍 平凡 只在 一周 相继成立
dgmga	平凡 相继成立 李郭同船 焚舟破釜 李郭同舟
dgmgd	一遍 一周 事预则立 天壤王郎
dgmgq	只在 无丝有线 无土栽培 兄弟同心 饕餮大餐
dgmj	平时 一时 一两 遭逢时会 开卷有益
dgmja	平时 杯盘狼藉 相去几何 平地风波 见性成佛
dgmjd	一时 一两 遭逢时会 开卷有益 开朗大方
dgmjq	虽死犹生 无关大体 无为自化
dgmm	中央 天高日远 无为自成 天惊石破 野心勃勃
dgmmd	天高日远 天惊石破
dgmmq	中央 无为自成 野心勃勃 无欲则刚
dgmp	一日 一套 一十 平日 百八十
dgmpa	平日 也就是说 相逢狭路 年纪大了 横槊赋诗
dgmpd	一日 一套 一十 百八十 万美元
dgmq	一直 一碗 一晚 无地自容 饕餮盛宴
dgmqd	一直 一碗 一晚 开怀畅饮
dgmqq	无地自容 饕餮盛宴
dgmt	只是 只有 也就是 事务所 正规医院
dgmta	也就是 平地风雷 平心易气 木心石腹
dgmtd	事务所 正规医院 副总裁刘 望子成龙 一心两用
dgmtq	只是 只有 中心医院 民心所向
dgmx	无地自厝 空即是色 万死犹轻 窜端匿迹 相煎太急
dgmxa	空即是色 窜端匿迹 相煎太急
dgmxd	万死犹轻 一差二错
dgmxq	无地自厝
dgp	一句话 百分之
dgpa	一句话 再站起来 机关算尽 檀郎谢女 天地之间
dgpaa	机关算尽 檀郎谢女 干父之蛊 干城之将
dgpad	一句话 再站起来 天地之间
dgpd	一回 一幅 一刀 一块儿 百分之一
dgpdd	一回 一幅 一刀 一块儿 百分之一
dgpg	一圈 平等 百分之 一说 一粒
dgpga	平等 年经国纬
dgpgd	一圈 百分之 一说 一粒 一条街
dgpgq	无主之地
dgpj	忘了 叫了 一对 干了 吐了
dgpja	干了
dgpjd	忘了 一对 一塌糊涂 下坂走丸
dgpjq	叫了 吐了 民主党派 无心之过 无为之治
dgpm	中国 一团 一出 一篇 只因
dgpma	相继出现
dgpmd	一团 一出 一篇 一类 县志记载
dgpmq	中国 只因 忠诚 吐出 野性难驯
dgpp	一切 一步 一路 一双 平常
dgppa	平常 杜绝言路
dgppd	一切 一步 一路 一双 一趟
dgppq	民主党 叹为观止
dgpq	平衡 神道设教 平地起家 互为因果 饕餮之徒
dgpqa	平衡 平地起家 横死街头
dgpqd	神道设教 互为因果
dgpqq	饕餮之徒
dgpt	一些 一起 一边 一笑 忘记
dgpta	棋逢对手 本性难改 平地起雷
dgptd	一些 一起 一边 一笑 忘记
dgptq	无关紧要 无心之失
dgpx	一辈 一行 一言 中级调整 天地长久
dgpxa	空谷足音 本性难移 极为出色
dgpxd	一辈 一行 一言 天地长久 正心诚意
dgpxq	中级调整
dgq	嗓子眼
dgqa	平安
dgqaa	平安
dgqd	一次 一颗 年高德勋 中心思想
dgqda	年高德勋
dgqdd	一次 一颗
dgqdq	中心思想
dgqg	一眼 一具 一字 嗓子眼 相夫教子
dgqga	相夫教子
dgqgd	一眼 一具 一字
dgqgq	嗓子眼
dgqj	一家 视为畏途 百端待举 天缘凑合
dgqjd	一家 视为畏途 百端待举 天缘凑合
dgqm	一头 只得 骨头 一审 恶性循环
dgqmd	一头 骨头 一审 恶性循环 求亲靠友
dgqmq	只得
dgqp	一级教师 年高德卲 年高德劭 天道宁论
dgqpa	年高德卲 年高德劭
dgqpd	一级教师 天道宁论
dgqq	忠心耿耿 亡羊得牛
dgqqd	亡羊得牛
dgqqq	忠心耿耿
dgqt	一定 晋级选手 一级教授 百夫决拾 无关宏旨
dgqta	平心定气
dgqtd	一定 晋级选手 一级教授 百夫决拾 正义凛然
dgqtq	无关宏旨
dgqx	干净 一瞬 中级职称 味道鲜香 互为犄角
dgqxa	干净
dgqxd	一瞬 互为犄角
dgqxq	中级职称 味道鲜香 无处容身 无处安身 无为牛后
dgt	板着脸 开场白
dgta	只要 根据 开场白 神经衰弱 攀高接贵
dgtaa	根据 攀高接贵 年终岁尾 机关用尽
dgtad	开场白 神经衰弱 百般抚慰
dgtaq	只要
dgtd	一段 一抹 天子脚下
dgtdd	一段 一抹 天子脚下
dgtg	一脚 一霎 一心向善 神经系统 无产阶级
dgtga	空谷幽兰
dgtgd	一脚 一霎 一心向善 神经系统
dgtgq	无产阶级 中产阶级
dgtj	一脸 只需 板着脸 神经阻滞 救死扶伤
dgtja	板着脸 相关工作 机缘巧合
dgtjd	一脸 神经阻滞 救死扶伤 祖孙三代 遭逢际会
dgtjq	只需
dgtm	中的 一把 一击 干扰 一向
dgtma	干扰 空谷白驹
dgtmd	一把 一击 一向 天高气爽
dgtmq	中的 唾壶击碎
dgtp	一股 一番 一手 只手 一招
dgtpa	横翔捷出
dgtpd	一股 一番 一手 一招 一排
dgtpq	只手
dgtq	一看 一项 一挥 中文 只看
dgtqd	一看 一项 一挥 亡羊补牢
dgtqq	中文 只看
dgtt	叫我 一批 格子衬衫 中心摇摇 穿着打扮
dgtta	格子衬衫 穿着打扮
dgttd	一批 百般阻挠
dgttq	叫我 中心摇摇
dgtx	一阵 干脆 忘掉 木坏山颓 盲翁扪钥
dgtxa	干脆 木坏山颓 见缝插针 析圭担爵 桂子飘香
dgtxd	一阵 忘掉 盲翁扪钥 百般折磨 祸结兵连
dgx	一分钟 一首歌
dgxa	只剩 一变 平庸 一级上将 神经错乱
dgxaa	平庸
dgxad	一变 一级上将 神经错乱 祸首罪魁
dgxaq	只剩 无情少面 无处可寻
dgxd	一种 一点 平和 一分钟 中场战事
dgxda	平和 杜绝后患
dgxdd	一种 一点 一分钟 百兽率舞
dgxdq	中场战事 无处遁形 无冬历夏
dgxg	一致 一级市场 一夫当关 一场虚惊 无处可去
dgxgd	一致 一级市场 一夫当关 一场虚惊 事必躬亲
dgxgq	无处可去
dgxj	一座 一轮 一度 副主席 政绩卓著
dgxja	木公金母
dgxjd	一座 一轮 一度 副主席 政绩卓著
dgxjq	无处躲藏
dgxm	一辆 神兽金刚 蚕绩蟹匡 相去甚远 天地玄黄
dgxma	相去甚远 格高意远
dgxmd	一辆 神兽金刚 蚕绩蟹匡 天地玄黄 下情上达
dgxp	一身 县级市 无处可逃
dgxpd	一身 县级市
dgxpq	无处可逃
dgxq	一曲 忘餐废寝 礼义廉耻 无地可容
dgxqd	一曲 忘餐废寝 礼义廉耻
dgxqq	无地可容
dgxt	中原 神经质的 无懈可击
dgxtd	神经质的
dgxtq	中原 无懈可击
dgxx	一秒 一小 一首歌 中级轿车 平分秋色
dgxxa	平分秋色 年纪轻轻
dgxxd	一秒 一小 一首歌 正颜厉色
dgxxq	中级轿车 无心恋战
dja	一方面 政治局
djaa	政治局 恶作剧 神仙姐姐 中华书局 无施不效
djaad	政治局 恶作剧 神仙姐姐 百龄眉寿 政治运动
djaaq	中华书局 无施不效 听而不闻
djad	中共建政 吸油烟机 视而不见 一波未平 攀花问柳
djada	攀花问柳
djadd	视而不见 一波未平 天潢贵胄 恶湿居下
djadq	中共建政 吸油烟机
djag	开来 正人君子 窃位素餐 求全责备
djaga	窃位素餐
djagd	开来 正人君子 求全责备
djaj	开始 开展 一介书生 吃消炎药 画沙印泥
djaja	敏而好学 述而不作
djajd	开始 开展 一介书生 画沙印泥 一个顶俩
djajq	吃消炎药 无人问津 嗜酒如命 哈萨克族 鄂温克族
djam	里面 见面 形状 开门 一方面
djama	见面 见状 见过面
djamd	形状 开门 一方面 与众不同 一个问题
djamq	里面
djap	只涨不跌 事件不断 樵苏不爨 一派胡言 一个来回
djapa	樵苏不爨
djapd	事件不断 一派胡言 一个来回 一念及此 神施鬼设
djapq	只涨不跌
djaq	求生不得 相敬如宾 野生动物 求而不得 悬而未决
djaqa	相敬如宾
djaqd	求生不得 求而不得 悬而未决 天外来客 一介不取
djaqq	野生动物
djat	一蓑烟雨 器满将覆 无名火气 横僿不文 天华乱坠
djata	横僿不文
djatd	一蓑烟雨 天华乱坠 天花乱坠
djatq	器满将覆 无名火气 叫苦不迭
djax	只多不少 欠债还钱 年逾古稀 天人交战 口齿留香
djaxa	欠债还钱 年逾古稀
djaxd	天人交战 百世不磨
djaxq	只多不少 口齿留香 无施不可
djd	一件事 天花板
djda	一荤一素 一举一动 妄生穿凿 相生相克 口沫横飞
djdaa	相生相克 攀今吊古
djdad	一荤一素 一举一动 妄生穿凿 万世无疆 天生天杀
djdaq	口沫横飞
djdd	一件事 刑事 悬梁刺骨 鹘仑吞枣 悬旌万里
djdda	平治天下
djddd	一件事 刑事 悬梁刺骨 鹘仑吞枣 悬旌万里
djddq	无济于事 无法无天 呲牙咧嘴 呵佛骂祖 无千无万
djdg	模样 口中 一个样 视觉中心 一件事情
djdga	模样
djdgd	一个样 视觉中心 一件事情 万众一心 一个模子
djdgq	口中 无怨无悔
djdj	开口 哈哈 村里 穿梭 哎呀
djdja	村里 穿梭 模型 李代桃僵 想没想过
djdjd	开口 一代一代 政治事件 一生一世 一滴一滴
djdjq	哈哈 哎呀 口若悬河 吃没吃过 听没听过
djdm	每天 检查 村民 哆嗦 李世民
djdma	每天 检查 村民 李世民 平澹无奇
djdmd	一代天骄 百依百顺 万世一时
djdmq	哆嗦 中共中央 听人穿鼻 无伤无臭
djdp	政治权力 呆似木鸡 无休无了 一带一路 天生一对
djdpa	根深柢固 穷途末路 根深本固
djdpd	政治权力 一带一路 天生一对 祸从口出 救苦救难
djdpq	呆似木鸡 无休无了 无休无止 呆若木鸡 无偏无党
djdq	无怨无德 无倚无靠 视若无睹 再苦再累 无依无靠
djdqa	空洞无物
djdqd	视若无睹 再苦再累
djdqq	无怨无德 无倚无靠 无依无靠 口含天宪
djdt	每年 喉咙 政治形势 悬剑空垄 串通一气
djdta	每年 枯苗望雨
djdtd	政治形势 悬剑空垄 一个礼拜 下个礼拜 祸从天降
djdtq	喉咙 串通一气 无从下手 无凭无据 无偏无陂
djdx	咳嗽 天花板 政治权利 事件本身 再低一点
djdxd	天花板 政治权利 事件本身 再低一点 与世无争
djdxq	咳嗽 吃人嘴软
djg	下水道 社会性
djga	妻荣夫贵 助人为乐 嘈杂纷乱 楼台亭阁
djgaa	楼台亭阁
djgad	妻荣夫贵 助人为乐
djgaq	嘈杂纷乱
djgd	年过半百 杞人忧天 由他去吧 橘化为枳 天荆地棘
djgda	年过半百 杞人忧天 橘化为枳
djgdd	天荆地棘
djgdq	由他去吧
djgg	村子 叫花子 严重违纪 机体组织 社会主义
djgga	村子 机体组织 干涉主义 材能兼备
djggd	严重违纪 社会主义 再创新高 天假良缘 与邻为善
djggq	叫花子 民族主义 吓个半死
djgj	里去 社会性 也能够 复杂性 刺激性
djgja	也能够 复杂性 刺激性 穷源朔流 相依为命
djgjd	社会性 事件经过 神仙眷侣 且住为佳 一潭死水
djgjq	里去 品学兼优
djgm	县城 下水道 事件处理 再作道理 再做道理
djgmd	县城 下水道 事件处理 再作道理 再做道理
djgp	迄今为止 无能为力 望而却步 喷薄欲出 天生地设
djgpa	迄今为止 根生土长
djgpd	望而却步 天生地设 末节细行
djgpq	无能为力 喷薄欲出
djgq	穿着 政治纪律 一劳永逸 检测结果 开华结果
djgqa	穿着 检测结果 本草纲目 平流缓进
djgqd	政治纪律 一劳永逸 开华结果 天荒地老 开花结实
djgqq	无能为役
djgt	本世纪 也没关系 口传心授 天人永隔 里外夹攻
djgta	本世纪 也没关系
djgtd	天人永隔
djgtq	口传心授 里外夹攻
djgx	开心 核心 事件结束 一九八四 事件主角
djgxa	核心 根牙磐错 根牙盘错
djgxd	开心 事件结束 一九八四 事件主角 天旋地转
djj	一个人 每个人
djja	开会 中药治疗 与生俱来 一亿像素 一个方面
djjaa	桃花人面
djjad	开会 与生俱来 一亿像素 一个方面 顿涅茨克
djjaq	中药治疗 无人生还 民营企业 无人能敌 无人能及
djjd	舞台 一落千丈 一泻千里 一生何求 望洋兴叹
djjda	舞台
djjdd	一落千丈 一泻千里 一生何求 望洋兴叹 一傅众咻
djjg	每个 开放 刑法 一滴滴 再创世纪
djjga	每个 根深蒂结
djjgd	开放 刑法 一滴滴 再创世纪 一个世纪
djjgq	中药生产
djjj	开花 模仿 空荡荡 柯伊伯带 口齿伶俐
djjja	模仿 空荡荡 柯伊伯带 概莫能外 桃花流水
djjjd	开花 开源节流 一带而过 与人方便 末位淘汰
djjjq	口齿伶俐 吃苦耐劳 由浅入深
djjm	检测 野外生存 无名英雄 万念俱灰 由外而内
djjma	检测 年湮世远 枕流漱石 繁荣兴旺
djjmd	万念俱灰 百花生日 万苦千辛
djjmq	野外生存 无名英雄 由外而内 民族英雄
djjp	一个人 每个人 口袋 口水 中学生
djjpa	每个人 橡茹藿歠 年过花甲 根深蒂固
djjpd	一个人 天人共鉴 天命攸归
djjpq	口袋 口水 中学生 喷涌而出 里通外国
djjq	繁荣 一件件 社会学 政治人物 政治学家
djjqa	繁荣 穷苦人家 焚薮而田
djjqd	一件件 社会学 政治人物 政治学家 政治体制
djjt	见过 穿过 繁华 一体化 社会化
djjta	见过 穿过 繁华 梗泛萍飘
djjtd	一体化 社会化 政治学系 一个多月 万水千山
djjtq	民怨沸腾 另作他用 民生涂炭
djjx	求你 悬浮 开创 事件营销 严重逾期
djjxa	繁花似锦 平沙落雁
djjxd	求你 悬浮 开创 事件营销 严重逾期
djjxq	民淳俗厚 只能作罢 口齿生香
djm	也没有 正能量
djma	形成 夏令时间 悬梁自尽 开合自如 视若罔闻
djmad	形成 夏令时间 悬梁自尽 开合自如 视若罔闻
djmd	开启 敏感 正能量 事件影响 事件真相
djmda	敏感 权倾朝野
djmdd	开启 正能量 事件影响 事件真相 更令明号
djmdq	中流砥柱 唯命是听
djmg	形态 枯体灰心 无何有乡 极深研幾 民族大义
djmga	枯体灰心 极深研幾 木人石心 干名犯义
djmgd	形态 一体同心 一寸丹心
djmgq	无何有乡 民族大义 唾沫星子
djmj	检验 正值暑假 视觉影像 杜伦大学 政法大学
djmja	检验 杜伦大学 相沿成俗
djmjd	正值暑假 视觉影像 政法大学 一举成名 一个两个
djmjq	野人献芹 唯命是从 哈佛大学 无伤大雅 无伤大体
djmm	别人牵驴 无人知晓 繁荣昌盛 无从知晓 野人献曝
djmma	繁荣昌盛
djmmq	别人牵驴 无人知晓 无从知晓 野人献曝
djmp	每日 开个玩笑 天命有归 神而明之
djmpa	每日
djmpd	开个玩笑 天命有归 神而明之
djmq	检索 社会现实 一举两得 无人理睬 天生尤物
djmqa	检索
djmqd	社会现实 一举两得 天生尤物
djmqq	无人理睬
djmt	也没有 中游球队 一件大衣 器满则覆 禅世雕龙
djmta	也没有
djmtd	一件大衣 禅世雕龙 一清二白 天清日白
djmtq	中游球队 器满则覆 无法自拔
djmx	槁苏暍醒 呼伦贝尔 唯邻是卜 一个星期 叶落知秋
djmxa	槁苏暍醒 相沿成习 年深日久
djmxd	一个星期 下个星期 一个晚上 恶名昭彰 神游太虚
djmxq	呼伦贝尔 唯邻是卜 叶落知秋
djp	一会儿 平方米
djpa	模糊 一念之间 一夕之间 与世长辞 更仆难尽
djpaa	模糊 材茂行絜
djpad	一念之间 一夕之间 与世长辞 更仆难尽 万人之敌
djpd	一会儿 见识 见证 栋梁之材 无方之民
djpda	见识 见证 栋梁之材 木落归本 穷途之哭
djpdd	一会儿 天渊之别 一人之下 天命之年 天假之年
djpdq	无方之民 嗑牙料嘴 叶落归根 无法言喻 听命行事
djpg	一个劲地 梦熊之喜 天假因缘 神仙精怪 无人之地
djpga	梦熊之喜 杯酒戈矛 杞人之忧
djpgd	一个劲地 天假因缘 神仙精怪 一念之差 更仆难终
djpgq	无人之地 无人之境
djpj	见了 开了 穿了 救了 核对
djpja	见了 穿了 核对 枯蓬断草 材茂行洁
djpjd	开了 救了 事件发生 天作之合 一佛出世
djpjq	无源之水 咬牙切齿
djpm	穿越 开出 平方米 无名之璞 无人驾驶
djpma	穿越 平方米
djpmd	开出 一世之雄
djpmq	无名之璞 无人驾驶 无涯之戚
djpp	开发 无名之师 无名之辈 品而第之 天台路迷
djppa	想入非非 杯酒言欢 极而言之
djppd	开发 天台路迷 万全之策 一波又起 一个劲儿
djppq	无名之师 无名之辈 品而第之 无从谈起 无能之辈
djpq	检测试剂 中苏边界 一代谈宗 万法归宗 亡命之徒
djpqa	检测试剂
djpqd	一代谈宗 万法归宗 亡命之徒 盲人说象
djpqq	中苏边界 无价之宝
djpt	形式 模式 一个劲 开幕式 一个劲的
djpta	模式
djptd	形式 一个劲 开幕式 一个劲的 天人之际
djpx	民生加银 见多识广 万人之上
djpxa	见多识广
djpxd	万人之上
djpxq	民生加银
djq	更何况 一个字
djqa	事件进展 噤若寒蝉 繁荣富强 再作冯妇
djqaa	繁荣富强
djqad	事件进展 再作冯妇
djqaq	噤若寒蝉
djqd	每次 更何况 李施德林 无千待万 遭倾遇祸
djqda	每次 李施德林 枯藤老树
djqdd	更何况 遭倾遇祸
djqdq	无千待万 民生凋敝 吊人胃口
djqg	检察 形容 一个字 开眼 一人得道
djqga	检察
djqgd	形容 一个字 开眼 一人得道 画荻教子
djqgq	口沸目赤
djqj	政治家 一滴眼泪 福过灾生 下逐客令 百花齐放
djqjd	政治家 一滴眼泪 福过灾生 下逐客令 百花齐放
djqjq	啜菽饮水
djqm	见得 里头 盲人瞎马 万贯家财
djqma	见得
djqmd	盲人瞎马 万贯家财
djqmq	里头
djqp	社会实践
djqpd	社会实践
djqq	核实 吃人家饭 中药制剂 一件家具 哗众取宠
djqqa	核实
djqqd	一件家具 万众瞩目
djqqq	吃人家饭 中药制剂 哗众取宠 口多食寡
djqt	顿学累功 无从选择 天人五衰
djqtd	顿学累功 天人五衰
djqtq	无从选择
djqx	形象 枉法徇私 万贯家私
djqxa	枉法徇私
djqxd	形象 万贯家私
djt	干什么 更重要
djta	更重要 查漏补缺 救过补阙 更名改姓 盲人扪烛
djtaa	查漏补缺 攀今揽古 攀今掉古
djtad	更重要 救过补阙 更名改姓 盲人扪烛 一世龙门
djtaq	野蔌山肴
djtd	年龄段 中兴手机 检测技术 事件描述 繁华损枝
djtda	年龄段 检测技术 繁华损枝 攀花折柳
djtdd	事件描述
djtdq	中兴手机 中流击楫
djtg	中河失舟 事倍功半 天清气朗
djtgd	事倍功半 天清气朗
djtgq	中河失舟
djtj	干什么 形势 叫什么 刑警队 相濡以沫
djtja	干什么 相濡以沫 攀藤附葛 攀藤揽葛 杜渐防萌
djtjd	形势 刑警队 天涯比邻
djtjq	叫什么
djtm	须菩提 神清气爽 年过三十 百念皆灰
djtma	须菩提 年过三十
djtmd	神清气爽 百念皆灰
djtp	政治势力 事件追踪 别生气了 无法挽回 别浪费了
djtpd	政治势力 事件追踪
djtpq	别生气了 无法挽回 别浪费了
djtq	口气 严重失职 盲人摸象 百代文宗 杜渐防微
djtqa	杜渐防微 穷巷陋室
djtqd	严重失职 盲人摸象 百代文宗
djtqq	口气
djtt	无名指 一个月的 恶贯已盈 政治改革 一波三折
djtta	每个阶段
djttd	一个月的 恶贯已盈 政治改革 一波三折 一个手指
djttq	无名指
djtx	悬崖 每月 每个月 副作用 一个月
djtxa	每月 每个月 年深月久 年深岁久
djtxd	悬崖 副作用 一个月 末学肤受
djtxq	无洞掘蟹 叩源推委
djx	武汉市 社会上
djxa	每当 开车 视觉暂留 一觉醒来 更深夜静
djxaa	每当
djxad	开车 视觉暂留 一觉醒来 更深夜静
djxd	穿上 社会上 政治上 一件小事 无药可救
djxda	穿上
djxdd	社会上 政治上 一件小事 一个上午 天假其年
djxdq	无药可救 叫苦连天 无法可想 无从置喙
djxg	村庄 正佳广场 蚕丛鸟道 开台锣鼓
djxga	村庄
djxgd	正佳广场 蚕丛鸟道 开台锣鼓
djxj	杯水车薪 见豕负涂 祖传秘方 形而上学 祖传配方
djxja	杯水车薪 见豕负涂 干名采誉
djxjd	祖传秘方 形而上学 祖传配方 社燕秋鸿
djxm	年代久远 吴带当风 一个小时 神通广大 下学上达
djxma	年代久远
djxmd	一个小时 神通广大 下学上达
djxmq	吴带当风
djxp	见到 哈利 究竟 刑罚 武汉市
djxpa	见到 究竟
djxpd	刑罚 武汉市 天津市 事件原因 武侠小说
djxpq	哈利 吴侬软语 无名小辈
djxq	器满意得 万众期待 一个钟头
djxqd	万众期待 一个钟头
djxqq	器满意得
djxt	开庭 穿透 严重质疑 吃拿卡要 材薄质衰
djxta	穿透 材薄质衰 穷而后工
djxtd	开庭 严重质疑
djxtq	吃拿卡要 口没遮拦
djxx	政治意愿 一个季度 政治秩序 穷源竟委 无名小卒
djxxa	穷源竟委
djxxd	政治意愿 一个季度 政治秩序
djxxq	无名小卒
dma	一时间 一大群
dmaa	更不 再不 天真烂熳 无所不及 无明业火
dmaad	更不 再不 天真烂熳
dmaaq	无所不及 无明业火 无远不届
dmad	更强 见所未见 一日不见 恶直丑正
dmada	见所未见
dmadd	更强 一日不见 恶直丑正
dmag	更好 再来 再好 视丹如绿 无所不为
dmaga	穷理尽性
dmagd	更好 再来 再好 视丹如绿
dmagq	无所不为 无所不备
dmaj	平风静浪 遭时不偶 梗顽不化 无所适从 天真烂漫
dmaja	平风静浪 梗顽不化
dmajd	遭时不偶 天真烂漫 于理不合 一败如水
dmajq	无所适从 无所不能 无所不通 无所不作
dmam	一时间 民间 无所不在 无所不知 无奇不有
dmamd	一时间
dmamq	民间 无所不在 无所不知 无奇不有 无所不晓
dmap	机动 一大片 只是建议 正是如此 万有引力
dmapa	机动 也是如此
dmapd	一大片 正是如此 万有引力 更是如此
dmapq	只是建议 无肉不欢 啧有烦言
dmaq	无所不容 焚琴鬻鹤 天理不容 喘息未定 骨肉未寒
dmaqa	焚琴鬻鹤
dmaqd	天理不容 骨肉未寒
dmaqq	无所不容 喘息未定
dmat	构建 一大群 望风希旨 盲风妒雨 望风希指
dmata	构建
dmatd	一大群 望风希旨 盲风妒雨 望风希指 百感交集
dmax	无所不至 形影不离 无所不可 一成不变 亡矢遗镞
dmaxd	形影不离 一成不变 亡矢遗镞
dmaxq	无所不至 无所不可
dmd	武则天 突破口
dmda	只有一支 一元复始 味同嚼蜡
dmdad	一元复始
dmdaq	只有一支 味同嚼蜡
dmdd	民事 机器 鄙视 正是由于 只有一只
dmdda	机器 也有助于 相貌平平
dmddd	正是由于 形影相吊 亡猿祸木 一匡天下 一日万机
dmddq	民事 鄙视 只有一只 嚼在嘴里 无所事事
dmdg	一时一地 只是一句 穷奢极欲 横驱别骛 枉矢哨壶
dmdga	穷奢极欲 横驱别骛 枉矢哨壶 橙黄橘绿
dmdgd	一时一地 骨肉相残 百犬吠声
dmdgq	只是一句 别有天地 吠影吠声 野马无缰
dmdj	再见 突破口 中医中药 只有一件 一朝一夕
dmdja	突破口 树大根深 穷奢极侈
dmdjd	再见 一朝一夕 天真无邪 髀肉复生 正理平治
dmdjq	中医中药 只有一件 无尤无怨 无颠无倒 只有一个
dmdm	机构 天天 夏天 喷嚏 天神
dmdma	机构 窥豹一斑
dmdmd	天天 夏天 天神 武则天 一直一直
dmdmq	喷嚏 咳珠唾玉
dmdp	机械 民政 吞噬 只是形式 只是中国
dmdpa	机械
dmdpd	吞噬
dmdpq	民政 只是形式 只是中国 无影无踪
dmdq	咆哮 也是事实 只是一次 一周一次 无才无德
dmdqa	也是事实
dmdqd	一周一次 一日一次 一琴一鹤
dmdqq	咆哮 只是一次 无才无德 只有一次
dmdt	天空 再无 呼风唤雨 嘲风咏月 形影相随
dmdta	本同末异
dmdtd	天空 再无 形影相随 恶有恶报
dmdtq	呼风唤雨 嘲风咏月 无牵无挂 别有一番 吟风咏月
dmdx	天下 再也 一大一小 只是一种 只是一点
dmdxd	天下 再也 一大一小 弊大于利 正直无私
dmdxq	只是一种 只是一点 无明无夜 无大无小
dmg	一大堆 一大半
dmga	神情 机场 盲风怪云 天南地北
dmgaa	机场
dmgad	神情 盲风怪云 天南地北
dmgd	更新 天地 憋在心里 析珪判野 天成地平
dmgda	析珪判野
dmgdd	更新 天地 憋在心里 天成地平
dmgg	椅子 更高 叶子 天子 正直善良
dmgga	椅子 见猎心喜
dmggd	更高 天子 正直善良 天网恢恢 天理良心
dmggq	叶子 唯所欲为 口直心快 叩石垦壤 嘴直心快
dmgj	再去 天性 再给 一时半会 口是心苗
dmgja	树碑立传
dmgjd	再去 天性 再给 一时半会 一时半刻
dmgjq	口是心苗 无照经营 兄友弟恭 口感绝佳
dmgm	机关 民主 喊道 喝道 更快
dmgma	机关 极有道理 相知恨晚
dmgmd	更快 天亮 妄自尊大 一鼻子灰 悬驼就石
dmgmq	民主 喊道 喝道
dmgp	神经 更为 天域 虽远必诛 中央首长
dmgpd	神经 更为 天域 一两句话
dmgpq	虽远必诛 中央首长 口是心非
dmgq	神兽 喊着 校验结果 与时并进 求真务实
dmgqa	校验结果
dmgqd	神兽 与时并进 求真务实
dmgqq	喊着
dmgt	一大堆 一大半 一直去的 盲风怪雨 别有心肝
dmgta	木石心肠
dmgtd	一大堆 一大半 一直去的 盲风怪雨 末大必折
dmgtq	别有心肝
dmgx	于心 亚马逊 政协主席 一星半点 一骑绝尘
dmgxd	于心 亚马逊 政协主席 一星半点 一骑绝尘
dmgxq	无暇兼顾 无暇分身 嘴硬心软
dmja	机会 咱们 复活 天南海北 万户千门
dmjaa	机会 复活 相时而动
dmjad	天南海北 万户千门
dmjaq	咱们 吹大法螺
dmjd	民族 复杂 天使 神族 柜台
dmjda	复杂 柜台 焚巢荡穴 繁星满天
dmjdd	天使 神族 与有荣焉 与狼共舞 一日千里
dmjdq	民族 只专注于 中医学中 别有洞天
dmjg	民法 复兴 无所作为 礼顺人情 事在人为
dmjga	复兴 权威人士 见景生情 见风使舵 木雕泥塑
dmjgd	礼顺人情 事在人为 与日俱增 一败涂地 天理人情
dmjgq	民法 无所作为 别太过分 吐刚茹柔
dmjj	更多 再多 民众 只是学生 中大学生
dmjja	枉矫过激 枕石漱流 见几而作
dmjjd	更多 再多 妄自菲薄 一专多能 百卉千葩
dmjjq	民众 只是学生 中大学生 只是举例 无风作浪
dmjm	神州信息 柳暗花明 一直没有 福大命大 穿房入户
dmjma	柳暗花明 穿房入户
dmjmd	神州信息 一直没有 福大命大
dmjp	天生 民生 吞没 另有企图 一时兴起
dmjpd	天生 吞没 一时兴起 望风而逃
dmjpq	民生 另有企图 无所依归 叩马而谏
dmjq	更深 与时俱进 只是觉得 中医世家 一两个字
dmjqd	更深 与时俱进 一两个字 万马千军
dmjqq	只是觉得 中医世家
dmjt	刺激 神仙 神通 正在消失 盲风涩雨
dmjta	刺激 标同伐异 栉风沐雨
dmjtd	神仙 神通 正在消失 盲风涩雨 一两个月
dmjtq	无有伦比 别风淮雨
dmjx	喝酒 天涯 天河 中医体质 无所重轻
dmjxa	繁星似锦 窃玉偷香
dmjxd	天涯 天河 一两个钟 望风而靡 万载千秋
dmjxq	喝酒 中医体质 无所重轻 民有菜色 里勾外连
dmm	一直在 一大早
dmma	构成 一有时间 只是时间 极短时间 机电专业
dmmaa	构成 极短时间 机电专业 相知有素
dmmad	一有时间
dmmaq	只是时间
dmmd	更大 天赋 呈现 天大 一朵朵
dmmda	查明真相 穷猿奔林
dmmdd	更大 天赋 天大 一朵朵 一大盛事
dmmdq	呈现 只是在于 别有风味
dmmg	一直在 恶狠狠 正在犹豫 中央大道 口碑载道
dmmgd	一直在 恶狠狠 正在犹豫
dmmgq	中央大道 口碑载道 民贼独夫
dmmj	天猫 天内 天狼星 中暑晕倒 唯才是举
dmmja	枉直同贯 横赋暴敛 复旦大学
dmmjd	天猫 天内 天狼星 神态自若 祸在旦夕
dmmjq	中暑晕倒 唯才是举 虽败犹荣 无独有偶
dmmm	一大早 只是现在 正大光明 天理昭昭
dmmmd	一大早 正大光明 天理昭昭
dmmmq	只是现在
dmmp	突破 只是有些 中医辨证 中央直管 下自成行
dmmpa	突破 相映成趣
dmmpd	下自成行 下自成蹊
dmmpq	只是有些 中医辨证 中央直管 另有所图 别有风趣
dmmq	天真 正在研制 吃现成饭 窗明几净 一曝十寒
dmmqa	窗明几净
dmmqd	天真 正在研制 一曝十寒
dmmqq	吃现成饭
dmmt	于是 更是 天才 更有 查明
dmmta	查明 棋布星陈 术有专攻 见风是雨
dmmtd	于是 更是 天才 更有 一直在找
dmmtq	中大医院 另有所指 嘲风弄月 听风是雨 吟风弄月
dmmx	神奇 神州专车 见貌辨色 天理昭彰 一石二鸟
dmmxa	见貌辨色 棋布星罗
dmmxd	神奇 神州专车 天理昭彰 一石二鸟
dmp	无所谓 开玩笑
dmpa	神话 一时之间 析辩诡辞 析辨诡辞 亚肩叠背
dmpaa	析辩诡辞 析辨诡辞
dmpad	神话 一时之间 亚肩叠背 事态发展
dmpaq	喘息之间 无所回避 响遏行云
dmpd	更加 再加 再回 喘息之机 焉知非福
dmpda	朴斫之材
dmpdd	更加 再加 再回 焉知非福 一肉之味
dmpdq	喘息之机 无奈之下
dmpg	再说 天堂 神圣 天黑 复议
dmpga	复议
dmpgd	再说 天堂 神圣 天黑 正是因为
dmpgq	只是因为
dmpj	材料 喝了 喊了 一时糊涂 视同路人
dmpja	材料
dmpjd	一时糊涂 视同路人 百川归海 一日之雅 天威难测
dmpjq	喝了 喊了 无风起浪
dmpm	查询 突出 嘲讽 一息尚存 无冕之王
dmpma	查询 突出
dmpmd	一息尚存
dmpmq	嘲讽 无冕之王 品貌非凡
dmpp	正是因此 无所谓了 相貌堂堂 吹灰之力 窒碍难行
dmppa	相貌堂堂 窒碍难行 析辨诡词
dmppd	正是因此 一日之长 骨肉团圆 视同儿戏
dmppq	无所谓了 吹灰之力
dmpq	无所谓 一时语塞 天理难容 无则加勉
dmpqd	一时语塞 天理难容
dmpqq	无所谓 无则加勉
dmpt	嘲笑 开玩笑 于此 天边 天夺之魄
dmpta	材大难用
dmptd	开玩笑 于此 天边 天夺之魄 下大力气
dmptq	嘲笑 吓破了胆
dmpx	正有此意 见财起意 一石数鸟
dmpxa	见财起意
dmpxd	正有此意 一石数鸟
dmqa	下马冯妇 概日凌云 一时冲动 焉有完卵 无理取闹
dmqaa	概日凌云
dmqad	下马冯妇 一时冲动 焉有完卵
dmqaq	无理取闹
dmqd	再次 天宫 亡猿灾木 万马齐喑
dmqdd	再次 天宫 亡猿灾木 万马齐喑
dmqg	再往 无所畏惮 无所畏惧 天王老子 无所容心
dmqgd	再往 天王老子 亡戟得矛
dmqgq	无所畏惮 无所畏惧 无所容心
dmqj	材雄德茂 礼奢宁俭
dmqja	材雄德茂
dmqjd	礼奢宁俭
dmqm	植物 再审 木头 一直守在
dmqma	植物 木头
dmqmd	再审 一直守在
dmqp	复制 机制 刺客
dmqpa	复制 机制 刺客
dmqq	遭时定制 遭时制宜 焚琴煮鹤 一索得男
dmqqa	焚琴煮鹤
dmqqd	遭时定制 遭时制宜 一索得男
dmqt	机遇 助理教授 栖风宿雨 吸风饮露 无所畏忌
dmqta	机遇 栖风宿雨
dmqtd	助理教授
dmqtq	吸风饮露 无所畏忌
dmqx	穷则思变
dmqxa	穷则思变
dmt	一大批 一大把
dmta	更要 一直以来 一网打尽 无远弗届 穷大失居
dmtaa	穷大失居
dmtad	更要 一直以来 一网打尽
dmtaq	无远弗届
dmtd	天际 正是这样 只是这样 机电技术 型直升机
dmtda	机电技术 平易近民 焚巢捣穴 穷猿投林 枉直随形
dmtdd	天际 正是这样 型直升机
dmtdq	只是这样 中央集权
dmtg	员工 更改 无所忌惮 析珪胙土 无所用心
dmtga	析珪胙土
dmtgd	更改 一则以喜 一日三餐 一则以惧 望影揣情
dmtgq	员工 无所忌惮 无所用心 别有用心 另有隐情
dmtj	助理导演 想自己做 平易近人 无风扬波 一时三刻
dmtja	想自己做 平易近人
dmtjd	助理导演 一时三刻 妄自揣测 一二月份 神州陆沉
dmtjq	无风扬波
dmtm	突然 天然 一大把 灭景追风 树大招风
dmtma	突然 树大招风
dmtmd	天然 一大把 灭景追风 望风捕影 望风扑影
dmtp	一二三 只是欣赏 只是这些 校短推长 无所用之
dmtpa	校短推长
dmtpd	一二三 形同陌路
dmtpq	只是欣赏 只是这些 无所用之 无所忌讳
dmtq	天气 查看 再看 只是这次 检验报告
dmtqa	查看 检验报告
dmtqd	天气 再看
dmtqq	只是这次
dmtt	一大批 社威擅势 无所措手 别有肺肠
dmttd	一大批 社威擅势
dmttq	无所措手 别有肺肠
dmtx	更换 只是比较 天赋异禀 一日三省 一二三四
dmtxd	更换 天赋异禀 一日三省 一二三四 望风披靡
dmtxq	只是比较
dmx	一直到 窝囊废
dmxa	悬石程书 无所可否 无暇顾及
dmxad	悬石程书
dmxaq	无所可否 无暇顾及
dmxd	天上 天后 只是辅助 只知其一 无所遁形
dmxdd	天上 天后
dmxdq	只是辅助 只知其一 无所遁形
dmxg	神秘 亚硝酸盐 无所顾惮 见风转舵 骨肉至亲
dmxga	见风转舵
dmxgd	神秘 亚硝酸盐 骨肉至亲
dmxgq	无所顾惮
dmxj	再度 极有可能 另有其人 骨肉离散 也有可能
dmxja	极有可能 也有可能 干巴利落
dmxjd	再度 骨肉离散
dmxjq	另有其人
dmxm	神色 材质 天色 由左至右 哈博罗内
dmxma	材质
dmxmd	神色 天色 丈二金刚 一两小时
dmxmq	由左至右 哈博罗内
dmxp	一直到 窝囊废 只是少数 中央银行 形同虚设
dmxpa	窝囊废
dmxpd	一直到 形同虚设 求马唐肆 丈二和尚
dmxpq	只是少数 中央银行 由易到难 唱独角戏
dmxq	更有甚者 一马当先 夏日可畏
dmxqd	更有甚者 一马当先 夏日可畏
dmxt	中电鑫龙 饕风虐雪 无所顾忌 天夺其魄 裘马轻肥
dmxta	棋布错峙 干巴利脆
dmxtd	天夺其魄 裘马轻肥
dmxtq	中电鑫龙 饕风虐雪 无所顾忌
dmxx	唱歌 望远镜 中央省市 吹影镂尘 繁星点点
dmxxa	繁星点点
dmxxd	望远镜 一两点钟
dmxxq	唱歌 中央省市 吹影镂尘
dpa	听起来 想起来
dpaa	格局 平步青云 另起炉灶
dpaaa	格局 平步青云
dpaaq	另起炉灶
dpad	正如 中国故事 神话故事 嘻笑怒骂 下笔如神
dpadd	正如 神话故事 下笔如神
dpadq	中国故事 嘻笑怒骂
dpag	正好 武装 听起来 想起来 万古
dpaga	想起来
dpagd	正好 武装 万古 忘恩背义 顿足不前
dpagq	听起来 口谐辞给 口出不逊 品竹弹丝
dpaj	中式装修 无论如何 一言不合 神出鬼没 横行不法
dpaja	横行不法 梦断魂劳 枘圆凿方
dpajd	一言不合 神出鬼没
dpajq	中式装修 无论如何 只鸡絮酒
dpam	正面 中国书协 万国来朝
dpamd	正面 万国来朝
dpamq	中国书协
dpap	中国古籍 一言不发 只言片语 相对来说 正该如此
dpapa	相对来说
dpapd	一言不发 正该如此
dpapq	中国古籍 只言片语
dpaq	中国古都 哭笑不得 求之不得 见之不取 开国承家
dpaqa	见之不取
dpaqd	求之不得 开国承家
dpaqq	中国古都 哭笑不得
dpat	一蹶不振 无坚不摧 吞刀刮肠 平步青霄 无坚不陷
dpata	平步青霄
dpatd	一蹶不振 吞刀刮肠
dpatq	无坚不摧 无坚不陷
dpax	松紧适度 百读不厌 一团乱麻 更谈不上 一力承当
dpaxa	松紧适度
dpaxd	百读不厌 一团乱麻 更谈不上 一力承当
dpd	想了想 中国梦
dpda	树枝 万丈 一步一鬼 百试百灵 平行空间
dpdaa	树枝 平行空间
dpdad	万丈 一步一鬼 百试百灵 吞刀吐火
dpdd	武器 嘴唇 树林 中国梦 一回事
dpdda	树林 想了一想 横行天下
dpddd	武器 一回事 百发百中 百步穿杨 妄谈祸福
dpddq	嘴唇 中国梦 别出机杼
dpdg	万一 另一 别墅 楼梯 一对一
dpdga	楼梯 刺刀见红
dpdgd	万一 一对一 一箭穿心 礼贤下士 万籁无声
dpdgq	另一 别墅 吃了一惊 嚼墨喷纸 吃了枪子
dpdj	嘴里 万里 横加干涉 天各一方 相因相生
dpdja	横加干涉 相因相生 平起平坐
dpdjd	万里 天各一方 再等一会 末路穷途 一览无余
dpdjq	嘴里 无毁无誉 无了根蒂 无党无偏 无了无休
dpdm	别再 树叶 树木 一长一短 相切相磋
dpdma	树叶 树木 相切相磋 穷鼠啮狸
dpdmd	一长一短 更长梦短 再说一遍 一路福星 事出无奈
dpdmq	别再 无踪无影
dpdp	咖啡 嘿嘿 政权 互谅互让 一粒一粒
dpdpa	相对无言
dpdpd	政权 互谅互让 一粒一粒 一刀一刀 一帧一帧
dpdpq	咖啡 嘿嘿 中国机长 吵了一架 吹糠见米
dpdq	想了想 别想 正想 中国中冶 再试一次
dpdqa	想了想 平等相待
dpdqd	正想 再试一次 再说一次 一路平安
dpdqq	别想 中国中冶 只此一次 只此一家 吹箫乞食
dpdt	万年 一语中的 横行无忌 无边无际 叹了口气
dpdta	横行无忌 松了口气 桃蹊柳陌
dpdtd	万年 一语中的 恶语相向 一路攀升 一箪一瓢
dpdtq	无边无际 叹了口气 野调无腔 吁了口气
dpdx	楼下 树下 再长一点 无精嗒彩 桃蹊柳曲
dpdxa	楼下 树下 桃蹊柳曲 平等互利
dpdxd	再长一点 亡国灭种 一了百当
dpdxq	无精嗒彩 中国政府
dpg	一辈子 正因为
dpga	正义 中国纸业 极力主张 干柴烈火 呼之即来
dpgaa	极力主张 干柴烈火
dpgad	正义
dpgaq	中国纸业 呼之即来
dpgd	辱国殃民 辱国殄民 杞国忧天 一步登天 祸国殃民
dpgda	杞国忧天 平步登天
dpgdd	辱国殃民 辱国殄民 一步登天 祸国殃民 天诛地灭
dpgdq	听了半天 患难夫妻
dpgg	一辈子 嗓子 下辈子 极简主义 形式主义
dpgga	极简主义 桃园结义
dpggd	一辈子 下辈子 形式主义 正儿八经
dpggq	嗓子 中国商务 另谋高就 民粹主义 口诵心惟
dpgj	树立 横行逆施 天圆地方
dpgja	树立 横行逆施
dpgjd	天圆地方
dpgm	开发商 一语道破 别出心裁 一路逆风 横刀立马
dpgma	横刀立马
dpgmd	开发商 一语道破 一路逆风 天堂地狱 社鼠城狐
dpgmq	别出心裁 另请高明
dpgp	万分 正经 正因为 只因为 一言既出
dpgpa	相忍为国
dpgpd	万分 正经 正因为 一言既出 一言半语
dpgpq	只因为 呼之欲出
dpgq	中国首家 正式编制 一言为定 忠言逆耳 析精剖微
dpgqa	析精剖微
dpgqd	正式编制 一言为定 天长地老
dpgqq	中国首家 忠言逆耳
dpgt	兄弟 极简单的
dpgta	极简单的
dpgtq	兄弟
dpgx	平常心 无止境 中国竞彩 空谈快意 天长地久
dpgxa	平常心 空谈快意 木鸡养到 复蹈前辙
dpgxd	天长地久 下回分解
dpgxq	无止境 中国竞彩 吊儿郎当
dpj	中国人 想办法
dpja	权益 年谊世好 一筹莫展 由此而来 政出多门
dpjaa	权益 年谊世好
dpjad	一筹莫展 政出多门 开篇伊始
dpjaq	由此而来
dpjd	中加学校 中等学校 天之僇民 一跃而下 中国人民
dpjdd	天之僇民 一跃而下 一行作吏
dpjdq	中加学校 中等学校 中国人民
dpjg	想办法 政法 祸起萧墙 一蹴而就 万紫千红
dpjga	想办法
dpjgd	政法 祸起萧墙 一蹴而就 万紫千红
dpjj	政治 桃花 祖籍江苏 一切众生 中国举重
dpjja	桃花 见识浅薄 穿街过巷 穷困潦倒 梦笔生花
dpjjd	政治 祖籍江苏 一切众生 恶语伤人 一笑而过
dpjjq	中国举重 听之藐藐 只鸡斗酒
dpjm	另行通知 禁止入内 繁衍生息
dpjma	禁止入内 繁衍生息
dpjmq	另行通知
dpjp	别人 中国人 万人 武汉 穷人
dpjpa	穷人 横恩滥赏 相对而言
dpjpd	万人 武汉 正常人 更难仆数 万语千言
dpjpq	别人 中国人 中式英语 听之任之 里谈巷议
dpjq	万千 万籁俱寂 一言九鼎 吃了个饭 里出外进
dpjqd	万千 万籁俱寂 一言九鼎
dpjqq	吃了个饭 里出外进
dpjt	政策依据 嘻皮涎脸
dpjtd	政策依据
dpjtq	嘻皮涎脸
dpjx	另外 格外 更加依赖 相对湿度 无足重轻
dpjxa	格外 相对湿度 突出重点 植党营私
dpjxd	更加依赖 一诺千金 百了千当 一发千钧 一笑千金
dpjxq	另外 无足重轻
dpm	开发区
dpma	嘴巴 开发区 中式元素 复试时间 一双两好
dpmaa	复试时间
dpmad	开发区 一双两好 一簧两舌
dpmaq	嘴巴 中式元素
dpmd	权威 助理 中国影视 一党专政 下笔有神
dpmda	权威 舞刀弄枪 突发奇想 干戈载戢
dpmdd	助理 一党专政 下笔有神 开国元勋 开发成本
dpmdq	中国影视 唯力是视
dpmg	正在 叹息 与对照组 中式早餐 再说几句
dpmga	相识是缘 枉墨矫绳 相对独立
dpmgd	正在 与对照组 再说几句 天之骄子 与此有关
dpmgq	叹息 中式早餐 吴越同舟
dpmj	顿时 中国远洋 中国石油 中东石油 中国十佳
dpmja	见识短浅 见笑大方
dpmjd	顿时
dpmjq	中国远洋 中国石油 中东石油 中国十佳 无师自通
dpmm	一路顺风 相帅成风 无计所奈 与此同时 吃了大亏
dpmma	相帅成风 乞儿马医
dpmmd	一路顺风 与此同时 一帆风顺 一长两短
dpmmq	无计所奈 吃了大亏
dpmp	一刀两断 一语成谶 下笔成篇 横行直走 事出有因
dpmpa	横行直走 相鼠有皮
dpmpd	一刀两断 一语成谶 下笔成篇 事出有因 一路同行
dpmpq	哄堂大笑 口出狂言 口出大言
dpmq	更加耀眼 一国两制 析言破律 开国元老 灭此朝食
dpmqa	析言破律
dpmqd	更加耀眼 一国两制 开国元老 灭此朝食 亡国破家
dpmt	正是 别是 另有 史记索隐 中国医院
dpmta	横行直撞 椎髻布衣
dpmtd	正是 一发破的 一语破的 下笔成文 恶紫夺朱
dpmtq	别是 另有 史记索隐 中国医院 响答影随
dpmx	正确 一笔勾销 焚符破玺 横刀夺爱 天长日久
dpmxa	焚符破玺 横刀夺爱
dpmxd	正确 一笔勾销 天长日久 下笔成章 一路风尘
dpp	忘记了 一步步
dppa	无米之炊 百足之虫 一路走好 哭了起来 一路走来
dppaa	杵臼之交
dppad	百足之虫 一路走好 一路走来 一言难尽
dppaq	无米之炊 哭了起来 患难之交 品竹调弦
dppd	政策 亡国之社 无力回天 亡国之器
dppdd	政策 亡国之社 亡国之器
dppdq	无力回天
dppg	别说 一圈圈 祖国各地 更加详细 民困国贫
dppga	杞国之忧 横七竖八
dppgd	一圈圈 祖国各地 更加详细 一语双关 天籁之声
dppgq	别说 民困国贫 品竹调丝
dppj	权力 忘记了 穿街走巷 呈堂证供 口诛笔伐
dppja	权力 穿街走巷 楚囚对泣
dppjd	忘记了
dppjq	呈堂证供 口诛笔伐 叹观止矣
dppm	正因 史记记载 史籍记载 一箭双雕 无证驾驶
dppma	横戈跃马
dppmd	正因 一箭双雕
dppmq	史记记载 史籍记载 无证驾驶 中坚力量
dppp	正常 一步步 政党 由设计师 极简设计
dpppa	极简设计 样式设计 朴讷诚笃 横说竖说
dpppd	正常 一步步 政党 一走了之 神符之语
dpppq	由设计师 中国国籍
dppq	听说读写 望衡对宇
dppqd	望衡对宇
dppqq	听说读写
dppt	正式 嘻皮笑脸
dpptd	正式
dpptq	嘻皮笑脸
dppx	别让 一步之遥 天籁之音 一箭之遥 亡国之音
dppxd	一步之遥 天籁之音 一箭之遥 亡国之音 一之谓甚
dppxq	别让
dpq	无数次
dpqa	中等教育 神圣职责 礼尚往来
dpqad	神圣职责 礼尚往来
dpqaq	中等教育
dpqd	无数次 无语凝噎 干劲冲天
dpqda	干劲冲天
dpqdq	无数次 无语凝噎
dpqg	更加审慎
dpqgd	更加审慎
dpqj	窃国者侯
dpqja	窃国者侯
dpqm	万物 枕戈待旦 楼堂馆所
dpqma	枕戈待旦 楼堂馆所
dpqmd	万物
dpqp	政策咨询 木讷寡言 枕戈寝甲
dpqpa	木讷寡言 枕戈寝甲
dpqpd	政策咨询
dpqq	见贤思齐
dpqqa	见贤思齐
dpqt	杰出教授 梧鼠五技
dpqta	杰出教授 梧鼠五技
dpqx	开路先锋 妻儿老小 妻儿老少
dpqxd	开路先锋 妻儿老小 妻儿老少
dpt	吃东西
dpta	正要 横加指责 由此看来 喙长三尺 望断白云
dptaa	横加指责
dptad	正要 望断白云
dptaq	由此看来 喙长三尺
dptd	中国援助 口讲指画 梧鼠技穷
dptda	梧鼠技穷
dptdq	中国援助 口讲指画
dptg	权限 见诸报端 横行霸道 一切随缘 一路向前
dptga	权限 见诸报端 横行霸道
dptgd	一切随缘 一路向前 礼让三分 万箭攒心 一国三公
dptj	妄加揣测 年该月值 中国文学
dptja	年该月值
dptjd	妄加揣测
dptjq	中国文学
dptm	别的 突出贡献 嗤之以鼻 喉长气短
dptma	突出贡献
dptmq	别的 嗤之以鼻 喉长气短
dptp	武功 万签插架 严加看管 无言以对 啼笑皆非
dptpd	武功 万签插架 严加看管
dptpq	无言以对 啼笑皆非 别跟我说
dptq	叹气 开国功臣
dptqd	开国功臣
dptqq	叹气
dptt	桃之夭夭 恶籍盈指 互诉衷肠 顿足捶胸 神圣工巧
dptta	桃之夭夭
dpttd	恶籍盈指 互诉衷肠 顿足捶胸 神圣工巧
dptx	吃东西 中国股市 无精打彩 无精打采 救困扶危
dptxd	救困扶危 一笔抹煞 恶叉白赖
dptxq	吃东西 中国股市 无精打彩 无精打采
dpx	一路上 模糊音
dpxa	正当 别离 恶言詈辞
dpxad	正当 恶言詈辞
dpxaq	别离
dpxd	树上 一路上 楼上 天之戮民
dpxda	树上 楼上
dpxdd	一路上 天之戮民
dpxg	示意 一粒种子 机甲战士 吠非其主 橡皮钉子
dpxga	机甲战士 橡皮钉子
dpxgd	示意 一粒种子 忘恩负义 一箭上垛
dpxgq	吠非其主 无路可退
dpxj	政府 一步到位 无足轻重 无计可施 屯粮积草
dpxja	权衡轻重
dpxjd	政府 一步到位 屯粮积草 一谦四益
dpxjq	无足轻重 无计可施
dpxm	正式受理 中国广电 助边输财 无出其右 由此可知
dpxmd	正式受理 助边输财
dpxmq	中国广电 无出其右 由此可知 无计可奈 口尚乳臭
dpxp	权利 一笑置之 正式上架 见识到了 一路小跑
dpxpa	权利 见识到了 相谈甚欢 空话连篇
dpxpd	一笑置之 正式上架 一路小跑
dpxpq	中篇小说 无路可走 无言可对 中国银行
dpxq	武力解决
dpxqd	武力解决
dpxt	嘴角 一试身手 政策转向 一团和气 天诱其衷
dpxtd	一试身手 政策转向 一团和气 天诱其衷
dpxtq	嘴角
dpxx	模糊音 正常秩序 中东战争 恶言厉色 乞儿乘车
dpxxa	模糊音 乞儿乘车
dpxxd	正常秩序 恶言厉色 正言厉色
dpxxq	中东战争
dqa	一瞬间
dqaa	响彻云表 野鹤闲云 万家灯火 木头疙瘩 无往不克
dqaaa	木头疙瘩
dqaad	万家灯火 神头鬼面
dqaaq	响彻云表 野鹤闲云 无往不克
dqad	想问 横灾飞祸 无往不复 每饭不忘 一瞑不视
dqada	想问 横灾飞祸 每饭不忘
dqadd	一瞑不视 望眼将穿
dqadq	无往不复
dqag	想来 一字不差
dqaga	想来
dqagd	一字不差
dqaj	遭遇不偶 遭遇运会 啥都不会 求田问舍 严惩不贷
dqajd	遭遇不偶 遭遇运会 求田问舍 严惩不贷 一字不漏
dqajq	啥都不会 无征不信
dqam	一瞬间 画面 嘘寒问暖 器宇不凡 一物不知
dqamd	一瞬间 画面 一物不知 一定不易 神目如电
dqamq	嘘寒问暖 器宇不凡
dqap	栖冲业简 只字片语 盲目乐观 事实如此 一寒如此
dqapa	栖冲业简
dqapd	盲目乐观 事实如此 一寒如此
dqapq	只字片语
dqaq	画饼充饥 枯鱼病鹤 别具慧眼 遭家不造 相待如宾
dqaqa	枯鱼病鹤 相待如宾
dqaqd	画饼充饥 遭家不造
dqaqq	别具慧眼
dqat	响彻云霄 只字未提 只字不提 无往不胜 只守不攻
dqata	空头支票
dqatd	神头鬼脸
dqatq	响彻云霄 只字未提 只字不提 无往不胜 只守不攻
dqax	万选青钱 百思不解 无微不至 无往不利 下愚不移
dqaxd	万选青钱 百思不解 下愚不移
dqaxq	无微不至 无往不利
dqd	想象中 检察员
dqda	相互 平头百姓 吆五喝六 无字天书 一男一女
dqdaa	相互 平头百姓
dqdad	一男一女
dqdaq	吆五喝六 无字天书 喊冤叫屈 无头无尾 吴头楚尾
dqdd	喧嚣 想吃 别具一格 啜食吐哺 一饮一啄
dqdda	想吃 相安无事 平安无事 想都别想
dqddd	一饮一啄 形容枯槁 一字一板 事齐事楚
dqddq	喧嚣 别具一格 啜食吐哺
dqdg	想象中 一字一句 樟宜机场 检察机关 万象更新
dqdga	想象中 樟宜机场 检察机关
dqdgd	一字一句 万象更新 一往无前 一德一心
dqdj	想见 听得见 朴实无华 口耳相传 无冤无仇
dqdja	想见 朴实无华
dqdjd	万物复苏 形具神生
dqdjq	听得见 口耳相传 无冤无仇
dqdm	棺材 相机 检察员 一家一户 一五一十
dqdma	棺材 相机 检察员 格物穷理
dqdmd	一家一户 一五一十 一字一珠
dqdmq	呼牛呼马
dqdp	再进一步 更进一步 吃饱喝足 更进一竿
dqdpd	再进一步 更进一步 更进一竿
dqdpq	吃饱喝足
dqdq	想想 一页一页 一字一字 哈特福德 杞宋无征
dqdqa	想想 杞宋无征
dqdqd	一页一页 一字一字 礼先一饭
dqdqq	哈特福德 哇凉哇凉 啼饥号寒 别具只眼 无家无室
dqdt	事实根据 楞头呆脑 一冷一热 呆头呆脑 患得患失
dqdta	楞头呆脑 平头正脸 析律舞文 木头木脑 楞头楞脑
dqdtd	事实根据 一冷一热
dqdtq	呆头呆脑 患得患失 另眼相看 吴牛喘月 叹老嗟卑
dqdx	一老一少 一老一小 相安相受 更待干罢 无思无虑
dqdxa	相安相受
dqdxd	一老一少 一老一小 更待干罢 万象森罗 一鳞一爪
dqdxq	无思无虑
dqg	一次性 下决心
dqga	相逢 一家眷属 天灾地妖 平安喜乐 天冠地屦
dqgaa	相逢 平安喜乐
dqgad	一家眷属 天灾地妖 天冠地屦 夏鼎商彝 天凝地闭
dqgd	相亲 格鲁吉亚 望眼欲穿 一决高下
dqgda	相亲 格鲁吉亚
dqgdd	望眼欲穿 一决高下
dqgg	一家子 忠实义务 神思恍惚 材德兼备 植物纤维
dqgga	材德兼备 植物纤维 椎牛飨士
dqggd	一家子 神思恍惚 一睹为快 夏五郭公
dqggq	忠实义务
dqgj	想去 一次性 口耳并重 一往情深 开宗立派
dqgja	想去 树德务滋
dqgjd	一次性 一往情深 开宗立派 天老地荒
dqgjq	口耳并重
dqgm	相关 亚特兰大
dqgma	相关
dqgmd	亚特兰大
dqgp	无聊死了 天造地设 吃饭去了 一鳞半甲
dqgpd	天造地设 一鳞半甲
dqgpq	无聊死了 吃饭去了
dqgq	想着 一官半职 天寒地冻 礼先壹饭
dqgqa	想着
dqgqd	一官半职 天寒地冻 礼先壹饭
dqgt	想必 杜微慎防
dqgta	想必 杜微慎防
dqgx	相处 下决心 一鳞半爪 别鹤孤鸾 天灾地变
dqgxa	相处
dqgxd	下决心 一鳞半爪 天灾地变
dqgxq	别鹤孤鸾
dqj	一定会 一家人
dqja	一定会 想念 想做 年老体弱 一饮而尽
dqjaa	想念 想做 年老体弱 林寒洞肃
dqjad	一定会 一饮而尽 蚕头燕尾 一室生春
dqjaq	无头苍蝇
dqjd	中职学校 植物油中 每况愈下 天灾人祸 咬得菜根
dqjda	植物油中 每况愈下 空室清野
dqjdd	天灾人祸
dqjdq	中职学校 咬得菜根
dqjg	想法 相伴 忠孝节义 橡饭菁羹 无果而终
dqjga	想法 相伴 橡饭菁羹
dqjgq	忠孝节义 无果而终 忠孝节悌
dqjj	中职学生 横征苛敛 听者藐藐 万家生佛 楚界汉河
dqjja	横征苛敛 楚界汉河
dqjjd	万家生佛
dqjjq	中职学生 听者藐藐
dqjm	呼牛作马 更待何时 木牛流马 天造草昧
dqjma	木牛流马
dqjmd	更待何时 天造草昧
dqjmq	呼牛作马
dqjp	相信 一家人 梯愚入圣 根牢蒂固 一定范围
dqjpa	相信 梯愚入圣 根牢蒂固
dqjpd	一家人 一定范围
dqjq	横征苛役 无待蓍龟
dqjqa	横征苛役
dqjqq	无待蓍龟
dqjt	想过 相似 一定能 相依 标准化
dqjta	想过 相似 相依 标准化 年老体衰
dqjtd	一定能 事实依据
dqjx	想你 相得益彰 一字千金 枯鱼涸辙 相得益章
dqjxa	想你 相得益彰 枯鱼涸辙 相得益章 见兔放鹰
dqjxd	一字千金 一饭千金 一牛九锁
dqjxq	无德而称
dqm	一定是 互联网
dqma	互联网 午睡时间 横冲直闯 繁征博引
dqmaa	午睡时间 横冲直闯 繁征博引
dqmad	互联网
dqmd	相同 事实真相 极目迥望 骨鲠在喉
dqmda	相同 极目迥望
dqmdd	事实真相 骨鲠在喉
dqmg	无寇暴死 别具匠心 开宗明义 喧宾夺主 开物成务
dqmgd	开宗明义 开物成务
dqmgq	无寇暴死 别具匠心 喧宾夺主 唯吾独尊
dqmj	见微知萌 横征暴敛 见微知著 见者有份 忠孝两全
dqmja	见微知萌 横征暴敛 见微知著 见者有份
dqmjq	忠孝两全
dqmm	更容易 一定是有 横征暴赋
dqmma	横征暴赋
dqmmd	更容易 一定是有
dqmp	品头题足 一目十行 一馈十起
dqmpd	一目十行 一馈十起
dqmpq	品头题足
dqmq	极目远眺
dqmqa	极目远眺
dqmt	一定是 一定有 横冲直撞 穷寇勿追 楞头磕脑
dqmta	横冲直撞 穷寇勿追 楞头磕脑
dqmtd	一定是 一定有
dqmx	中馈犹虚
dqmxq	中馈犹虚
dqp	想象力 检察长
dqpa	检察长 形容词 事物之间 年富力强 万物之灵
dqpaa	检察长 年富力强
dqpad	形容词 事物之间 万物之灵
dqpaq	民富国强 民安国泰
dqpd	相识 一得之见
dqpda	相识
dqpdd	一得之见
dqpg	想说 一家之主 一定之规 骨头架子 析律贰端
dqpga	想说 析律贰端
dqpgd	一家之主 一定之规 骨头架子
dqpj	相对 想了 想象力 忠实观众 枉物难消
dqpja	相对 想了 想象力 枉物难消
dqpjq	忠实观众 口耳之学
dqpm	想出 林徽因 一决雌雄 枯鱼衔索 事实证明
dqpma	想出 林徽因 枯鱼衔索 复制粘贴
dqpmd	一决雌雄 事实证明
dqpmq	无耻之尤
dqpp	事实说话 一家之言 权宜之计 品头论足 一字之师
dqppa	权宜之计 枯鱼之肆
dqppd	事实说话 一家之言 一字之师 再造之恩 一家之计
dqppq	品头论足 品头评足 中冓之言
dqpq	事先设定 骨鲠之臣 无耻之徒 一得之愚
dqpqd	事先设定 骨鲠之臣 一得之愚
dqpqq	无耻之徒
dqpt	想起 一目了然 年老力衰 一得之功
dqpta	想起 年老力衰
dqptd	一目了然 一得之功
dqpx	百家超市 天姿国色
dqpxd	百家超市 天姿国色
dqq	一次次 检察官
dqqd	一次次 一颗颗 蚕食鲸吞 一饱眼福 无头告示
dqqdd	一次次 一颗颗 蚕食鲸吞 一饱眼福
dqqdq	无头告示
dqqg	相思 一眨眼 下定决心 形象思维
dqqga	相思
dqqgd	一眨眼 下定决心 形象思维
dqqj	相守 检察官 穿井得人 见物思人
dqqja	相守 检察官 穿井得人 见物思人
dqqm	盲目 枕头 想得
dqqma	枕头 想得
dqqmd	盲目
dqqp	中宇资讯 中职教师 穷家富路
dqqpa	穷家富路
dqqpq	中宇资讯 中职教师
dqqq	万目睽睽 万目睚眦
dqqqd	万目睽睽 万目睚眦
dqqt	相遇 民熙物阜 析微察异 民安物阜
dqqta	相遇 析微察异
dqqtq	民熙物阜 民安物阜
dqqx	想象 一家老小 盲者得镜 忘象得意
dqqxa	想象
dqqxd	一家老小 盲者得镜 忘象得意
dqt	一定要 检察院
dqta	想要 一定要 须要 万头攒动 年头月尾
dqtaa	想要 须要 年头月尾
dqtad	一定要 万头攒动
dqtd	忠实拥趸 梦寐以求 一家三口 松鹤延年
dqtda	梦寐以求 松鹤延年
dqtdd	一家三口
dqtdq	忠实拥趸
dqtj	本职工作 一头雾水 口蜜腹剑 遭遇际会
dqtja	本职工作
dqtjd	一头雾水 遭遇际会
dqtjq	口蜜腹剑
dqtm	想把 下井投石 一字褒贬
dqtma	想把
dqtmd	下井投石 一字褒贬
dqtp	想找 骨寒毛竖
dqtpa	想找
dqtpd	骨寒毛竖
dqtq	检察院 另眼看待
dqtqa	检察院
dqtqq	另眼看待
dqtt	相比 别具肺肠
dqtta	相比
dqttq	别具肺肠
dqtx	攀鳞附翼
dqtxa	攀鳞附翼
dqx	事实上 想得到
dqxa	相当 无聊透顶
dqxaa	相当
dqxaq	无聊透顶
dqxd	欠钱 事实上 百家争鸣 天宝当年
dqxda	欠钱
dqxdd	事实上 百家争鸣 天宝当年
dqxg	史密斯 焉得虎子 一字连城
dqxgd	焉得虎子 一字连城
dqxgq	史密斯
dqxj	相应 干净利落
dqxja	相应 干净利落
dqxm	无家可奔 干净利索 格物致知 下得厨房 中饱私囊
dqxma	干净利索 格物致知 见兔顾犬
dqxmd	下得厨房
dqxmq	无家可奔 中饱私囊 器宇轩昂
dqxp	想到 相反 想得到 无家可归 相得甚欢
dqxpa	想到 相反 想得到 相得甚欢
dqxpq	无家可归
dqxq	相爱 忘寝废食
dqxqa	相爱
dqxqd	忘寝废食
dqxt	一定可以 由守转攻 年老色衰 下塞上聋
dqxta	年老色衰
dqxtd	一定可以 下塞上聋
dqxtq	由守转攻
dqxx	求职意愿 一定程度
dqxxd	求职意愿 一定程度
dta	突然间 吸血鬼
dtaa	无效 无不 无幽不烛 神焦鬼烂 相失交臂
dtaaa	相失交臂
dtaad	神焦鬼烂
dtaaq	无效 无不 无幽不烛
dtad	开山始祖 吹拉弹唱 相持不下 唇焦舌敝 口血未干
dtada	相持不下
dtadd	开山始祖 唇焦舌敝
dtadq	吹拉弹唱 口血未干
dtag	年来 无尽 无敌 吸血鬼 也用不着
dtaga	年来 也用不着
dtagd	神工鬼斧 礼崩乐坏
dtagq	无尽 无敌 吸血鬼 中际装备 口气不善
dtaj	百姓 一文不名 一手交货 遭际不偶 穷追不舍
dtaja	穷追不舍
dtajd	百姓 一文不名 一手交货 遭际不偶 一文不值
dtajq	虽然不能 呼朋引伴
dtam	空间 突然间 无辜 喝西北风 虽然不是
dtama	空间 突然间
dtamq	无辜 喝西北风 虽然不是
dtap	中的函数 百折不回 一向如此 呼朋引类
dtapd	百折不回 一向如此
dtapq	中的函数 呼朋引类
dtaq	一票否决 助我张目
dtaqd	一票否决 助我张目
dtat	一霎那 一毛不拔 百折不挠
dtatd	一霎那 一毛不拔 百折不挠
dtax	也找不到 百看不厌 一手交钱 年近古稀 无乎不可
dtaxa	也找不到 年近古稀
dtaxd	百看不厌 一手交钱 一改故辙
dtaxq	无乎不可
dtd	下雨天 无异于
dtda	呼吸 无极 呼啸 祈祷 桃夭柳媚
dtdaa	桃夭柳媚 桃夭李艳 平白无辜 平白无故 枉费口舌
dtdad	祈祷 天兵天将 一脉相承 一脸无辜 一番口舌
dtdaq	呼吸 无极 呼啸 吹毛求疵 喷雨嘘云
dtdd	无视 中的一员 只要一想 无补于事 一掷百万
dtddd	一掷百万
dtddq	无视 中的一员 只要一想 无补于事
dtdg	唯一 空中 无一 穷泉朽壤 梯山栈谷
dtdga	空中 穷泉朽壤 梯山栈谷 复工复产 李白桃红
dtdgd	天衣无缝 与我无关 一把年纪 严气正性 一丘一壑
dtdgq	唯一 无一 无拘无缚 民脂民膏
dtdj	听见 窗口 无形 百里 鄙吝复萌
dtdja	窗口 繁文末节 穷山恶水 枉己正人 刺股悬梁
dtdjd	百里 形势逼人 一脉相传 一脉相通
dtdjq	听见 无形 鄙吝复萌 口坠天花 无脸见人
dtdm	下雨天 无异于 横抢武夺 再接再砺 咏月嘲风
dtdma	横抢武夺
dtdmd	下雨天 再接再砺 一气呵成 再看一遍 一龙一猪
dtdmq	无异于 咏月嘲风 呼朋唤友 无拘无碍 无挂无碍
dtdp	百万 无助 无穷 中的一些 一招一式
dtdpd	百万 一招一式 开山祖师 一手一足
dtdpq	无助 无穷 中的一些 无以复加 吓我一跳
dtdq	根据事实 桃腮柳眼 咬文嚼字 再看一眼 一月一次
dtdqa	根据事实 桃腮柳眼
dtdqd	再看一眼 一月一次 恶衣恶食
dtdqq	咬文嚼字
dtdt	百年 听听 无望 一阵一阵 形势严峻
dtdta	札手舞脚 楞手楞脚 析肝吐胆 杏脸桃腮 栋折榱崩
dtdtd	百年 一阵一阵 形势严峻 百衣百随 天要下雨
dtdtq	听听 无望 啮雪吞毡
dtdx	呼唤 再接再厉 再接再历 再三再四 一探究竟
dtdxd	再接再厉 再接再历 再三再四 一探究竟
dtdxq	呼唤 无拘无束 吆三喝四 叨陪末座
dtg	一系列 一阵子
dtga	无声 无情 无缘 年级 一击必杀
dtgaa	年级
dtgad	一击必杀 悬崖绝壁 一肚子火 天摇地动
dtgaq	无声 无情 无缘 兄肥弟瘦
dtgd	无悔 根据地 一击即中 开阶立极 根据槃互
dtgda	根据地 根据槃互 根据盘互 枉费心机 枉用心机
dtgdd	一击即中 开阶立极
dtgdq	无悔
dtgg	一阵子 一肚子 空腹高心 天崩地坍 天崩地裂
dtgga	空腹高心 楚腰纤细
dtggd	一阵子 一肚子 天崩地坍 天崩地裂 天崩地塌
dtggq	无以为继 无肠公子
dtgj	望去 一拍即合 繁文缛节 形势喜人 一把死拿
dtgja	繁文缛节 梯山航海
dtgjd	望去 一拍即合 形势喜人 一把死拿
dtgm	无关 无忧 也已经是 材疏志大 天文地理
dtgma	也已经是 材疏志大
dtgmd	天文地理 天覆地载 天震地骇
dtgmq	无关 无忧 啮血为盟
dtgp	一系列 百分 别以为 天授地设 枉费心计
dtgpa	枉费心计 相提并论 枉费心力
dtgpd	一系列 百分 天授地设 一脸坏笑
dtgpq	别以为
dtgq	望着 听着 严防死守 一雪前耻 枉费心思
dtgqa	枉费心思
dtgqd	望着 严防死守 一雪前耻
dtgqq	听着
dtgt	年纪 年前 窗前 忠肝义胆 一肚子气
dtgta	年纪 年前 窗前
dtgtd	一肚子气 一系列的 天气预报 天翻地覆 天崩地陷
dtgtq	忠肝义胆 无以为报 啮雪餐毡 口服心服
dtgx	无心 无处 中的主角 下气怡色 一抹亮色
dtgxd	下气怡色 一抹亮色 天崩地解
dtgxq	无心 无处 中的主角 唯手熟尔
dtja	无胫而来 噬脐何及 口腔溃疡 中西合璧 无以名状
dtjaq	无胫而来 噬脐何及 口腔溃疡 中西合璧 无以名状
dtjd	无名 听他 啮血沁骨 与我何干 一扫而空
dtjdd	与我何干 一扫而空 一脸苦相 百巧千穷
dtjdq	无名 听他 啮血沁骨 无功而禄
dtjg	无法 析肝沥悃 望文生义 开拓创新 一挥而就
dtjga	析肝沥悃 枵腹从公
dtjgd	望文生义 开拓创新 一挥而就 下乔迁谷
dtjgq	无法 吐胆倾心 无功而退 嗒然若丧
dtjj	年龄 百花 亚裔学生 一衣带水 天工人代
dtjja	年龄 槁项没齿 空腹便便 横扫而过 模山范水
dtjjd	百花 亚裔学生 一衣带水 天工人代 一拥而入
dtjjq	吃斋念佛
dtjm	棒打鸳鸯 无的放矢 一氧化碳 一扫而光 虽然没有
dtjma	棒打鸳鸯 干霄蔽日
dtjmd	一氧化碳 一扫而光 神气活现 一挥而成
dtjmq	无的放矢 虽然没有
dtjp	无人 年代 一以贯之 树的生长 禁忌游戏
dtjpa	年代 树的生长 禁忌游戏 空手而回 相向而行
dtjpd	一以贯之 戛然而止 望文生训
dtjpq	无人 无需多言 无需多说 无胫而行 无胫而走
dtjq	邮件 一手住宅 天文学家 横扫千军 恶衣蔬食
dtjqa	横扫千军
dtjqd	一手住宅 天文学家 恶衣蔬食 恶衣菲食
dtjqq	邮件
dtjt	年华 听过 无能 一损俱损 中的作用
dtjta	年华 横拖倒拽 横拖倒扯 横峰侧岭
dtjtd	一损俱损 一脸茫然 下乔入幽
dtjtq	听过 无能 中的作用
dtjx	窗外 望你 听你 啤酒 一掷千金
dtjxa	窗外
dtjxd	望你 一掷千金 天随人原 百岁千秋 一拥而上
dtjxq	听你 啤酒 无胫而至 无功而返 啖以重利
dtm	一阵风 礼拜日
dtma	唯独 一阵风 呆的时间 年的时间 一段时间
dtmaa	年的时间
dtmad	一阵风 一段时间 骨腾肉飞 一雷二闪
dtmaq	唯独 呆的时间 无毛大虫
dtmd	无奈 无知 无理 开山鼻祖
dtmdd	开山鼻祖
dtmdq	无奈 无知 无理
dtmg	窗户 望岫息心 唯我独尊 一抔黄土 木已成舟
dtmga	窗户 木已成舟 槁项黄馘
dtmgd	望岫息心 一抔黄土 望峰息心
dtmgq	唯我独尊 嗜血成性
dtmj	年时 中山大学 遭际时会 一拍两散 喷血自污
dtmja	年时 舞文弄法
dtmjd	遭际时会 一拍两散 下比有余
dtmjq	中山大学 喷血自污 中文大学
dtmm	横抢硬夺 亚拉巴马 政以贿成
dtmma	横抢硬夺
dtmmd	亚拉巴马 政以贿成
dtmp	礼拜日 中山南路 析疑匡谬 神气十足 一手包办
dtmpa	析疑匡谬 舞文弄墨
dtmpd	礼拜日 神气十足 一手包办
dtmpq	中山南路 中气十足
dtmq	正月十五
dtmqd	正月十五
dtmt	无所 唯有 中山医院 枉费日月 一推两搡
dtmta	枉费日月 穷追猛打
dtmtd	一推两搡 忘乎所以 形势所迫 一搭两用 一手独拍
dtmtq	无所 唯有 中山医院
dtmx	中的最后 天粟马角 横三顺四
dtmxa	横三顺四
dtmxd	天粟马角
dtmxq	中的最后
dtp	听我说 一番话
dtpa	无数 听话 一番话 副院长 无以言表
dtpaa	刺股读书
dtpad	一番话 副院长
dtpaq	无数 听话 无以言表
dtpd	无非 中的精神 穷兵黩武 一气之下 相比之下
dtpda	穷兵黩武 相比之下
dtpdd	一气之下 一票难求 一脚踩空 一脚踏空 一隅之见
dtpdq	无非 中的精神 喟然长叹
dtpg	听说 听我说 柏拉图 呈指数级 口腹之欲
dtpga	柏拉图 梯山架壑
dtpgd	一隅之地
dtpgq	听说 听我说 呈指数级 口腹之欲 无服之丧
dtpj	无论 听了 无力 望了 下阪走丸
dtpjd	望了 下阪走丸 一脸迷茫 开山之作
dtpjq	无论 听了 无力
dtpm	攀龙讬凤 无衣之赋 一丘之貉
dtpma	攀龙讬凤
dtpmd	一丘之貉
dtpmq	无衣之赋
dtpp	无双 无常 一技之长 一己之力 一手策划
dtppa	空费词说
dtppd	一技之长 一己之力 一手策划 一拼之力
dtppq	无双 无常 无胆鼠辈 由衷之言
dtpq	无语 天文数字 口腹之累 恶衣粝食
dtpqd	天文数字 恶衣粝食
dtpqq	无语 口腹之累
dtpt	响起 无边 中的数据 中工国际 横拖竖拉
dtpta	横拖竖拉 桃腮粉脸
dtptq	响起 无边 中的数据 中工国际
dtpx	无言 一脚劲射 一己之私 悬崖之上 横三竖四
dtpxa	横三竖四
dtpxd	一脚劲射 一己之私 悬崖之上
dtpxq	无言
dtq	标的物
dtqa	无聊 梦撒寮丁 无以塞责 干霄凌云
dtqaa	梦撒寮丁 干霄凌云
dtqaq	无聊 无以塞责
dtqd	无畏 开雾睹天 民胞物与 开山老祖
dtqdd	开雾睹天 开山老祖
dtqdq	无畏 民胞物与
dtqg	栖丘饮谷 乞哀告怜
dtqga	栖丘饮谷 乞哀告怜
dtqj	见异思迁 哄抬物价
dtqja	见异思迁
dtqjq	哄抬物价
dtqm	听得 邮寄 标的物 事以密成 见鞍思马
dtqma	标的物 见鞍思马
dtqmd	事以密成
dtqmq	听得 邮寄
dtqp	响彻 听取
dtqpq	响彻 听取
dtqq	开拓进取
dtqqd	开拓进取
dtqt	严以律己 正气凛然
dtqtd	严以律己 正气凛然
dtqx	再三考虑
dtqxd	再三考虑
dtt	只需要 一阵阵
dtta	只需要 空白 更需要 梦撒撩丁 天打雷劈
dttaa	空白 梦撒撩丁
dttad	更需要 天打雷劈 悬崖峭壁 夏热握火
dttaq	只需要 吐气扬眉
dttd	更接近于 正月初一 一手托天
dttdd	更接近于 正月初一 一手托天
dttg	无限 枯脑焦心 再衰三竭 枉费工夫 吹气胜兰
dttga	枯脑焦心 枉费工夫
dttgd	再衰三竭
dttgq	无限 吹气胜兰
dttj	无需 年衰岁暮 再衰三涸 窃据要津 夏雨雨人
dttja	年衰岁暮 窃据要津
dttjd	再衰三涸 夏雨雨人
dttjq	无需
dttm	无疑 望向 邮费 一把把 正月初十
dttma	攀龙附骥 攀龙附凤
dttmd	望向 一把把 正月初十 悬崖勒马
dttmq	无疑 邮费
dttp	一把手 一股股 一排排 中集集团 哑然失笑
dttpd	一把手 一股股 一排排 一股脑儿
dttpq	中集集团 哑然失笑
dttq	空气 严阵以待 杜隙防微
dttqa	空气 杜隙防微
dttqd	严阵以待
dttt	无比 武陵山脉 见招拆招 析肝刿胆 一腔热血
dttta	见招拆招 析肝刿胆 突然袭击 穿衣打扮
dtttd	武陵山脉 一腔热血
dtttq	无比
dttx	无用 一阵阵 一把抓 穿衣服 正月初四
dttxa	穿衣服 栎阳雨金
dttxd	一阵阵 一把抓 正月初四 一隅三反
dttxq	无用
dtx	救护车 中山市
dtxa	空虚 救护车 相比较 无际可寻
dtxaa	空虚 相比较
dtxad	救护车
dtxaq	无际可寻
dtxd	年后 干这种事 一手遮天 神兵利器 只手遮天
dtxda	年后 干这种事
dtxdd	一手遮天 神兵利器 神乎其神 忘乎其形
dtxdq	只手遮天 无功受禄
dtxg	无意 槁项黧馘 下陵上替
dtxga	槁项黧馘
dtxgd	下陵上替
dtxgq	无意
dtxj	无可 年度 严打整治 正襟危坐 干脆利落
dtxja	年度 干脆利落
dtxjd	严打整治 正襟危坐
dtxjq	无可
dtxm	神摇意夺 干脆利索 一以当十 舞衫歌扇
dtxma	干脆利索 舞衫歌扇
dtxmd	神摇意夺 一以当十
dtxp	听到 年轻 中山市 事已至此 吹毛利刃
dtxpa	年轻
dtxpd	事已至此 武功秘籍
dtxpq	听到 中山市 吹毛利刃 无肠可断
dtxq	画龙点睛 唾手可得 画脂镂冰
dtxqd	画龙点睛 画脂镂冰
dtxqq	唾手可得
dtxt	年少
dtxta	年少
dtxx	中的角色 中的速度 一己私利 无隙可乘 空乏其身
dtxxa	空乏其身
dtxxd	一己私利
dtxxq	中的角色 中的速度 无隙可乘
dxa	无意间
dxaa	也不 望尘不及
dxaaa	也不
dxaad	望尘不及
dxad	更上层楼 无庸赘述 焚香顶礼 机变如神
dxada	焚香顶礼 机变如神
dxadd	更上层楼
dxadq	无庸赘述
dxag	下来 也好 百战不殆 穿针引线 李广未封
dxaga	也好 穿针引线 李广未封
dxagd	下来 百战不殆
dxaj	无可如何 忠贞不渝 一钱不值 事到如今 一尘不染
dxaja	李广不侯
dxajd	一钱不值 事到如今 一尘不染 万应灵药 一钱如命
dxajq	无可如何 忠贞不渝 口轻舌薄
dxam	下面 无意间 权钱交易 无私奉献 忠贞不二
dxama	权钱交易
dxamd	下面 万应灵丹
dxamq	无意间 无私奉献 忠贞不二 口角春风
dxap	复变函数 县委书记 平稳运行 无可否认
dxapa	复变函数 平稳运行
dxapd	县委书记
dxapq	无可否认
dxaq	也未 相庄如宾 哺乳动物 无可奉告 无可避免
dxaqa	也未 相庄如宾
dxaqq	哺乳动物 无可奉告 无可避免
dxat	下属 神采飞扬
dxatd	下属 神采飞扬
dxax	无可不可 只轮不返 见雀张罗 相当不错 杯觥交错
dxaxa	见雀张罗 相当不错 杯觥交错
dxaxq	无可不可 只轮不返
dxd	相当于 一整天
dxda	民和年丰 根连株逮 百金求间 一点也不 相爱相杀
dxdaa	根连株逮 相爱相杀
dxdad	百金求间 一点也不
dxdaq	民和年丰
dxdd	一连串 一上一下 严岛神社 患至呼天 木秀于林
dxdda	木秀于林
dxddd	一连串 一上一下 严岛神社 一觞一咏
dxddq	患至呼天
dxdg	无意中 一针一线 万赖无声 形销骨立 无虑无忧
dxdga	见利忘义
dxdgd	一针一线 万赖无声 形销骨立 政府机关 且战且退
dxdgq	无意中 无虑无忧 呼庚呼癸 鸣锣开道 鸣锣喝道
dxdj	一点一滴 神秘事件 无可柰何 恶尘无染 柙虎樊熊
dxdja	柙虎樊熊 榜上无名 究其根源 树上开花
dxdjd	一点一滴 神秘事件 恶尘无染 恶意中伤
dxdjq	无可柰何 无可救药 品种繁多 嘤其鸣矣
dxdm	由于 下午 相当于 一整天 吃香喝辣
dxdma	相当于 相辅相成 相反相成 年少无知 横蛮无理
dxdmd	下午 一整天 互利互惠 弊车羸马
dxdmq	由于 吃香喝辣 呼卢喝雉 无罣无碍
dxdp	下楼 也别 救市政策 祝愿中国 窃钩窃国
dxdpa	也别 窃钩窃国 相顾无言 午夜梦回
dxdpd	下楼 救市政策 祝愿中国
dxdpq	另当别论 吴市吹箫
dxdq	桎梏 响应机制 森罗万象 无虑无思
dxdqa	桎梏 森罗万象
dxdqq	响应机制 无虑无思
dxdt	也无 想当年 根连株拔 无束无拘 恶积祸盈
dxdta	也无 想当年 根连株拔 焚香礼拜
dxdtd	恶积祸盈 一身正气 一针见血 百战百胜
dxdtq	无束无拘 无遮无拦
dxdx	呵呵 呜呜 天底下 一点一点 一辆一辆
dxdxa	极其恶劣 复习复习
dxdxd	天底下 一点一点 一辆一辆 一错再错 一至于斯
dxdxq	呵呵 呜呜 只轮无反 民和年稔 咬钉嚼铁
dxg	无意义 一致性
dxga	下场 无意义 福至心灵 神色慌张 中秋快乐
dxgad	下场 福至心灵 神色慌张 开基立业
dxgaq	无意义 中秋快乐
dxgd	中小规模 一争高下
dxgdd	一争高下
dxgdq	中小规模
dxgg	下子 神秘主义 神秘兮兮 一点就着 天愁地惨
dxggd	下子 神秘主义 神秘兮兮 一点就着 天愁地惨
dxgj	下去 一致性 骨质增生 妻离子散 一触即溃
dxgjd	下去 一致性 骨质增生 妻离子散 一触即溃
dxgjq	无可替代
dxgm	中原地区 棱角分明 天罗地网
dxgma	棱角分明
dxgmd	天罗地网
dxgmq	中原地区
dxgp	下列 也曾 中速增长 一意孤行 一触即发
dxgpa	也曾
dxgpd	下列 一意孤行 一触即发
dxgpq	中速增长
dxgq	下单 一反既往
dxgqd	下单 一反既往
dxgt	野战部队 鸣金收兵
dxgtq	野战部队 鸣金收兵
dxgx	也就 中原高速 中轴线上 一厢情愿 极致享受
dxgxa	也就 极致享受 桂馥兰香
dxgxd	一厢情愿 忘战必危 天罡地煞
dxgxq	中原高速 中轴线上 吊尔郎当
dxj	年轻人 哈尔滨
dxja	也会 村委会 中小企业 望尘莫及 天上人间
dxjaa	也会 村委会
dxjad	望尘莫及 天上人间 下车伊始 开基创业
dxjaq	中小企业 无可名状 无翼而飞
dxjd	下方 祁奚举午 互利共赢 事急从权 由上而下
dxjdd	下方 祁奚举午 互利共赢 事急从权
dxjdq	由上而下
dxjg	下注 望尘僄声 穷鸟入怀
dxjga	穷鸟入怀
dxjgd	下注 望尘僄声
dxjj	中小学生 里应外合 株连九族 一醉方休 一应俱全
dxjja	株连九族 焚香沐浴
dxjjd	一醉方休 一应俱全 一致通过 百废俱兴 神秘莫测
dxjjq	中小学生 里应外合
dxjm	口壅若川 百身莫赎 百身何赎 下车作威 口角生风
dxjmd	百身莫赎 百身何赎 下车作威
dxjmq	口壅若川 口角生风
dxjp	也没 年轻人 呷醋节帅 梗迹萍踪 枕席过师
dxjpa	也没 年轻人 梗迹萍踪 枕席过师 相辅而行
dxjpd	百转千回 一触而发
dxjpq	呷醋节帅 吃错药了
dxjq	哈尔滨 中小学 万赖俱寂 见可而进
dxjqa	见可而进
dxjqd	万赖俱寂
dxjqq	哈尔滨 中小学
dxjt	也能 也可能 逼上梁山 梗迹蓬飘 无其伦比
dxjta	也能 也可能 梗迹蓬飘 极其重要
dxjtd	逼上梁山 妄尘而拜 形色仓皇 望尘而拜
dxjtq	无其伦比
dxjx	中秋节 鄂尔多斯 年少多金 中原逐鹿 下车泣罪
dxjxa	年少多金
dxjxd	下车泣罪
dxjxq	中秋节 鄂尔多斯 中原逐鹿
dxm	里程碑
dxma	下巴 响应时间 再铸辉煌 望尘奔北 一床两好
dxmad	下巴 再铸辉煌 望尘奔北 一床两好
dxmaq	响应时间
dxmd	史上最严 一连几天 无私有弊 平原易野 福尔马林
dxmda	平原易野 平铺直述
dxmdd	一连几天 福尔马林
dxmdq	史上最严 无私有弊 唯利是视 唯利是求
dxmg	也在 也太 窒息 年少有为 中原大地
dxmga	也在 也太 窒息 年少有为 年轻有为
dxmgd	恶迹昭着 求其友声
dxmgq	中原大地 史上最差 口角风情
dxmj	只争朝夕 年度十佳 史上最多 恶迹昭著 无其奈何
dxmja	年度十佳 横科暴敛 榜上有名 平铺直叙
dxmjd	恶迹昭著 亡可奈何 一夜风流 神色自若 一夜成名
dxmjq	只争朝夕 史上最多 无其奈何 听其自流 无可奈何
dxmm	杭州 史上最大 百鸟朝凤 相习成风 无可辩驳
dxmma	杭州 相习成风
dxmmd	百鸟朝凤 画虎成狗 祥麟威凤 一轨同风
dxmmq	史上最大 无可辩驳
dxmp	下班 史上最长 唯利是图 只可远观
dxmpd	下班
dxmpq	史上最长 唯利是图 只可远观
dxmq	祝愿大家 枉曲直凑 一身两头 史上最牛 一身两役
dxmqa	枉曲直凑
dxmqd	祝愿大家 一身两头 一身两役
dxmqq	史上最牛
dxmt	也是 也有 里程碑 野战医院 枚速马工
dxmta	也是 也有 枚速马工 平反昭雪 杷罗剔抉
dxmtd	望其肩项 一身是胆 忘其所以
dxmtq	里程碑 野战医院 民殷财阜 听其自然 器小易盈
dxmx	一点两点 见解独到 一致同意 平铺直序 无私有意
dxmxa	见解独到 平铺直序 穿金戴银
dxmxd	一点两点 一致同意 天上石麟
dxmxq	无私有意
dxp	下意识 一点儿
dxpa	极少数 一致行动 下车之始 亚利桑那 一夜之间
dxpaa	极少数 年轻力壮
dxpad	一致行动 下车之始 亚利桑那 一夜之间
dxpaq	无可言状
dxpd	也许 吵架 下意识 一点儿 无意识
dxpda	也许
dxpdd	下意识 一点儿
dxpdq	吵架 无意识 无意之中
dxpg	也说 与其说 中庸之道 一席之地 横针竖线
dxpga	也说 横针竖线 李广难封
dxpgd	与其说 一席之地 一致认为 天意难违
dxpgq	中庸之道
dxpj	也该 也应该 祁奚之举 极少数人 祁奚之荐
dxpja	也该 也应该 极少数人
dxpjd	祁奚之举 祁奚之荐
dxpm	无私之光 一反常态 画虎类狗
dxpmd	一反常态 画虎类狗
dxpmq	无私之光
dxpp	无庸讳言 无可非议 相当困难 无稽之谈 无可讳言
dxppa	相当困难 平庸之辈
dxppd	天府之国
dxppq	无庸讳言 无可非议 无稽之谈 无可讳言 无稽之言
dxpq	也算 见习记者 事到临头 民殷国富 横躺竖卧
dxpqa	也算 见习记者 横躺竖卧
dxpqd	事到临头 一麾出守
dxpqq	民殷国富
dxpt	由此 中钢国际 中银国际 下意识的 横遮竖挡
dxpta	横遮竖挡
dxptd	下意识的
dxptq	由此 中钢国际 中银国际
dxpx	见色起意 天香国色 骨软筋酥
dxpxa	见色起意
dxpxd	天香国色 骨软筋酥
dxq	一转眼
dxqa	档案 正当职业
dxqaa	档案
dxqad	正当职业
dxqd	下次 见钱眼开 无期徒刑
dxqda	见钱眼开
dxqdd	下次
dxqdq	无期徒刑
dxqg	也很 一转眼 再度聚首 棋输先着 一身五心
dxqga	也很 棋输先着 见利思义
dxqgd	一转眼 再度聚首 一身五心 开科取士
dxqj	百废待兴 棋输先著 无可取代 一身冷汗 百废待举
dxqja	棋输先著 材轻德薄
dxqjd	百废待兴 一身冷汗 百废待举
dxqjq	无可取代
dxqm	也都 也得 由得 下头 相当容易
dxqma	也都 也得 相当容易
dxqmd	下头
dxqmq	由得
dxqp	社稷次之 窃钩者诛
dxqpa	窃钩者诛
dxqpd	社稷次之
dxqt	遭遇 民康物阜 望秋先零
dxqtd	遭遇 望秋先零
dxqtq	民康物阜
dxqx	灭虢取虞 忘战者危 一锤定音 攀车卧辙 攀辕卧辙
dxqxa	攀车卧辙 攀辕卧辙
dxqxd	灭虢取虞 忘战者危 一锤定音
dxt	也可以 武当山
dxta	也要 严厉指责 望其项背 无可指责
dxtaa	也要
dxtad	严厉指责 望其项背
dxtaq	无可指责
dxtd	曹操 骨质疏松 与其这样
dxtdd	曹操 骨质疏松 与其这样
dxtg	下降 也已 一座皆惊 焚香扫地
dxtga	也已 焚香扫地
dxtgd	下降 一座皆惊
dxtj	也可以 正当工作 年久失修 见危授命 望尘拜伏
dxtja	也可以 年久失修 见危授命
dxtjd	正当工作 望尘拜伏
dxtjq	无可比伦
dxtm	呵护 中度抑郁 亚历山大 年少气盛 无可限量
dxtma	年少气盛
dxtmd	亚历山大
dxtmq	呵护 中度抑郁 无可限量 无可挑剔
dxtp	下手 也被 下山 武当山 也可以说
dxtpa	也被 也可以说
dxtpd	下手 下山 武当山
dxtpq	中小股东 无可挽回
dxtq	也看 福利院 开利除害 无罪推定 无可比象
dxtqa	也看
dxtqd	福利院 开利除害
dxtqq	无罪推定 无可比象
dxtt	下雨 一键升降 正当手段 无可比拟 无可抗拒
dxtta	焚香膜拜
dxttd	下雨 一键升降 正当手段
dxttq	无可比拟 无可抗拒 无可指摘
dxtx	正当防卫 望尘追迹 相顾失色
dxtxa	相顾失色
dxtxd	正当防卫 望尘追迹
dxx	核辐射 一点点
dxxa	下车 相当麻烦 无迹可寻 望尘靡及
dxxaa	相当麻烦
dxxad	下车 望尘靡及
dxxaq	无迹可寻
dxxd	一点点 一致意见 由上至下 查尔斯顿 无迹可求
dxxda	查尔斯顿 平原督邮
dxxdd	一点点 一致意见
dxxdq	由上至下 无迹可求 无可置喙
dxxg	也罢 无置锥地 一秉至公
dxxga	也罢
dxxgd	一秉至公
dxxgq	无置锥地
dxxj	核辐射 也应 一季度 严厉整治 中质原油
dxxja	核辐射 也应
dxxjd	一季度 严厉整治
dxxjq	中质原油 只可意会 吹角连营
dxxm	无庸置辩 年少轻狂 本小利大 无可争辩 无可置辩
dxxma	年少轻狂 本小利大
dxxmq	无庸置辩 无可争辩 无可置辩
dxxp	遭到 本质上讲 究其原因 无可厚非 相当可观
dxxpa	本质上讲 究其原因 相当可观
dxxpd	遭到
dxxpq	无可厚非
dxxq	遭受 无章可循 本小利微
dxxqa	本小利微
dxxqd	遭受
dxxqq	无章可循
dxxt	遭受质疑 遭到质疑 枉勘虚招 无庸置疑 无可置疑
dxxta	枉勘虚招
dxxtd	遭受质疑 遭到质疑 形迹可疑
dxxtq	无庸置疑 无可置疑
dxxx	板上钉钉 神采奕奕 天上麒麟 福尔摩斯
dxxxa	板上钉钉
dxxxd	神采奕奕 天上麒麟 福尔摩斯
gaa	新局面
gaaa	美女如云 绝妙好辞
gaaad	绝妙好辞
gaaaq	美女如云
gaad	喜闻乐见 养痈遗患 退耕还林 豪门贵胄
gaada	喜闻乐见
gaadd	退耕还林
gaadq	养痈遗患 豪门贵胄
gaag	缘故 赤舌烧城 送故迎新
gaaga	送故迎新
gaagd	缘故
gaagq	赤舌烧城
gaaj	贫病交侵 高屋建瓴 残缺不全 心静如水 妾不如偷
gaaja	贫病交侵 心静如水
gaajd	妾不如偷
gaajq	高屋建瓴 残缺不全
gaam	爸妈 场面 新局面 八面来风 绝不姑息
gaama	爸妈 八面来风 快如闪电 前古未有
gaamd	新局面 绝不姑息
gaamq	场面
gaap	高效运行 贫病交加 心素如简
gaapa	贫病交加 心素如简
gaapq	高效运行
gaaq	惊魂未定 心如古井 半间不界
gaaqa	惊魂未定 心如古井 半间不界
gaat	毫不动摇 红装素裹 颜面尽失 毫不迟疑 贫病交攻
gaata	贫病交攻 贫病交迫
gaatd	红装素裹 颜面尽失
gaatq	毫不动摇 毫不迟疑
gaax	心乱如麻 愧不敢当 纷乱如麻 吉凶未卜 八面张罗
gaaxa	心乱如麻 愧不敢当 八面张罗
gaaxd	纷乱如麻
gaaxq	吉凶未卜
gad	立交桥 主动权
gada	毫不示弱 孤魂野鬼 殃及无辜
gadaa	孤魂野鬼
gadaq	毫不示弱 殃及无辜
gadd	毫不相干 吉凶祸福 瓮尽杯干 公门桃李
gadda	瓮尽杯干 公门桃李
gaddq	毫不相干 吉凶祸福
gadg	统一 怀中 声中 丧尽天良 分烟析产
gadga	怀中 分烟析产 恍如梦境
gadgd	统一
gadgq	声中 丧尽天良
gadj	情形 怀里 冬虫夏草 分烟析生 羞面见人
gadja	情形 怀里 冬虫夏草 分烟析生 心如悬旌
gadjq	羞面见人 封建社会 幸不辱命
gadm	剖蚌求珠 亲如骨肉 分门别户 八面见光
gadma	分门别户 八面见光
gadmd	剖蚌求珠 亲如骨肉
gadp	级别 主动权 继承权 竞业禁止 登录邮箱
gadpa	登录邮箱 分门别类 喜怒无常
gadpd	级别 主动权 继承权 竞业禁止 为蛇画足
gadpq	旧病复发
gadq	幻想 心弛神往 并不一定 孤云野鹤
gadqa	心弛神往 并不一定 孤云野鹤
gadqd	幻想
gadt	声响 立交桥 就业形势 首屈一指 公司员工
gadta	首屈一指 公司员工
gadtd	立交桥
gadtq	声响 就业形势 盖不由己
gadx	首尾呼应 鹬蚌相争 首尾相应
gadxa	首尾呼应 首尾相应
gadxd	鹬蚌相争
gag	主动性 够不够
gaga	爸爸 爷爷 情怀 公司主业 商业公司
gagaa	爸爸 爷爷 情怀 公司主业 子承父业
gagad	商业公司 端屎端尿 为鬼为蜮
gagaq	死贵死贵
gagd	父亲 八条 纸条 烈焰红唇 瓮牖绳枢
gagda	父亲 八条 瓮牖绳枢
gagdd	纸条
gagdq	烈焰红唇 封胡羯末
gagg	八卦 孔子 善始善终 关门弟子 绕来绕去
gagga	八卦 孔子 关门弟子 恬不为怪
gaggd	绕来绕去 丝来线去
gaggq	善始善终
gagj	主动性 够不够 美妙绝伦 高不高兴 愤不欲生
gagja	愤不欲生
gagjd	主动性
gagjq	够不够 美妙绝伦 高不高兴 烈火烹油
gagm	声道 纽约 心如死灰 公买公卖 半青半黄
gagma	心如死灰 公买公卖 半青半黄
gagmd	纽约
gagmq	声道
gagp	义务 缘分 经帮纬国 喜不喜欢 熟门熟路
gagpa	喜不喜欢
gagpd	义务 缘分 经帮纬国
gagpq	熟门熟路
gagq	情绪 怀着 鹑居鷇食 慈眉善目
gagqa	情绪 怀着 慈眉善目
gagqq	鹑居鷇食
gagt	赤红 绝顶高手 死不悔改 曾不惨然
gagta	曾不惨然
gagtd	绝顶高手
gagtq	赤红 死不悔改
gagx	公交站点 毫不逊色 维妙维肖 惟妙惟肖 去泰去甚
gagxa	公交站点 惟妙惟肖 恬不为意 关门养虎
gagxd	维妙维肖
gagxq	毫不逊色 去泰去甚
gaj	差不多 就不会
gaja	就不会 怀念 绝不会 并不会 分不清
gajaa	怀念 并不会 分不清 忙不过来 关门落闩
gajad	绝不会
gajaq	就不会
gajd	场合 情侣 并不多见 分不清楚 地痞流氓
gajda	情侣 并不多见 分不清楚 道尽途穷
gajdq	场合 地痞流氓
gajg	八个 公司法 逢凶化吉 收买人心 道尽涂殚
gajga	八个 公司法 逢凶化吉 道尽涂殚
gajgd	收买人心 旁门邪道 绕不过去 亲痛仇快 旁门外道
gajgq	声闻过情
gajj	差不多 统治 高效节水 新春佳节 贫不学俭
gajja	贫不学俭 怀古伤今 惊蛇入草 八面莹澈
gajjd	统治 新春佳节 为蛇若何
gajjq	差不多 高效节水
gajm	父母 关门放狗
gajma	父母 关门放狗
gajp	情人 坏人 残疾人 继承人 颁奖仪式
gajpa	情人 颁奖仪式 登录游戏
gajpd	继承人 竭尽全力 为蛇添足
gajpq	坏人 残疾人 差不多了 死不旋踵
gajq	红烧带鱼 缉毒警察 殃及池鱼
gajqd	红烧带鱼 缉毒警察
gajqq	殃及池鱼
gajt	普通 就不能 绝不能 恨不能 并不能
gajta	普通 恨不能 并不能 半壁江山
gajtd	绝不能 即将消失 站不住脚 绝不放手 纸贵洛阳
gajtq	就不能 高居深拱 丧魂落魄
gajx	情节 毫不介意 缓不济急 差强人意 声如洪钟
gajxa	情节
gajxd	缓不济急 新婚燕尔
gajxq	毫不介意 差强人意 声如洪钟 声动梁尘
gam	并不是 就不是
gama	情恕理遣 毫不夸张 高门大屋 怕鬼有鬼
gamaa	情恕理遣 怕鬼有鬼
gamaq	毫不夸张 高门大屋
gamd	情感 殊不知 心不在焉 前不巴村 喜不自禁
gamda	情感 心不在焉 前不巴村 喜不自禁 情不自禁
gamdq	殊不知 封疆大吏 养痈成患 封胡遏末
gamg	场景 普遍 情景 毫不犹豫 恬不知愧
gamga	普遍 情景 恬不知愧 关门大吉 并不知道
gamgd	退居二线 旁门左道 为好成歉
gamgq	场景 毫不犹豫 膏火自煎 高飞远翔
gamj	丧门星 竭尽所能 尊姓大名 毫不理会 差不太多
gamja	尊姓大名
gamjd	竭尽所能
gamjq	丧门星 毫不理会 差不太多 高姓大名 高飞远举
gamm	绿码 烈火辨日 高门大户 八面玲珑 享帚自珍
gamma	八面玲珑 八面威风 八面驶风
gammd	绿码
gammq	烈火辨日 高门大户 享帚自珍
gamp	八十 志不在此 并不是说 去留两难 高飞远走
gampa	八十 并不是说
gampq	志不在此 去留两难 高飞远走
gamq	恬不知耻 豪门巨室
gamqa	恬不知耻
gamqq	豪门巨室
gamt	并不是 场所 就不是 孔明 高飞远集
gamta	并不是 孔明 喜不自胜 情不自已
gamtq	场所 就不是 高飞远集
gamx	心灵感应 高飞远遁 逆来顺受
gamxa	心灵感应 逆来顺受
gamxq	高飞远遁
gap	总书记 经不起
gapa	统筹 纪群之交 惨不忍闻 半面之交
gapaa	惨不忍闻 半面之交
gapad	统筹 纪群之交
gapd	结婚证 公司监事 逢君之恶
gapda	公司监事 逢君之恶
gapdd	结婚证
gapg	主动请缨 死不足惜 并不认为 心如刀绞 半面之旧
gapga	并不认为 心如刀绞 半面之旧
gapgd	主动请缨
gapgq	死不足惜
gapj	坏了 商业精英 韦弦之佩 美女簪花 心如止水
gapja	心如止水 心痒难耐 八面圆通 颂古非今
gapjd	商业精英
gapjq	坏了 韦弦之佩 美女簪花
gapm	统计
gapmd	统计
gapp	总建筑师 养育之恩 毫不讳言 惨不忍言
gappa	总建筑师 惨不忍言
gappq	养育之恩 毫不讳言
gapq	纳履踵决 乡书难寄 毫不起眼 惨不忍睹 纳屦踵决
gapqa	惨不忍睹 心如刀割 喜眉笑眼
gapqd	纳履踵决 乡书难寄 纳屦踵决
gapqq	毫不起眼
gapt	总书记 经不起 膏火之费 主动出击 心痒难挠
gapta	总书记 心痒难挠
gaptd	经不起 主动出击
gaptq	膏火之费
gapx	惊弓之鸟
gapxa	惊弓之鸟
gaq	怪不得 恨不得
gaqa	纲挈目张 子丑寅卯 义不容辞 恃强凌弱 立业安邦
gaqaa	子丑寅卯 恃强凌弱
gaqad	纲挈目张 义不容辞 立业安邦
gaqd	情况 公司职员
gaqda	情况 公司职员
gaqg	壶浆塞道 悍不畏死 城北徐公
gaqga	悍不畏死
gaqgq	壶浆塞道 城北徐公
gaqj	并不完全 冬烘先生
gaqja	并不完全 冬烘先生
gaqm	怪不得 恨不得 并不容易 绝顶聪明 剖蚌得珠
gaqma	怪不得 恨不得 并不容易
gaqmd	绝顶聪明 剖蚌得珠
gaqmq	美如冠玉 餐云卧石
gaqp	商业资讯 纳履决踵
gaqpd	商业资讯 纳履决踵
gaqq	恪尽职守 死不瞑目 地丑德齐 死眉瞪眼
gaqqa	恪尽职守
gaqqq	死不瞑目 地丑德齐 死眉瞪眼
gaqt	新闻联播
gaqtd	新闻联播
gaqx	恨如头醋 新来乍到
gaqxa	恨如头醋
gaqxd	新来乍到
gat	就不要 并不比
gata	就不要 违强陵弱 必不挠北 喜怒哀乐 道不拾遗
gataa	必不挠北 喜怒哀乐 道不拾遗 心烦技痒
gataq	就不要 违强陵弱 城门失火
gatd	子弹击中 登录手机 心闲手敏 剪烛西窗
gatda	子弹击中 登录手机 心闲手敏 剪烛西窗
gatg	怀孕 忙不迭 终将逝去 美不胜收 颜面扫地
gatga	怀孕 忙不迭
gatgd	终将逝去 颜面扫地 退居三线
gatgq	美不胜收 死不改悔
gatj	高效工作 产业革命 退避三舍 收尾工作 绞尽脑汁
gatja	恍如隔世 尊古卑今 忙不择价
gatjd	产业革命 退避三舍 收尾工作 绞尽脑汁 纯属巧合
gatjq	高效工作
gatm	怀疑 怀抱 父皇 赫然 怀敌附远
gatma	怀疑 怀抱 父皇 怀敌附远 关门捉贼
gatmd	商业气息
gatmq	赫然
gatp	分居异爨 慌不择路 毫不费力 毫不费劲 亲如手足
gatpa	分居异爨 慌不择路
gatpd	亲如手足
gatpq	毫不费力 毫不费劲
gatq	毫不掩饰
gatqq	毫不掩饰
gatt	并不比 就业指导 并不需要 地动山摇 心灵手巧
gatta	并不比 并不需要 心灵手巧
gattq	就业指导 地动山摇
gatx	情报 退如山移 前门拒虎
gatxa	情报 前门拒虎
gatxd	退如山移
gax	公交车 产业链
gaxa	公交车 必不可缺 心烦意乱 八面受敌
gaxaa	公交车 必不可缺 心烦意乱 八面受敌
gaxd	鼓励 场上 绿卡 纯属虚构 高不可攀
gaxda	鼓励
gaxdd	绿卡 纯属虚构 红飞翠舞
gaxdq	场上 高不可攀
gaxg	前不久 高效率 恰如其分 结不解缘 情不可却
gaxga	前不久 恰如其分 情不可却
gaxgd	结不解缘 旁门小道
gaxgq	高效率 高不可登
gaxj	并不意外 纯属意外 必承其重 总不可能
gaxja	并不意外 必承其重 总不可能
gaxjd	纯属意外
gaxm	绿色 高素质 心如铁石
gaxma	心如铁石
gaxmd	绿色
gaxmq	高素质
gaxp	孤履危行 商业银行 孰不可忍 旁引曲证
gaxpa	孤履危行
gaxpd	商业银行 旁引曲证
gaxpq	孰不可忍
gaxq	收效甚微 乡壁虚造
gaxqd	收效甚微 乡壁虚造
gaxt	情愿 毫不利己 悔不当初 拳不离手 赤壁鏖兵
gaxta	情愿 悔不当初 拳不离手
gaxtq	毫不利己 赤壁鏖兵 烈火轰雷
gaxx	声音 产业链 必不可少 怀璧其罪
gaxxa	必不可少 怀璧其罪
gaxxd	产业链
gaxxq	声音
gdaa	夫妇 既不 豪迈不群 赤口毒舌
gdaaa	夫妇
gdaad	既不
gdaaq	豪迈不群 赤口毒舌
gdad	毫末不札 柔枝嫩叶 心术不正 义正辞严 前事不忘
gdada	心术不正 前事不忘 心口不一 心口如一
gdadd	柔枝嫩叶 义正辞严
gdadq	毫末不札
gdag	新娘 柔枝嫩条 典妻鬻子 为恶不悛 惊天动地
gdaga	惊天动地 怙恶不悛 尊严尽丧
gdagd	新娘 柔枝嫩条 典妻鬻子 为恶不悛 绝口不道
gdaj	欲求不满 缛礼烦仪 规模效益 绿林好汉 前无古人
gdaja	欲求不满 规模效益 前无古人
gdajd	缛礼烦仪 绿林好汉
gdajq	美丽动人
gdam	部门 地面 残疾 分别门户 竭忠尽智
gdama	分别门户 公平交易
gdamd	部门 竭忠尽智
gdamq	地面 残疾
gdap	缄口不言 高攀不起 美中不足 高视阔步 舟中敌国
gdapd	缄口不言 舟中敌国
gdapq	高攀不起 美中不足 高视阔步 高材疾足
gdaq	新闻 羌无故实 心神不定 心神不安
gdaqa	心神不定 心神不安
gdaqd	新闻
gdaqq	羌无故实
gdat	豪末不掇 惊叹不已 夫唱妇随 绝口不提 公正不阿
gdata	惊叹不已 夫唱妇随 公正不阿
gdatd	绝口不提
gdatq	豪末不掇
gdax	高悬秦镜 必里迟离 纵横交错 惨遭屠戮 吉祥如意
gdaxa	必里迟离 惨遭屠戮
gdaxd	纵横交错 盘根问底
gdaxq	高悬秦镜 吉祥如意
gdd	红楼梦 慢吞吞
gdda	夫妻 贫嘴恶舌 心中一动 乡野村妇 心中一痛
gddaa	夫妻 贫嘴恶舌 心中一动 心中一痛
gddad	乡野村妇
gddd	红楼梦 盘木朽株 餐松啖柏 敲骨吸髓 土木形骸
gdddd	红楼梦 盘木朽株
gdddq	餐松啖柏 敲骨吸髓 土木形骸
gddg	公平正义 分一杯羹 高枕无忧 单口相声 壶中天地
gddga	公平正义 分一杯羹 单口相声 夫妻一场
gddgd	经史百子
gddgq	高枕无忧 壶中天地
gddj	规模 新型 地里 死亡事件 劫机事件
gddja	规模 欲哭无泪 冬裘夏葛
gddjd	新型 端本正源 纷繁复杂 细枝末节 旁枝末节
gddjq	地里 死亡事件 劫机事件 塔里木河 死里求生
gddm	慢吞吞 心想事成 韬形灭影 赤县神州 公平正直
gddma	慢吞吞 心想事成 公平正直 惨无天日 孤形吊影
gddmq	韬形灭影 赤县神州 地平天成
gddp	心中无数 退一万步 丧权辱国 必遭天谴
gddpa	心中无数 必遭天谴
gddpd	退一万步
gddpq	丧权辱国
gddq	熟视无睹 盖棺事定 为天下先 贫下中农 缘木求鱼
gddqa	贫下中农 登木求鱼
gddqd	为天下先 缘木求鱼
gddqq	熟视无睹 盖棺事定
gddt	欲望 童年
gddta	欲望
gddtd	童年
gddx	地下 地板 喜形于色 喜见于色 公正无私
gddxa	喜形于色 喜见于色 公正无私 公平无私 规求无度
gddxd	义形于色 盘根究底
gddxq	地下 地板
gdg	结构性 地平线
gdga	总统 亲情 慌里慌张 新年快乐 首开纪录
gdgaa	总统 慌里慌张 首开纪录 分别部居
gdgad	亲情 新年快乐 航空公司 缄口结舌
gdgd	组织 亲亲 条款 地平线 殖民地
gdgda	条款 祭祀典礼 怪模怪样 半吞半吐
gdgdd	组织 亲亲 细嚼慢咽
gdgdq	地平线 殖民地
gdgg	总结 喜悦 绳子 新增 殖民主义
gdgga	总结 喜悦 心无旁骛 心神恍惚
gdggd	绳子 新增 经天纬地
gdggq	殖民主义 高下立判 高干子弟
gdgj	结构性 逆天违众 为民父母 公开场合 羞与为伍
gdgja	逆天违众 公开场合 忙里忙外 愧天怍人
gdgjd	结构性 为民父母
gdgjq	羞与为伍 违天悖人
gdgm	地道 违天悖理 悄无声息 良辰美景 良辰吉日
gdgma	悄无声息 逆天违理
gdgmd	良辰美景 良辰吉日
gdgmq	地道 违天悖理 善恶分明 违天逆理
gdgp	部分 地址 纪检组长 关于终止 逢机立断
gdgpa	关于终止 逢机立断 公事公办 兼权熟计 公听并观
gdgpd	部分 纪检组长 删繁就简 为裘为箕
gdgpq	地址 毫无预兆 高开高走
gdgq	忙着 八百孤寒 列祖列宗 绿林豪客 父严子孝
gdgqa	忙着 八百孤寒 父严子孝
gdgqd	绿林豪客
gdgqq	列祖列宗
gdgt	经史子集 鼓舞士气 毫无关系 纬武经文
gdgta	鼓舞士气
gdgtd	经史子集 纬武经文
gdgtq	毫无关系
gdgx	坎坷 地产 公平竞争 半梦半醒 毫无逊色
gdgxa	公平竞争 半梦半醒 贫无立锥
gdgxq	坎坷 地产 毫无逊色
gdj	新一代 高中生
gdja	总会 弟兄们 单见浅闻 坏事做尽 美味佳肴
gdjaa	总会 弟兄们 单见浅闻 忙里偷闲 贫嘴薄舌
gdjaq	坏事做尽 美味佳肴 毫无保留 善与人交 死无全尸
gdjd	地方 总体 组合 地中海 高中低档
gdjda	总体 夫复何求 夹枪带棒 夹枪带棍
gdjdd	组合 绵里薄材
gdjdq	地方 地中海 高中低档 高中住校
gdjg	地位 部位 条例 纯洁 总政治部
gdjga	条例 总政治部 惨无人道 鼓舞人心
gdjgd	部位 纯洁 航空母舰 旁求俊彦
gdjgq	地位 高中低端 高下任心 封妻荫子 埋天怨地
gdjj	规范 心事重重 细嗅蔷薇 逢年过节 纵横江湖
gdjja	规范 心事重重 逢年过节 喜极而泣 心无杂念
gdjjd	细嗅蔷薇 纵横江湖
gdjm	残年暮景 兹事体大 处事作风 绝无仅有 柔中带刚
gdjma	兹事体大 处事作风 公平合理 惨无人理
gdjmd	绝无仅有 柔中带刚
gdjmq	残年暮景
gdjp	夫人 新生 新人 亲人 新一代
gdjpa	夫人 道听途说 公忠体国
gdjpd	新生 新人 亲人 新一代 乡下人
gdjpq	高中生 城里人 高开低走 埋下伏笔 残年余力
gdjq	条件 孤悬浮寄 毫无节制 绚丽多姿 综核名实
gdjqa	条件 孤悬浮寄 釜中游鱼 釜中生鱼
gdjqd	绚丽多姿 综核名实
gdjqq	毫无节制 高枕而卧
gdjt	总能 地下修文 分形共气 毫无作用
gdjta	总能 分形共气
gdjtq	地下修文 毫无作用
gdjx	埋怨 绵里藏针
gdjxd	绵里藏针
gdjxq	埋怨
gdm	幸福感 商品房
gdma	地区 组成 忙碌 恢复时间 织楚成门
gdmaa	忙碌 恢复时间 心里有鬼 心中有鬼 贫嘴贱舌
gdmad	组成 织楚成门 立木南门
gdmaq	地区 膏唇贩舌 养虺成蛇
gdmd	地球 幸福感 高下在口 毫无理由 心中所想
gdmda	心中所想
gdmdq	地球 幸福感 高下在口 毫无理由
gdmg	亲自 埋在 总在 高枕勿忧 就正有道
gdmga	总在 普天匝地
gdmgd	亲自 绝无二心
gdmgq	埋在 高枕勿忧 就正有道 壶里乾坤 高下在心
gdmj	商品房 吉林大学 绿树成荫
gdmjd	商品房 绿树成荫
gdmjq	吉林大学
gdmm	规矩 美梦成真 逆天犯顺 兼听则明 纵横驰骋
gdmma	规矩 逆天犯顺 兼听则明 单枪匹马 恨相知晚
gdmmd	纵横驰骋
gdmmq	美梦成真 去也匆匆 毫无所知
gdmp	规则 地狱 总裁 心里有些 心里有数
gdmpa	规则 总裁 心里有些 心里有数 心中有数
gdmpd	红叶题诗 绕一大圈
gdmpq	地狱 高见远识
gdmq	线索 逆天暴物 旁求博考 豪干暴取 咎由自取
gdmqa	逆天暴物 咎由自取
gdmqd	线索 旁求博考
gdmqq	豪干暴取
gdmt	总是 总有 既是 高下在手 壶天日月
gdmta	总是 总有 首开风气 忙中有失 分形同气
gdmtd	既是 绿叶成阴
gdmtq	高下在手 壶天日月 壶中日月
gdmx	亲戚 心里有底 韬神晦迹 高楼大厦 慈禧太后
gdmxa	心里有底 慈禧太后 普天同庆 忙中有错
gdmxd	亲戚
gdmxq	韬神晦迹 高楼大厦 去年同期 毫无二致
gdp	新中国 退一步
gdpa	童话 心里话 永无止尽 义正言辞 殆无孑遗
gdpaa	心里话
gdpad	童话 永无止尽 义正言辞
gdpaq	殆无孑遗 膏唇试舌 膏肓之疾
gdpd	喜欢 就事论事 瓮天之见 普天之下 瓮中之鳖
gdpda	喜欢 瓮天之见 普天之下 瓮中之鳖
gdpdq	就事论事 去末归本
gdpg	总之 地图 残忍 永无止境 替天行道
gdpga	总之 替天行道 惟口起羞
gdpgd	永无止境 红杏出墙 终天之恨
gdpgq	地图 残忍 声嘶力竭 死一边去 姜桂之性
gdpj	死里逃生 死于非命 毫无办法 为民请命
gdpjd	为民请命
gdpjq	死里逃生 死于非命 毫无办法
gdpm	新中国 城下之盟 豪横跋扈
gdpmd	新中国
gdpmq	城下之盟 豪横跋扈
gdpp	规划 地步 条路 亲切 退一步
gdppa	规划 条路 必由之路 夫妻双双
gdppd	亲切 退一步 结构简式
gdppq	地步 死无对证 吉祥止止
gdpq	总算 盖棺论定 孤枕难眠
gdpqa	总算 孤枕难眠
gdpqq	盖棺论定
gdpt	款式
gdptq	款式
gdpx	纯粹
gdpxd	纯粹
gdq	地下室 高标准
gdqa	规律 死于安乐
gdqaa	规律
gdqaq	死于安乐
gdqd	终极目标
gdqdd	终极目标
gdqg	新鲜 亲密
gdqgd	新鲜 亲密
gdqj	餐松饮涧 逢机遘会 毫无察觉 兰桂齐芳
gdqja	逢机遘会 兰桂齐芳
gdqjq	餐松饮涧 毫无察觉
gdqm	新冠 新事物 永无宁日 违天害理 残民害理
gdqmd	新冠 新事物 永无宁日
gdqmq	违天害理 残民害理
gdqp	高校教师 盖棺定论 毫无征兆
gdqpq	高校教师 盖棺定论 毫无征兆
gdqq	收视冠军 高枕安卧 孤悬客寄 死也瞑目 高枕安寝
gdqqa	孤悬客寄
gdqqd	收视冠军
gdqqq	高枕安卧 死也瞑目 高枕安寝 残民害物
gdqt	规定 高标准 经年累月 残杯冷炙
gdqta	规定
gdqtd	经年累月
gdqtq	高标准 残杯冷炙
gdqx	纯净 地下室 商事制度 公示制度
gdqxa	公示制度
gdqxd	纯净 商事制度
gdqxq	地下室
gdt	孙中山
gdta	总要 膏唇岐舌 膏唇拭舌 毫无疑问 夫妻肺片
gdtaa	总要 夫妻肺片 剪恶除奸 情见乎辞 情见势屈
gdtad	纵横捭阖
gdtaq	膏唇岐舌 膏唇拭舌 毫无疑问 填空补缺
gdtd	地震 瓮中捉鳖 情窦初开 残民以逞
gdtda	瓮中捉鳖 情窦初开
gdtdq	地震 残民以逞
gdtg	前一阵子 毫无疑义 收复失地
gdtga	前一阵子
gdtgd	收复失地
gdtgq	毫无疑义
gdtj	部队 拳中掿沙 逆天改命
gdtja	拳中掿沙 逆天改命
gdtjd	部队
gdtm	新的 既然 愕然 士别三日 心无挂碍
gdtma	愕然 心无挂碍
gdtmd	新的 既然
gdtmq	士别三日
gdtp	新手 亲手 孙中山 逢恶导非 高材捷足
gdtpa	孙中山 逢恶导非
gdtpd	新手 亲手
gdtpq	高材捷足
gdtq	款项 为民除害
gdtqd	为民除害
gdtqq	款项
gdtt	亲近 剖析肝胆 前一阶段 为虺弗摧
gdtta	前一阶段
gdttd	亲近 剖析肝胆 为虺弗摧
gdtx	新月 死乞白赖 心平气和 土木工程 死求白赖
gdtxa	心平气和
gdtxd	新月
gdtxq	死乞白赖 土木工程 死求白赖
gdx	差一点 新一轮
gdxa	竞争
gdxad	竞争
gdxd	地上 地点 线上 差一点 快一点
gdxda	快一点
gdxdd	线上 收视反听
gdxdq	地上 地点 差一点 美味可口
gdxg	统一战线 毫无意义 退无可退 普天率土 高天厚地
gdxga	普天率土
gdxgd	统一战线 退无可退
gdxgq	毫无意义 高天厚地
gdxj	新一轮 公正廉洁 八万四千 盘根错节 纵横四海
gdxja	公正廉洁 八万四千
gdxjd	新一轮 盘根错节 纵横四海
gdxm	高品质 约一小时 公正廉明 殆无虚日
gdxma	公正廉明
gdxmd	约一小时
gdxmq	高品质 殆无虚日
gdxp	忧患意识 瓮里醯鸡
gdxpa	忧患意识 瓮里醯鸡
gdxq	亲爱 残酷 部署 喜爱 夫妻反目
gdxqa	喜爱 夫妻反目
gdxqd	亲爱 部署
gdxqq	残酷
gdxt	地铁 毫无顾忌 公器私用 前呼后拥 分形连气
gdxta	公器私用 前呼后拥 分形连气
gdxtq	地铁 毫无顾忌 高下其手
gdxx	义无反顾 差一点点 贫无置锥
gdxxa	贫无置锥
gdxxd	义无反顾
gdxxq	差一点点
gga	分公司 慢慢来
ggaa	结婚 结局 高效 高层 站着不动
ggaaa	怏怏不乐 快快乐乐 爸爸妈妈 瓶瓶罐罐 弟弟妹妹
ggaad	结婚 结局 站着不动 红红火火 纹丝不动
ggaaq	高效 高层 坛坛罐罐 赫赫炎炎
ggad	增强 墙壁 封印 分公司 子公司
ggada	分公司 子公司 总公司 逢吉丁辰 愤愤不平
ggadd	新增装机 立地书橱 柔心弱骨 纷纷不一
ggadq	增强 墙壁 封印 城乡居民 坎坷不平
ggag	良好 子弹 幸好 慢慢来 半懂不懂
ggaga	子弹 慢慢来 半懂不懂 恇怯不前 分毫不差
ggagd	良好 经纪业务 络绎不绝 绵绵不绝 丝毫不差
ggagq	幸好 豪情壮志
ggaj	高级将领 商务运营 孜孜不倦 分毫不值 孳孳不倦
ggaja	孜孜不倦 分毫不值 孳孳不倦 半死不活
ggajd	商务运营 纠缠不清 童心未泯 缠夹不清
ggajq	高级将领 塔吉克族 赤贫如洗
ggam	子女 高贵 敲门 封闭 殊为不易
ggama	子女 夹着尾巴 分毫不爽
ggamd	柔情媚态
ggamq	高贵 敲门 封闭 殊为不易 丧心病狂
ggap	逆道乱常 悔恨交加 绵绵不断 惊喜不断
ggapa	逆道乱常 悔恨交加 惊喜不断
ggapd	绵绵不断
ggaq	惴惴不安 忸怩不安 分毫不取
ggaqa	惴惴不安 忸怩不安 分毫不取
ggat	幸运 养育 惊喜不已 死性不改 心怀鬼胎
ggata	惊喜不已 心怀鬼胎 惊心动魄 懊恼不已 怀着鬼胎
ggatq	幸运 养育 死性不改
ggax	惬心贵当 欲盖弥彰 关塔那摩 立地书厨 处惊不变
ggaxa	惬心贵当 欲盖弥彰 关塔那摩 处惊不变 心慈面软
ggaxd	立地书厨
ggd	公务员 孙悟空
ggda	商务社交 心心相印 单忧极瘁 纳新吐故 慢性咽炎
ggdaa	心心相印 单忧极瘁 慢性咽炎 道高一尺 关心民瘼
ggdad	商务社交 纳新吐故
ggdaq	旧情复燃
ggdd	幸福 道高一丈 条条框框 登高一呼 慢慢吞吞
ggdda	道高一丈 条条框框 登高一呼 慢慢吞吞 孤立无助
ggddd	经纬天下 永永无穷
ggddq	幸福 豪情万丈 就怕万一 善善恶恶
ggdg	高中 惺惺相惜 分丝析缕 乡规民约 愧悔无地
ggdga	惺惺相惜 分丝析缕 愧悔无地
ggdgd	乡规民约 经纬万端
ggdgq	高中
ggdj	终究 典型 垃圾桶 商务礼仪 违条舞法
ggdja	悃愊无华 子孙万代 惊为天人 性情中人 惨绿年华
ggdjd	终究 典型 商务礼仪 红颜祸水 绝地求生
ggdjq	垃圾桶 违条舞法 就地正法 地缘政治
ggdm	终于 结构 善于 惊天 高于
ggdma	惊天 公务员 快递员 分毫无爽 登高望远
ggdmd	终于 结构 经典再现
ggdmq	善于 高于 高级助理
ggdp	纠正 惊叹 孩子哭了 主义政党 并为一谈
ggdpa	惊叹 孩子哭了 并为一谈
ggdpd	纠正 主义政党
ggdq	赤心相待
ggdqq	赤心相待
ggdt	惊呼 高空 孙悟空 剖心析胆 必死无疑
ggdta	惊呼 孙悟空 必死无疑 怡声下气 孤立无援
ggdtd	剖心析胆 柔声下气 剖心析肝
ggdtq	高空 地坼天崩
ggdx	分毫析厘 恰恰相反
ggdxa	分毫析厘 恰恰相反
ggg	慢慢地 悄悄地
ggga	垃圾 高级 列土封疆
gggaq	垃圾 高级 列土封疆
gggd	慢慢地 惊喜 悄悄地 惊愕 缓缓地
gggda	慢慢地 惊喜 悄悄地 惊愕 慢条丝礼
gggdd	缓缓地
gggdq	善颂善祷 毫分缕析
gggg	善良 培养 纷纷 纠纷 纠结
gggga	惺惺惜惺 首首经典 子子孙孙 喜结良缘 悱恻缠绵
ggggd	纷纷 纠纷 纠结 终结 丝丝
ggggq	善良 培养 高高 地地道道 死心塌地
gggj	惊慌 绝处逢生 膏场绣浍 兼收并蓄 养尊处优
gggja	惊慌 兼收并蓄
gggjd	绝处逢生
gggjq	膏场绣浍 养尊处优 声情并茂 旧恨新仇 裂土分茅
gggm	憧憬 高级经理 绘声绘影 柔情绰态 惊喜欲狂
gggma	憧憬 惊喜欲狂
gggmd	绘声绘影 柔情绰态
gggmq	高级经理
gggp	商务总监 组织部长 残编裂简 细声细语 快去快回
gggpa	快去快回
gggpd	商务总监 组织部长 细声细语 柔声细语 红墙绿瓦
gggpq	残编裂简
gggq	收缩 组织纪律 组织编制 父慈子孝 怜贫惜老
gggqa	父慈子孝 怜贫惜老 怜贫恤老
gggqd	收缩 组织纪律 组织编制
gggt	丝毫 垃圾收集 剖心坼肝 细声细气 瓮声瓮气
gggta	瓮声瓮气 父为子隐 怪声怪气 怯声怯气 惊心悼胆
gggtd	丝毫 剖心坼肝 细声细气
gggtq	垃圾收集
gggx	纠缠 良心 子孙 绘声绘色 义愤填膺
gggxa	子孙 忙前忙后 慈航普度 快心遂意
gggxd	纠缠 良心 绘声绘色 义愤填膺 郎情妾意
ggj	孩子们 经纪人
ggja	孩子们 收益 高低 乡亲们 增收节支
ggjaa	孩子们 卷土重来 情绪激动 逢场作乐
ggjad	收益 乡亲们
ggjaq	高低 增收节支 死去活来 高义薄云
ggjd	结合 替他 剪纸艺术 组织活检 惮赫千里
ggjda	替他 剪纸艺术 惮赫千里 道旁苦李
ggjdd	结合 组织活检 柔情侠骨
ggjdq	赧颜汗下 赤地千里 烈士暮年
ggjg	高兴 填坑满谷 惙怛伤悴 慷慨激烈 忧喜参半
ggjga	惙怛伤悴 慷慨激烈 忧喜参半 慷慨仗义 兰心蕙性
ggjgq	高兴 填坑满谷 款款深情 豪情满怀
ggjj	收敛 增多 款款深深 旧地重游 志士仁人
ggjja	情绪低落 慢慢悠悠 心心念念 普普通通 曾经沧海
ggjjd	收敛 柔情似水 红颜薄命 纳垢藏污 纷纷洋洋
ggjjq	增多 款款深深 旧地重游 志士仁人 高高兴兴
ggjm	收获 收藏 惺惺作态 公道合理 惊喜若狂
ggjma	惺惺作态 公道合理 惊喜若狂 忸怩作态 慷慨激昂
ggjmd	收获 收藏
ggjp	惊人 高人 替代 经纪人 总经济师
ggjpa	惊人 替代 总经济师 公祭仪式 逢场作戏
ggjpd	经纪人 组织警力 商务英语 纪纲人论 新新人类
ggjpq	高人 善善从长 款款而谈
ggjq	给予警告 怜贫敬老 惨绝人寰 绰约多姿 道高益安
ggjqa	怜贫敬老 惨绝人寰 道高益安
ggjqd	给予警告 绰约多姿
ggjt	收入 收货 主场优势 剖心泣血 旁敲侧击
ggjta	慷慨激扬
ggjtd	收入 收货 主场优势 剖心泣血 旁敲侧击
ggjx	快心满意 条分节解 兰心蕙质 郎心似铁
ggjxa	快心满意 条分节解 兰心蕙质
ggjxd	郎心似铁
ggm	总经理 新纪元
ggma	养成 高翔远引 孤舟独桨 关心则乱 处处碰壁
ggmaa	孤舟独桨 关心则乱 处处碰壁 恼羞成怒
ggmad	为善最乐
ggmaq	养成 高翔远引
ggmd	高大 总经理 高级专员 逊志时敏 继绝存亡
ggmda	总经理 逊志时敏
ggmdd	继绝存亡
ggmdq	高大 高级专员
ggmg	怀恨在心 永结同心 亭亭玉立 夫子自道 公子王孙
ggmga	怀恨在心 夫子自道 公子王孙
ggmgd	永结同心 朗朗乾坤 纷红骇绿
ggmgq	亭亭玉立
ggmj	恢恢有余 绰绰有余 慷慨大方 赫赫有名 立地成佛
ggmja	恢恢有余 慷慨大方 心怀叵测
ggmjd	绰绰有余 立地成佛
ggmjq	赫赫有名 违条犯法
ggmm	细细碎碎 句句在理 结结巴巴 忙忙碌碌 鼓鼓囊囊
ggmma	忙忙碌碌 鼓鼓囊囊 遵养时晦
ggmmd	细细碎碎 结结巴巴
ggmmq	句句在理
ggmp	新纪元 心惊肉跳 兽性大发 为情所困
ggmpa	心惊肉跳 兽性大发
ggmpd	新纪元 为情所困
ggmq	孔情周思 红颜易老 逆子贼臣
ggmqa	孔情周思 逆子贼臣
ggmqd	红颜易老
ggmt	享有 登高自卑 豪商巨贾
ggmta	登高自卑
ggmtq	享有 豪商巨贾
ggmx	惊奇 高分辨率 旁收博采 韬声匿迹 高高在上
ggmxa	惊奇 八纮同轨 分情破爱
ggmxd	旁收博采
ggmxq	高分辨率 韬声匿迹 高高在上 埋声晦迹 高情远致
ggpa	增长 终归 城乡之间 夹道欢迎 缟纻之交
ggpaa	夹道欢迎 心去难留 道义之交 心织笔耕
ggpad	终归 缟纻之交
ggpaq	增长 城乡之间 残圭断璧 残垣断壁 善为说辞
ggpd	增加 收回 丫鬟 主义精神 新增长极
ggpda	丫鬟 逢场竿木 拳拳之枕
ggpdd	收回 主义精神 新增长极 结绳记事
ggpdq	增加
ggpg	终止 慈悲 新约圣经 永恒之城 必经之地
ggpga	慈悲 必经之地 怀土之情 孔孟之道 慷慨赴义
ggpgd	终止 新约圣经 永恒之城 缧绁之忧
ggpgq	赤子之心
ggpj	惊讶 结论 经典之作 逆坂走丸 新亭对泣
ggpja	惊讶 逆坂走丸 处高临深
ggpjd	结论 经典之作 新亭对泣
ggpjq	亨嘉之会
ggpm	培训 首善之区 鼓盆之戚 赫赫之光
ggpma	首善之区 鼓盆之戚
ggpmq	培训 赫赫之光
ggpp	高尚 高级讲师 地主之谊 必经之路 丝绸之路
ggppa	必经之路 半部论语
ggppd	丝绸之路 纷纷籍籍
ggppq	高尚 高级讲师 地主之谊 残编断简 违心之论
ggpq	结算 亲子鉴定 殊为难得
ggpqd	结算 亲子鉴定
ggpqq	殊为难得
ggpt	收起 绮纨之岁 赫赫之功 心悦诚服
ggpta	心悦诚服
ggptd	收起 绮纨之岁
ggptq	赫赫之功
ggpx	慷慨悲歌 惝恍迷离 羞愧难当 志美行厉
ggpxa	慷慨悲歌 惝恍迷离
ggpxq	羞愧难当 志美行厉
ggqa	义务教育
ggqad	义务教育
ggqd	结果 高考 高级职员 孤立寡与 就地取材
ggqda	孤立寡与
ggqdd	结果
ggqdq	高考 高级职员 就地取材
ggqg	善待 死死盯着
ggqgq	善待 死死盯着
ggqj	养老 商务宴会 遵规守信 遵纪守法 高情逸兴
ggqja	遵规守信 遵纪守法
ggqjd	商务宴会
ggqjq	养老 高情逸兴
ggqm	丫头 拳头 高情逸态 良性循环
ggqma	丫头 拳头
ggqmd	良性循环
ggqmq	高情逸态
ggqp	收取 公规密谏 柔懦寡断 童颜鹤发
ggqpa	公规密谏
ggqpd	收取 柔懦寡断 童颜鹤发
ggqq	结实 结结实实 残羹冷饭 瓶罄罍耻
ggqqa	瓶罄罍耻
ggqqd	结实 结结实实
ggqqq	残羹冷饭
ggqt	残羹冷炙 处处掣肘
ggqta	处处掣肘
ggqtq	残羹冷炙
ggqx	高级职称 处子赛季 柔情密意 柔情蜜意 豪情逸致
ggqxa	处子赛季
ggqxd	柔情密意 柔情蜜意 主情造意
ggqxq	高级职称 豪情逸致
ggt	红细胞 前列腺
ggta	纡尊降贵 登坛拜将
ggtaa	登坛拜将
ggtad	纡尊降贵
ggtd	收集 高新技术 商务手机 孩子近视 孜孜以求
ggtda	孩子近视 孜孜以求 分贫振穷 孜孜追求
ggtdd	收集 商务手机
ggtdq	高新技术
ggtg	丧失 高峰 韦编三绝
ggtgq	丧失 高峰 韦编三绝
ggtj	收拾 死死抓住 殊死搏斗 冬练三九 孙子兵法
ggtja	冬练三九 孙子兵法 心高气傲 慷慨捐生
ggtjd	收拾
ggtjq	死死抓住 殊死搏斗
ggtm	惊恐 收费 红细胞 快递费 商务用户
ggtma	惊恐 快递费 慎终追远
ggtmd	收费 红细胞 商务用户 乡土气息
ggtmq	坑绷拐骗
ggtp	熟悉 高手 高山 高级技师 就熟悉了
ggtpa	慷慨陈词 悼心失图 慷慨以赴
ggtpd	纳士招贤 红绳系足
ggtpq	熟悉 高手 高山 高级技师 就熟悉了
ggtq	孩子气
ggtqa	孩子气
ggtt	前列腺 必经阶段 组织指导 纷纷拥拥 分心挂腹
ggtta	前列腺 必经阶段 分心挂腹 惊慌失措 惊惶失措
ggttd	组织指导 纷纷拥拥 纷纷扬扬 收为己用 亲亲热热
ggttq	残冬腊月 敲敲打打 赫赫扬扬 赫赫巍巍
ggtx	缝隙 心惊胆战 分道扬镳 羚羊挂角 兰亭集序
ggtxa	心惊胆战 分道扬镳 兰亭集序 心慈手软 拳拳服膺
ggtxd	缝隙
ggtxq	羚羊挂角
ggx	违约金 公子哥
ggxa	眷恋 恼羞变怒 心慌意乱 喜新厌故 慷慨输将
ggxaa	眷恋 恼羞变怒 心慌意乱 喜新厌故 慷慨输将
ggxad	纲纪废弛
ggxd	墙上 终点 惊声尖叫 慢条斯礼 慢条厮礼
ggxda	惊声尖叫 慢条斯礼 慢条厮礼 惨绿少年
ggxdd	终点 朗朗上口
ggxdq	墙上
ggxg	善意 总经销商 喜新厌旧 怜新厌旧 殊为可惜
ggxga	总经销商 喜新厌旧 怜新厌旧 惨绿愁红
ggxgq	善意 殊为可惜 土豪劣绅
ggxj	高度 违约金 子孙后代 违乡负俗 羝羊触藩
ggxja	子孙后代 恰逢其会
ggxjq	高度 违约金 违乡负俗 羝羊触藩 塔塔尔族
ggxm	惊醒 慢条斯理 慷慨解囊
ggxma	惊醒 慢条斯理 慷慨解囊
ggxp	结束 收到 终身 地级市 就结束了
ggxpa	公子哥儿
ggxpd	结束 收到 终身
ggxpq	地级市 就结束了 高情厚谊
ggxq	享受 残羹剩饭 孺子可教
ggxqa	孺子可教
ggxqq	享受 残羹剩饭
ggxt	高速 绝地反击 缠绵床褥
ggxtd	绝地反击 缠绵床褥
ggxtq	高速
ggxx	公子哥 遵义市委 主义色彩 处心积虑 前前后后
ggxxa	公子哥 遵义市委 处心积虑 前前后后
ggxxd	主义色彩 绵绵瓜瓞
ggxxq	烈烈轰轰 残膏剩馥
gja	普信女 维生素
gjaa	并不 却不 永不 慌乱 郑人买履
gjaaa	并不 慌乱 郑人买履 分外妖娆 孤傲不群
gjaad	永不 纸落云烟
gjaaq	却不
gjad	公司 给她 给个甜枣 经济支柱 高低不平
gjada	公司 喜溢眉梢
gjadd	给她 给个甜枣 经济支柱 义薄云天 永垂不朽
gjadq	高低不平 堤溃蚁穴
gjag	恰好 维生素 半生不熟 违法乱纪 堤溃蚁孔
gjaga	恰好 半生不熟 性命交关 贫而乐道
gjagd	维生素
gjagq	违法乱纪 堤溃蚁孔
gjaj	经济效益 愤世嫉俗 收入不菲 心花怒放 绿草如茵
gjaja	愤世嫉俗 心花怒放 判若云泥 曾参杀人 半信不信
gjajd	经济效益 收入不菲 绿草如茵
gjajq	美人迟暮 死活不信 死而不僵
gjam	普信女 单方面 竞价交易 柔而不犯 高低贵贱
gjama	普信女 单方面 惊鸿艳影
gjamd	竞价交易 柔而不犯 柔能克刚
gjamq	高低贵贱 美人如玉 坦荡如砥
gjap	总体来说 即便如此 绿蓑青笠 备位充数
gjapa	总体来说 备位充数
gjapd	即便如此 绿蓑青笠
gjaq	并未 去买 良莠不齐 为仁不富 道而不径
gjaqa	并未 道而不径
gjaqd	良莠不齐 为仁不富
gjaqq	去买
gjat	却还 绿水青山 八方支援 去他妈的 八方支持
gjata	八方支援 八方支持 备而不用
gjatd	绿水青山
gjatq	却还 去他妈的 去他娘的
gjax	前途未卜 豪放不羁 高而不危 心活面软
gjaxa	前途未卜 心活面软
gjaxq	豪放不羁 高而不危
gjd	高水平 新华社
gjda	公共事业 夫荣妻贵 亭台楼阁 就汤下面
gjdaa	公共事业 夫荣妻贵
gjdaq	亭台楼阁 就汤下面
gjdd	懂事 去吃 兼济天下 吉人天相 关注一下
gjdda	懂事 兼济天下 关注一下 公共机构 恨入骨髓
gjddd	柔若无骨 永世无穷
gjddq	去吃 吉人天相
gjdg	公平 惨叫 却只 高水平 新华社
gjdga	公平 惨叫 公共事务 恬淡无为 恬淡无欲
gjdgd	新华社 立法机关
gjdgq	却只 高水平 死而无憾 死而无悔
gjdj	公开 公里 去见 经济事件 竭泽焚薮
gjdja	公开 公里 条入叶贯 条修叶贯 心领神会
gjdjd	经济事件 竭泽焚薮 旁若无人 缘浅福薄
gjdjq	去见 旧念复萌 死而复生 孰能无过
gjdm	公民 去吧 立于 立夏 为人正直
gjdma	公民 前途无量
gjdmd	立于 立夏 为人正直 亲生骨肉
gjdmq	去吧
gjdp	性格 公正 经营权 心生一计 盖世无双
gjdpa	性格 公正 心生一计 快人一步 贫而无谄
gjdpd	经营权 纰漏百出
gjdpq	盖世无双 高人一筹 羹藜唅糗 高人一等
gjdq	并且 新生事物 冬温夏凊 绣花枕头 心外无物
gjdqa	并且 冬温夏凊 心外无物
gjdqd	新生事物 绣花枕头
gjdqq	死过一次
gjdt	并无 去年 却无 经济形势 孤注一掷
gjdta	并无 孤注一掷 喜从天降
gjdtd	经济形势 经营形势 绝世武功 航海梯山
gjdtq	去年 却无
gjdx	却也 膏粱年少 兰熏桂馥 地方政府 八方呼应
gjdxa	兰熏桂馥 八方呼应 公而忘私 兰薰桂馥
gjdxd	盘游无度
gjdxq	却也 膏粱年少 地方政府
gjg	主人公 父母亲
gjga	立场 怜悯 父债子还
gjgaa	怜悯 父债子还
gjgad	立场
gjgd	永恒 父母亲 分花约柳 违法必究 坏人心术
gjgda	父母亲 分花约柳 喜逐颜开 快人快事
gjgdd	永恒
gjgdq	违法必究 坏人心术 熟人熟事
gjgg	公子 孩子 瓶子 愉悦 收件地址
gjgga	公子 孩子 瓶子 愉悦 条贯部分
gjggd	收件地址 经济纠纷 新仇旧恨
gjggq	养生送死 膏梁子弟 膏粱子弟
gjgj	公公 恰恰 主人公 综合性 情深缘浅
gjgja	公公 恰恰 情深缘浅 惨淡经营 情深义重
gjgjd	主人公 综合性 永生永世 为人处世 为人父母
gjgjq	违世绝俗 土洋结合 去没去过
gjgm	公主 愉快 郑重声明 公共场所 公众场所
gjgma	公主 愉快 郑重声明 公共场所 公众场所
gjgmd	为人熟知 退而结网
gjgp	土生土长 快人快语 羡慕死了 悖入悖出
gjgpa	快人快语 悖入悖出
gjgpq	土生土长 羡慕死了
gjgq	纤细 公修公德 怕苦怕累
gjgqa	公修公德 怕苦怕累
gjgqd	纤细
gjgt	给予 纤维 新世纪 残余部队 绝世高手
gjgta	半信半疑 公共关系
gjgtd	给予 纤维 新世纪 绝世高手
gjgtq	残余部队 膏粱纨袴 膏梁纨袴
gjgx	立即 并处 孰优孰劣 高薪养廉 心生惧意
gjgxa	并处 心生惧意
gjgxd	立即 纳什维尔
gjgxq	孰优孰劣 高薪养廉 差若毫厘
gjj	普通人 经济学
gjja	公会 去做 去世 性生活 高耸入云
gjjaa	公会 性生活 判若水火 喜从何来
gjjad	永垂千古 为人作嫁
gjjaq	去做 去世 高耸入云 封豨修蛇
gjjd	给他 性命 经济体 声泪俱下 良药苦口
gjjda	性命
gjjdd	给他 经济体 良药苦口
gjjdq	声泪俱下
gjjg	公共 立法 懒洋洋 慢悠悠 经人介绍
gjjga	公共 懒洋洋 慢悠悠 半个世纪 性命攸关
gjjgd	立法 经人介绍
gjjgq	高人雅士
gjjj	公众 经济停滞 违世乖俗 高举深藏 普渡众生
gjjja	公众 普渡众生 孤苦仃俜 情深似海 孤苦伶仃
gjjjd	经济停滞 绝代佳人 竭泽而渔
gjjjq	违世乖俗 高举深藏 高深莫测 残渣余孽 高垒深沟
gjjm	盖世英雄 高节清风
gjjmq	盖世英雄 高节清风
gjjp	立刻 并没 却没 普通人 收件人
gjjpa	并没 普通人 逆施倒行 恒河沙数 总体而言
gjjpd	立刻 收件人 收货人 结伴而行
gjjpq	却没 羹藜含糗 声名鹊起 声誉鹊起
gjjq	经济学 经济体制 享誉世界 经济学家 公众人物
gjjqa	公众人物 替人消灾 夹袋人物
gjjqd	经济学 经济体制 经济学家
gjjqq	享誉世界
gjjt	去过 性能 规范化 即使使用 八九个月
gjjta	性能 规范化 八九个月 半个多月
gjjtd	即使使用
gjjtq	去过 熟能生巧
gjjx	给你 给您 懂你 情人节 半途而废
gjjxa	懂你 情人节 半途而废 逆流而上 公共汽车
gjjxd	给你 给您
gjm	纪念日
gjma	新兴专业 高名大姓 收放自如 高牙大纛
gjmad	新兴专业 收放自如
gjmaq	高名大姓 高牙大纛
gjmd	绝佳时机 关注时事 关注时政 声名大噪 为法自弊
gjmda	关注时事 关注时政 兰艾同焚 前人栽树 惟命是听
gjmdd	绝佳时机 为法自弊 收入囊中 柔茹刚吐
gjmdq	声名大噪 善莫大焉 残花败柳
gjmg	却在 即使知道 养生有道 旁蒐远绍 悔过自新
gjmga	悔过自新 分茅赐土
gjmgd	即使知道 旁蒐远绍 绝世独立
gjmgq	却在 养生有道
gjmj	纪念大会 主治医生 惊世骇俗 高世骇俗 惊涛骇浪
gjmja	惊世骇俗 惊涛骇浪 惟命是从 判若两人
gjmjd	纪念大会 主治医生 绝代风华 立人达人
gjmjq	高世骇俗 声名狼藉 去芜存菁 盖世太保 声价十倍
gjmm	立马 去伪存真 高傲自大
gjmmd	立马
gjmmq	去伪存真 高傲自大
gjmp	永远 公布 公元 纪念日 主治医师
gjmpa	公布 公元 孤芳自赏 兼而有之
gjmpd	永远 纪念日 主治医师
gjmpq	高举远蹈 去住两难 殊途同归
gjmq	为渊驱鱼
gjmqd	为渊驱鱼
gjmt	却是 却有 经济大势 声名远扬 八九十岁
gjmta	八九十岁 八方风雨 心劳日拙 道法自然
gjmtd	经济大势
gjmtq	却是 却有 声名远扬 声名远播 声名大振
gjmx	经济大省 违法犯罪 为丛驱雀 为丛驱爵
gjmxd	经济大省 为丛驱雀 为丛驱爵
gjmxq	违法犯罪
gjp	普通话 公信力
gjpa	普通话 父母之邦 封豕长蛇 为人师表 总体说来
gjpaa	普通话 父母之邦 总体说来
gjpad	为人师表 纤芥之疾
gjpaq	封豕长蛇
gjpd	并非 公证 孩儿 新生儿 纤介之祸
gjpda	并非 公证 孩儿 分寸之末
gjpdd	新生儿 纤介之祸
gjpg	懵圈 经营之道 养生之道 兰艾难分 逆水行舟
gjpga	懵圈 兰艾难分 逆水行舟 性命之忧 心余力绌
gjpgd	经营之道
gjpgq	养生之道
gjpj	去了 给了 够了 懂了 公信力
gjpja	懂了 公信力 惊世之作 惊人之举 父母恩勤
gjpjd	给了 细水长流 绿水长流 即兴之作 纠合之众
gjpjq	去了 够了 高台跳水 高低起伏
gjpm	公园 绝代双骄 美芹之献 新生力量 结草衔环
gjpma	公园 八斗之才
gjpmd	绝代双骄 新生力量 结草衔环
gjpmq	美芹之献 盖世之才
gjpp	公路 孳蔓难图 道傍之筑 综合国力 总而言之
gjppa	公路 孳蔓难图 道傍之筑 总而言之
gjppd	综合国力 绵薄之力
gjppq	羞人答答 粲花之论
gjpq	必修课 缉拿归案 兰芷之室 剪水双瞳 慢藏诲盗
gjpqa	必修课 兰芷之室 剪水双瞳 慢藏诲盗
gjpqd	缉拿归案
gjpt	公诉 纤介之失 分劳赴功 为人说项 逢人说项
gjpta	公诉 分劳赴功 逢人说项 瓶沉簪折
gjptd	纤介之失 为人说项
gjpx	却又 公益讲座 分化瓦解 绕梁之音 纵酒欢歌
gjpxa	公益讲座 分化瓦解
gjpxd	绕梁之音 纵酒欢歌
gjpxq	却又
gjq	普信男 总觉得
gjqa	公安 立案 新兴职业 纲举目张 忆苦思甜
gjqaa	公安 忆苦思甜
gjqad	立案 新兴职业 纲举目张
gjqaq	款学寡闻
gjqd	公告 综合征
gjqda	公告
gjqdd	综合征
gjqg	却很 分外眼红 高人逸士 恬淡寡欲
gjqga	分外眼红 恬淡寡欲
gjqgq	却很 高人逸士
gjqj	新世界 商誉减值 死水微澜 公共资源 公共安全
gjqja	公共资源 公共安全
gjqjd	新世界 商誉减值
gjqjq	死水微澜 旧仇宿怨 善游者溺
gjqm	懂得 总觉得 经营者 统治者 分泌物
gjqma	懂得 总觉得 分泌物 忧深思远
gjqmd	经营者 统治者 端人家碗 经济实惠 经济制裁
gjqp	普信男 养生资讯 柔茹寡断
gjqpa	普信男
gjqpd	柔茹寡断
gjqpq	养生资讯
gjqq	公寓 殡仪馆 孤鸿寡鹄
gjqqa	公寓 孤鸿寡鹄
gjqqq	殡仪馆
gjqt	经营宗旨 着人先鞭 餐葩饮露
gjqtd	经营宗旨
gjqtq	着人先鞭 餐葩饮露
gjqx	立命安身
gjqxd	立命安身
gjt	为什么 半个月
gjta	惨白 孤苦零丁 缓过气来
gjtaa	惨白 孤苦零丁
gjtad	缓过气来
gjtd	新兴技术 即使这样 曾母投杼 良禽择木 分花拂柳
gjtda	曾母投杼 分花拂柳 剪草除根
gjtdd	新兴技术 即使这样 良禽择木
gjtg	却已 统治阶级 孤学坠绪 良苦用心 美人胚子
gjtga	孤学坠绪 分茅胙土
gjtgd	统治阶级 良苦用心
gjtgq	却已 美人胚子 膏粱文绣
gjtj	为什么 怕什么 处世哲学 违世异俗 夫人裙带
gjtja	怕什么 处世哲学 夫人裙带 八九月份 孟母三迁
gjtjd	为什么
gjtjq	违世异俗
gjtm	纵然 公益捐赠 绕梁三日 心旌摇曳 坑蒙拐骗
gjtma	公益捐赠 心旌摇曳
gjtmd	纵然 绕梁三日
gjtmq	坑蒙拐骗
gjtp	去找 却被 心浮气躁 高潮迭起
gjtpa	心浮气躁
gjtpq	去找 却被 高潮迭起
gjtq	去看 首节比赛
gjtqa	首节比赛
gjtqq	去看
gjtt	给我 性价比 袁世凯 红旗报捷 前人失脚
gjtta	性价比 前人失脚 惊涛拍岸 心慕手追
gjttd	给我 红旗报捷
gjttq	袁世凯
gjtx	半个月 关注的点 关注股市 膏泽脂香 约法三章
gjtxa	半个月 关注的点 关注股市
gjtxd	约法三章
gjtxq	膏泽脂香
gjx	增值税 收益率
gjxa	羊入虎群
gjxaq	羊入虎群
gjxd	维多利亚 郑重其事 郑人争年 经济危机 羊入虎口
gjxda	郑重其事 郑人争年
gjxdd	维多利亚 经济危机
gjxdq	羊入虎口 高位厚禄
gjxg	永久 增值税 收益率 新兴市场 分茅锡土
gjxga	分茅锡土 前仆后继
gjxgd	永久 收益率 新兴市场
gjxgq	增值税 膏梁锦绣 膏粱锦绣
gjxj	终生受益 综合整治 前俯后仰 前仰后合 前倨后恭
gjxja	前俯后仰 前仰后合 前倨后恭 公共卫生 盆满钵满
gjxjd	终生受益 综合整治
gjxjq	美人香草 殊深轸念
gjxm	性质 旁通曲畅 半个小时 公共厕所
gjxma	性质 半个小时 公共厕所
gjxmd	旁通曲畅
gjxp	总体上讲 总体上说 心满意足 旁通曲鬯 道消魔长
gjxpa	总体上讲 总体上说 心满意足 道消魔长
gjxpd	旁通曲鬯
gjxq	半个钟头 残汤剩饭 端倪可察 残茶剩饭
gjxqa	半个钟头
gjxqd	端倪可察
gjxqq	残汤剩饭 残茶剩饭
gjxt	声誉受损 经世致用 死而后已
gjxtd	经世致用
gjxtq	声誉受损 死而后已
gjxx	经营秩序 首节战罢 八九点钟
gjxxa	首节战罢 八九点钟
gjxxd	经营秩序
gmaa	心有灵犀 情同姐妹 烈日炎炎 前所未闻 纹风不动
gmaaa	心有灵犀 情同姐妹 前所未闻
gmaad	纹风不动
gmaaq	烈日炎炎
gmad	站在那里 前所未见 帝王将相 竭智尽忠
gmada	前所未见
gmadd	站在那里 帝王将相 竭智尽忠
gmag	美好 送来
gmaga	送来
gmagq	美好
gmaj	分风劈流 半自动化 堆砌辞藻 悯时病俗 残暴不仁
gmaja	分风劈流 半自动化 悯时病俗
gmajq	堆砌辞藻 残暴不仁
gmam	美女 关闭 分星擘两 分星劈两 心理问题
gmama	关闭 分星擘两 分星劈两 心理问题 前所未有
gmamd	为时不晚 郎才女貌
gmamq	美女
gmap	主动 愤怒 主张 高才疾足 惟日不足
gmapa	愤怒 惟日不足
gmapd	主动 主张
gmapq	高才疾足
gmaq	郎才女姿 心照不宣 怀才不遇 坑灰未冷
gmaqa	心照不宣 怀才不遇
gmaqd	郎才女姿
gmaqq	坑灰未冷
gmat	细大不捐
gmatd	细大不捐
gmax	快乐 商业 美妙 心有不甘 吉光片羽
gmaxa	快乐 心有不甘 惜时如金 贫贱不移
gmaxd	商业
gmaxq	美妙 吉光片羽
gmd	前几天 就在于
gmda	死灰复燃 冬日夏云 裂石穿云 冬扇夏炉 心照神交
gmdaa	冬日夏云 冬扇夏炉 心照神交
gmdaq	死灰复燃 裂石穿云
gmdd	商品 处理器 高自标树 总有一天 死灰槁木
gmdda	处理器 总有一天
gmddd	商品
gmddq	高自标树 死灰槁木
gmdg	终有一死 继晷焚膏 心旷神怡 心直口快
gmdga	心旷神怡 心直口快
gmdgd	终有一死 继晷焚膏
gmdj	城里 郑易里 孤独一生 即有机会 半自助游
gmdja	郑易里 孤独一生 半自助游 必有一伤 八十年代
gmdjd	即有机会 纯真年代
gmdjq	城里 高自标誉
gmdm	关于 恢复 前几天 就在于 前两天
gmdma	关于 恢复 前几天 前两天 公明正大
gmdmq	就在于 美玉无瑕
gmdp	站在一起 立马万言 总有一些 城狐社鼠 慈明无双
gmdpa	总有一些 慈明无双
gmdpd	站在一起 立马万言
gmdpq	城狐社鼠
gmdq	既成事实 心驰神往
gmdqa	心驰神往
gmdqd	既成事实
gmdt	美丽 前几年 必有一失 餐风啮雪 餐风咽露
gmdta	前几年 必有一失 快马一鞭
gmdtq	美丽 餐风啮雪 餐风咽露
gmdx	韬光灭迹 必有一彪 高自标置
gmdxa	必有一彪
gmdxq	韬光灭迹 高自标置
gmg	公元前 普遍性
gmga	主义 道歉 关怀 柔远怀来 惊才绝艳
gmgaa	道歉 关怀 惊才绝艳
gmgad	主义 柔远怀来
gmgd	美景良辰 心理分析 吉日良辰 公才公望
gmgda	心理分析 公才公望
gmgdq	美景良辰 吉日良辰
gmgg	经验主义 必有死夫 惟所欲为 柔远绥怀 绝大部分
gmgga	必有死夫 惟所欲为
gmggd	经验主义 柔远绥怀 绝大部分 为所欲为 绘影绘声
gmggq	羊大为美
gmgj	送给 慢性 普遍性 孰真孰假 高才绝学
gmgja	送给 慢性 普遍性 心存善念
gmgjd	良知良能
gmgjq	孰真孰假 高才绝学 志同道合 高风亮节 违时绝俗
gmgm	慢慢 恍惚 吉星高照 志在高远 韬光韫玉
gmgma	慢慢 恍惚 条理分明 遵时养晦
gmgmq	吉星高照 志在高远 韬光韫玉 韬光养晦 就知道玩
gmgp	道士 商务 惆怅 即时结算 孰是孰非
gmgpa	道士 惆怅 公是公非
gmgpd	商务 即时结算
gmgpq	孰是孰非 就知道了 殚财竭力 殚智竭力 善自为谋
gmgq	志在必得
gmgqq	志在必得
gmgt	快递 纳兰 公元前 善有善报 惟日为岁
gmgta	快递 公元前 惟日为岁 怕风怯雨
gmgtd	纳兰 绠短绝泉
gmgtq	善有善报
gmgx	关心 城乡 柔远怀迩 心存善意 埋在心底
gmgxa	关心 心存善意 惜玉怜香
gmgxd	柔远怀迩
gmgxq	城乡 埋在心底
gmj	新时代 心理学
gmja	快活 约会 死有余辜 烹犬藏弓 红光满面
gmjaa	快活
gmjad	约会 红光满面
gmjaq	死有余辜 烹犬藏弓 烹狗藏弓
gmjd	主体 忧伤 城堡 志在千里
gmjda	忧伤
gmjdd	主体
gmjdq	城堡 志在千里
gmjg	关注 心有余悸 心存侥幸 必有勇夫 半截入土
gmjga	关注 心有余悸 心存侥幸 必有勇夫 半截入土
gmjgd	即景生情
gmjgq	志在沛公
gmjj	高大英俊 心存芥蒂 绠短汲深
gmjja	心存芥蒂
gmjjd	绠短汲深
gmjjq	高大英俊
gmjm	约莫 韬曜含光 韬光俟奋 曾几何时 既有今日
gmjma	曾几何时
gmjmd	约莫 既有今日
gmjmq	韬曜含光 韬光俟奋
gmjp	主人 新时代 美人 商人 道人
gmjpa	道人
gmjpd	主人 新时代 商人 预知能力 绝大多数
gmjpq	美人 增砖添瓦
gmjq	心理学 飒爽英姿 心理学家 豪奢放逸 恃才傲物
gmjqa	心理学 心理学家 恃才傲物 心存敬畏 谷贱伤农
gmjqd	飒爽英姿
gmjqq	豪奢放逸
gmjt	主任 纳入 永远消失 餐风茹雪 心理作用
gmjta	心理作用 前几个月
gmjtd	主任 纳入 永远消失 绰有余裕 矜才使气
gmjtq	餐风茹雪 餐风沐雨 列风淫雨
gmjx	关节 并肩作战 高自位置 韬光敛迹 韬光敛彩
gmjxa	关节 并肩作战
gmjxd	柔远能迩
gmjxq	高自位置 韬光敛迹 韬光敛彩 增光添彩 地旷人稀
gmm	亮晶晶
gmma	红斑狼疮
gmmad	红斑狼疮
gmmd	道理 商量 总是在想 心理暗示 必有所求
gmmda	道理 总是在想 心理暗示 必有所求 必成大器
gmmdd	商量
gmmg	即时在线
gmmgd	即时在线
gmmj	塌房 享有盛誉 道远日暮 高才大学 暨南大学
gmmja	道远日暮 心存感激 贫贱骄人
gmmjd	暨南大学 为时晚矣 终日奔波
gmmjq	塌房 享有盛誉 高才大学 羊狠狼贪
gmmm	亮晶晶 道远知骥
gmmma	道远知骥
gmmmq	亮晶晶
gmmp	美元 高才远识 差太远了 高明远识
gmmpq	美元 高才远识 差太远了 高明远识
gmmq	八珍玉食 高才大德
gmmqa	八珍玉食
gmmqq	高才大德
gmmt	送达 主题 忧郁 单则易折 志大才疏
gmmta	送达 忧郁 单则易折
gmmtd	主题
gmmtq	志大才疏 声威大震
gmmx	高凤自秽 情有独钟 心有猛虎 心有独钟 韬光晦迹
gmmxa	情有独钟 心有猛虎 心有独钟
gmmxq	高凤自秽 韬光晦迹
gmp	就是说
gmpa	高遏行云 贫贱之交 子曰诗云 丧明之痛
gmpaa	贫贱之交 子曰诗云
gmpaq	高遏行云 丧明之痛
gmpd	主观 情理之中 必有回响 分内之事
gmpda	情理之中 必有回响 分内之事
gmpdd	主观
gmpg	就是说
gmpgq	就是说
gmpj	亮了 关了 快了 美元计价 盘石桑苞
gmpja	关了 快了
gmpjd	盘石桑苞 经明行修
gmpjq	亮了 美元计价 高风劲节
gmpm	美国 心同此理 为时尚早 亲自出马 贫贱之知
gmpma	心同此理 贫贱之知
gmpmd	为时尚早 亲自出马
gmpmq	美国
gmpp	道路 快步 剪裁设计 盘石之固 磐石之固
gmppa	道路 快步 剪裁设计 贫贱糟糠
gmppd	盘石之固 磐石之固 经验之谈
gmppq	韬晦之计
gmpq	主管 盘石之安 磐石之安
gmpqd	主管 盘石之安 磐石之安
gmpt	即时数据 快马加鞭
gmpta	快马加鞭
gmptd	即时数据
gmpx	孔融让梨
gmpxa	孔融让梨
gmq	公有制
gmqa	心理安慰
gmqaa	心理安慰
gmqd	填写 首次 分房减口
gmqda	首次 分房减口
gmqdq	填写
gmqg	关联 规矩准绳 心理准备 心明眼亮
gmqga	关联 规矩准绳 心理准备 心明眼亮
gmqj	商家 餐风宿草 逢时遇节 餐风宿水
gmqja	逢时遇节
gmqjd	商家
gmqjq	餐风宿草 餐风宿水
gmqm	道德 首都 地大物博 韬晦待时 练达老成
gmqma	道德 首都
gmqmd	练达老成
gmqmq	地大物博 韬晦待时
gmqp	首先 编制 公有制 即时资讯 心理咨询
gmqpa	首先 公有制 心理咨询
gmqpd	编制 即时资讯
gmqq	孤独鳏寡
gmqqa	孤独鳏寡
gmqt	约定 餐风宿雨 道存目击 餐风饮露 餐风宿露
gmqta	道存目击
gmqtd	约定
gmqtq	餐风宿雨 餐风饮露 餐风宿露
gmqx	士有饥色
gmqxq	士有饥色
gmta	主要 快要 高矮胖瘦
gmtaa	快要
gmtad	主要
gmtaq	高矮胖瘦
gmtg	关系 主持 总是以为 收购要约 必有近忧
gmtga	关系 总是以为 必有近忧 逆风翻盘
gmtgd	主持 收购要约
gmtj	喜马拉雅 立时三刻 高风峻节
gmtja	喜马拉雅
gmtjd	立时三刻
gmtjq	高风峻节
gmtm	美的 坦然 恍然 旧的 分星拨两
gmtma	恍然 分星拨两 心狠手辣 心知肚明 心理障碍
gmtmd	为时已晚 亲戚朋友
gmtmq	美的 坦然 旧的 韬光隐晦 韬光用晦
gmtp	遵照执行 高才捷足 必有我师 情同手足 永矢弗谖
gmtpa	遵照执行 必有我师 情同手足
gmtpd	永矢弗谖 新硎初试 红日三竿
gmtpq	高才捷足
gmtq	终南捷径 餐风露宿 豪夺巧取 惊猿脱兔
gmtqa	惊猿脱兔
gmtqd	终南捷径
gmtqq	餐风露宿 豪夺巧取
gmtt	单独指导 经验指导 道貌岸然
gmtta	单独指导 道貌岸然
gmttd	经验指导
gmtx	韬光隐迹 心存疑虑
gmtxa	心存疑虑
gmtxq	韬光隐迹
gmx	新时期 地球上
gmxa	关键 忧愁 线索移交 兰博基尼 盘马弯弓
gmxaa	关键 忧愁 兰博基尼 心存魏阙
gmxad	线索移交 盘马弯弓
gmxd	块钱 快点 关上 编辑 道上
gmxda	快点 关上 道上 必有后福
gmxdd	编辑 船上
gmxdq	块钱 地球上 烈日当空 地狱变相
gmxg	主意 新时期 心灰意懒
gmxga	心灰意懒
gmxgd	主意 新时期
gmxj	主席 首席 即时战斗 志在四方
gmxja	首席
gmxjd	主席 即时战斗
gmxjq	志在四方
gmxm	城镇 心猿意马 结驷连骑
gmxma	心猿意马
gmxmd	结驷连骑
gmxmq	城镇
gmxp	城市 送到 约束 情真意切 高才卓识
gmxpa	送到 情真意切 心理压力
gmxpd	约束 退有后言
gmxpq	城市 高才卓识
gmxq	即时战略 心灰意冷 欲戴其冠 咎有应得
gmxqa	心灰意冷 欲戴其冠 咎有应得
gmxqd	即时战略
gmxt	快速 主角 怀有身孕 心理负担
gmxta	快速 怀有身孕 心理负担
gmxtd	主角
gmxx	怕硬欺软 柔远镇迩 情有可原 冬日可爱
gmxxa	怕硬欺软 情有可原 冬日可爱
gmxxd	柔远镇迩
gpa	站起来 并发症
gpaa	心力交瘁 养儿育女 悔之不及
gpaaa	心力交瘁 悔之不及
gpaaq	养儿育女
gpad	为她 并发症 怪力乱神 红粉青楼 高步阔视
gpada	并发症 怪力乱神
gpadd	为她 红粉青楼
gpadq	高步阔视 坦桑尼亚
gpag	站起来 怪诞不经 并行不悖 忧国奉公 半筹不纳
gpaga	怪诞不经 并行不悖 忧国奉公 半筹不纳
gpagd	站起来
gpaj	继承 终止运营 欲语还休 绝对不会 美言不信
gpaja	欲语还休 惊师动众
gpajd	继承 终止运营 绝对不会 纳谏如流
gpajq	美言不信 却之不恭
gpam	细皮嫩肉 毫发不爽
gpamd	细皮嫩肉
gpamq	毫发不爽
gpap	豪言壮语 高谈弘论 高谈阔论 绝对不行 贫困交加
gpapa	贫困交加
gpapd	绝对不行 绳趋尺步
gpapq	豪言壮语 高谈弘论 高谈阔论 高步云衢
gpaq	为之动容 兰因絮果
gpaqa	兰因絮果
gpaqd	为之动容
gpat	登记表 红紫乱朱 处之泰然
gpata	登记表 处之泰然
gpatd	红紫乱朱
gpax	船坚炮利 惜墨如金 立足未稳
gpaxa	惜墨如金
gpaxd	船坚炮利 立足未稳
gpd	贫困县
gpda	悔之无及 剪发杜门
gpdaa	悔之无及 剪发杜门
gpdd	颜筋柳骨 坦诚相见 土了吧唧
gpddd	颜筋柳骨
gpddq	坦诚相见 土了吧唧
gpdg	收发由心 死路一条
gpdgd	收发由心
gpdgq	死路一条
gpdj	分开 贫困县 公之于众 绑架事件 公诸于世
gpdja	分开 贫困县 公之于众 公诸于世 喜出望外
gpdjd	绑架事件
gpdjq	毫发无伤
gpdm	为民 就等于是 立竿见影
gpdmd	为民 立竿见影
gpdmq	就等于是
gpdp	分别 贫穷 增长见识 鼓足干劲 绕了一圈
gpdpa	分别 贫穷 鼓足干劲
gpdpd	绕了一圈
gpdpq	增长见识 高出一筹
gpdq	坦诚相待 赤诚相待 忧国忘家 竭诚相待
gpdqa	忧国忘家
gpdqd	竭诚相待
gpdqq	坦诚相待 赤诚相待
gpdt	分析 为之一振 志趣相投 毫发无损 童言无忌
gpdta	分析
gpdtd	为之一振 童言无忌
gpdtq	志趣相投 毫发无损
gpdx	主谓一致 埙篪相和 喜行于色 美国政府 童叟无欺
gpdxa	喜行于色 孤行一意
gpdxd	主谓一致 童叟无欺
gpdxq	埙篪相和 美国政府 殚精极虑
gpg	性行为 新加坡
gpga	恬言柔舌
gpgaa	恬言柔舌
gpgd	经常死机 慈悲为本 忧国忧民 缘起缘灭 惟精惟一
gpgda	慈悲为本 忧国忧民 惟精惟一 喜笑颜开
gpgdd	经常死机 缘起缘灭 为国为民 结发夫妻
gpgg	分享 分子 经典 裂缝 半辈子
gpgga	分享 分子 半辈子 单边主义 慈悲为怀
gpggd	经典 主观主义 绝对主义 豫园商城 帝国主义
gpggq	裂缝 去国怀乡 高足弟子
gpgm	继续 为主 终止收购 贫困地区
gpgma	贫困地区
gpgmd	继续 为主 终止收购
gpgp	曾经 性行为 分裂 新加坡 就简单说
gpgpa	曾经 性行为 分裂 懦词怪说 郤诜高第
gpgpd	新加坡 绳愆纠谬 盘算盘算 绝非善类 绵言细语
gpgpq	就简单说 培训培训 殚精竭力 韬戈卷甲
gpgq	绕着 预算编制 怙恩恃宠
gpgqa	怙恩恃宠
gpgqd	绕着 预算编制
gpgt	毫发丝粟 鼓足士气
gpgta	鼓足士气
gpgtq	毫发丝粟
gpgx	统筹兼顾 殚精竭虑 差之毫厘
gpgxd	统筹兼顾
gpgxq	殚精竭虑 差之毫厘
gpj	喜欢你 美国人
gpja	就等你来 旧调重弹
gpjaq	就等你来 旧调重弹
gpjd	为他 道边苦李 韬戈偃武 绵力薄材 卷帙浩繁
gpjda	道边苦李 卷帙浩繁 恨之入骨 贫困人口
gpjdd	为他 绵力薄材 为非作恶
gpjdq	韬戈偃武
gpjg	分泌 为非作歹 尊师重道 鼓足信心
gpjga	分泌 尊师重道 鼓足信心
gpjgd	为非作歹
gpjj	曾国藩 道路湿滑 为数众多 逆行倒施 贫困潦倒
gpjja	曾国藩 道路湿滑 逆行倒施 贫困潦倒
gpjjd	为数众多 退出江湖
gpjjq	善刀而藏
gpjm	良师益友 快步流星
gpjma	快步流星
gpjmd	良师益友
gpjp	为人 为生 美国人 公诉人 塑料袋
gpjpa	公诉人 塑料袋
gpjpd	为人 为生
gpjpq	美国人 高步通衢 坎止流行 款语温言
gpjq	经济 经营 统计学 分数优先 尊师重教
gpjqa	分数优先 尊师重教 登堂入室
gpjqd	经济 经营 统计学 为之侧目
gpjt	经过 分散 鼓足勇气 绝非偶然 鼓起勇气
gpjta	分散 鼓足勇气 鼓起勇气 八街九陌
gpjtd	经过 绝非偶然
gpjx	为你 为何 喜欢你 结党营私 缓步代车
gpjxa	喜欢你 处堂燕雀
gpjxd	为你 为何 结党营私 缓步代车 旁行斜上
gpjxq	享之千金 养精蓄锐 就此作罢
gpm	就算是 绝对是
gpma	心诚则灵 经国大业 公诸同好
gpmaa	心诚则灵 公诸同好
gpmad	经国大业
gpmd	经理 为大 惟力是视 郤诜丹桂 绝非易事
gpmda	惟力是视 郤诜丹桂 情难自禁 并非易事 心坚石穿
gpmdd	经理 为大 绝非易事
gpmdq	高识远见
gpmg	曾在 首鼠两端 美言几句 单孑独立
gpmga	曾在 首鼠两端 单孑独立
gpmgq	美言几句
gpmj	经验 主观感觉 收回成命 高蹈远举 规圆矩方
gpmja	规圆矩方 单刀直入 悔之晚矣 备尝辛苦 悔读南华
gpmjd	经验 主观感觉 收回成命 为之奋斗
gpmjq	高蹈远举
gpmm	道之所存 立此存照 高谈雄辩
gpmma	道之所存
gpmmd	立此存照
gpmmq	高谈雄辩
gpmp	分布 分辨 培训班 高掌远蹠 高谈大论
gpmpa	分布 分辨 规行矩步
gpmpd	绕了几圈
gpmpq	培训班 高掌远蹠 高谈大论 高掌远跖
gpmt	就算是 分明 绝对是 曾有 高加索山
gpmta	分明 曾有
gpmtd	绝对是
gpmtq	就算是 高加索山
gpmx	主观感受 情之所钟 高堂大厦
gpmxa	情之所钟
gpmxd	主观感受
gpmxq	高堂大厦
gpp	幼儿园 判断力
gppa	分数 主观因素 磬竹难书 立谈之间 罄竹难书
gppaa	分数
gppad	主观因素 立谈之间 丝竹管弦
gppaq	磬竹难书 罄竹难书
gppd	贫困 幼儿 预料之中 收之桑榆 立国之本
gppda	贫困 孤掌难鸣 关东出相
gppdd	幼儿 预料之中 收之桑榆 立国之本
gppdq	敦诗说礼
gppg	分之 为之 为止 曾说 慎之又慎
gppga	分之 曾说 慎之又慎 关切之情
gppgd	为之 为止 立足之地
gppgq	就此了结
gppj	为了 判断力 单刀赴会 备尝艰苦 志坚行苦
gppja	判断力 单刀赴会 备尝艰苦
gppjd	为了 丝恩发怨
gppjq	志坚行苦
gppm	分类 幼儿园 土鸡瓦狗 土鸡瓦犬 怪诞诡奇
gppma	分类 怪诞诡奇 心长力短 心长发短
gppmd	幼儿园 经国之才
gppmq	土鸡瓦狗 土鸡瓦犬
gppp	经常 总设计师 欲言又止 劫数难逃 残篇断简
gpppa	总设计师 欲言又止
gpppd	经常 缚鸡之力 退让贤路
gpppq	劫数难逃 残篇断简
gppq	经筵讲官 半路出家
gppqa	半路出家
gppqd	经筵讲官
gppt	为此 为难 为谁
gpptd	为此 为难 为谁
gppx	心跳加速
gppxa	心跳加速
gpq	旁观者
gpqa	高等教育 孤儿寡妇 立国安邦
gpqaa	孤儿寡妇
gpqad	立国安邦
gpqaq	高等教育
gpqd	塑造
gpqda	塑造
gpqj	旁观者清 孤儿寡母 填街塞巷
gpqja	孤儿寡母
gpqjd	旁观者清
gpqjq	填街塞巷
gpqm	怪物 旁观者 并驾齐驱
gpqma	怪物 并驾齐驱
gpqmd	旁观者
gpqp	主讲老师 去粗取精
gpqpd	主讲老师
gpqpq	去粗取精
gpqq	八国联军
gpqqa	八国联军
gpqt	为准 情非得已
gpqta	情非得已
gpqtd	为准
gpt	高跟鞋 孤儿院
gpta	豪管哀弦
gptaq	豪管哀弦
gptd	高等院校 柔筋脆骨 纳米比亚 就算这样 孤行己见
gptda	孤行己见 喜跃抃舞
gptdd	柔筋脆骨 纳米比亚
gptdq	高等院校 就算这样
gptg	士兵 高跟鞋 心力衰竭 豪竹哀丝
gptga	心力衰竭
gptgq	士兵 高跟鞋 豪竹哀丝
gptj	删除 怪异 绳之以法 心粗气浮 封刀挂剑
gptja	怪异 心粗气浮
gptjd	删除 绳之以法
gptjq	封刀挂剑
gptm	为的 敲诈勒索 绝长补短
gptmd	为的 绝长补短
gptmq	敲诈勒索
gptp	分手 主观臆断 心谤腹非 殚精毕力
gptpa	分手 心谤腹非
gptpd	主观臆断
gptpq	殚精毕力
gptq	孤儿院 道路以目 养儿防老 八难三灾
gptqa	孤儿院 道路以目 八难三灾
gptqq	养儿防老
gptt	为我 怪我 声东击西
gptta	怪我
gpttd	为我
gpttq	声东击西
gptx	熟了以后 幼发拉底 为国捐躯 孤行己意 分路扬镳
gptxa	孤行己意 分路扬镳
gptxd	幼发拉底 为国捐躯
gptxq	熟了以后
gpx	着力点
gpxa	分离 餐厅
gpxaa	分离
gpxaq	餐厅
gpxd	分钟 着力点
gpxda	分钟
gpxdq	着力点
gpxg	经意 竭力虔心 前赴后继 快步上前
gpxga	前赴后继 快步上前
gpxgd	经意 竭力虔心
gpxm	为国争光 差距甚大 纶巾羽扇
gpxmd	为国争光 纶巾羽扇
gpxmq	差距甚大
gpxp	经历 主观意识 主观原因 前言后语 殚谋戮力
gpxpa	前言后语
gpxpd	经历 主观意识 主观原因 童言稚语
gpxpq	殚谋戮力 高谈虚论
gpxq	为爱 前因后果
gpxqa	前因后果
gpxqd	为爱
gpxt	分配 幼稚 分解 善加利用 死皮赖脸
gpxta	分配 分解
gpxtd	幼稚
gpxtq	善加利用 死皮赖脸 就此罢手
gpxx	练习 主观意愿 终止上市 养精畜锐 心路历程
gpxxa	心路历程 心回意转 快刀斩麻
gpxxd	练习 主观意愿 终止上市
gpxxq	养精畜锐
gqa	判决书 公安局
gqaa	判决书 公安局 送往迎来 良家妇女 善者不来
gqaaa	判决书 公安局 送往迎来
gqaad	良家妇女
gqaaq	善者不来
gqad	幸灾乐祸 悦耳动听
gqada	悦耳动听
gqadq	幸灾乐祸
gqag	备好 为老不尊 为德不终 喜得贵子 既往不咎
gqaga	备好 喜得贵子 惜客好义
gqagd	为老不尊 为德不终 既往不咎 新老交替
gqaj	结果如何 为富不仁 恪守不渝 剖决如流
gqaja	恪守不渝
gqajd	结果如何 为富不仁 剖决如流
gqaq	心律不齐
gqaqa	心律不齐
gqat	性教育 纲目不疏
gqata	性教育
gqatd	纲目不疏
gqax	惜字如金 为德不卒
gqaxa	惜字如金
gqaxd	为德不卒
gqd	心目中
gqda	亲密无间 继往开来 送往事居 敲冰求火
gqdaa	送往事居
gqdad	亲密无间 继往开来
gqdaq	敲冰求火
gqdd	规定严禁 高官极品
gqdda	规定严禁
gqddq	高官极品
gqdg	心目中 分家析产 父老兄弟
gqdga	心目中 分家析产 父老兄弟
gqdj	细微末节 地老天荒
gqdjd	细微末节
gqdjq	地老天荒
gqdm	冬天 土牛木马
gqdma	冬天
gqdmq	土牛木马
gqdp	嘉实中证 旁逸横出 幸免于难 必先与之 地造一双
gqdpa	嘉实中证 必先与之
gqdpd	旁逸横出
gqdpq	幸免于难 地造一双
gqdx	公耳忘私 殚思极虑
gqdxa	公耳忘私
gqdxq	殚思极虑
gqg	公安部 规律性
gqga	公安分局 红男绿女
gqgaa	公安分局
gqgad	红男绿女
gqgd	单纯 公安部 予取予求
gqgda	单纯 公安部
gqgdd	予取予求
gqgg	列宁主义 养老送终 美容养颜 父老乡亲 怵目惊心
gqgga	父老乡亲 怵目惊心 惜老怜贫
gqggq	列宁主义 养老送终 美容养颜
gqgj	规律性 兼容并蓄 贫富分化
gqgja	规律性 兼容并蓄 贫富分化
gqgm	死者为大 兼容并包
gqgma	兼容并包
gqgmq	死者为大
gqgp	嘉实增长 就睡着了 贫富差距 美容美发 逆耳良言
gqgpa	嘉实增长 贫富差距 逆耳良言
gqgpq	就睡着了 美容美发
gqgq	细细 遵守纪律
gqgqa	遵守纪律
gqgqd	细细
gqgt	惧怕 预定义的 道德情操 缩头缩脑 愣头愣脑
gqgta	惧怕 道德情操 愣头愣脑
gqgtd	预定义的 缩头缩脑 立字为据
gqgx	细心 高官尊爵 违害就利
gqgxd	细心
gqgxq	高官尊爵 违害就利
gqj	美联储
gqja	善男信女
gqjaq	善男信女
gqjd	综合 高官重禄 养家活口 埋头苦干
gqjdd	综合
gqjdq	高官重禄 养家活口 埋头苦干
gqjg	单位 缩放 备注 道德沦丧 劫富济贫
gqjga	单位 备注 道德沦丧 孤臣孽子
gqjgd	缩放
gqjgq	劫富济贫
gqjj	缘定今生 孤军深入 心得体会
gqjja	孤军深入 心得体会
gqjjd	缘定今生
gqjm	羡慕 预测 约定俗成 恃宠而骄 养军千日
gqjma	恃宠而骄
gqjmd	预测 约定俗成
gqjmq	羡慕 养军千日
gqjp	旁人 美联储 就职演说 就职仪式 旁逸斜出
gqjpd	旁人 旁逸斜出
gqjpq	美联储 就职演说 就职仪式
gqjq	列鼎而食
gqjqq	列鼎而食
gqjt	站得住脚 分进合击 心宽体胖
gqjta	分进合击 心宽体胖
gqjtd	站得住脚
gqjx	细节 孤军作战
gqjxa	孤军作战
gqjxd	细节
gqm	前男友 新鲜感
gqma	单独 预定时间 坑家败业 旁征博引 残军败将
gqmaa	单独
gqmad	预定时间 旁征博引
gqmaq	坑家败业 残军败将
gqmd	新鲜感 亲眼所见
gqmdd	新鲜感 亲眼所见
gqmg	孔思周情 逆臣贼子
gqmga	孔思周情 逆臣贼子
gqmj	高冠博带 懒得理你 主客颠倒
gqmja	懒得理你
gqmjd	主客颠倒
gqmjq	高冠博带
gqmm	分宵达曙 高头大马
gqmma	分宵达曙
gqmmq	高头大马
gqmp	前男友 豪取智笼 高睨大谈
gqmpa	前男友
gqmpq	豪取智笼 高睨大谈
gqmq	高瞻远瞩 恪守成宪 心安理得 逆取顺守
gqmqa	恪守成宪 心安理得 逆取顺守
gqmqq	高瞻远瞩
gqmt	送进医院 送往医院 士饱马腾
gqmta	送进医院 送往医院
gqmtq	士饱马腾
gqmx	孤军奋战 高官显爵 墙头马上 快犊破车
gqmxa	孤军奋战 快犊破车
gqmxq	高官显爵 墙头马上
gqp	经得起
gqpa	坎井之蛙 怀宝迷邦
gqpaa	怀宝迷邦
gqpaq	坎井之蛙
gqpd	务实精神 养家糊口 忧思难忘
gqpda	务实精神 忧思难忘
gqpdq	养家糊口
gqpj	着力 预料
gqpjd	预料
gqpjq	着力
gqpm	帝国 预计 关进监狱 丧家之犬 立定跳远
gqpma	关进监狱
gqpmd	帝国 预计 立定跳远
gqpmq	丧家之犬 裂冠毁冕
gqpp	红得发紫 逆耳之言
gqppa	逆耳之言
gqppd	红得发紫
gqpq	预算
gqpqd	预算
gqpt	旁边 经得起 高卧东山
gqptd	旁边 经得起
gqptq	高卧东山
gqpx	封官许原 高头讲章 收官之战 封官许愿
gqpxd	收官之战
gqpxq	封官许原 高头讲章 封官许愿
gqqa	死者家属 孤男寡女 半老徐娘
gqqaa	孤男寡女 半老徐娘
gqqaq	死者家属
gqqd	总决赛里 既定目标
gqqda	总决赛里
gqqdd	既定目标
gqqg	着眼 懂得都懂
gqqga	懂得都懂
gqqgq	着眼
gqqj	新宿御苑 孤家寡人
gqqja	孤家寡人
gqqjd	新宿御苑
gqqm	京都御所 矜愚饰智 孤寡鳏独
gqqma	孤寡鳏独
gqqmd	矜愚饰智
gqqmq	京都御所
gqqp	道德实践 兼职教师
gqqpa	道德实践 兼职教师
gqqq	着实 半准决赛 亲眼目睹
gqqqa	半准决赛
gqqqd	亲眼目睹
gqqqq	着实
gqqt	细微 兼职教授
gqqta	兼职教授
gqqtd	细微
gqqx	单鹄寡凫
gqqxa	单鹄寡凫
gqt	首先要
gqta	首先要 子宫肌层 盖头换面 怀冤抱屈 朗目疏眉
gqtaa	首先要 子宫肌层 怀冤抱屈
gqtad	朗目疏眉
gqtaq	盖头换面
gqtd	养老院里 八字打开
gqtda	八字打开
gqtdq	养老院里
gqtg	忙得要死 填饱肚子 怕得要死 堵得要死
gqtga	忙得要死 怕得要死
gqtgq	填饱肚子 堵得要死
gqtj	预防 兼职工作 分守要津 退思补过
gqtja	兼职工作 分守要津
gqtjd	预防 退思补过
gqtm	细胞 纪实摄影 堆案盈几
gqtmd	细胞 纪实摄影
gqtmq	堆案盈几
gqtp	着手
gqtpq	着手
gqtq	细看 冬寒抱冰
gqtqa	冬寒抱冰
gqtqd	细看
gqtx	亲密接触 道德文章
gqtxa	道德文章
gqtxd	亲密接触
gqx	养老金 土耳其
gqxa	着急
gqxaq	着急
gqxd	主减速器 织物座椅 高官厚禄 前思后想
gqxda	前思后想
gqxdd	主减速器 织物座椅
gqxdq	高官厚禄
gqxg	预期 土耳其 尊老爱幼
gqxga	尊老爱幼
gqxgd	预期
gqxgq	土耳其
gqxj	养老金 兽聚鸟散 既得利益 维吾尔族 志得意满
gqxja	兽聚鸟散
gqxjd	既得利益 维吾尔族 新官上任
gqxjq	养老金 志得意满
gqxm	埋头顾影 死得其所 童牛角马 前目后凡
gqxma	前目后凡
gqxmd	童牛角马
gqxmq	埋头顾影 死得其所
gqxp	单身 逆耳利行
gqxpa	单身 逆耳利行
gqxq	缩头乌龟
gqxqd	缩头乌龟
gqxx	缩小 嘉实基金 遵守秩序 孤犊触乳 前瞻后顾
gqxxa	嘉实基金 遵守秩序 孤犊触乳 前瞻后顾
gqxxd	缩小
gta	心脏病 坏血病
gtaa	毫不 欲拒还迎 高手如云 前功尽弃 惨然不乐
gtaaa	欲拒还迎 前功尽弃 惨然不乐
gtaaq	毫不 高手如云
gtad	心脏病 坏血病 主要动机 主要支柱 收集素材
gtada	心脏病 恍然如梦
gtadd	主要动机 主要支柱 收集素材
gtadq	坏血病 高手如林
gtag	前来 欲擒故纵 经丘寻壑 死要面子 怫然不悦
gtaga	前来 欲擒故纵 怫然不悦
gtagd	经丘寻壑
gtagq	死要面子
gtaj	必将 柔肤弱体 膏腴贵游 分文不值 心血来潮
gtaja	必将 分文不值 心血来潮 分文不名
gtajd	柔肤弱体
gtajq	膏腴贵游 善气迎人
gtam	前面 分文不直 毫毛不犯 亲朋好友 烹龙炮凤
gtama	前面 分文不直 判然不同
gtamd	亲朋好友
gtamq	毫毛不犯 烹龙炮凤
gtap	煎熬 总的来讲 分朋引类 总的来说 既然如此
gtapa	煎熬 总的来讲 分朋引类 总的来说
gtapd	既然如此 绵延不断
gtapq	坦然面对
gtaq	懦弱 分文不取 分文未取 惶恐不安
gtaqa	懦弱 分文不取 分文未取 惶恐不安
gtat	违背 总的来看 高抬贵手
gtata	总的来看
gtatq	违背 高抬贵手
gtax	收集运输 舟山群岛 悍然不顾
gtaxa	悍然不顾
gtaxd	收集运输 舟山群岛
gtd	就这样 新技术
gtda	红白相间 豪气干云 惊恐万状 纤悉无遗
gtdaa	惊恐万状
gtdad	红白相间 纤悉无遗
gtdaq	豪气干云
gtdd	必需品 收集一下 怀揣梦想 就这样吧 声振林木
gtdda	必需品 怀揣梦想
gtddd	收集一下
gtddq	就这样吧 声振林木
gtdg	就这样 新技术 主要干道 孤文只义 赤胆忠心
gtdga	孤文只义 逢山开道 悄然无声 分我杯羹
gtdgd	新技术 主要干道 柔肠百结
gtdgq	就这样 赤胆忠心 赤手空拳 鹑衣百结
gtdj	死刑 劫持事件 地震事件 主要事件 情随事迁
gtdja	情随事迁
gtdjd	主要事件
gtdjq	死刑 劫持事件 地震事件 声气相通
gtdm	半天 心拙口夯 分三别两
gtdma	半天 心拙口夯 分三别两
gtdp	差别 收集材料 就这样了 逢山开路
gtdpa	逢山开路
gtdpd	收集材料
gtdpq	差别 就这样了
gtdq	必须 死亡 剖幽析微 心肌梗塞
gtdqa	必须 心肌梗塞
gtdqd	剖幽析微
gtdqq	死亡
gtdt	毫无 半年 半空 餐霞吸露 心服口服
gtdta	半年 半空 心服口服
gtdtq	毫无 餐霞吸露 声气相投
gtdx	主要树种 餐腥啄腐 条三窝四 柔肠百转 心手相应
gtdxa	条三窝四 心手相应
gtdxd	主要树种 柔肠百转
gtdxq	餐腥啄腐
gtg	剖腹产 竞技场
gtga	柔情 竞技场 怦然心动 旁系亲属 绿肥红瘦
gtgaa	怦然心动 忙这忙那 怜我怜卿
gtgad	柔情 竞技场 旁系亲属 绿肥红瘦
gtgd	土地 退款 违规 前款 新的商机
gtgda	前款
gtgdd	退款 新的商机 红白喜事 经文纬武
gtgdq	土地 违规
gtgg	弟子 首要分子 单兵孤城 纨袴子弟 膏腴子弟
gtgga	弟子 首要分子 单兵孤城 半推半就
gtggd	纨袴子弟
gtggq	膏腴子弟 高文典册
gtgj	死去 递给 必要性 予以关注 纨袴膏粱
gtgja	递给 必要性 前提条件 慢工细活 情文并茂
gtgjd	予以关注 纨袴膏粱 主导地位 良工心苦
gtgjq	死去 士气高涨
gtgm	缴纳 违约 收集处理 予以处理 半斤八两
gtgma	半斤八两
gtgmd	缴纳 收集处理 予以处理
gtgmq	违约
gtgp	登打士街 半工半读 单文孤证 坦白地讲 高文典策
gtgpa	登打士街 半工半读 单文孤证
gtgpq	坦白地讲 高文典策
gtgq	端着
gtgqd	端着
gtgt	弟弟 死死 予以删除 增援部队 缩手缩脚
gtgta	弟弟 慌手慌脚 惨白惨白
gtgtd	予以删除 缩手缩脚 缚手缚脚
gtgtq	死死 增援部队
gtgx	判处 憔悴 剖腹产 竞技场上 境随心转
gtgxa	判处 憔悴
gtgxd	剖腹产 竞技场上
gtgxq	境随心转 差以毫厘
gtj	退换货 主持人
gtja	前世 纪念 主要涉及 纲提领挈 旁推侧引
gtjaa	前世 总揽全局
gtjad	纪念 主要涉及 纲提领挈 旁推侧引 竞技体育
gtjaq	土阶茅屋 赫然而怒
gtjd	前方 退休 新的生机 务工人员 怆然泪下
gtjda	前方 务工人员 怆然泪下
gtjdd	退休 新的生机
gtjg	违法 半个 维修 高斋学士 收揽人心
gtjga	半个 心胆俱裂
gtjgd	维修 收揽人心 绝裾而去
gtjgq	违法 高斋学士 旧雨重逢 高岸深谷
gtjj	士气低落 喜气洋洋 高山流水 缝衣浅带 道山学海
gtjja	喜气洋洋 道山学海 分工合作
gtjjd	缝衣浅带 童山濯濯 盘膝而坐 为山九仞
gtjjq	士气低落 高山流水 餐霞漱瀣 死气沉沉 善贾而沽
gtjm	孤胆英雄 声势浩大 养兵千日 朗月清风 剖腹藏珠
gtjma	孤胆英雄
gtjmd	朗月清风 剖腹藏珠
gtjmq	声势浩大 养兵千日
gtjp	死人 主持人 主持仪式 竞技游戏 新西游记
gtjpa	慨然允诺 快捷方式 逆势而行 冁然而笑
gtjpd	主持人 主持仪式 竞技游戏 新西游记 新陈代谢
gtjpq	死人 高山仰之 高山仰止
gtjq	绿衣使者 高阳酒徒 坦白从宽 缩衣节食
gtjqd	绿衣使者 缩衣节食
gtjqq	高阳酒徒 坦白从宽
gtjt	退货 退换货 主要依据 怅然若失 恍然若失
gtjta	怅然若失 恍然若失 惘然若失
gtjtd	退货 退换货 主要依据 剖肝沥胆 剖肝泣血
gtjtq	旧雨今雨
gtjx	前途 单兵作战 高朋满座 收拾停当 忿然作色
gtjxa	前途 单兵作战 忿然作色 怯防勇战 怫然作色
gtjxd	收拾停当
gtjxq	高朋满座 埋三怨四
gtm	主要是
gtma	收腰显瘦 前段时间 残兵败将 着手成春
gtmaa	前段时间
gtmad	收腰显瘦
gtmaq	残兵败将 着手成春
gtmd	卷三十一 心胸狭窄 心腹大患 绿衣黄里
gtmda	卷三十一 心胸狭窄 心腹大患
gtmdd	绿衣黄里
gtmg	死在 土扶成墙 恍然大悟 惟我独尊 高文大册
gtmga	恍然大悟 惟我独尊
gtmgd	旁搜远绍
gtmgq	死在 土扶成墙 高文大册
gtmj	单打独斗 矜功自伐 关系匪浅 坦然自若
gtmja	单打独斗 关系匪浅
gtmjd	矜功自伐
gtmjq	坦然自若
gtmm	红码 收集大量 丧失理智 烹龙砲凤
gtmmd	红码 收集大量
gtmmq	丧失理智 烹龙砲凤
gtmp	前脚刚走 公用电话 高山景行 恬然自足
gtmpa	前脚刚走 公用电话 恬然自足
gtmpq	高山景行
gtmq	怡然自得
gtmqa	怡然自得
gtmt	半晌 主要是 怕是 必有 韦裤布被
gtmta	半晌 怕是 必有 心胸狭隘 兰摧玉折
gtmtd	主要是 为我所用
gtmtq	韦裤布被
gtmx	主要景点 高抬明镜 毂击肩摩 分鞋破镜 立功赎罪
gtmxa	分鞋破镜 八抬大轿
gtmxd	主要景点 立功赎罪 旁搜博采
gtmxq	高抬明镜 毂击肩摩
gtp	心血管
gtpa	判断 八拜之交 心腹之交 关西出将 盘龙之癖
gtpaa	判断 八拜之交 心腹之交 关西出将
gtpad	盘龙之癖
gtpd	退回 心腹之患
gtpda	心腹之患
gtpdd	退回
gtpg	恻隐之心 绨袍之义 首丘之情 孤文断句 单膝跪地
gtpga	恻隐之心 首丘之情 孤文断句 单膝跪地 关山迢递
gtpgd	绨袍之义
gtpgq	膏腴之地
gtpj	死了 退了 红了 怕了 登山临水
gtpja	怕了 登山临水 逆阪走丸
gtpjd	退了 红了
gtpjq	死了
gtpm	差距 退出
gtpmd	退出
gtpmq	差距
gtpp	就这些了 线的设计 收腰设计 缓兵之计 主文谲谏
gtppd	线的设计 收腰设计 缓兵之计 主文谲谏 为山止篑
gtppq	就这些了
gtpq	心血管
gtpqa	心血管
gtpt	收集数据 收集证据 高山之巅 收拾东西 瓶坠簪折
gtpta	瓶坠簪折
gtptd	收集数据 收集证据 收拾东西
gtptq	高山之巅
gtpx	前行 前辈 土崩瓦解 坦腹东床
gtpxa	前行 前辈
gtpxq	土崩瓦解 坦腹东床
gtqa	纪律 孤陋寡闻 堪以告慰
gtqaa	孤陋寡闻
gtqad	纪律
gtqaq	堪以告慰
gtqd	登峰造极 逆我者亡
gtqda	登峰造极 逆我者亡
gtqg	前往 封己守残 逆向思维
gtqga	前往 逆向思维
gtqgq	封己守残
gtqj	收集资源 餐霞饮液 餐霞饮瀣
gtqjd	收集资源
gtqjq	餐霞饮液 餐霞饮瀣
gtqm	判决 死者 烹龙煮凤 心肝宝贝 餐霞饮景
gtqma	判决 心肝宝贝
gtqmq	死者 烹龙煮凤 餐霞饮景
gtqp	收集资料 予以制止 心向往之 关系密切 赭衣塞路
gtqpa	心向往之 关系密切
gtqpd	收集资料 予以制止
gtqpq	赭衣塞路
gtqq	高脂饮食 声振寰宇
gtqqq	高脂饮食 声振寰宇
gtqt	前进 必定 增肌减脂 欲扬先抑 毅然决然
gtqta	前进 必定 欲扬先抑
gtqtd	毅然决然
gtqtq	增肌减脂
gtqx	红军 心胸宽广 盘龙卧虎
gtqxa	心胸宽广
gtqxd	红军 盘龙卧虎
gtt	赤裸裸 孤零零
gtta	必要 高脂血症 收集要素 旁摇阴煽
gttaa	必要
gttad	收集要素 旁摇阴煽
gttaq	高脂血症
gttd	既然这样
gttdd	既然这样
gttg	维持 予以拒绝 地震震级
gttgd	维持 予以拒绝
gttgq	地震震级
gttj	予以 差异 孤零零 收集雨水 预防措施
gttja	孤零零
gttjd	予以 收集雨水 预防措施
gttjq	差异
gttm	维护 必然 前提 端的 盐的用量
gttma	必然 前提 分斤掰两 分斤拨两
gttmd	维护 端的 良工巧匠
gttmq	盐的用量
gttp	就这么办 必要的话 拳打脚踢 惜指失掌 心脑血管
gttpa	必要的话 拳打脚踢 惜指失掌 心脑血管
gttpq	就这么办
gttq	赤裸裸
gttqq	赤裸裸
gttt	半山腰 高手指导 高山峻岭 地崩山摧 关山阻隔
gttta	半山腰 关山阻隔
gtttq	高手指导 高山峻岭 地崩山摧
gttx	退换 惊恐失色 怛然失色
gttxa	惊恐失色 怛然失色
gttxd	退换
gtx	高血压 关系到
gtxa	立功受奖 丧胆销魂
gtxad	立功受奖
gtxaq	丧胆销魂
gtxd	差点 柔软 半点 柔和 死后
gtxda	半点 前后 恫疑虚喝 慢腾斯礼 分崩离析
gtxdd	柔软 柔和 退后 收集意见
gtxdq	差点 死后
gtxg	红尘 高血压 高峰期 旁文剩义 维持原判
gtxgd	红尘 旁文剩义 维持原判
gtxgq	高血压 高峰期 羊肠小道 羊肠鸟道
gtxj	半夜 情投意合 残山剩水 公报私仇 慨然应允
gtxja	半夜 情投意合 公报私仇 慨然应允
gtxjq	残山剩水 羲皇上人 堆山积海
gtxm	矛盾 红色 收集整理 烹龙庖凤 土龙刍狗
gtxma	惨雨酸风
gtxmd	矛盾 红色 收集整理
gtxmq	烹龙庖凤 土龙刍狗
gtxp	违反 关系到 就撞上了 粲然可观 前覆后戒
gtxpa	关系到 前覆后戒 情比金坚 前凸后翘 孤豚腐鼠
gtxpd	旁指曲谕 新手上路
gtxpq	违反 就撞上了 粲然可观 坦然受之
gtxq	予以解决 纳贡称臣 红衰翠减 登山小鲁
gtxqa	登山小鲁
gtxqd	予以解决 纳贡称臣 红衰翠减
gtxt	赤膊上阵 公报私雠 前挽后推
gtxta	公报私雠 前挽后推
gtxtq	赤膊上阵
gtxx	收集车辆 差三错四
gtxxd	收集车辆
gtxxq	差三错四
gxaa	就不 心灵 绝不 终身不嫁 孔席不适
gxaaa	心灵 孔席不适 条解支劈 心急火燎 送上门来
gxaad	绝不 终身不嫁
gxaaq	就不
gxad	就如 就问 颜色艳丽 高顾遐视 喜上眉梢
gxada	喜上眉梢 心急如焚
gxadd	颜色艳丽 妾意如棉
gxadq	就如 就问 高顾遐视 养虎遗患
gxag	就好 心疼 就来 半身不遂 恰到好处
gxaga	心疼 半身不遂 恰到好处 处变不惊
gxagq	就好 就来
gxaj	即将 心痛 登录 经久不愈 单身贵族
gxaja	心痛 登录 单身贵族 普度群生
gxajd	即将 经久不愈 纤尘不染
gxajq	豪厘不伐
gxam	经久不息 分钗劈凤 为期不远 毫厘不爽 孔席不暖
gxama	分钗劈凤 孔席不暖
gxamd	经久不息 为期不远
gxamq	毫厘不爽
gxap	心动 公私交困 心醉魂迷
gxapa	心动 公私交困 心醉魂迷
gxat	经久不衰 堆积如山
gxatd	经久不衰
gxatq	堆积如山
gxax	产业 就业
gxaxd	产业
gxaxq	就业
gxd	收音机
gxda	尊严
gxdaa	尊严
gxdd	产品 心事 颜色校正 前程万里 红尘万丈
gxdda	心事 前程万里 分身无术
gxddd	产品 颜色校正 红尘万丈 绳其祖武 绝其本根
gxddq	馨香祷祝
gxdg	心中 就叫 分章析句 堪称一绝
gxdga	心中 分章析句
gxdgq	就叫 堪称一绝
gxdj	心里 乡村 关键事件 终其一生 善罢干休
gxdja	心里 关键事件 心意相通
gxdjd	乡村 终其一生 缓急相济
gxdjq	善罢干休 地角天涯
gxdm	处于 心神 就更 收音机 心到神知
gxdma	处于 心神 心到神知 孤身只影
gxdmd	收音机
gxdmq	就更
gxdp	就别 产权 纵身一跃 心醉神迷 绳锯木断
gxdpa	心醉神迷
gxdpd	产权 纵身一跃 绳锯木断
gxdpq	就别 地久天长
gxdq	心想 就想 前庭悬鱼 地上天官 绿色植物
gxdqa	心想 前庭悬鱼
gxdqd	绿色植物 剖玄析微 红豆相思
gxdqq	就想 地上天官
gxdt	绝望 竞争形势 必输无疑
gxdta	必输无疑
gxdtd	绝望 竞争形势
gxdx	颜色一致 快速响应 即鹿无虞 公尔忘私
gxdxa	快速响应 公尔忘私
gxdxd	颜色一致 即鹿无虞
gxg	坏习惯
gxga	心情 备受煎熬 惟肖惟妙
gxgaa	心情 备受煎熬 惟肖惟妙
gxgd	心地
gxgda	心地
gxgg	孙子 经销商处 情意绵绵 着急忙慌 分厘毫丝
gxgga	孙子 情意绵绵 分厘毫丝
gxggd	经销商处 红愁绿惨
gxggq	着急忙慌 旧愁新恨
gxgj	就去 站立 坏习惯 关键组件 立身处世
gxgja	关键组件 公序良俗 分久必合
gxgjd	站立 立身处世
gxgjq	就去 坏习惯 孰轻孰重 土穰细流 羡煞旁人
gxgm	缓慢 京城 怜香惜玉 高尔夫球 公私分明
gxgma	怜香惜玉 公私分明 逆反心理 憎爱分明 心小志大
gxgmd	缓慢 良金美玉
gxgmq	京城 高尔夫球 毫厘丝忽
gxgp	处分 缠绕 高速道路 高速增长 心虔志诚
gxgpa	处分 心虔志诚
gxgpd	缠绕
gxgpq	高速道路 高速增长
gxgq	孤单 站着 甑尘釜鱼 兼程前进
gxgqa	孤单 甑尘釜鱼 兼程前进
gxgqd	站着
gxgt	缠绵 端到端的 半遮半掩
gxgta	半遮半掩
gxgtd	缠绵 端到端的
gxgx	缓缓 悄悄 处处 心境 处境
gxgxa	悄悄 处处 心境 处境 分甘绝少
gxgxd	缓缓 亲身经历 维尔纽斯 绝甘分少
gxgxq	美轮美奂 吉尔吉斯
gxj	纳税人 心上人
gxja	就会 纷至沓来 熟魏生张 高危人群 结庐而居
gxjad	纷至沓来 结庐而居
gxjaq	就会 熟魏生张 高危人群
gxjd	即使 即便 尊重 红腐贯朽 分庭伉礼
gxjda	尊重 分庭伉礼
gxjdd	即使 即便 红腐贯朽 舟车劳顿
gxjdq	高爵重禄 毫厘千里
gxjg	尊敬 乡利倍义 兰质熏心 慎身修永 分期付款
gxjga	尊敬 兰质熏心 慎身修永 分期付款 兰质薰心
gxjgd	乡利倍义 绝尘而去 绿色通道
gxjj	为虎作伥 普度众生 劫后余生 缪种流传 分甘共苦
gxjja	普度众生 分甘共苦
gxjjd	为虎作伥 缪种流传
gxjjq	劫后余生
gxjm	收到信息 美其名曰 情到浓时
gxjma	情到浓时
gxjmd	收到信息
gxjmq	美其名曰
gxjp	产生 就没 心生 纳税人 心上人
gxjpa	心生 心上人 奠基仪式
gxjpd	产生 纳税人 纶音佛语
gxjpq	就没
gxjq	就像 地底世界 细致入微 釜底游鱼 惭凫企鹤
gxjqa	釜底游鱼 惭凫企鹤
gxjqd	细致入微
gxjqq	就像 地底世界
gxjt	就能 经久耐用 心广体胖
gxjta	心广体胖
gxjtd	经久耐用
gxjtq	就能
gxjx	善解人意 斧钺汤镬 前程似锦 声色俱厉 地广人稀
gxjxa	斧钺汤镬 前程似锦
gxjxd	为虎添翼 为虎傅翼
gxjxq	善解人意 声色俱厉 地广人稀 地利人和 声色货利
gxm	高质量 半小时
gxma	孤独 就成 纳斯达克 分香卖履
gxmaa	孤独 分香卖履
gxmad	纳斯达克
gxmaq	就成
gxmd	处理 心理 高质量 综上所述 埋轮破柱
gxmda	处理 心理 分床同梦 惟利是求 惟利是视
gxmdd	综上所述 终身大事
gxmdq	高质量 埋轮破柱
gxmg	站在 就在 心态 处在
gxmga	心态 处在
gxmgd	站在
gxmgq	就在
gxmj	境内 半小时 惟利是营 公私两济 惟利是逐
gxmja	半小时 惟利是营 公私两济 惟利是逐 惟利是命
gxmjd	绿色环保
gxmjq	境内 城市大学
gxmm	收受贿赂 前程远大 声色犬马 声色狗马 高车驷马
gxmma	前程远大
gxmmd	收受贿赂
gxmmq	声色犬马 声色狗马 高车驷马
gxmp	关键在党 惟利是图 惟利是趋
gxmpa	关键在党 惟利是图 惟利是趋
gxmq	高歌猛进 八音遏密
gxmqa	八音遏密
gxmqq	高歌猛进
gxmt	就是 就有 即是 半透明 送至医院
gxmta	半透明 送至医院 孙康映雪 八府巡按
gxmtd	即是
gxmtq	就是 就有
gxmx	心碎 款曲周至 分钗破镜 孤鸾照镜 赫尔辛基
gxmxa	心碎 分钗破镜 孤鸾照镜 恢廓大度 公私两利
gxmxq	款曲周至 赫尔辛基
gxp	经历了 竞争力
gxpa	关键词 高速发展 纷至踏来 织当访婢 总角之交
gxpaa	关键词 总角之交
gxpad	纷至踏来 织当访婢 绳床瓦灶
gxpaq	高速发展
gxpd	差点儿 情急之下 孔席墨突
gxpda	情急之下 孔席墨突
gxpdq	差点儿
gxpg	就说 关键之处 必争之地 立锥之地
gxpga	关键之处 必争之地
gxpgd	立锥之地
gxpgq	就说
gxpj	绝对 经历了 愣了 就该 竞争力
gxpja	愣了 分钗断带 快意恩仇
gxpjd	绝对 经历了 竞争力 约束力
gxpjq	就该 违利赴名
gxpm	就越 高速驾驶 高速行驶 赫斯之威 堆金叠玉
gxpmq	就越 高速驾驶 高速行驶 赫斯之威 堆金叠玉
gxpp	心跳 城市设计 高速计算 编程语言 前车之鉴
gxppa	心跳 前车之鉴 斧钺之诛
gxppd	编程语言
gxppq	城市设计 高速计算 残章断简
gxpq	就算 结束语 死到临头
gxpqd	结束语
gxpqq	就算 死到临头
gxpt	登记 站起 就此 关键词三 纸上谈兵
gxpta	登记 关键词三
gxptd	站起 纸上谈兵 纵虎归山 立身行己
gxptq	就此
gxpx	就让 就行 就走 关原之战 郑卫之音
gxpxa	关原之战 郑卫之音 螽斯衍庆
gxpxq	就让 就行 就走
gxq	志愿者
gxqd	分身减口 前尘往事 鼓角齐鸣
gxqda	分身减口 前尘往事 鼓角齐鸣
gxqg	心思 就很 遵章守纪 细针密缕
gxqga	心思 遵章守纪
gxqgd	细针密缕
gxqgq	就很
gxqj	境界 遵守
gxqja	遵守
gxqjq	境界
gxqm	心头 就得 懒得 志愿者
gxqma	心头 懒得
gxqmq	就得 志愿者
gxqq	备受瞩目 孤鸾寡鹄
gxqqa	备受瞩目 孤鸾寡鹄
gxqx	遵循 规章制度 句斟字酌
gxqxa	遵循 规章制度
gxqxq	句斟字酌
gxt	就可以 高科技
gxta	就要 高科技 封金挂印 八音迭奏
gxtaa	八音迭奏
gxtaq	就要 高科技 封金挂印
gxtd	高度近视 分庭抗礼 半夜三更 声应气求 美意延年
gxtda	分庭抗礼 半夜三更
gxtdq	高度近视 声应气求 美意延年
gxtg	就已 预受要约 敲锣打鼓 前度刘郎 慨当以慷
gxtga	前度刘郎 慨当以慷
gxtgd	预受要约
gxtgq	就已 敲锣打鼓
gxtj	就可以 丧身失节 釜底抽薪 赤身裸体 赤身露体
gxtja	釜底抽薪
gxtjd	立身扬名
gxtjq	就可以 丧身失节 赤身裸体 赤身露体
gxtm	就把 悄然 分金掰两 韬迹隐智 为小失大
gxtma	悄然 分金掰两
gxtmd	为小失大
gxtmq	就把 韬迹隐智 敲金击石
gxtp	就被 站稳脚跟
gxtpd	站稳脚跟
gxtpq	就被
gxtq	就看 典章文物
gxtqd	典章文物
gxtqq	就看
gxtt	颊上三毛
gxtta	颊上三毛
gxtx	心脏 旧金山市 怀铅提椠
gxtxa	心脏 怀铅提椠
gxtxq	旧金山市
gxx	处罚金 公积金
gxxa	心底 幺麽小丑 情至意尽
gxxaa	心底 情至意尽
gxxad	幺麽小丑
gxxd	心上 登上 高爵厚禄 慈乌返哺 前歌后舞
gxxda	心上 登上 慈乌返哺 前歌后舞
gxxdq	高爵厚禄
gxxg	心意 快意当前
gxxga	心意 快意当前
gxxj	就可 即可 心酸 处罚金 公积金
gxxja	心酸 处罚金 公积金
gxxjd	即可 终身受益 缓急轻重
gxxjq	就可 善罢甘休
gxxm	颜色 处置 膏车秣马 子虚乌有 堆金积玉
gxxma	处置 子虚乌有
gxxmd	颜色
gxxmq	膏车秣马 堆金积玉
gxxp	处罚 情色小说 纸醉金迷 羊质虎皮 声罪致讨
gxxpa	处罚 情色小说 孤雏腐鼠
gxxpd	纸醉金迷
gxxpq	羊质虎皮 声罪致讨
gxxq	心爱 首当其冲 死罪可免
gxxqa	心爱 首当其冲
gxxqq	死罪可免
gxxt	就连 缓解 心愿 备受质疑 竞争上岗
gxxta	心愿 备受质疑
gxxtd	缓解 竞争上岗
gxxtq	就连
gxxx	高锰酸钾 高原反应
gxxxq	高锰酸钾 高原反应
jaa	从来不 萤火虫
jaaa	从来不 萤火虫 假痴不癫 借尸还魂 人间烟火
jaaaa	沉疴痼疾 学如不及
jaaad	萤火虫 敬业乐群 苦尽甜来
jaaaq	从来不 假痴不癫 借尸还魂 人间烟火 人不如故
jaad	假如 倔强 苍蝇不叮 名留青史 施展不开
jaadd	苍蝇不叮 名留青史 施展不开 暮云春树 千古不朽
jaadq	假如 倔强
jaag	做好 假装 生不如死 深表遗憾 混乱不堪
jaaga	深表遗憾 混乱不堪
jaagd	生不如死 邪门歪道 苦乐不均
jaagq	做好 假装 何乐不为
jaaj	汤姆 沙门氏菌 重症病例 涉及交通 外交辞令
jaaja	汤姆 沙门氏菌 涉及交通 法不责众 浩如烟海
jaajd	重症病例 外交辞令 方来未艾 薪尽火传
jaajq	入邦问俗 今不如昔 休克疗法 余怒未消 从来不会
jaam	世间 借书留真 桀骜不驯 满面春风 学书不成
jaama	满面春风 学书不成
jaamd	世间 桀骜不驯
jaamq	借书留真
jaap	活动 流动 洪炉燎发 洽闻强记 汗不敢出
jaapa	活动 流动 洪炉燎发 洽闻强记 汗不敢出
jaapq	入门问讳
jaaq	洗眉刷目 若敖鬼馁 舒眉展眼 浓妆艳饰
jaaqa	洗眉刷目 浓妆艳饰
jaaqd	若敖鬼馁
jaaqq	舒眉展眼
jaat	舒适 湖北 葛屦履霜 浓装艳抹 汤烧火热
jaata	湖北 浓装艳抹 汤烧火热 浓妆艳抹 浓妆艳服
jaatd	葛屦履霜 放火烧山 重如泰山
jaatq	舒适 从来不用
jaax	命辞遣意 菲尼克斯 名门闺秀 千古不变 名闻遐迩
jaaxd	菲尼克斯 名门闺秀 千古不变 名闻遐迩 惹火烧身
jaaxq	命辞遣意
jad	放不下 化妆品
jada	停不下来 外强中瘠 漏尽更阑 滥杀无辜 千娇百媚
jadaa	漏尽更阑 滥杀无辜 水火无交
jadad	外强中瘠 千娇百媚 千疮百痍
jadaq	停不下来 伤及无辜 倒屣相迎 人寿年丰 贪蛇忘尾
jadd	清楚 做事 做梦 贪婪 世事
jadda	清楚 流氓 海阔天空 泽及枯骨
jaddd	世事 蔓引株求 外强中干
jaddq	做事 做梦 贪婪 化妆品 做好事
jadg	艺术 世贸中心 会展中心 人间正道 千疮百孔
jadga	水火无情 清静无为 海阔天高 漠不相关 涤故更新
jadgd	艺术 世贸中心 千疮百孔 千古一帝 千状万端
jadgq	会展中心 人间正道 借面吊丧
jadj	涉及政治 涉及社会 水门事件 借古喻今 蒙娜丽莎
jadja	涉及政治 涉及社会 水门事件 治病救人
jadjd	蒙娜丽莎 名门望族 荒郊野外 迁怒于人 草间求活
jadjq	借古喻今 从未见过 人面桃花
jadm	今天 会员 低于 重症中暑 千状万态
jadma	海北天南
jadmd	重症中暑 千状万态 蓼虫忘辛 千门万户 千古一时
jadmq	今天 会员 低于 伯乐相马
jadp	债权 侵权 莫展一筹 泼妇骂街 人间天堂
jadpa	泼妇骂街
jadpd	莫展一筹
jadpq	债权 侵权 人间天堂 坐不窥堂
jadq	名不副实 千古一律 倒不一定 生动形象
jadqd	名不副实 千古一律 生动形象
jadqq	倒不一定
jadt	今年 流年 仰望 苍蝇见血 荒郊野岭
jadta	流年
jadtd	苍蝇见血 荒郊野岭
jadtq	今年 仰望 华不再扬
jadx	放不下 低下 演奏一曲 杂乱无章 杂乱无序
jadxa	演奏一曲 杂乱无章 杂乱无序 深不见底
jadxd	放不下 千古一辙
jadxq	低下 人间天上
jag	俱乐部 过不去
jaga	低声 含义 涉及商业 住建部门 沉灶产蛙
jagaa	涉及商业 沉灶产蛙
jagaq	低声 含义 住建部门
jagd	俱乐部 创业商机 齰舌缄唇 人间美味 千古绝唱
jagda	添丁增口
jagdd	齰舌缄唇 千古绝唱 生不逢辰
jagdq	俱乐部 创业商机 人间美味 仰不愧天
jagg	舒适愉悦 入阁登坛 傻不愣登 拿来主义 漠不关心
jagga	漠不关心 漫不经心 游闲公子
jaggq	舒适愉悦 入阁登坛 傻不愣登 拿来主义 人面兽心
jagj	会给 过不去 流动性 代表性 企业单位
jagja	过不去 流动性 深耕细作
jagjq	会给 代表性 企业单位 人妖殊途 人鬼殊途
jagm	人间地狱 生杀予夺 化敌为友 生不逢时 满面红光
jagma	满面红光
jagmd	生杀予夺 生不逢时 藏弓烹狗
jagmq	人间地狱 化敌为友
jagp	债务 著书立说 创业维艰 苦不堪言 激动死了
jagpa	激动死了
jagpd	著书立说 苦不堪言 千古绝调
jagpq	债务 创业维艰 修辞立诚
jagq	活着 含着 清单 做着
jagqa	活着 清单
jagqq	含着 做着
jagt	世纪 泥土 人不为己 水来土掩 婆媳关系
jagta	泥土 水来土掩 婆媳关系 游云惊龙
jagtd	世纪
jagtq	人不为己 仁浆义粟
jagx	苦恼 今北京市 豕交兽畜 深表歉意 漫不经意
jagxa	深表歉意 漫不经意
jagxd	苦恼 生张熟魏
jagxq	今北京市 豕交兽畜
jaj	会不会 能不能
jaja	淡淡 会不会 清澈 苦苦 乖乖
jajaa	淡淡 清澈 游蜂浪蝶 浪蝶游蜂
jajad	苦苦 乖乖 荼毒生灵 荡妇淫娃
jajaq	会不会 倚姣作媚 体弱多病 仪静体闲 仰屋著书
jajd	作育人材 众好众恶 外来人口 从业人员 劳动人民
jajdd	外来人口 劳动人民
jajdq	作育人材 众好众恶 从业人员
jajg	做法 做个 流浪 伙伴 世俗
jajga	流浪 清洁 游来游去 涉及领域 漂不漂亮
jajgd	世俗
jajgq	做法 做个 伙伴 伺候 保不住
jajj	淡漠 汹涌 放辟淫侈 名门世族 满舌生花
jajja	淡漠 汹涌 满舌生花 海不波溢 浓烟滚滚
jajjd	放辟淫侈 名门世族 方不方便 放辟邪侈 茹古涵今
jajjq	命运多舛 人不像人 倔强倨傲 侯门似海
jajm	健全 流传 会不会是 从来没有 人丁兴旺
jajma	流传 活灵活现 浮云蔽日 台阁生风
jajmd	蓬门荜户 苌弘化碧 放屁添风
jajmq	健全 会不会是 从来没有 人丁兴旺 倚门傍户
jajp	做人 今生 流水 流淌 世人
jajpa	流水 流淌 消毒湿巾 涉嫌酒驾 允不允许
jajpd	世人 苦涩 莺飞草长
jajpq	做人 今生 创始人 信不信 坐不住了
jajq	流泪 低沉 清洗 值不值得 带来伤害
jajqa	流泪 清洗 没眉没眼
jajqd	带来伤害
jajqq	低沉 值不值得 舍不舍得 全面贯彻 代表人物
jajt	能不能 做过 愈来愈 坐不住的 生灵涂炭
jajta	能不能 举如鸿毛 沉不住气 浓妆淡抹 淡妆浓抹
jajtd	生灵涂炭
jajtq	做过 愈来愈 坐不住的 停云落月 使臂使指
jajx	激素依赖 愈来愈少 人烟浩穰 俭故能广 俾昼作夜
jajxa	激素依赖 润屋润身
jajxq	愈来愈少 人烟浩穰 俭故能广 俾昼作夜 坐不重席
jam	没问题 莫不是
jama	清风 做成 涉及专业 涉及医疗 滞留时间
jamaa	清风 涉及专业 涉及医疗 滞留时间 浪蝶狂蜂
jamad	外弛内张 千古奇闻
jamaq	做成 人强马壮
jamd	清晰 清晨 清理 流量 治疗时机
jamda	清晰 清晨 清理 流量 治疗时机
jamdd	生杀大权
jamdq	合适时机 仰面朝天 人间凡品
jamg	健在 活在 流光 会不知道 人面狗心
jamga	活在 流光 深表同情 温故知新 泣不成声
jamgd	草蛇灰线 怨女旷夫
jamgq	健在 会不知道 人面狗心
jamj	流星 沉痼自若 从未有过 薄弱环节 名牌大学
jamja	流星 沉痼自若 通古博今
jamjd	薄弱环节 名牌大学
jamjq	从未有过 倚门卖俏
jamm	湖南 萧瑟 世间所有 悠闲自在 坐北朝南
jamma	湖南
jammd	萧瑟 世间所有
jammq	悠闲自在 坐北朝南
jamp	今日 亿元 茁壮成长 共克时艰 今古奇观
jampa	没问题了 鸿业远图
jampd	茁壮成长 共克时艰 千古独步
jampq	今日 亿元 今古奇观 入不敷出 作如是观
jamq	今晚 人不自安 低眉顺眼 溃不成军 浓眉大眼
jamqa	溃不成军 浓眉大眼
jamqd	方面大耳
jamqq	今晚 人不自安 低眉顺眼
jamt	会有 清明 含有 没问题 莫不是
jamta	清明 没问题 浮云朝露 满不在乎
jamtd	莫不是 燕瘦环肥
jamtq	会有 含有 人不犯我
jamx	侵犯 通古达变 作奸犯科 满不在意
jamxa	通古达变 满不在意
jamxq	侵犯 作奸犯科
jap	劳动力 代表团
japa	会长 做不出来 若敖之鬼 全面发展 拿不出来
japad	若敖之鬼
japaq	会长 做不出来 全面发展 拿不出来
japd	会儿 水火之中 化痰止咳 货不对板 共青团员
japda	水火之中 没那回事
japdd	共青团员 方凿圆枘
japdq	会儿 化痰止咳 货不对板
japg	会议 会说 做不了主 花不出去 渺不足道
japga	渺不足道
japgd	花不出去
japgq	会议 会说 做不了主
japj	做了 活力 会了 会对 活了
japja	活力 活了 游乐设施 泥古非今 海屋筹添
japjd	劳动力 莫敢谁何
japjq	做了 会了 会对 入火赴汤 借古讽今
japm	做出 会计 估计 低调 流出
japma	流出
japmd	蓬门筚户
japmq	做出 会计 估计 低调 代表团
japp	假设 深居简出 涉及诉讼 仪表堂堂 沉疴难起
jappa	深居简出 涉及诉讼 沉疴难起
jappq	假设 仪表堂堂
japq	涉及国家 名不符实 涎眉邓眼 倘来之物 满面笑容
japqa	涉及国家 涎眉邓眼 满面笑容
japqd	名不符实 巷尾街头
japqq	倘来之物 傥来之物
japt	苦笑 苦难 做起 惹不起 拿不出手
japta	深闭固拒
japtd	苦笑 苦难 惹不起
japtq	做起 拿不出手
japx	会让 流行 沓来踵至 伤春悲秋 范张鸡黍
japxa	流行 沓来踵至 漫不加意
japxd	范张鸡黍 多故之秋
japxq	会让 伤春悲秋 伤弓之鸟
jaq	鸿门宴 舍不得
jaqa	侵害 浮云富贵 没来得及 倚强凌弱 沉疴宿疾
jaqaa	浮云富贵 没来得及 沉疴宿疾
jaqaq	侵害 倚强凌弱
jaqd	深层次 刻不容松
jaqda	深层次 刻不容松
jaqg	法不容情 刻不容缓 人来客去 法不徇情
jaqga	法不容情 刻不容缓 法不徇情
jaqgq	人来客去
jaqj	世界 世家 企业家 藏怒宿怨 人不聊生
jaqjd	世界 世家 藏怒宿怨
jaqjq	企业家 人不聊生
jaqm	低头 鸿门宴 念头 舍不得 劳动者
jaqma	鸿门宴 刻不待时
jaqmd	劳动者 名贸实易
jaqmq	低头 念头 舍不得 舍得 做完
jaqp	创业实践 生动实践 沉静寡言
jaqpa	沉静寡言
jaqpd	生动实践
jaqpq	创业实践
jaqq	港姐冠军 涉及宗教 偷媚取容 鸿飞冥冥 人来客往
jaqqa	港姐冠军 涉及宗教 鸿飞冥冥
jaqqq	偷媚取容 人来客往
jaqt	淡定 汗青头白 多如牛毛
jaqta	淡定 汗青头白
jaqtd	多如牛毛
jaqx	做饭 涉及资金 流动资金 坐不安席
jaqxa	涉及资金 流动资金
jaqxq	做饭 坐不安席
jata	傲雪 坐不改姓 法不阿贵 传闻异辞 水尽鹅飞
jataa	法不阿贵 水尽鹅飞 水火兵虫
jataq	傲雪 坐不改姓 传闻异辞
jatd	涉及技术 人强胜天 傻不拉叽 益寿延年 合不拢嘴
jatda	涉及技术 益寿延年 泪如雨下 汗如雨下
jatdd	重门击柝
jatdq	人强胜天 傻不拉叽 合不拢嘴
jatg	重装系统
jatgd	重装系统
jatj	泥古拘方 荣古陋今 泪如泉滴 举不胜举 企业文化
jatja	泥古拘方 泪如泉滴 举不胜举 泪如泉涌 济弱扶倾
jatjd	荣古陋今 放刁把滥 放刁撒泼
jatjq	企业文化 借交报仇
jatm	会把 假的 淡然 营业执照 拿云攫石
jatma	淡然
jatmd	营业执照 若卵投石
jatmq	会把 假的 拿云攫石 人尽皆知
jatp	流露 花好月圆 便辞巧说 作嫁衣裳 多不胜数
jatpa	流露
jatpd	花好月圆 多不胜数
jatpq	便辞巧说 作嫁衣裳
jatq	劳动改造 信及豚鱼 游辞巧饰 你来我往 人弃我取
jatqa	游辞巧饰
jatqd	劳动改造
jatqq	信及豚鱼 你来我往 人弃我取
jatt	流逝 华屋山丘 荡魂摄魄 拿云握雾 拿云捉月
jatta	流逝 鸿飞霜降
jattd	荡魂摄魄 若不胜衣
jattq	华屋山丘 拿云握雾 拿云捉月 低眉折腰
jatx	舒服 清脆 涉及隐私 从那以后 鸿飞雪爪
jatxa	清脆 涉及隐私 鸿飞雪爪 溜门撬锁 沿门托钵
jatxq	舒服 从那以后
jax	湖北省 河北省
jaxa	健康 偷闲躲静 济弱锄强 人云亦云 体育锻炼
jaxaa	济弱锄强 洞烛其奸
jaxad	苦尽甘来
jaxaq	健康 偷闲躲静 人云亦云 体育锻炼 倩女离魂
jaxd	世上 流程 今后 会上 鸿函钜椟
jaxda	流程 鸿函钜椟
jaxdd	世上 邪不压正 茅屋采椽
jaxdq	今后 会上 供不应求 倒不至于
jaxg	从始至终 名不虚立 名卿钜公 人尽可夫 华屋秋墟
jaxgd	名不虚立 名卿钜公
jaxgq	从始至终 人尽可夫 华屋秋墟
jaxj	今夜 涉及利益 命不久矣 从古至今 从古到今
jaxja	涉及利益 深不可测 洗尽铅华 泣不可仰
jaxjd	名不虚传 荣古虐今 千古罪人
jaxjq	今夜 命不久矣 从古至今 从古到今 俗不可耐
jaxm	清醒 流转 清香 位不期骄 人尽其才
jaxma	清醒 流转 清香
jaxmq	位不期骄 人尽其才 俗不可医
jaxp	做到 涉及到了 汇丰银行 淫辞秽语 作壁上观
jaxpa	涉及到了 汇丰银行 淫辞秽语
jaxpd	苦不可言
jaxpq	做到 作壁上观 傲不可长 令不虚行
jaxq	苍蝇采蜜 名不虚得 鸿运当头 人烟稠密 人来车往
jaxqa	鸿运当头 能不称官
jaxqd	苍蝇采蜜 名不虚得 敬如上宾
jaxqq	人烟稠密 人来车往
jaxt	湖北省 河北省 多云转阴 人尽其用 洪炉点雪
jaxta	湖北省 河北省 洪炉点雪
jaxtd	多云转阴
jaxtq	人尽其用 使蚊负山
jaxx	生育意愿 沓来麕至 人烟稀少 艺不压身
jaxxa	沓来麕至
jaxxd	生育意愿 艺不压身
jaxxq	人烟稀少
jda	多年来 停下来
jdaa	而不 台灯 深恶痛疾 滔天怒火 人亡邦瘁
jdaaa	台灯 深恶痛疾 滔天怒火
jdaad	而不
jdaaq	人亡邦瘁
jdad	他问 溃于蚁穴 花里胡哨 浓桃艳李 方桃譬李
jdada	溃于蚁穴 浓桃艳李 漫天飞舞 满嘴胡吣
jdadd	花里胡哨 方桃譬李 名标青史
jdadq	他问 坐视不救
jdag	多年来 停下来 假想敌 伤痕 坐下来
jdaga	深恶痛绝 染神乱志 洞见症结
jdagd	多年来 重来 生于北京 荣辱不惊
jdagq	停下来 假想敌 伤痕 坐下来 拿来
jdaj	施展 伤痛 劳民动众 价格不菲 人民群众
jdaja	学术交流
jdajd	施展 劳民动众 千万买邻
jdajq	伤痛 价格不菲 人民群众
jdam	方面 他妈 傲视群雄 人事不知 齿亡舌存
jdamd	方面 齿亡舌存
jdamq	他妈 傲视群雄 人事不知
jdap	水中嬉戏 坐视不管 个中妙趣 放下屠刀 重复建设
jdapa	水中嬉戏 举无遗策
jdapd	放下屠刀 重复建设
jdapq	坐视不管 个中妙趣
jdaq	保留 举棋不定 沉吟不决
jdaqa	举棋不定 沉吟不决
jdaqq	保留
jdat	命运 合适 体育 勇于承担 千万不要
jdata	勇于承担 泣下如雨 泪下如雨
jdatd	千万不要 重于泰山 方正不阿
jdatq	命运 合适 体育 从恶如崩
jdax	千杯不醉 萧曹避席 水平如镜 流年不利 伊于胡底
jdaxa	水平如镜 流年不利 参辰卯酉
jdaxd	千杯不醉 萧曹避席 花枝乱颤
jdaxq	伊于胡底 人事不省 人事不醒
jdd	深呼吸 艺术品
jdda	深呼吸 敛骨吹魂 全副武装 何患无辞 从一开始
jddaa	深呼吸
jddad	草木一春 千形万状 千里神交 千里无烟
jddaq	敛骨吹魂 全副武装 何患无辞 从一开始
jddd	重视 艺术品 像神一样 千呼万唤 垂帘听政
jdddd	重视 艺术品 千呼万唤 垂帘听政 千穿万穿
jdddq	像神一样 舍本求末
jddg	命中 名叫 海中 坐骨神经 命悬一线
jddga	海中 洞天福地 刻画无盐
jddgd	名叫 荆天棘地
jddgq	命中 坐骨神经 命悬一线
jddj	伤口 海里 侮辱 作弊事件 信口开合
jddja	海里 溯本求源 学究天人 漫天开价 漫天叫价
jddjd	花样年华 荣辱与共 千村万落
jddjq	伤口 侮辱 作弊事件 信口开合 信口开河
jddm	重复 满天繁星 名噪一时 重见天日 人亡政息
jddma	满天繁星
jddmd	重复 名噪一时 重见天日
jddmq	人亡政息
jddp	合格 生于中国 郐下无讥 流于形式 世事无常
jddpa	流于形式
jddpd	生于中国 世事无常 花样百出
jddpq	合格 郐下无讥 众口一词
jddq	而且 他想 停妻再娶 入骨相思 刻骨相思
jddqa	刻骨相思
jddqd	而且 草本植物 千年一律
jddqq	他想 停妻再娶 入骨相思
jddt	而无 千百年 贪求无已 今年年初 水天相接
jddta	水天相接
jddtd	而无 千百年 孽根祸胎
jddtq	贪求无已 今年年初
jddx	他也 而下 江天一色 水天一色 海枯见底
jddxa	江天一色 水天一色 海枯见底 海天一色
jddxd	而下 若干年后 草木一秋 名下无虚 千里一曲
jddxq	他也 今年年底 人民政府 贪求无厌 贪婪无厌
jdg	活下去 多年前
jdga	名声 名义 创下纪录 溺于旧闻 没事就好
jdgaa	溺于旧闻 没事就好
jdgad	名声 名义
jdgaq	创下纪录 人杰地灵
jdgd	重新 个中缘由 刻木为吏 添枝增叶 淮橘为枳
jdgda	刻木为吏 添枝增叶 淮橘为枳
jdgdd	重新
jdgdq	个中缘由
jdgg	盒子 杂志 沮丧 修正主义 侦查终结
jdgga	杂志 沮丧 漫天盖地 兴灭继绝
jdggd	薰天赫地 茫无端绪
jdggq	盒子 修正主义 侦查终结 华夏子孙 众口纷纭
jdgj	而去 活下去 油瓶 而立 合并
jdgja	活下去 油瓶 学校声誉
jdgjd	而去 而立 多样性 苦口良药 重望高名
jdgjq	合并 伤亡惨重 入口即化 偎干就湿 贪吃懒做
jdgm	人穷志短
jdgmq	人穷志短
jdgp	名为 千里结言 偶一为之
jdgpd	名为 千里结言
jdgpq	偶一为之
jdgq	拿着 名单 汉武帝 生辰八字 刻木为鹄
jdgqa	汉武帝 刻木为鹄
jdgqd	名单 生辰八字 苦口逆耳
jdgqq	拿着
jdgt	多年前 全无心肝 含哺鼓腹
jdgtd	多年前
jdgtq	全无心肝 含哺鼓腹
jdgx	旋即 他就 伤心 优于预期 深更半夜
jdgxa	深更半夜
jdgxd	旋即
jdgxq	他就 伤心 优于预期
jdj	债权人 全社会
jdja	他们 体会 合伙 他会 便会
jdjaa	演唱会 油嘴滑舌 贯穿今古 游响停云 渺无人烟
jdjad	董事会 生吞活剥 多嘴多舌 苦中作乐 荒无人烟
jdjaq	他们 体会 合伙 他会 便会
jdjd	方便 重重 使命 而他 重伤
jdjda	浅浅 油画艺术 染神刻骨 漫天蔽野 没事没事
jdjdd	方便 重重 而他 重伤 草木俱朽
jdjdq	使命 体重 做一件事 从天而下 似模似样
jdjg	方法 合法 海洋 方位 勇于创新
jdjga	海洋 勇于创新 九天九地 刻骨仇恨
jdjgd	方法 方位 花天酒地 千里莼羹 苦口婆心
jdjgq	合法 斗榫合缝 从一而终 人神共愤 作恶多端
jdjj	命令 旅游 保价 灌木丛 生于江苏
jdjja	灌木丛 漫天过海 流年似水 水木清华 没里没外
jdjjd	旅游 生于江苏 花样游泳 生于浙江 荆棘丛生
jdjjq	命令 保价 全神贯注 人口众多 偏听偏信
jdjm	保全 通无共有 劳民伤财 丛林法则 生机蓬勃
jdjma	通无共有
jdjmd	劳民伤财 生机蓬勃
jdjmq	保全 丛林法则
jdjp	他人 使人 伤人 海水 族人
jdjpa	海水 汗水 海滩 学术会议 渺无人踪
jdjpd	族人 而生 惹事生非 茂林修竹 莺啼燕语
jdjpq	他人 使人 伤人 债权人 从严治党
jdjq	合作 命中注定 荆榛满目 位极人臣 流窜作案
jdjqa	流窜作案 能吃能睡 刻画入微
jdjqd	荆榛满目 苟且偷安
jdjqq	合作 命中注定 位极人臣 命里注定 传檄而定
jdjt	而过 体能 便能 多样化 伊丽莎白
jdjta	浃髓沦肌 消极怠工 泣下沾襟 洗髓伐毛
jdjtd	而过 多样化 茫无涯际 芳年华月 草木萧疏
jdjtq	体能 便能 伊丽莎白 坐于涂炭 何年何月
jdjx	台湾 使你 旅途 海外 沙里淘金
jdjxa	台湾 海外 沙里淘金 没查没利 沉李浮瓜
jdjxd	旅途 薮中荆曲
jdjxq	使你 从中渔利 人见人爱 仰事俯畜 低唱浅斟
jdma	合成 艺术大展 法无二门 人神同嫉 拿下马来
jdmaa	法无二门 海枯石烂
jdmad	艺术大展 芒刺在背 苦中有甜 千里犹面
jdmaq	合成 人神同嫉 拿下马来
jdmd	合同 重大 合理 体现 伤感
jdmda	漫天遍野 泼天大祸
jdmdd	重大 重量 千里骏骨
jdmdq	合同 合理 体现 伤感 僵硬
jdmg	而在 休息 保存 艺术硕士 会员专享
jdmga	油画雕塑 参天两地 漫天遍地 通天达地 漫天匝地
jdmgd	而在 艺术硕士 千年王八
jdmgq	休息 保存 会员专享 人中狮子 全无是处
jdmj	体内 体验 生也有涯 像形夺名 剑桥大学
jdmja	滔天巨浪 满天星斗
jdmjd	生也有涯 荆棘载途
jdmjq	体内 体验 像形夺名 剑桥大学 人民大学
jdmm	生机勃勃 通权达理 人穷智短 假一赔十 偏听则暗
jdmma	通权达理
jdmmd	生机勃勃 名正理顺 茫无所知 草木知威 藏形匿影
jdmmq	人穷智短 假一赔十 偏听则暗 豕突狼奔 人中骐骥
jdmp	仲裁 艺术博览 众望所归 通材达识 仰天大笑
jdmpa	通材达识 漫天大谎 渺无影踪
jdmpd	艺术博览
jdmpq	仲裁 众望所归 仰天大笑
jdmq	勤奋 他真 通邑大都
jdmqa	通邑大都
jdmqd	勤奋
jdmqq	他真
jdmt	便是 而是 他是 方才 他有
jdmta	参辰日月 水平有限 没想明白 兴味索然 浮一大白
jdmtd	而是 方才 英年早逝 生机盎然 花下晒裈
jdmtq	便是 他是 他有 他所 他才
jdmx	体贴 溥天同庆 落叶知秋 人无远虑 滔天大罪
jdmxa	溥天同庆 滔天大罪 通权达变
jdmxd	落叶知秋 苍天在上
jdmxq	体贴 人无远虑
jdp	董事长 没事儿
jdpa	族长 董事长 溢于言表 方枘圜凿 消极因素
jdpaa	溢于言表 消极因素
jdpad	族长 董事长 方枘圜凿 方枘圆凿
jdpd	保证 添加 而非 没事儿 董事监事
jdpda	添加 没事儿 添枝加叶 深根固柢
jdpdd	而非 董事监事 落叶归根
jdpdq	保证 做一些事 仰天长啸 仰天长叹
jdpg	他说 漆黑 做一辈子 千里之堤 参天贰地
jdpga	漆黑 参天贰地 混吃等死 学无止境 漫无止境
jdpgd	千里之堤 苟且之心 耍嘴皮子 千里之志
jdpgq	他说 做一辈子
jdpj	他对 拿了 伤了 体力 重中之重
jdpja	没听说过 九年之蓄
jdpjd	重中之重 落下帷幕 生根发芽 千里之任
jdpjq	他对 拿了 伤了 体力 人材出众
jdpm	拿出 荒野之息 名正言顺 信口雌黄 渺无踪影
jdpma	渺无踪影 深中肯綮
jdpmd	荒野之息 名正言顺
jdpmq	拿出 信口雌黄
jdpp	涩于言论 世事难料 千里之行 千里迢迢 众口难调
jdppa	涩于言论
jdppd	世事难料 千里之行 千里迢迢 千里之足
jdppq	众口难调
jdpq	保管 蒲柳之姿 池中之物
jdpqa	池中之物
jdpqd	蒲柳之姿
jdpqq	保管
jdpt	方式 拿起 而起 使劲 学术论文
jdpta	学术论文 漫无边际
jdptd	方式 而起 茫无边际
jdptq	拿起 使劲 人中之龙 贪天之功 剑树刀山
jdpx	而言 旅行 而又 而行 拿走
jdpxa	滔天之罪
jdpxd	而言 旅行 而又 而行 多事之秋
jdpxq	拿走 倒悬之急 倒悬之危
jdq	低下头 艺术家
jdqa	伤害 方案 保安 旋律 浅见寡闻
jdqaa	浅见寡闻 鸠形鹄面
jdqad	方案 旋律 花开富贵 千年老妖 荷枪实弹
jdqaq	伤害 保安
jdqd	便宜 苹果 混口饭吃 洪福齐天
jdqda	混口饭吃 洪福齐天
jdqdd	苹果
jdqdq	便宜
jdqg	名字 草木愚夫 通天彻地 茫无头绪
jdqga	通天彻地
jdqgd	名字 草木愚夫 茫无头绪
jdqj	他家 艺术家 人无完人 荆棘塞途
jdqjd	艺术家 荆棘塞途
jdqjq	他家 人无完人
jdqm	使得 低下头 参与者 亿万家财 演示实验
jdqma	参与者 演示实验 浮想联翩
jdqmd	藏器待时
jdqmq	使得 低下头 亿万家财 伤天害理 人亡物在
jdqp	体制 名额 参与实践 艺术实践 艺术资讯
jdqpa	参与实践 勇于实践 学校教师
jdqpd	名额 艺术实践 艺术资讯 千里餽粮
jdqpq	体制 体无完皮
jdqt	但一定要 体无完肤 漫无目的 旗开得胜
jdqta	漫无目的
jdqtd	旗开得胜
jdqtq	但一定要 体无完肤
jdqx	节骨眼上
jdqxd	节骨眼上
jdt	人民币
jdta	重要 学校毕业 花枝招展 多年以来 今年以来
jdtaa	学校毕业
jdtad	重要 花枝招展 多年以来 蓝天白云 生栋覆屋
jdtaq	今年以来
jdtd	参与摇号 泥中隐刺 坐吃山空 个中三味 添枝接叶
jdtda	参与摇号 泥中隐刺 添枝接叶 过桥抽板 寸木岑楼
jdtdd	迁于乔木
jdtdq	坐吃山空 个中三味 人一己百
jdtg	保持 而已 体系 施工 过一阵子
jdtga	过一阵子 漫天掩地 刻骨崩心 浪里白条 沸天震地
jdtgd	而已 施工 花样翻新 惹祸招殃
jdtgq	保持 体系 入木三分 传神阿堵
jdtj	保险 台阶 伤势 漫天要价 清丽脱俗
jdtja	台阶 漫天要价 清丽脱俗
jdtjq	保险 伤势
jdtm	他的 保护 方向 他把 萨格勒布
jdtma	溜须拍马 举枉措直
jdtmd	方向 萨格勒布 劳民费财
jdtmq	他的 保护 他把 人中龙凤 偷天换日
jdtp	人民币 惹事招非 多口阿师 修桥补路 惹祸招愆
jdtpa	泪干肠断
jdtpd	惹事招非 多口阿师 惹祸招愆
jdtpq	人民币 修桥补路
jdtq	斗气 学术报告 凭空捏造 惹祸招灾
jdtqa	学术报告
jdtqd	惹祸招灾
jdtqq	斗气 凭空捏造
jdtt	使我 而这 而我 水中捞月 坐吃山崩
jdtta	水中捞月 海中捞月 九天揽月 贯朽粟陈 海啸山崩
jdttd	而这 而我 草木皆兵 墓木已拱 千里鹅毛
jdttq	使我 坐吃山崩 傲骨嶙嶙
jdtx	使用 保障 他用 勇于接受 苏亚雷斯
jdtxa	勇于接受 贯朽粟腐 泮林革音
jdtxd	苏亚雷斯 千棰打锣 苏格拉底 多年以后
jdtxq	使用 保障 他用 你唱我和 人中龙虎
jdx	没想到 多一点
jdxa	斗争 荡析离居
jdxad	荡析离居
jdxaq	斗争
jdxd	重点 台上 而后 旅程 海上
jdxda	台上 海上 举一废百
jdxdd	重点 而后 旅程 多一点 苍松翠柏
jdxdq	亿万斯年
jdxg	而至 荔枝角道 沉吟章句 刻骨铭心 幕天席地
jdxga	沉吟章句 刻骨铭心 刻骨镂心 溥天率土
jdxgd	而至 荔枝角道 幕天席地
jdxj	便可 方可 生于香港 染须种齿 方员可施
jdxja	染须种齿 泽吻磨牙 法无可贷 清正廉洁 渺无音信
jdxjd	方可 生于香港 方员可施
jdxjq	便可
jdxm	旋转 重庆 方针 生于四川 生于广州
jdxma	清正廉明
jdxmd	旋转 重庆 方针 生于四川 生于广州
jdxmq	从无到有
jdxp	没想到 拿到 便利 人民银行 倒也罢了
jdxpa	没想到 渺无音讯 滔天罪行
jdxpd	薄唇轻言
jdxpq	拿到 便利 人民银行 倒也罢了
jdxq	名副其实 仁民爱物
jdxqd	名副其实
jdxqq	仁民爱物
jdxt	保镖 举一反三
jdxta	举一反三
jdxtq	保镖
jdxx	名称 做一点点 从下到上 众口铄金 生无可恋
jdxxd	名称 生无可恋 花开四季
jdxxq	做一点点 从下到上 众口铄金 人百其身
jgaa	坐着不动 禽兽不如 坐怀不乱 千般不好 人心不古
jgaad	千般不好
jgaaq	坐着不动 禽兽不如 坐怀不乱 人心不古 人心如面
jgad	例如 法兰克福 参差不一 放心不下 入境问禁
jgada	法兰克福 参差不一 寸地尺天
jgadd	放心不下 莫予毒也
jgadq	例如 入境问禁
jgag	伪装 九死不悔 营养不良 傲慢不逊 从善如登
jgaga	九死不悔 酒绿灯红 寸土尺地 九死未悔
jgagd	营养不良
jgagq	伪装 傲慢不逊 从善如登 仁义君子
jgaj	放弃 深情故剑 从善如流 重新来过 生死不渝
jgaja	深情故剑 海立云垂
jgajd	放弃 重新来过 生死不渝
jgajq	从善如流 人死留名 入境问俗 入乡问俗
jgam	含垢弃瑕 生死不明 生死不知 使羊将狼 他乡故知
jgamd	生死不明 生死不知
jgamq	含垢弃瑕 使羊将狼 他乡故知 敛声屏息
jgap	修炼 举动 贪心不足 蔚为壮观 寸土不让
jgapa	举动 寸土不让
jgapd	蔚为壮观
jgapq	修炼 贪心不足
jgaq	停留 参差不齐 全盘否定 温馨甜蜜 坐立不安
jgaqa	参差不齐 温馨甜蜜
jgaqq	停留 全盘否定 坐立不安 作声不得
jgat	水土不服 放纵不拘 沉心静气 敛声屏气 伟绩丰功
jgata	水土不服 沉心静气 寸丝不挂
jgatd	放纵不拘
jgatq	敛声屏气 伟绩丰功
jgax	坐公交车 油盐酱醋 像心如意 像心适意 生死未卜
jgaxa	油盐酱醋
jgaxd	生死未卜 放纵不羁 生死不离 重心不稳 多快好省
jgaxq	坐公交车 像心如意 像心适意
jgd	杂志社 落地窗
jgda	滋味 入地无门 重新开始 洗垢求瘢
jgdaa	滋味 洗垢求瘢
jgdad	重新开始
jgdaq	入地无门
jgdd	注视 药品 世纪中叶 作为一只 名高天下
jgdda	注视 洗劫一空
jgddd	药品 世纪中叶 名高天下 千差万别
jgddq	作为一只 人去楼空 傲慢无礼
jgdg	放松 个中 杂志社 重逆无道 花红柳绿
jgdga	杂志社 汗颜无地
jgdgd	放松 重逆无道 花红柳绿 千丝万缕 名列榜首
jgdgq	个中 任性妄为 低首下心
jgdj	放开 生死与共 九死一生 水性杨花 梁孟相敬
jgdja	九死一生 水性杨花 梁孟相敬 刻舟求剑
jgdjd	放开 生死与共 生死相依 共为唇齿
jgdjq	位高权重 传统社会 人欲横流 俯首听命 舍死忘生
jgdm	位于 修复 药材 海纳百川 借坡下驴
jgdma	海纳百川 泥塑木雕 洗垢求瑕
jgdmd	药材 茹柔吐刚
jgdmq	位于 修复 借坡下驴
jgdp	修正 个别 生死相许 似曾相识 体规画圆
jgdpa	混为一谈 满纸空言
jgdpd	生死相许 千红万紫 萧墙祸起
jgdpq	修正 个别 似曾相识 体规画圆 会心一笑
jgdq	住地下室 世纪互联 含商咀徵 生殖器官 含商咀征
jgdqd	世纪互联 生殖器官
jgdqq	住地下室 含商咀徵 含商咀征
jgdt	落地窗 生产中的 洋为中用 生死相搏 萧规曹随
jgdta	洋为中用
jgdtd	落地窗 生产中的 生死相搏 萧规曹随 生死相随
jgdtq	低声下气 倾心吐胆
jgdx	放下 停下 贪惏无餍 旗鼓相当 灌夫骂座
jgdxa	灌夫骂座 溺心灭质
jgdxd	放下 旗鼓相当 千差万错
jgdxq	停下 贪惏无餍 价增一顾 贪欲无厌
jgg	生孩子
jgga	注册 人心丧尽 敬终慎始 蓬首垢面
jggaa	注册
jggad	敬终慎始 蓬首垢面
jggaq	人心丧尽
jggd	法规 迁善去恶 注册商标
jggda	法规 注册商标
jggdd	迁善去恶
jggg	共享 修养 例子 生孩子 重商主义
jggga	九垓八埏
jgggd	共享 生孩子 重商主义 共产主义 生关死劫
jgggq	修养 例子 供给收缩 修心养性 伤心欲绝
jggj	个性 休声美誉 名列前茅 苦心经营 位列前茅
jggjd	名列前茅 苦心经营 藏垢纳污
jggjq	个性 休声美誉 位列前茅 含垢纳污 俱收并蓄
jggm	警惕 活着就是 多情善感 人情练达 坐地分赃
jggma	活着就是
jggmd	警惕 多情善感
jggmq	人情练达 坐地分赃
jggp	修为 修士 供给增加 途经道路 低声细语
jggpd	苦心孤诣
jggpq	修为 修士 供给增加 途经道路 低声细语
jggq	仔细 放着 孽子孤臣 仁义道德 生死关头
jggqa	母慈子孝
jggqd	放着 孽子孤臣 生死关头
jggqq	仔细 仁义道德 传统美德 传经送宝 入土为安
jggt	偷声细气 花拳绣腿 寸丝半粟
jggta	寸丝半粟
jggtd	花拳绣腿
jggtq	偷声细气
jggx	放心 共产 添盐着醋 激忿填膺 贪夫殉利
jggxa	添盐着醋 激忿填膺 寸土必争 温柔敦厚
jggxd	放心 共产 蕙心纨质 蕙心兰质
jggxq	贪夫殉利 众叛亲离 俗务缠身 人心惟危
jgj	个性化 蒲公英
jgja	蕴含 含垢藏疾 寸心千古 人情世故 沾亲带故
jgjaa	寸心千古 沾亲带故
jgjad	蕴含
jgjaq	含垢藏疾 人情世故 佩韦佩弦 人心浮动 仁心仁闻
jgjd	个体 注重 伴侣 警方 通忧共患
jgjda	注重 通忧共患 漫地漫天 治丝益棼 溢美溢恶
jgjdd	警方
jgjdq	个体 伴侣 凭城借一 仁心仁术
jgjg	个个 个例 恭敬 生死攸关 做着做着
jgjga	油亮油亮 染旧作新 涛声依旧 满坑满谷 满谷满坑
jgjgd	恭敬 生死攸关 世纪佳缘 重情重义 世道人心
jgjgq	个个 个例 做着做着 偏乡僻壤 优良传统
jgjj	法治 芬芳 学士学位 泥船渡河 澧兰沅芷
jgjja	法治 学士学位 泥船渡河 澧兰沅芷 没着没落
jgjjd	芬芳 重新做人 营养价值
jgjjq	何去何从 人心莫测 人心涣散 人情汹汹
jgjm	浪漫 蒲公英 坐着休息 休养生息 含垢藏瑕
jgjma	浪漫 沾亲带友
jgjmd	蒲公英
jgjmq	坐着休息 休养生息 含垢藏瑕 合情合理 入情入理
jgjp	个人 法人 参前倚衡 举善荐贤 伯埙仲篪
jgjpa	法人 参前倚衡 举善荐贤
jgjpd	劳心劳力 草船借箭 莺声燕语
jgjpq	个人 伯埙仲篪 传为佳话 倾城倾国 创新能力
jgjq	放学 体恤入微 名声过实 清新俊逸 荡产倾家
jgjqa	清新俊逸
jgjqd	放学 名声过实 荡产倾家 劳心苦思
jgjqq	体恤入微 倍道而进
jgjt	放过 菩萨 个性化 水土流失 没心没肺
jgjta	水土流失 没心没肺 没羞没臊
jgjtd	放过 菩萨
jgjtq	个性化 人地生疏
jgjx	例外 世纪游轮 假公济私 全心全意 贪声逐色
jgjxa	通前澈后 寸土寸金 台前幕后 洗心涤虑
jgjxd	世纪游轮 若即若离 花心萝卜 夕惕若厉
jgjxq	例外 假公济私 全心全意 贪声逐色 坐收渔利
jgm	潜规则
jgma	营养元素 澡垢索疵 节约时间 人约黄昏 化为灰烬
jgmaa	澡垢索疵 江郎才尽 洗垢索瘢
jgmad	营养元素 节约时间 名公巨卿
jgmaq	人约黄昏 化为灰烬
jgmd	共同 伟大 放大 生死肉骨 芝兰玉树
jgmdd	共同 放大 生死肉骨 芝兰玉树 生死存亡
jgmdq	伟大 保境息民
jgmg	放在 住在 从心所欲 含垢包羞 落地有声
jgmgd	放在 落地有声
jgmgq	住在 从心所欲 含垢包羞 众志成城 人为财死
jgmj	住房 生姜大蒜 生殖医学 世纪最佳 名公巨人
jgmja	游必有方
jgmjd	生姜大蒜 生殖医学 世纪最佳 名公巨人 放纵驰荡
jgmjq	住房 人心叵测
jgmm	浪码 法医 世纪左右 潜心专研 夕惕朝乾
jgmma	浪码 法医 潜心专研 通情达理 洗垢匿瑕
jgmmd	世纪左右 夕惕朝乾 外柔内刚
jgmmq	贪夫狥财 人高马大 含垢匿瑕 人贫智短
jgmp	法则 潜规则 营养医师 人心所归 蔚为大观
jgmpa	法则 潜规则
jgmpd	营养医师 蔚为大观 芳心暗许
jgmpq	人心所归
jgmq	兴奋 傍晚
jgmqa	兴奋
jgmqq	傍晚
jgmt	住所 共有 深圳医院 生死狙击 酒逢知己
jgmta	深圳医院 酒逢知己 满城风雨 通商惠工 熊心豹胆
jgmtd	共有 生死狙击 千夫所指 名声大振
jgmtq	住所 命丧黄泉 斗志昂扬 倾盆大雨 人心所向
jgmx	介绍景点 生死时速 世纪大战 世纪最后 贪夫狥利
jgmxd	生死时速 世纪大战 世纪最后 暮鼓晨钟 迁善远罪
jgmxq	介绍景点 贪夫狥利 敛声匿迹 依违两可
jgp	共产党 过去了
jgpa	修长 世纪之交 生死之交 莫逆之交 洗心回面
jgpaa	洗心回面
jgpad	世纪之交 生死之交 莫逆之交
jgpaq	修长 入主出奴
jgpd	法师 个儿 侠义精神 迁善黜恶 浮声切响
jgpda	法师 浮声切响 沦为笑柄
jgpdd	迁善黜恶 共产党员 千分之一 名高难副 而立之年
jgpdq	个儿 侠义精神 创新精神 低级趣味 含垢忍辱
jgpg	停止 举办 仔细回忆 似懂非懂 满心欢喜
jgpga	举办 满心欢喜
jgpgq	停止 仔细回忆 似懂非懂 伐性之斧 舍旧谋新
jgpj	住了 放了 过去了 停了 潜力
jgpja	过去了 潜力
jgpjd	放了 生产力 生公说法
jgpjq	住了 停了 坐地起价 伤心难过 传统观念
jgpm	法国 放出 偭规越矩 恭喜发财
jgpma	法国
jgpmd	放出 恭喜发财
jgpmq	偭规越矩
jgpp	共产党 千羊之皮 千夫诺诺 仁义之师 生死难料
jgppa	涓埃之力
jgppd	共产党 千羊之皮 千夫诺诺 生死难料
jgppq	仁义之师 人情之常
jgpq	兴趣 含垢忍耻 清规戒律 芝兰之室 坐立难安
jgpqa	兴趣 清规戒律 浪子回头 怠惰因循
jgpqd	芝兰之室
jgpqq	含垢忍耻 坐立难安 俯首帖耳
jgpt	举起 仪式 重新召集 重拳出击 人心归向
jgpta	举起
jgptd	重新召集 重拳出击
jgptq	仪式 人心归向 仁义之兵 代为说项
jgpx	举行 修行 世纪之战 染丝之变 荣幸之至
jgpxa	举行 染丝之变 参商之虞
jgpxd	世纪之战 荣幸之至 生死之战 名声籍甚
jgpxq	修行
jgq	生产者
jgqa	法律 若丧考妣
jgqaa	法律
jgqad	若丧考妣
jgqd	警告 敬畏 注册资本 浪子宰相 华亭鹤唳
jgqda	注册资本 浪子宰相
jgqdd	警告 敬畏
jgqdq	华亭鹤唳 倡条冶叶
jgqg	个字 警察 迁善塞违 清心寡欲 薄情寡义
jgqga	清心寡欲
jgqgd	警察 迁善塞违 薄情寡义
jgqgq	个字
jgqj	法官 佛慈制药 人声鼎沸 生性凉薄
jgqja	法官
jgqjd	生性凉薄
jgqjq	佛慈制药 人声鼎沸
jgqm	药物 个头 生产者 人情冷暖 贪夫徇财
jgqmd	药物 生产者
jgqmq	个头 人情冷暖 贪夫徇财
jgqp	创新实践 优柔寡断 仁柔寡断 人给家足
jgqpq	创新实践 优柔寡断 仁柔寡断 人给家足
jgqq	低盐饮食 价高者得 仓颉造字 人心思定
jgqqq	低盐饮食 价高者得 仓颉造字 人心思定
jgqt	注定 法定 放进 鸿商富贾 茧丝牛毛
jgqta	注定 法定 鸿商富贾
jgqtd	放进 茧丝牛毛 多端寡要 莼羹鲈脍
jgqtq	耸壑凌霄
jgqx	供给减少 毋为牛后 注册资金 浓情蜜意 渔翁得利
jgqxa	毋为牛后 注册资金 浓情蜜意 渔翁得利 通前彻后
jgqxd	茶前饭后
jgqxq	供给减少 人心思变
jgt	没关系 没必要
jgta	没必要 洁白 传道授业 洗心革面 人心向背
jgtaa	没必要 洁白 洗心革面 汤去三面
jgtad	花残月缺
jgtaq	传道授业 人心向背
jgtd	低端手机 洗心换骨 海怀霞想 莎士比亚 花前月下
jgtda	洗心换骨 海怀霞想
jgtdd	莎士比亚 花前月下
jgtdq	低端手机 人心险恶 作善降祥 他乡异县
jgtg	修改 没关系 偎慵堕懒 泪迸肠绝 藏着掖着
jgtga	没关系 泪迸肠绝
jgtgd	藏着掖着 生殖系统 放情丘壑
jgtgq	修改 偎慵堕懒 人心向善 人单势孤
jgtj	举措 节约用水 满地找牙 清新脱俗 入乡随俗
jgtja	举措 满地找牙 清新脱俗 江心补漏
jgtjd	节约用水 迁善改过
jgtjq	入乡随俗 你死我活 全情投入 传统文化 全盘西化
jgtm	浪费 伴随 菩提 仗义疏财 演绎推理
jgtma	浪费 演绎推理 海约山盟
jgtmd	菩提 重规迭矩 花颜月貌
jgtmq	伴随 仗义疏财
jgtp	放手 仗义执言 合盘托出 苍颜白发 萧郎陌路
jgtpd	放手 苍颜白发 萧郎陌路
jgtpq	仗义执言 合盘托出
jgtq	法院 住院 津关险塞 劳心焦思 优孟衣冠
jgtqa	法院 津关险塞
jgtqd	劳心焦思
jgtqq	住院 优孟衣冠
jgtt	没缝的蛋 营养指导 垂死挣扎 人心皇皇 含情脉脉
jgtta	没缝的蛋 温情脉脉
jgttd	营养指导 垂死挣扎 生死抉择 放心托胆
jgttq	人心皇皇 含情脉脉
jgtx	个月 莫为已甚 你情我愿 满盘皆输 全盘皆输
jgtxa	满盘皆输 过为已甚 九烈三贞
jgtxd	莫为已甚
jgtxq	个月 你情我愿 全盘皆输
jgx	深圳市
jgxa	停车 过关斩将 通首至尾 传道受业 会逢其适
jgxaa	过关斩将 通首至尾
jgxad	名公钜卿
jgxaq	停车 传道受业 会逢其适
jgxd	共和 放声歌唱 生死离别 合纵连横 傲慢少礼
jgxdd	共和 放声歌唱 生死离别
jgxdq	合纵连横 傲慢少礼
jgxg	注意 兴高采烈
jgxga	注意 兴高采烈
jgxj	世纪金源 河道整治 名公钜人 放心解体 夕死可矣
jgxja	河道整治 参差错落
jgxjd	世纪金源 名公钜人 放心解体 夕死可矣 重义轻生
jgxjq	从高到低
jgxm	位置 供给质量 坐地铁时 漫条斯理 坐享其成
jgxma	漫条斯理
jgxmd	重义轻财 恭逢其盛
jgxmq	位置 供给质量 坐地铁时 坐享其成 化为乌有
jgxp	放到 深圳市 鸿翔鸾起 低级错误 深情厚谊
jgxpa	深圳市 鸿翔鸾起 深情厚谊
jgxpd	放到 生死轮回
jgxpq	低级错误
jgxq	做志愿者 迁兰变鲍 若烹小鲜
jgxqd	迁兰变鲍 若烹小鲜
jgxqq	做志愿者
jgxt	法庭 何必当初 多退少补
jgxta	法庭
jgxtd	多退少补
jgxtq	何必当初
jgxx	波兰斯基 通前至后 像心称意 激情四射 颔首致意
jgxxa	波兰斯基 通前至后 激情四射
jgxxd	名缰利锁 苦心积虑
jgxxq	像心称意 颔首致意 修旧利废
jja	人世间 传染病
jjaa	从不 邻居 深水炸弹 海水群飞 熊熊怒火
jjaaa	深水炸弹 海水群飞 熊熊怒火 波澜壮阔 寸草不留
jjaad	勤学好问 方寸不乱
jjaaq	从不 邻居 侃侃訚訚 含蓼问疾 信而好古
jjad	传染病 涕泗交下 念念不忘 人生如棋 人生如梦
jjada	涕泗交下 没世不忘 没齿不忘 没而不朽 湛湛青天
jjadd	名垂青史 莫余毒也 耐人寻味 垂名青史
jjadq	传染病 念念不忘 人生如棋 人生如梦 令人遐想
jjag	从来 多好 澄江如练 津津乐道 停滞不前
jjaga	澄江如练 津津乐道 滔滔不绝 波澜不惊 游人如织
jjagd	多好 草创未就
jjagq	从来 停滞不前 人流如织 令人痛心 令人不快
jjaj	涉世未深 依依不舍 龃龉不合 添油炽薪 滴水不漏
jjaja	涉世未深 添油炽薪 滴水不漏 举世闻名 水泄不通
jjajd	龃龉不合 方兴未艾 方滋未艾
jjajq	依依不舍 价值不菲 令人不齿 人淡如菊 从令如流
jjam	满面 人世间 多方面 方便面 江苏泰州
jjama	满面 江苏泰州 漏泄春光 温润如玉 寸草春晖
jjamd	多方面 方便面 生命不息 生生不息
jjamq	人世间 做作业时 合浦还珠 傍人门户
jjap	治疗 涌动 法治建设 源源不断 优游不断
jjapa	治疗 涌动 法治建设 源源不断 学艺不精
jjapd	生花妙笔 菽水承欢
jjapq	优游不断 仅仅如此
jjaq	从未 水生动物 仰人眉睫 令人动容 令人不安
jjaqa	水生动物 涕泗交颐
jjaqq	从未 仰人眉睫 令人动容 令人不安 华而不实
jjat	涕泪交集 深藏不露 深信不疑 生生不已 涕泪交零
jjata	涕泪交集 深藏不露 深信不疑 涕泪交零 水深火热
jjatd	生生不已 垂涎不已 放浪不拘 方兴未已
jjatq	耸入云霄 含而不露
jjax	涓涓不壅 河清云庆 令人不解 僧多粥少 放荡不羁
jjaxa	涓涓不壅 河清云庆 淋漓尽致 流水不腐 学而不厌
jjaxd	放荡不羁 放浪不羁 苗而不秀 落汤螃蟹 齿牙春色
jjaxq	令人不解 僧多粥少 倜傥不羁 债多不愁 人多阙少
jjd	生活中 生命中
jjda	从哪 演艺事业 人怨神怒 人怨天怒 敛怨求媚
jjdaa	演艺事业 没没无闻 举世无敌 湮没无闻 泼油救火
jjdad	千人一面 千汇万状 名垂万古
jjdaq	从哪 人怨神怒 人怨天怒 敛怨求媚 令人咋舌
jjdd	从事 多事 董事 像水一样 过渡一下
jjdda	过渡一下 深入骨髓 能漂一邑 亥豕相望 没世穷年
jjddd	多事 董事 方方正正 龇牙咧嘴 千仞无枝
jjddq	从事 像水一样 供过于求 伏而咶天 人浮于事
jjdg	生活中 生命中 从中 供述 合作社
jjdga	演艺中心 浩渺无垠 流水无情 济河焚舟
jjdgd	生活中 生命中 散落一地 藉草枕块 萍水相逢
jjdgq	从中 供述 合作社 人生中 舍生忘死
jjdj	花开 借口 生命里 生活里 生活事件
jjdja	注重礼仪 流水桃花 济世救人 沧海横流 流芳百世
jjdjd	花开 生命里 生活里 生活事件 千龄万代
jjdjq	借口 创伤事件 含英咀华 代代相传 含菁咀华
jjdm	落叶 莫过于 仅仅只是 苦苦求索 佐治亚州
jjdma	滴水穿石
jjdmd	落叶 莫过于 苦苦求索 千依百顺 名重一时
jjdmq	仅仅只是 佐治亚州 佳偶天成
jjdp	价格 借助 著作权 举世无双 法海无边
jjdpa	举世无双 法海无边 济济一堂 漏洞百出 勇而无谋
jjdpd	著作权 生而平等 莫过于此 千方百计 落花无言
jjdpq	价格 借助 从今天起 低人一等 人人平等
jjdq	多想 水生植物 沧海一鳞 依流平进 令人喷饭
jjdqa	水生植物 沧海一鳞 漂泊无定 渴而穿井 水清无鱼
jjdqd	多想 荒淫无耻
jjdqq	依流平进 令人喷饭 令人神往 人浮于食
jjdt	多年 放浪无拘 千水万山 学贯中西 人人喊打
jjdta	学贯中西 沧海一粟 沆瀣一气
jjdtd	多年 放浪无拘 千水万山 节节攀升 劳而无功
jjdtq	人人喊打 令人叹服 坐薪悬胆
jjdx	落下 坐下 英勇事迹 清澈见底 海涯天角
jjdxa	清澈见底 海涯天角 没世无称
jjdxd	落下 英勇事迹 荒淫无度 外合里应 放浪无羁
jjdxq	坐下 假途灭虢
jjg	渐渐地 深深地
jjga	多情 汗流夹背 重修旧好 令人心痛 劳燕分飞
jjgaa	汗流夹背 母凭子贵 熊熊烈火
jjgad	多情 重修旧好 劳燕分飞 草草收尾
jjgaq	令人心痛 人莫予毒
jjgd	付款 九条 落地 借款 渐渐地
jjgda	九条 渐渐地 满地 深深地 河伯为患
jjgdd	落地 生命线 重温旧梦
jjgdq	付款 借款 令人惊叹 人命关天 合而为一
jjgg	仇恨 俊朗 仔仔细细 演艺经纪 浙江嘉善
jjgga	演艺经纪 浙江嘉善 济苦怜贫 浪漫主义 水涨船高
jjggd	生生死死 落英缤纷 花花公子 勤勤恳恳 藏污纳垢
jjggq	仇恨 俊朗 仔仔细细 命薄缘悭 似水柔情
jjgj	供给 合法性 旌旗卷舒 涓涓细流 获益良多
jjgja	涓涓细流 深沟高垒
jjgjd	旌旗卷舒 获益良多 垂涎欲滴 莫测高深 苟全性命
jjgjq	供给 合法性 令人高兴 含苞欲放 伉俪情深
jjgm	多多关照 保外就医 任重道远 泾渭分明 齿若编贝
jjgma	泾渭分明
jjgmd	多多关照 齿若编贝 蓬荜增辉 蔑伦悖理
jjgmq	保外就医 任重道远
jjgp	领域 从俗就简 举世公认 债台高筑 借你吉言
jjgpa	举世公认
jjgpq	领域 从俗就简 债台高筑 借你吉言 令人惊讶
jjgq	坐着 借着 领悟 做过兼职 学生兼职
jjgqa	学生兼职
jjgqd	落袋为安 勤学善思 落草为寇
jjgqq	坐着 借着 领悟 做过兼职 令人心寒
jjgt	从前 多半 菩萨心肠 蒙蒙细雨 伸个懒腰
jjgta	沁人心脾
jjgtd	多半 菩萨心肠 蒙蒙细雨 名落孙山 草草收兵
jjgtq	从前 伸个懒腰 令人怀疑 令人心折
jjgx	耐心 沿江高速 沈海高速 深入细致 惹人喜爱
jjgxa	沿江高速 沈海高速 深入细致 滚滚红尘 海涵地负
jjgxd	耐心 惹人喜爱 重重关卡
jjgxq	人生经历 人多地少
jjj	葡萄牙 学生们
jjja	洪流 学生们 学生会 华海药业 优生优育
jjjaa	洪流 学生们 学生会 流水作业 汗流洽背
jjjad	名垂千古 菩萨低眉 慕名而来
jjjaq	华海药业 优生优育 令人激动 从何而来 逐水而居
jjjd	从而 漩涡 沧海 水浒传中 游泳池里
jjjda	漩涡 沧海 水浒传中 游泳池里 沙沙作响
jjjdd	节外生枝 芝艾俱焚 葫芦依样
jjjdq	从而 贪位慕禄 坐没坐相 做人做事 合作共赢
jjjg	多个 游泳 荡漾 全方位 重油重盐
jjjga	游泳 浙江通志 流通渠道 举个例子 渐入佳境
jjjgd	多个 荡漾 重油重盐 莘莘学子 多多益善
jjjgq	全方位 逐渐散去 假仁假义 愈演愈烈 假人假义
jjjj	偷偷 众多 多多 茫茫 满满
jjjja	满满 洪涝 潇潇洒洒 汤汤水水 演艺生涯
jjjjd	多多 茫茫 苍茫 世世代代 生生世世
jjjjq	偷偷 众多 今生今世 逐渐消散 令人莫测
jjjm	价值 他们俩 节水节电 重油重辣 澄沙汰砾
jjjma	澄沙汰砾 染苍染黄 河清海晏 泥多佛大 浓荫蔽日
jjjmd	节水节电 重油重辣 草薙禽狝 草莽英雄 蓬荜生辉
jjjmq	价值 他们俩 人生苦短 个人英雄
jjjp	众人 多人 令人 众生 从没
jjjpa	活生生 流浪汉 汗流浃踵 深入浅出 泛泛而谈
jjjpd	多人 雅俗共赏 齿牙余论 多多益办 牙牙学语
jjjpq	众人 令人 众生 从没 人世沧桑
jjjq	江苏仪征 藏传佛教 花花世界 人生若寄 婆修婆德
jjjqa	江苏仪征 婆修婆德 河沙世界 浮游生物 清茶淡饭
jjjqd	藏传佛教 花花世界 若涉渊冰 多劳多得
jjjqq	人生若寄 仅供参考 令人深思 令人敬畏 众人侧目
jjjt	仿佛 潇洒 落入 没做什么 逐渐消失
jjjta	潇洒 没做什么 渐渐消失 海沸江翻 海沸河翻
jjjtd	落入 蔚蓝海岸 苍生涂炭 葵藿倾阳
jjjtq	仿佛 逐渐消失 逐渐消逝 令人信服
jjjx	多余 葡萄牙 湿漉漉 葡萄酒 英勇作战
jjjxa	湿漉漉 淞沪会战 没过多久 淡泊名利 举重若轻
jjjxd	多余 葡萄牙 葡萄酒 英勇作战 而今而后
jjjxq	今浙江省 借酒浇愁 含牙带角 价值千金 伏低做小
jjm	仅仅是 蒋介石
jjma	海涸石烂 仙液琼浆 通今达古 人荒马乱 沾沾自好
jjmaa	海涸石烂 通今达古 沾沾自好 熊熊大火 通今博古
jjmad	方寸大乱
jjmaq	仙液琼浆 人荒马乱 化茧成蝶 人人有责 合浦珠还
jjmd	治理 多大 花朵 使命感 津津有味
jjmda	治理 津津有味 通共有无 水滴石穿 酒池肉林
jjmdd	多大 花朵 外方内员 薰莸同器 生齿日繁
jjmdq	使命感 作何感想 个人自由
jjmg	坐在 落在 沾沾自喜 优雅知性 作茧自缚
jjmga	沾沾自喜 通儒达士 通俗易懂 水能载舟 洪水猛兽
jjmgd	落在 名流巨子 节节败退 荦荦大端 生命财产
jjmgq	坐在 优雅知性 作茧自缚 偃旗息鼓 假誉驰声
jjmj	多时 液化石油 油价暴涨 涓滴成河 儒雅风流
jjmja	液化石油 油价暴涨 涓滴成河 鸿儒硕学 通儒硕学
jjmjd	多时 多多包涵 获益匪浅 茫茫大海 节能环保
jjmjq	儒雅风流 贪污狼藉 从没有过 令人骄傲 人生在世
jjmm	使人昭昭 济世匡时 浑浑噩噩 令人尴尬 旖旎风光
jjmma	济世匡时 浑浑噩噩 泱泱大风
jjmmd	旖旎风光 蓬蓬勃勃 薏苡明珠
jjmmq	使人昭昭 令人尴尬 仰人鼻息 偏信则暗 悠悠忽忽
jjmp	九十 多元 蒋介石 过生日 节假日
jjmpa	九十 过生日 汪洋大肆 沾沾自衒 通儒达识
jjmpd	多元 蒋介石 节假日 世伪知贤 方领矩步
jjmpq	含齿戴发 念念有词
jjmq	洋洋自得 蒸沙成饭 流水朝宗 江洋大盗 九流十家
jjmqa	洋洋自得 流水朝宗 江洋大盗 九流十家 泛滥成灾
jjmqd	蒸沙成饭 生人勿进
jjmqq	信而有征 催人奋进 休休有容 悠游自得
jjmt	仅仅是 潢池弄兵 滂沱大雨 人仰马翻 人若犯我
jjmta	潢池弄兵 滂沱大雨 学浅才疏
jjmtd	千人所指 花花太岁
jjmtq	仅仅是 人仰马翻 人若犯我 作法自毙 人生朝露
jjmx	花瓣 英勇献身 落花有意 含牙戴角 蒸蒸日上
jjmxa	沦落风尘
jjmxd	花瓣 英勇献身 落花有意 蒸蒸日上
jjmxq	含牙戴角 人人自危 任重才轻 仆仆风尘
jjp	价值观 生命力
jjpa	多数 代名词 清水衙门 傍人篱壁 苞苴竿牍
jjpaa	清水衙门 洞若观火 泛泛之交 水过鸭背
jjpad	多数 苞苴竿牍 方便之门
jjpaq	代名词 傍人篱壁 偕生之疾 伯仲之间 俯仰之间
jjpd	价值观 花儿 人生观 没世难忘 漂蓬断梗
jjpda	没世难忘 漂蓬断梗 九九归一 没齿难忘 婆娑起舞
jjpdd	花儿 恭敬桑梓 草草了事 垂暮之年 敬恭桑梓
jjpdq	价值观 人生观 化外之民 依人篱下 令人难忘
jjpg	范围 多说 江苏常熟 过激行为 举重训练
jjpga	江苏常熟 过激行为 举重训练 渡过难关 涓滴归公
jjpgd	范围 多说 方寸之地 迁莺出谷 茕茕孑立
jjpgq	个人认为 含污忍垢 坐而论道 仰慕之情 令人难堪
jjpj	满了 花了 落了 生命力 方法论
jjpja	满了 泛泛之人 鸿渐之仪 波澜起伏 九世之仇
jjpjd	花了 落了 生命力 方法论 生命之源
jjpjq	入海算沙 作何评价 令人难过 令人起敬 俟河之清
jjpm	付出 花园 治国 溢出 做游戏时
jjpma	治国 溢出 举例说明 济世之才 举例发凡
jjpmd	花园
jjpmq	付出 做游戏时 命世之才
jjpp	游戏 沧桑 滴滴答答 演艺之路 草满囹圄
jjppa	游戏 沧桑 滴滴答答 演艺之路 河梁之谊
jjppd	草满囹圄 重重困难 生花之笔
jjppq	从何说起 侏儒观戏 侃侃谔谔
jjpq	过江之鲫 海水桑田 蒹葭之思 方领圆冠 沧海桑田
jjpqa	过江之鲫 海水桑田 沧海桑田 漫藏诲盗
jjpqd	蒹葭之思 方领圆冠 花入各眼
jjpqq	入幕之宾
jjpt	满足 从此 多源数据 什伍东西 代人说项
jjpta	满足 混淆黑白
jjptd	多源数据 蔓草难除 名垂竹帛
jjptq	从此 什伍东西 代人说项 令人发指 仆仆亟拜
jjpx	多谢 葡萄糖 江浙行省 淝水之战 添油加醋
jjpxa	江浙行省 淝水之战 添油加醋 鸿渐之翼 濠梁之上
jjpxd	多谢 葡萄糖 著作等身 菜蔬之色 葑菲之采
jjpxq	令人讨厌
jjq	全世界 佼佼者
jjqa	令人头疼 荣华富贵 令人安慰 重作冯妇 济世安邦
jjqaa	济世安邦
jjqad	荣华富贵 重作冯妇
jjqaq	令人头疼 令人安慰
jjqd	多次 学生资助 人生目标 令人赞叹 济世安民
jjqda	学生资助 济世安民
jjqdd	多次 菜过五味
jjqdq	人生目标 令人赞叹
jjqg	从容 舍生取义 贪生畏死 沉沉睡去 作何准备
jjqga	沉沉睡去 澹泊寡欲
jjqgq	从容 舍生取义 贪生畏死 作何准备 令人害怕
jjqj	全世界 苍老 深海鱼油 济世安人 鸿俦鹤侣
jjqja	深海鱼油 济世安人 鸿俦鹤侣 沧浪老人 清汤寡水
jjqjd	苍老 落落寡合
jjqjq	全世界 含苞待放 人多眼杂
jjqm	从头 佼佼者 化合物 污染物 世俗眼光
jjqma	污染物 鸿消鲤息 波澜老成
jjqmd	世俗眼光
jjqmq	从头 佼佼者 化合物 做过实验 体外循环
jjqp	领取 游客 注重实践 浙江鼎力 汉人煮箦
jjqpa	游客 注重实践 浙江鼎力 汉人煮箦 汪洋恣肆
jjqpd	落落寡欢 重信守诺
jjqpq	领取
jjqq	落实 英勇牺牲 清淡饮食 清清凉凉 举世瞩目
jjqqa	清淡饮食 清清凉凉 举世瞩目 漂母进饭 洪涝灾害
jjqqd	落实 英勇牺牲 生众食寡 苟合取容
jjqqq	任人宰割 令人瞩目 令人瞠目 作何决定 令人目眩
jjqt	价值取向 作何选择 花丛老手
jjqtd	花丛老手
jjqtq	价值取向 作何选择
jjqx	淘沙取金 淘沙得金 洋洋得意 从今往后 茶余饭后
jjqxa	淘沙取金 淘沙得金 洋洋得意
jjqxd	茶余饭后
jjqxq	从今往后
jjt	没什么 凭什么
jjta	苍白 垂涎三尺 清汤挂面 苦苦追寻 旌旗招展
jjtaa	清汤挂面 鸿蒙初辟
jjtad	苍白 垂涎三尺 苦苦追寻 旌旗招展 方寸已乱
jjtd	迁入这里 潜入这里 参苓白术 苦苦哀求 洗漱用品
jjtda	潜入这里 参苓白术 洗漱用品 过河拆桥
jjtdd	迁入这里 苦苦哀求
jjtdq	偷梁换柱 依草附木 人众胜天 傍花随柳
jjtg	名誉扫地 放泼撒豪 令人担心 令人震惊 能人异士
jjtga	能人异士 海沸山裂
jjtgd	名誉扫地 放泼撒豪 劳苦功高
jjtgq	令人担心 令人震惊 令人担忧
jjtj	领导 多么 没什么 凭什么 满脸
jjtja	没什么 满脸 激浊扬清 河斜月落 潘江陆海
jjtjd	多么 多余的油 惹草拈花 带水拖泥
jjtjq	领导 凭什么 人多势众 人多手杂 你侬我侬
jjtm	茫然 花费 生活费 浙江震元 逐渐疏远
jjtma	浙江震元 浙江龙盛 酒过三巡 河清三日
jjtmd	茫然 花费 生活费 世人皆知
jjtmq	逐渐疏远 众人皆知 令人振奋 人人皆知 任人摆布
jjtp	演艺集团 倩人捉刀 汗流接踵 作何打算 代人捉刀
jjtpa	演艺集团 汗流接踵
jjtpq	倩人捉刀 作何打算 代人捉刀
jjtq	浑水摸鱼 洗漱用具 作价投资 混水摸鱼 多多指教
jjtqa	浑水摸鱼 洗漱用具 混水摸鱼 泥名失实 渴而掘井
jjtqd	多多指教 勤俭持家
jjtqq	作价投资 令人向往
jjtt	过渡阶段 舒舒服服 悠悠岁月 河梁携手 歙漆阿胶
jjtta	过渡阶段 河梁携手 汗洽股栗 沸沸扬扬 沁人肺腑
jjttd	荡海拔山 苦苦挣扎 龌龊腌臜 勤能补拙
jjttq	舒舒服服 悠悠岁月 歙漆阿胶 偷偷摸摸 个人崇拜
jjtx	节节胜利 从今以后 令人费解 垂涎已久 英伦三岛
jjtxa	鸿泥雪爪
jjtxd	节节胜利 垂涎已久 英伦三岛
jjtxq	从今以后 令人费解 人体工程
jjx	没多久 做生意
jjxa	莫名其妙 个人爱好
jjxad	莫名其妙
jjxaq	个人爱好
jjxd	多种 花钱 落后 全过程 生活小事
jjxda	深入虎穴
jjxdd	多种 花钱 落后 生活小事 荣誉称号
jjxdq	全过程 令人厌恶 个人意见
jjxg	满意 多久 没多久 做生意 世俗意义
jjxga	满意 没多久 过河卒子 参伍错纵 参伍错综
jjxgd	多久 世俗意义
jjxgq	做生意 价值连城 个人习惯
jjxj	供应 水花四溅 英勇战斗 洗濯磨淬 能牙利齿
jjxja	水花四溅 洗濯磨淬 能牙利齿 泛浩摩苍 沽名钓誉
jjxjd	英勇战斗 名垂后世
jjxjq	供应 个人利益 贪污腐化 贪慕虚荣 代人受过
jjxm	花香 杂货铺 做生意时 含沙射影 任重至远
jjxma	杂货铺 混世魔王 浑俗和光
jjxmd	花香 芬芳馥郁
jjxmq	做生意时 含沙射影 任重至远 令人反感 贪污受贿
jjxp	落到 坐到 满身 僧伽罗语 低俗小说
jjxpa	满身 汗流至踵
jjxpd	落到 花旗银行 燕颔虎颈
jjxpq	坐到 僧伽罗语 低俗小说 合从连衡 伏法受诛
jjxq	令人期待 过从甚密 名过其实 傲世轻物
jjxqa	过从甚密
jjxqd	名过其实
jjxqq	令人期待 傲世轻物
jjxt	多少 渗透 江苏省 浙江省 做生意的
jjxta	渗透 江苏省 浙江省 水漫金山
jjxtd	多少
jjxtq	做生意的 作何解释 优游卒岁
jjxx	从小 值多少钱 浙江上虞 多多少少 健健康康
jjxxa	浙江上虞
jjxxd	多多少少 落落穆穆
jjxxq	从小 值多少钱 健健康康 作何反应 化学反应
jma	通知书 没时间
jmaa	但不 混乱 若不 全局 通知书
jmaaa	混乱 通知书 过犹不及 温暖如春
jmaad	若不
jmaaq	但不 全局
jmad	但她
jmadq	但她
jmag	传来 外包装 何所不为
jmagd	外包装
jmagq	传来 何所不为
jmaj	传承 英雄好汉 过时不候 消息灵通 英雄迟暮
jmaja	过时不候 消息灵通
jmajd	英雄好汉 英雄迟暮 勤奋好学
jmajq	传承 创巨痛深
jmam	全面 没时间 清理门户 生理问题 没有问题
jmama	没时间 清理门户 没有问题 泥猪癞狗 泥猪疥狗
jmamd	生理问题 重大问题
jmamq	全面 何所不有
jmap	今日建议 代理书记 水晶灯笼
jmapa	水晶灯笼
jmapq	今日建议 代理书记
jmaq	消息属实 世态炎凉
jmaqa	消息属实
jmaqd	世态炎凉
jmat	但那 众星云集 任达不拘 兴奋不已
jmata	兴奋不已
jmatq	但那 众星云集 任达不拘
jmax	贪财好色 何所不至 放达不羁
jmaxd	放达不羁
jmaxq	贪财好色 何所不至
jmd	过两天 低成本
jmda	参与 像电视剧 演电视剧 代马望北 蔽日干云
jmdaa	参与 演电视剧
jmdad	蔽日干云 千态万状 千载一弹
jmdaq	像电视剧 代马望北
jmdd	低成本 传感器 住在哪里 供大于求 英明神武
jmddd	英明神武 莫辨楮叶
jmddq	低成本 传感器 住在哪里 供大于求 休息一下
jmdg	若干 英雄救美 信马由缰 千奇百怪 休戚相关
jmdgd	若干 英雄救美 千奇百怪 千载一逢
jmdgq	信马由缰 休戚相关 衾影无惭
jmdj	洞口 你是一位 重大事件 伤医事件 重磅事件
jmdja	洞口 九十年代 漱石枕流
jmdjd	重大事件 重磅事件 千辛万苦 英明一世 千载一合
jmdjq	你是一位 伤医事件 贪贿无艺 休戚与共 仪态万方
jmdm	漫天 全民 过两天 信息检索 坐电梯时
jmdma	漫天 过两天
jmdmd	千载一日 重大突破 千真万确 千载一时 千遍万遍
jmdmq	全民 信息检索 坐电梯时 拿贼见赃 命大福大
jmdp	华盛顿 今日正式 游骑无归 海内无双 千载一圣
jmdpa	游骑无归 海内无双
jmdpd	千载一圣 英雄末路 桀犬吠尧 生态平衡
jmdpq	华盛顿 今日正式 倒载干戈 例直禁简 从明天起
jmdq	重大机遇 伊达政宗 节日礼物 修成正果 千载一遇
jmdqd	重大机遇 节日礼物 千载一遇
jmdqq	伊达政宗 修成正果
jmdt	渴望 沓冈复岭 酒有别肠 倾囊相授 沉郁顿挫
jmdta	渴望 沓冈复岭 酒有别肠 沉郁顿挫 通同一气
jmdtq	倾囊相授
jmdx	但也 英雄事迹 含有叶酸 贪猥无厌 英雄本色
jmdxd	英雄事迹 英雄本色
jmdxq	但也 含有叶酸 贪猥无厌
jmg	过日子 优惠券
jmga	传统 温馨 耸肩缩背 生日快乐 节日快乐
jmgaa	温馨
jmgad	生日快乐 节日快乐 蓬户瓮牖
jmgaq	传统 耸肩缩背
jmgd	母亲 全部 英雄豪杰 合两为一 仙风道格
jmgda	母亲 沈博绝丽 沉博绝丽
jmgdd	英雄豪杰 蒙在鼓里
jmgdq	全部 合两为一 仙风道格 仙风道骨 合二为一
jmgg	过日子 优惠券 淋巴结 英雄主义 法网恢恢
jmgga	过日子 淋巴结 法网恢恢 激昂慷慨
jmggd	英雄主义
jmggq	优惠券 合成纤维
jmgj	但却 合理性 全球性 生理盐水 贪赃坏法
jmgjd	生理盐水
jmgjq	但却 合理性 全球性 贪赃坏法
jmgm	渠道 优美 今日吉时 今川义元
jmgma	渠道
jmgmq	优美 今日吉时 今川义元
jmgp	通才练识 倍日并行 方骖并路
jmgpa	通才练识
jmgpd	方骖并路
jmgpq	倍日并行
jmgq	沿着 藏着
jmgqa	沿着
jmgqd	藏着
jmgt	温柔 传递 信息收集 代理商的 没有必要
jmgta	温柔 没有必要
jmgtd	多财善贾
jmgtq	传递 信息收集 代理商的 仙风道气
jmgx	做贼心虚 放在心上 人自为战
jmgxd	放在心上
jmgxq	做贼心虚 人自为战
jmj	没有人 代理人
jmja	全会 体贴入妙 洽博多闻 做大做强 兴奋激动
jmjaa	洽博多闻 兴奋激动 洞房花烛
jmjad	放马过来
jmjaq	全会 体贴入妙 做大做强 人大代表
jmjd	但他 莫名 全体 混合 混沌
jmjda	混合 混沌 浸在水中 通同作弊
jmjdd	莫名 共同体 若存若亡 重在参与 蓬勃生机
jmjdq	但他 全体 仔猪价格 似有似无 作威作福
jmjg	合同法 重巡洋舰 散骑侍郎 何时何地 世态人情
jmjgd	重巡洋舰 散骑侍郎 世态人情 英雄入彀
jmjgq	合同法 何时何地 借风使船
jmjj	污染 英俊 九十九 拿破仑 斗智斗勇
jmjja	污染 九十九 没颠没倒 兴风作浪 海晏河清
jmjjd	英俊 多才多艺 苦大仇深
jmjjq	拿破仑 斗智斗勇 人赃俱获 停辛伫苦 人才济济
jmjm	偏偏 葡萄 淘汰 悠哉悠哉 优哉游哉
jmjma	淘汰 涎玉沫珠
jmjmd	葡萄 落日余晖 若明若暗 若明若昧
jmjmq	偏偏 悠哉悠哉 优哉游哉 悠哉游哉 代马依风
jmjp	没有人 代理人 淹没 外星人 益智游戏
jmjpa	没有人 淹没 益智游戏 源远流长 满载而归
jmjpd	外星人 生理参数 生存能力 生日派对 惹是生非
jmjpq	代理人 似是而非 倾巢而出
jmjq	货真价实 汝成人耶 河奔海聚 河同水密 生猛海鲜
jmjqa	汝成人耶 河奔海聚 河同水密 沐猴而冠
jmjqd	生猛海鲜
jmjqq	货真价实 体贴入微
jmjt	沟通 优化 优雅 信息化 全球化
jmjta	沟通
jmjtd	多元化 药是假的 药理作用 放马华阳 重大作用
jmjtq	优化 优雅 信息化 全球化 拿班作势
jmjx	假冒伪劣 没日没夜 涤瑕荡秽 流光溢彩 鹊巢鸠占
jmjxa	没日没夜 涤瑕荡秽 流光溢彩 没大没小 流风余韵
jmjxd	鹊巢鸠占 燕巢幕上
jmjxq	假冒伪劣
jmm	全明星
jmma	作息时间 今日早间 亿元巨奖 通真达灵 没有时间
jmmaa	通真达灵 没有时间
jmmaq	作息时间 今日早间 亿元巨奖
jmmd	全球 测量 液晶显示 今明两年 重大影响
jmmda	测量 液晶显示 没有理由
jmmdd	重大影响 世风日下 若有所亡
jmmdq	全球 今明两年 人财两空 人琴两亡
jmmg	藏在 但在 生财有道 若有所丧 莫知所为
jmmga	通时达务 浅显易懂 津巴布韦
jmmgd	藏在 生财有道 若有所丧 莫知所为 生存环境
jmmgq	但在
jmmj	英雄 全明星 今日猪价 今日最佳 休明盛世
jmmja	通才硕学 举十知九
jmmjd	英雄 外感内伤
jmmjq	全明星 今日猪价 今日最佳 休明盛世 命在旦夕
jmmm	众所周知 深有同感
jmmma	深有同感
jmmmq	众所周知
jmmp	昔日 瀑布 汝南晨鸡 寸有所长 今是昨非
jmmpa	瀑布 汝南晨鸡 寸有所长
jmmpd	昔日 董狐直笔
jmmpq	今是昨非 伯玉知非
jmmq	优惠 生理现象 信息真实 若有所思 千载奇遇
jmmqd	生理现象 若有所思 千载奇遇
jmmqq	优惠 信息真实
jmmt	但是 若是 若有 方是真的 住在医院
jmmta	流光易逝 清风明月 渴骥奔泉 清风两袖
jmmtd	若是 若有 方是真的 若有所失 旗布星峙
jmmtq	但是 住在医院 人财两失
jmmx	温暖 传奇 深有感受 今日早上 世易时移
jmmxa	温暖 深有感受 深有感触 染翰成章 通时达变
jmmxd	世易时移
jmmxq	传奇 今日早上 倒凤颠鸾
jmp	没有了 通电话
jmpa	漫长 通电话 蓬勃发展 倾巢出动 蓬户柴门
jmpaa	漫长 通电话
jmpad	蓬勃发展 蓬户柴门
jmpaq	倾巢出动
jmpd	参加 莫非 敛影逃形
jmpda	参加
jmpdd	莫非
jmpdq	敛影逃形
jmpg	传说 生存之道 生财之道 入理切情 通达谙练
jmpga	通达谙练
jmpgd	生存之道 生财之道 共同之处 千载难逢
jmpgq	传说 入理切情 人同此心 逐臭之夫 倚马七纸
jmpj	全力 没有了 鸳鸯戏水 通风讨信 含辛忍苦
jmpja	没有了 通风讨信 没有办法 汗马之劳
jmpjd	鸳鸯戏水
jmpjq	全力 含辛忍苦 儋石之储 人才出众
jmpm	全国 伸出 英国 传出 华夷之辨
jmpma	兴旺发达 淮南鸡犬 泥猪瓦狗 淮王鸡狗
jmpmd	英国
jmpmq	全国 伸出 传出 华夷之辨
jmpp	测试 全党 散布谣言 凭几之诏 英雄辈出
jmppa	测试 波光粼粼 添砖加瓦 涨知识了
jmppd	散布谣言 英雄辈出 共同语言 药石之言
jmppq	全党 凭几之诏 人才辈出 偷狗戏鸡
jmpq	英语 勇猛精进 通元识微 漏网之鱼 人才难得
jmpqa	勇猛精进 通元识微 漏网之鱼
jmpqd	英语 千载难遇
jmpqq	人才难得
jmpt	莫笑 今日走势 生理数据 华研国际 众矢之的
jmpta	流星赶月 旭日东升 汗马之功
jmptd	莫笑 生理数据
jmptq	今日走势 华研国际 众矢之的 借题发挥 众则难摧
jmpx	水晶之恋 水晶之夜
jmpxa	水晶之恋 水晶之夜
jmqa	勇猛果敢 重大进展 生旦净丑 清风徐来 通南彻北
jmqaa	勇猛果敢 清风徐来 通南彻北
jmqad	重大进展 生旦净丑
jmqaq	仗马寒蝉
jmqd	参考 放在眼里 名存实亡 世所罕见
jmqda	参考
jmqdd	放在眼里 名存实亡 世所罕见
jmqg	慕容
jmqgd	慕容
jmqj	全家 海内鼎沸 酒囊饭袋
jmqja	海内鼎沸 酒囊饭袋
jmqjq	全家
jmqm	获得 值得 全都 淘宝 信息实时
jmqma	淘宝
jmqmd	获得
jmqmq	值得 全都 信息实时
jmqp	贯彻 获取 优先 汇聚 伊索寓言
jmqpa	贯彻 汇聚
jmqpd	获取
jmqpq	优先 伊索寓言 体大思精 舍短取长
jmqq	坐在教室
jmqqq	坐在教室
jmqt	名同实异
jmqtd	名同实异
jmqx	多有得罪 没石饮羽
jmqxa	没石饮羽
jmqxd	多有得罪
jmt	没有用 水电费
jmta	混蛋 伺瑕导蠙 伺瑕抵蠙 人是衣妆 众星拱北
jmtaa	混蛋
jmtad	苍狗白云
jmtaq	伺瑕导蠙 伺瑕抵蠙 人是衣妆 众星拱北
jmtd	苍黄翻复 举直措枉 凭几据杖 海盟山咒
jmtda	举直措枉 海盟山咒
jmtdd	苍黄翻复
jmtdq	凭几据杖
jmtg	你是以为 信息接收 生态系统
jmtgd	生态系统
jmtgq	你是以为 信息接收
jmtj	什么 优势 能自己做 九十月份 通风报信
jmtja	能自己做 九十月份 通风报信 汗马功劳 能奈我何
jmtjd	花朝月夕 带砺山河
jmtjq	什么 优势
jmtm	水电费 他自己有 英雄气短 浮光掠影 酒肉朋友
jmtma	水电费 浮光掠影 酒肉朋友
jmtmd	英雄气短
jmtmq	他自己有 你知我知 逐日追风
jmtp	伸手 蔓延 今日指数 重大失误 通风报讯
jmtpa	通风报讯 没有的话
jmtpd	蔓延 重大失误 惹是招非
jmtpq	伸手 今日指数
jmtq	英文 没有捷径
jmtqa	没有捷径
jmtqd	英文
jmtt	但这 传播 做自己的 伺瑕抵隙 伺瑕导隙
jmtta	沉肩坠肘 没有把握
jmttd	苍黄翻覆 重大损失 苍狗白衣
jmttq	但这 传播 做自己的 伺瑕抵隙 伺瑕导隙
jmtx	佩服 汇报 没有用 人有三急 水光山色
jmtxa	汇报 没有用 水光山色 湖光山色
jmtxd	蓬勃向上
jmtxq	佩服 人有三急 含明隐迹 你夺我争
jmx	没有钱 河南省
jmxa	苦辣酸甜 从南到北 佛是金妆 放马后炮 莫明其妙
jmxad	苦辣酸甜 放马后炮 莫明其妙
jmxaq	从南到北 佛是金妆
jmxd	温和 优点 没有钱 共同点 放在车里
jmxda	温和 没有钱 治理整顿 澳大利亚 清晰可见
jmxdd	共同点 放在车里 苍黄反复
jmxdq	优点 禽息鸟视
jmxg	没有意义 含瑕积垢 旋乾转坤 油光锃亮 共同市场
jmxga	没有意义 油光锃亮
jmxgd	旋乾转坤 共同市场 重财轻义
jmxgq	含瑕积垢
jmxj	温度 清理整治 生理卫生 燕巢危幕 迁风移俗
jmxja	温度 清理整治 染风习俗
jmxjd	生理卫生 燕巢危幕 迁风移俗 共同利益
jmxm	优质 从右到左 从左到右 从早到晚
jmxmq	优质 从右到左 从左到右 从早到晚
jmxp	全身 油光可鉴 带在身边 生存压力
jmxpa	油光可鉴
jmxpd	带在身边 生存压力
jmxpq	全身
jmxq	倚马可待
jmxqq	倚马可待
jmxt	优秀 草原 河南省 湖南省 海南省
jmxta	河南省 湖南省 海南省
jmxtd	草原
jmxtq	优秀
jmxx	从大到小 带在身上 寸量铢称 九十点钟
jmxxa	寸量铢称 九十点钟
jmxxd	带在身上
jmxxq	从大到小
jpa	拿出来
jpaa	生效 生灵 生发未燥 放言遣辞 生儿育女
jpaaa	刻足适屦 汗出如浆
jpaad	生效 生灵 生发未燥 放言遣辞 生儿育女
jpaaq	体力不支 健步如飞
jpad	生病 代驾司机 酒驾司机 敬谢不敏 拿刀动杖
jpada	酒驾司机
jpadd	生病 敬谢不敏 多管闲事 荣归故里
jpadq	代驾司机 拿刀动杖 伤筋动骨 人走灯灭
jpag	拿出来 没来 涉嫌 人之将死 仰之弥高
jpaga	没来 涉嫌
jpagd	荒诞不经
jpagq	拿出来 人之将死 仰之弥高
jpaj	涉及 兴师动众 劳师动众 借刀杀人 从谏如流
jpaja	涉及 兴师动众 举止娴雅 灌迷魂汤
jpajd	劳师动众
jpajq	借刀杀人 从谏如流 入国问俗
jpam	人间 水面 人面 含糊不明 何尝不是
jpama	水面
jpamd	多边贸易 苍髯如戟
jpamq	人间 人面 含糊不明 何尝不是 斗米尺布
jpap	波动 生动 活蹦乱跳 滥竽充数 波谲云诡
jpapa	波动 活蹦乱跳 滥竽充数 波谲云诡 满足不了
jpapd	生动 多米尼加
jpapq	倒戈卸甲 供认不讳 命该如此
jpat	代表 人群 生育 偿还 放诞不拘
jpatd	生育 放诞不拘
jpatq	代表 人群 偿还 低回不已
jpax	企业 多加留意 兴师问罪 满园春色 众难群移
jpaxa	兴师问罪 满园春色 寸步不离 淫词艳曲
jpaxd	多加留意 放诞不羁
jpaxq	企业 众难群移 命词遣意
jpd	浏览器 传说中
jpda	人呢 付之一炬 法出一门 重归于好 但讲无妨
jpdaa	法出一门 水米无交
jpdad	重归于好
jpdaq	人呢 付之一炬 但讲无妨 但说无妨 付之丙丁
jpdd	没事 信号 人事 人品 浏览器
jpdda	没事 浏览器 派出机构 法国梧桐
jpddd	千刀万剐
jpddq	信号 人事 人品 人言啧啧 付之一叹
jpdg	水平 水中 传说中 作诗一首 人行横道
jpdga	水平 水中
jpdgd	敬贤礼士 莫之与京 多歧亡羊
jpdgq	传说中 作诗一首 人行横道 亿兆一心
jpdj	人口 水里 袋里 借此机会 假力于人
jpdja	水里 鸿笔丽藻
jpdjd	多此一举 多说无益 花街柳巷 千难万苦
jpdjq	人口 袋里 借此机会 假力于人 人谁无过
jpdm	人民 人员 生机 蓝天 生于
jpdma	游行示威
jpdmd	生机 蓝天 生于 千刀万剁
jpdmq	人民 人员 住了一晚 传诵一时 人非木石
jpdp	人格 演了一出 仅止于此 舛讹百出 千言万说
jpdpa	演了一出 法力无边 能力突出 沉默无语 漆黑一团
jpdpd	舛讹百出 千言万说 千了百了 千言万语 千恩万谢
jpdpq	人格 仅止于此 令行禁止 付之一笑
jpdq	没想 共识机制 千篇一律 药笼中物
jpdqa	没想
jpdqd	共识机制 千篇一律 药笼中物
jpdt	没听 游戏中的 仅此一项 借鸡下蛋 千难万阻
jpdta	没听 游戏中的
jpdtd	千难万阻 千难万险 千回百折
jpdtq	仅此一项 借鸡下蛋
jpdx	千了万当 千回百转 举国一致 泼皮无赖 荒诞无稽
jpdxa	举国一致 泼皮无赖
jpdxd	千了万当 千回百转 荒诞无稽 千了百当 恭行天罚
jpg	苏东坡 人行道
jpga	人情 花边新闻
jpgad	花边新闻
jpgaq	人情
jpgd	贷款 倾诉心事 人非土木 例行公事 恭贺新禧
jpgdd	恭贺新禧 千儿八百
jpgdq	贷款 倾诉心事 人非土木 例行公事 体国经野
jpgg	代替 没收 多边主义 众说纷纭 拿粗夹细
jpgga	没收 能说惯道 濒临绝境 沧桑坎坷
jpggd	多边主义
jpggq	代替 众说纷纭 拿粗夹细 傲贤慢士
jpgj	人性 优越性 滚出去 倒行逆施 获此殊荣
jpgja	滚出去
jpgjd	获此殊荣 荒谬绝伦 落发为僧
jpgjq	人性 优越性 倒行逆施
jpgm	人行道 何足道哉 能言善辩 游戏规则 何足为奇
jpgma	能言善辩 游戏规则
jpgmq	人行道 何足道哉 何足为奇 佩紫怀黄
jpgp	介绍 人为 人士 苏东坡 能言快说
jpgpa	能言快说 污七八糟 浅尝即止 通计熟筹 能谋善断
jpgpd	苏东坡 多了去了 多谋善断 千帆竞发 放言高论
jpgpq	介绍 人为 人士
jpgq	名师高徒 江东父老
jpgqa	江东父老
jpgqd	名师高徒
jpgt	生死 生怕 生前 深证综指
jpgta	深证综指
jpgtd	生死 生怕 生前
jpgx	生产 人心 信心 生就 仪式结束
jpgxa	没精塌彩 洗颈就戮
jpgxd	生产 生就 勤加练习 藕断丝连 莫此为甚
jpgxq	人心 信心 仪式结束 信赏必罚
jpj	没办法 多数人
jpja	生活 人们 信念 信仰 人世
jpjaa	水流 波涛 汗出洽背 浮出水面 游戏人间
jpjad	生活 生长激素 草长莺飞 多难兴邦 放了个屁
jpjaq	人们 信念 信仰 人世 体力劳动
jpjd	生命 人体 人海 汉族 寸步千里
jpjda	汉族 寸步千里 鸿图华构
jpjdd	生命 劳筋苦骨 燕语莺啼 鹊笑鸠舞
jpjdq	人体 人海 僭赏滥刑 做了个梦 人非草木
jpjg	没办法 没法 侍讲学士 舒筋活络 濯足濯缨
jpjga	没办法 没法 濯足濯缨 杂七杂八 能说会道
jpjgd	燕语莺声 重足而立
jpjgq	侍讲学士 舒筋活络 含笑入地 倾国倾城 侧足而立
jpjj	代价 游戏游艺 付出代价 游戏人生 潮起潮落
jpjja	游戏游艺 游戏人生 潮起潮落 洗了个澡 通力合作
jpjjd	重出江湖 荣谐伉俪 苦难深重
jpjjq	代价 付出代价 信笔涂鸦 人言藉藉 任贤使能
jpjm	倘若 渐行渐远 蓬筚生辉 花园洋房 耸了耸肩
jpjma	渐行渐远 举国若狂 学识渊博 举步生风
jpjmd	蓬筚生辉 花园洋房
jpjmq	倘若 耸了耸肩
jpjp	人生 没人 仅仅 婆婆 生生
jpjpa	没人 婆婆 法国人 酒精测试 滴答滴答
jpjpd	生生 生人 多数人 外国人 英国人
jpjpq	人生 仅仅 人人 借箸代筹 倾箱倒箧
jpjq	传记作者 人走茶凉 仰观俯察
jpjqq	传记作者 人走茶凉 仰观俯察
jpjt	信任 没能 水仙 测算依据 付诸洪乔
jpjta	没能 水仙 测算依据 涎皮涎脸 泥足深陷
jpjtd	藏之名山 藏诸名山
jpjtq	信任 付诸洪乔 借鸡生蛋 令出法随 含笑九泉
jpjx	浮踪浪迹 没精没彩 浓墨重彩 剑走偏锋 拿糖作醋
jpjxa	浮踪浪迹 没精没彩 浓墨重彩 参回斗转
jpjxd	萍踪浪迹
jpjxq	剑走偏锋 拿糖作醋 何足介意
jpm	派出所 没出息
jpma	坐诊时间 水墨丹青 能力所及
jpmaa	水墨丹青 能力所及
jpmaq	坐诊时间
jpmd	代理 人大 生理 优越感 使驾驶员
jpmda	河东狮吼 过路财神 通衢大邑
jpmdd	生理 施加影响
jpmdq	代理 人大 优越感 使驾驶员 拿刀弄杖
jpmg	信息 生存 生态 人影 没出息
jpmga	没出息 鸿篇巨着 溜之大吉
jpmgd	生存 生态 英国硕士 莫非王土
jpmgq	信息 人影 人各有志
jpmj	倒计时 代数几何 假戏真做 泥足巨人 倒裳索领
jpmja	泥足巨人 鸿篇巨著 游刃有余 举止大方 没计奈何
jpmjd	外圆内方 放诞风流
jpmjq	倒计时 代数几何 假戏真做 倒裳索领
jpmm	水晶 人马 传记电影 涨幅最大 贪墨成风
jpmma	水晶 涨幅最大
jpmmd	花儿朵朵 外简内明
jpmmq	人马 传记电影 贪墨成风 坐观成败
jpmp	生日 方言矩行 能忍则忍 涉笔成趣
jpmpa	能忍则忍 涉笔成趣
jpmpd	生日 方言矩行
jpmq	鸿篇巨制 劳师远征 莫非王臣 侠之大者
jpmqa	鸿篇巨制
jpmqd	劳师远征 莫非王臣
jpmqq	侠之大者
jpmt	没有 人才 仅是 仅有 生有
jpmta	没有 派出所 学非所用 兴趣盎然
jpmtd	生有
jpmtq	人才 仅是 仅有 从长远看 人困马乏
jpmx	雅各布斯 重力感应 深谋远虑 沉默是金 举国同庆
jpmxa	深谋远虑 沉默是金 举国同庆
jpmxd	雅各布斯 重力感应
jpp	俗话说 会计师
jppa	生长 人数 生长发育 付诸行动
jppad	生长 生长发育
jppaq	人数 付诸行动
jppd	允许 水师 会计师 学计算机 重赏之下
jppda	允许 水师 学计算机 泣数行下
jppdd	重赏之下 莫谈国事 花甲之年
jppdq	会计师 全国第一 倒数第一 斗筲之器
jppg	企图 俗话说 人之常情 全国各地
jppgq	企图 俗话说 人之常情 全国各地
jppj	生了 没了 人力 过街设施 付之东流
jppja	没了 过街设施 流言惑众
jppjd	生了
jppjq	人力 付之东流 付诸东流
jppm	人类 生出 倒数计时 苏试试验 斗鸡走狗
jppma	母难之日
jppmd	生出 苏试试验
jppmq	人类 倒数计时 斗鸡走狗 入圣超凡
jppp	似笑非笑 从长计议 坐筹帷幄 流言蜚语 举止言谈
jpppa	流言蜚语 举止言谈 寸步难行
jpppd	巷议街谈
jpppq	似笑非笑 从长计议 坐筹帷幄 人非圣贤 坐言起行
jppx	代谢 方足圆颅 方趾圆颅 寸步难移 藏踪蹑迹
jppxa	寸步难移
jppxd	方足圆颅 方趾圆颅 藏踪蹑迹
jppxq	代谢 传言非虚
jpq	会议室
jpqa	治国安邦 恭默守静
jpqaa	治国安邦
jpqad	恭默守静
jpqd	水果 保国安民 治国安民
jpqda	水果 治国安民
jpqdq	保国安民
jpqg	人眼 人足家给
jpqgq	人眼 人足家给
jpqj	人家 鸿断鱼沉 人力资源 偃鼠饮河
jpqja	鸿断鱼沉
jpqjq	人家 人力资源 偃鼠饮河
jpqm	人物 生物 人头 人非物是 旗帜鲜明
jpqmd	生物 旗帜鲜明
jpqmq	人物 人头 人非物是 偷鸡盗狗
jpqp	游戏资讯 付诸实践 人力物力 过街老鼠 沉默寡言
jpqpa	游戏资讯 过街老鼠 沉默寡言
jpqpq	付诸实践 人力物力
jpqq	作出决定 傍观冷眼 酒足饭饱 贪图安逸
jpqqa	酒足饭饱
jpqqq	作出决定 傍观冷眼 贪图安逸
jpqt	促进
jpqtq	促进
jpqx	会议室
jpqxq	会议室
jpta	举起手来 莫桑比克
jptaa	举起手来
jptad	莫桑比克
jptd	人际 母鸡打鸣 作答要求 溜之乎也
jptda	母鸡打鸣 溜之乎也
jptdq	人际 作答要求
jptg	人工 海桑陵谷 保驾护航 拿粗挟细
jptga	海桑陵谷
jptgq	人工 保驾护航 拿粗挟细
jptj	外国文学 何足挂齿
jptjd	外国文学
jptjq	何足挂齿
jptm	人类文明 游戏三昧 偷鸡摸狗 劳师袭远 能言巧辩
jptma	游戏三昧 能言巧辩
jptmd	劳师袭远
jptmq	人类文明 偷鸡摸狗
jptp	人手 花言巧语 全力以赴 九回肠断
jptpa	九回肠断
jptpd	花言巧语
jptpq	人手 全力以赴
jptq	生气 草行露宿
jptqd	生气 草行露宿
jptt	酒精擦拭 葡式蛋挞 偷东摸西 举止失措
jptta	酒精擦拭 举止失措
jpttd	葡式蛋挞
jpttq	偷东摸西
jptx	信用 没用 没精打采 禽困覆车 没精打彩
jptxa	没用 没精打采 没精打彩 汉语拼音 济困扶危
jptxd	重蹈覆辙
jptxq	信用 禽困覆车 从此以后
jpx	合议庭 保证金
jpxa	含糊其辞 鸦默雀静 兴趣爱好 浮语虚辞
jpxaa	兴趣爱好 浮语虚辞
jpxad	鸦默雀静
jpxaq	含糊其辞
jpxd	没钱 重难点 举国上下 保加利亚 漫步其中
jpxda	没钱 举国上下 漫步其中
jpxdd	重难点 多许少与
jpxdq	保加利亚 何论魏晋
jpxg	生意 刻意 介意 英语四级 英语原声
jpxga	刻意 学步邯郸
jpxgd	生意 英语四级 英语原声 敬贤爱士
jpxgq	介意 坐困愁城
jpxj	没错 保证金 洞鉴废兴 代越庖俎 举足轻重
jpxja	没错 洞鉴废兴 举足轻重
jpxjq	保证金 代越庖俎 传之其人 仁言利溥
jpxm	蓝色 仁言利博 坐等其成
jpxmd	蓝色
jpxmq	仁言利博 坐等其成
jpxp	人身 酒精度数 施加压力 传记小说 浅尝辄止
jpxpa	酒精度数 浅尝辄止 浦发银行 污言秽语
jpxpd	施加压力 花团锦簇
jpxpq	人身 传记小说 含糊其词
jpxq	鸿篇钜制 劳师糜饷 企踵可待 名符其实 敬请期待
jpxqa	鸿篇钜制
jpxqd	劳师糜饷 名符其实 敬请期待
jpxqq	企踵可待 人言可畏
jpxt	合议庭 涎皮赖脸 通衢广陌
jpxta	涎皮赖脸 通衢广陌
jpxtq	合议庭
jpxx	从刀尖上 活力四射 流行歌曲
jpxxa	活力四射 流行歌曲
jpxxq	从刀尖上
jqa	警察局
jqaa	警察局 世界书局 过眼云烟 过眼烟云 汗牛充屋
jqaaa	过眼云烟 过眼烟云 汗牛充屋 活字印刷 满目疮痍
jqaad	警察局 世界书局 勤勉尽责
jqaaq	众寡不敌
jqad	学问 汗牛充栋 过目不忘
jqada	学问 汗牛充栋 过目不忘
jqag	带来 生老病死 勇者不惧 法律面前 寸进尺退
jqaga	勇者不惧 法律面前 寸进尺退
jqagd	带来 生老病死
jqaj	从头来过
jqajq	从头来过
jqap	劳动 带动 鸿都买第 低头不语 信守承诺
jqapa	鸿都买第
jqapd	劳动 带动 英姿焕发 垂头不语
jqapq	低头不语 信守承诺
jqaq	世界屋脊 寸田尺宅 方头不律 茶饭不思 坐卧不安
jqaqa	寸田尺宅
jqaqd	世界屋脊 方头不律 茶饭不思
jqaqq	坐卧不安 坐卧不宁
jqat	优先支持 法律适用 敛容屏气 仁者乐山 从容不迫
jqata	法律适用
jqatq	优先支持 敛容屏气 仁者乐山 从容不迫
jqax	作业 营业 做得不错 温室效应 方头不劣
jqaxa	温室效应 鸿鹄将至
jqaxd	营业 方头不劣
jqaxq	作业 做得不错
jqd	仅次于 世界杯
jqda	学校 深吸 洗礼 世界杯 仁者无敌
jqdaa	学校 深吸 洗礼
jqdad	世界杯
jqdaq	仁者无敌 从头再来 从头开始
jqdd	件事 作品 入井望天 剑头一吷 学老于年
jqdda	学老于年
jqddd	藏富于民 茅塞顿开 千思万想 名实相副
jqddq	件事 作品 入井望天 剑头一吷
jqdg	深邃 学术 世界中 世界一级 草头天子
jqdga	深邃 学术 举目无亲 清净无为
jqdgd	世界中 世界一级 草头天子 茶饭无心 千头万绪
jqdgq	坐冷板凳 众寡悬殊
jqdj	千里 沉吟 值得一游 做得更多 值得一生
jqdja	沉吟 注定一生 游牧民族
jqdjd	千里 薄寒中人 范进中举 名目繁多 世界一流
jqdjq	值得一游 做得更多 值得一生 仁者见仁 从井救人
jqdm	演员 学员 仅次于 世界杯时 住宿一晚
jqdma	演员 学员 洞彻事理
jqdmd	世界杯时 世界百大 落井下石 千军万马 千姿百态
jqdmq	仅次于 住宿一晚 做得更大
jqdp	千万 值得一试 值得一读 洞察一切 名实相符
jqdpa	洞察一切
jqdpd	千万 名实相符 千灾百难
jqdpq	值得一试 值得一读 傲睨一切
jqdq	世界杯赛 含宫咀徵 傲睨万物 含宫咀征
jqdqd	世界杯赛
jqdqq	含宫咀徵 傲睨万物 含宫咀征
jqdt	千年 世界形势 值得一提 偏安一隅 九牛一毛
jqdta	九牛一毛
jqdtd	千年 世界形势 苟安一隅
jqdtq	值得一提 偏安一隅 佛眼相看 华冠丽服
jqdx	千头万序 涸思干虑 鸿案相庄 花冤枉钱 贪得无厌
jqdxa	涸思干虑 鸿案相庄 河鱼天雁
jqdxd	千头万序 花冤枉钱 千思万虑
jqdxq	贪得无厌 人微望轻 人微权轻
jqg	创造性 混凝土
jqga	深情 沉声 世界纪录 蓬头垢面 俊男美女
jqgaa	深情 沉声
jqgad	世界纪录 蓬头垢面 薄物细故
jqgaq	俊男美女
jqgd	入吾彀中
jqgdq	入吾彀中
jqgg	营养 保守主义 激进主义 激进分子 世界主义
jqgga	激进主义 激进分子
jqggd	营养 世界主义 敬老慈幼
jqggq	保守主义 伤害孩子 体物缘情 从容就义
jqgj	带给 创造性 世界首例 劳逸结合
jqgjd	带给 世界首例 劳逸结合
jqgjq	创造性
jqgm	深圳 英姿飒爽 偷寒送暖 酒食地狱
jqgma	深圳 酒食地狱
jqgmd	英姿飒爽
jqgmq	偷寒送暖
jqgp	作为 伸头缩颈 倒果为因 敬老尊贤 能者为师
jqgpa	能者为师
jqgpd	敬老尊贤 生寄死归
jqgpq	作为 伸头缩颈 倒果为因 佛头着粪
jqgq	带着 沉着 倒头就睡
jqgqa	沉着
jqgqd	带着
jqgqq	倒头就睡
jqgt	混凝土 垂头丧气 法律条文 举鼎绝膑 蓬头赤脚
jqgta	混凝土 法律条文 举鼎绝膑
jqgtd	垂头丧气 蓬头赤脚
jqgx	深处 深思熟虑 依头缕当 拿定主意 沉思良久
jqgxa	深处 深思熟虑 沉思良久 能征善战 能征惯战
jqgxq	依头缕当 拿定主意
jqj	生物学 全家人
jqja	学会 做完作业 住得舒适 含冰茹檗 没头苍蝇
jqjaa	学会 没头苍蝇
jqjad	外资企业 名臣勇将
jqjaq	做完作业 住得舒适 含冰茹檗 合资企业 人五人六
jqjd	沉重 著名 洗澡 滥官污吏 满目荆榛
jqjda	沉重 洗澡 滥官污吏 满目荆榛 演职人员
jqjdd	著名 名德重望
jqjdq	贪官污吏 便宜从事 修齐治平 侧目而视 倾耳而听
jqjg	像个 荣誉 酒井法子 逐字逐句 做实做细
jqjga	酒井法子 法律法规
jqjgd	荣誉 旅进旅退
jqjgq	像个 逐字逐句 做实做细 僻字涩句 倾家荡产
jqjj	带领 仁者能仁 倒冠落佩 源头活水 能者多劳
jqjja	源头活水 能者多劳 泪眼汪汪 泥牛入海
jqjjd	带领 放鱼入海
jqjjq	仁者能仁 倒冠落佩 何德何能
jqjm	浩瀚 茅室蓬户 仅容旋马 做牛做马 蓝田生玉
jqjma	浩瀚
jqjmd	茅室蓬户 蓝田生玉
jqjmq	仅容旋马 做牛做马 仙姿佚貌
jqjp	学生 深刻 泪水 深渊 全家人
jqjpa	学生 深刻 泪水 深渊 没完没了
jqjpd	放饭流歠 多灾多难
jqjpq	全家人 候选人
jqjq	深深 深沉 偶像 沉淀 生物学
jqjqa	深深 深沉 沉淀 泛宅浮家 贯彻落实
jqjqd	生物学 放眼世界 迁臣逐客 带牛佩犊
jqjqq	偶像 倾耳注目
jqjt	深入 演化 菲食薄衣 傲头傲脑 佹得佹失
jqjta	深入 演化 法律体系 沉得住气 没头没脑
jqjtd	菲食薄衣
jqjtq	傲头傲脑 佹得佹失 促进作用 倚官仗势 傻头傻脑
jqjx	沉鱼落雁 值得信赖 多姿多彩 没老没少
jqjxa	沉鱼落雁 没老没少
jqjxd	多姿多彩
jqjxq	值得信赖
jqm	淘宝网
jqma	作风 淘宝网 任职时间 做得最好
jqmaa	淘宝网
jqmaq	作风 任职时间 做得最好
jqmd	通都巨邑 通都大邑 荣宗耀祖 九鼎大吕
jqmda	通都巨邑 通都大邑 九鼎大吕
jqmdd	荣宗耀祖
jqmg	刻鹄成鹜 济寒赈贫 鸿鶱凤立 勇往直前 游目骋怀
jqmga	刻鹄成鹜 济寒赈贫 鸿鶱凤立 勇往直前 游目骋怀
jqmgq	含饴弄孙
jqmj	世家大族 世界石油 浊者自浊 命蹇时乖 外宽内深
jqmja	浊者自浊 满头大汗 清者自清 汉官威仪
jqmjd	世家大族 世界石油 外宽内深 迁客骚人
jqmjq	命蹇时乖 从容自若 偷安旦夕 傲睨自若
jqmm	外宽内明 通宵达旦 人老珠黄 贯颐奋戟 仙姿玉貌
jqmma	通宵达旦 贯颐奋戟
jqmmd	外宽内明
jqmmq	人老珠黄 仙姿玉貌
jqmp	入室昇堂 人老成精 蒿目时艰 过目成诵
jqmpa	过目成诵
jqmpd	蒿目时艰
jqmpq	入室昇堂 人老成精
jqmq	渴者易饮 倚老卖老 千军易得 淡饭黄齑
jqmqa	渴者易饮 淡饭黄齑
jqmqd	千军易得
jqmqq	倚老卖老
jqmt	像是 浓郁 带有 伤害自己 深宅大院
jqmta	浓郁 深宅大院 鸿鶱凤逝 溘先朝露
jqmtd	带有 外冷内热 外宽内忌
jqmtq	像是 伤害自己
jqmx	荣耀 世界大战 激进左翼 深思远虑 牟取暴利
jqmxa	激进左翼 深思远虑 牟取暴利
jqmxd	荣耀 世界大战
jqmxq	众目昭彰 仙姿玉色 仙姿玉质
jqp	世界观 创造力
jqpa	通家之好 油头粉面 河鱼之疾
jqpaa	通家之好 油头粉面 河鱼之疾
jqpd	带回 世界观 世界之窗 世界之树 便宜行事
jqpdd	带回 世界观 世界之窗 世界之树 世界第一
jqpdq	便宜行事 坐井观天
jqpg	世界各地 刻鹄类鹜 敬畏之心 鸿鹄之志 池鱼之殃
jqpga	刻鹄类鹜 鸿鹄之志 池鱼之殃 九五之尊
jqpgd	世界各地 敬畏之心
jqpgq	入孝出悌 入孝出弟
jqpj	作了 创造力 仰卧起坐 从宽发落
jqpjq	作了 创造力 仰卧起坐 从宽发落
jqpm	沉默 作出 演出 世界之大 人微言贱
jqpma	沉默 演出
jqpmd	世界之大 放牛归马
jqpmq	作出 人微言贱
jqpp	从头说起 蓬头跣足 修饰边幅
jqppd	蓬头跣足
jqppq	从头说起 修饰边幅
jqpq	演讲 九次第定 贯鱼之次 莼鲈之思 伐冰之家
jqpqa	演讲 九次第定 贯鱼之次
jqpqd	莼鲈之思
jqpqq	伐冰之家
jqpt	世界之巅 拿得出手
jqptd	世界之巅
jqptq	拿得出手
jqpx	带走 佛头加秽 迁思回虑 人微言轻 池鱼笼鸟
jqpxa	池鱼笼鸟
jqpxd	带走 迁思回虑
jqpxq	佛头加秽 人微言轻
jqq	参赛者 菲律宾
jqqa	从头彻尾 通宵彻昼 举案齐眉
jqqaa	通宵彻昼 举案齐眉
jqqaq	从头彻尾
jqqd	营造 佥都御史 汗牛塞栋 苦思冥想 伴食宰相
jqqda	汗牛塞栋
jqqdd	营造 苦思冥想
jqqdq	佥都御史 伴食宰相
jqqg	深思 傲睨得志
jqqga	深思
jqqgq	傲睨得志
jqqj	作家 学家 沉睡 汉鼎宇佑 涸鲋得水
jqqja	学家 沉睡 汉鼎宇佑 涸鲋得水 治安案件
jqqjd	劳思逸淫 夕寐宵兴 重熙累洽
jqqjq	作家
jqqm	觉得 作者 学者 参赛者 创造者
jqqma	觉得 学者 参赛者 通宵彻旦
jqqmd	蔽聪塞明
jqqmq	作者 创造者
jqqp	生聚教训
jqqpd	生聚教训
jqqq	生物制剂 药物制剂 节制饮食 世界冠军 众目睽睽
jqqqa	满目凄凉
jqqqd	生物制剂 药物制剂 节制饮食 世界冠军
jqqqq	众目睽睽
jqqt	菲律宾 沉冤得雪
jqqta	沉冤得雪
jqqtd	菲律宾
jqqx	通宵彻夜 法律制度 学富五车
jqqxa	通宵彻夜 法律制度 学富五车
jqta	人头攒动 人靠衣装 藏头露尾 河鱼腹疾
jqtaa	河鱼腹疾
jqtad	藏头露尾
jqtaq	人头攒动 人靠衣装
jqtd	洗耳拱听 人定胜天 全军覆灭 惹灾招祸 人取我与
jqtda	洗耳拱听
jqtdd	惹灾招祸
jqtdq	人定胜天 全军覆灭 人取我与
jqtg	坐完月子 法家拂士 傻得要死 全取三分 清宫除道
jqtga	法家拂士 清宫除道
jqtgq	坐完月子 傻得要死 全取三分
jqtj	传宗接代 满头雾水 全军覆没
jqtja	满头雾水
jqtjq	传宗接代 全军覆没
jqtm	偶然 值得拥有 花容月貌
jqtmd	花容月貌
jqtmq	偶然 值得拥有
jqtp	入室升堂 带减腰围 贯彻执行 满头白发 入室操戈
jqtpa	贯彻执行 满头白发
jqtpd	带减腰围
jqtpq	入室升堂 入室操戈
jqtq	学院 勇冠三军 合眼摸象
jqtqa	学院 勇冠三军
jqtqq	合眼摸象
jqtt	舒头探脑 举鼎拔山 泪眼朦胧
jqtta	举鼎拔山 泪眼朦胧
jqttq	舒头探脑
jqtx	作用 优先接种 洪都拉斯 生物工程 花容失色
jqtxa	洪都拉斯
jqtxd	生物工程 花容失色
jqtxq	作用 优先接种
jqx	世界上 做得到
jqxa	苫眼铺眉 法律顾问 从头到尾 重男轻女 温得和克
jqxaa	法律顾问 温得和克 洞察其奸
jqxad	苫眼铺眉 重男轻女
jqxaq	从头到尾 佛靠金装 从头至尾 含冤受屈 含冤负屈
jqxd	世界上 带上 作战 世界和平 芒寒色正
jqxdd	世界上 带上 世界和平 芒寒色正 蕤宾铁响
jqxdq	作战 人头畜鸣
jqxg	洞察秋毫
jqxga	洞察秋毫
jqxj	深夜 深度 作者署名 创先争优 蓬头厉齿
jqxja	深夜 深度 浪得虚名
jqxjd	蓬头厉齿 外御其侮 蓬头历齿
jqxjq	作者署名 创先争优 仁者爱人
jqxm	觉醒 优先原则
jqxma	觉醒
jqxmq	优先原则
jqxp	浑身 带到 学历 学到 做得到
jqxpa	浑身 学历 学到
jqxpd	带到
jqxpq	做得到 保家卫国 从容应对
jqxq	深受
jqxqa	深受
jqxt	藏头亢脑 从头到脚 蒙头转向 淡写轻描
jqxta	淡写轻描
jqxtd	藏头亢脑 蒙头转向
jqxtq	从头到脚
jqxx	学习 偶尔 营销 渺小 世界秩序
jqxxa	学习 渺小 游目四顾 鸿案鹿车
jqxxd	营销 世界秩序
jqxxq	偶尔
jta	洗手间 伊拉克
jtaa	化妆 游手好闲 剑拔弩张 依然如故 傲岸不群
jtaaa	游手好闲 淡扫蛾眉 江山如故 寸阴尺璧
jtaaq	化妆 剑拔弩张 依然如故 傲岸不群 全功尽弃
jtad	能否 重要支柱 洗手间里 江山如画 洗手不干
jtada	能否 洗手间里 江山如画 洗手不干
jtadd	重要支柱
jtag	过来 过好 重要遗址 洗手奉公 人以群分
jtaga	过来 过好 洗手奉公 洁己奉公
jtagd	重要遗址
jtagq	人以群分
jtaj	鸿毛泰岱 九霄云外 伤势未愈 落月屋梁
jtaja	鸿毛泰岱 九霄云外
jtajd	落月屋梁
jtajq	伤势未愈
jtam	澳门 洗手间 斗粟尺布 浑然不知 满脸春风
jtama	澳门 洗手间 浑然不知 满脸春风 满袖春风
jtamq	斗粟尺布
jtap	激动 华氏 伊拉克 敛手屏足 拿手好戏
jtapa	激动
jtapq	华氏 伊拉克 敛手屏足 拿手好戏 斗折蛇行
jtaq	勇敢 游击将军 漏脯充饥 通幽动微 人际交往
jtaqa	勇敢 游击将军 漏脯充饥 通幽动微 洞幽烛微
jtaqq	人际交往
jtat	江山好改 依然故我 潘文乐旨 涕零如雨 今月古月
jtata	江山好改 潘文乐旨 涕零如雨 鸿毛泰山
jtatq	依然故我 今月古月 倒持泰阿 含霜履雪
jtax	名胜古迹 落拓不羁 茫然不解 假以辞色 举措不当
jtaxa	举措不当 满脸春色
jtaxd	名胜古迹 落拓不羁 茫然不解 落魄不羁
jtaxq	假以辞色
jtd	什么样 使用权
jtda	邪恶 仙山楼阁 凭白无故 名山事业 从零开始
jtdad	邪恶 名山事业
jtdaq	仙山楼阁 凭白无故 从零开始 倒打一耙
jtdd	傻逼 什么事 像山一样 蒲鞭示辱 泄露天机
jtdda	泄露天机
jtddd	蒲鞭示辱 名扬天下 名震天下 荡然一空
jtddq	傻逼 什么事 像山一样 人工呼吸 人己一视
jtdg	什么样 你拔橛子 重要事务 沥血叩心 领导干部
jtdga	沥血叩心 派系林立
jtdgd	重要事务 千山万壑 千岩万壑 千峰万壑 齿白唇红
jtdgq	什么样 你拔橛子 领导干部 领导机关 人手一册
jtdj	入口 过敏 没看见 重要事件 伴随一生
jtdja	过敏 没看见 混然一体 母系社会 浑然一体
jtdjd	重要事件 名扬中外 千山万水 英气逼人 牙白口清
jtdjq	入口 伴随一生 他的一生 使用中药 伤势严重
jtdm	过于 华夏 勇于 洗衣机 舍近求远
jtdma	过于 勇于 洗衣机 没衷一是 浑然天成
jtdmd	莫衷一是 名震一时 荡然无存 千兵万马 千随百顺
jtdmq	华夏 舍近求远
jtdp	使用权 使用术语 伪随机数 汇报材料 倒打一瓦
jtdpa	汇报材料 淡然一笑 泣血枕戈
jtdpd	苍白无力
jtdpq	使用权 使用术语 伪随机数 倒打一瓦
jtdq	重要事实 何以见得 草衣木食 染指于鼎
jtdqa	染指于鼎
jtdqd	重要事实 草衣木食
jtdqq	何以见得
jtdt	倾听 华丽 过年 优势互补 做这样的
jtdta	过年 浩然正气 涌泉相报
jtdtd	荒山野岭 藏巧于拙 茫然无措 千峰百嶂 千补百衲
jtdtq	倾听 华丽 优势互补 做这样的 使用中的
jtdx	任由 举手示意 重要史迹 江山社稷 他的事迹
jtdxa	举手示意 江山社稷
jtdxd	重要史迹 敬陪末座
jtdxq	任由 他的事迹 低三下四
jtg	重要性 方向盘
jtga	激情 方向盘 重操旧业 母以子贵 倾摇懈弛
jtgaa	激情 母以子贵 消失殆尽 洛阳纸贵
jtgad	方向盘 重操旧业 夕阳产业
jtgaq	倾摇懈弛 保险公司
jtgd	他的心里 苟延残喘 坐失良机 蒙以养正 你以为呢
jtgdd	苟延残喘 蒙以养正
jtgdq	他的心里 坐失良机 你以为呢
jtgg	傻子 你的心声 保险经纪 人文主义 满腹经纶
jtgga	满腹经纶
jtggq	傻子 你的心声 保险经纪 人文主义 舍己为公
jtgj	能够 过去 能给 任性 散去
jtgja	能够 过去 能给 举要删芜
jtgjd	散去 重要性 施工单位
jtgjq	任性 命比纸薄 舍己为人 俯拾地芥 伐功矜能
jtgm	依旧 漂亮 通道 仍旧 坐月子时
jtgma	漂亮 通道
jtgmd	歃血为盟
jtgmq	依旧 仍旧 坐月子时 信以为真 俯拾即是
jtgp	任务 华为 化为 过分 激烈
jtgpa	过分 激烈 能为 淡然处之
jtgpq	任务 华为 化为 倒霉死了
jtgq	过着 节衣缩食 俭以养德 清脆悦耳 多文为富
jtgqa	过着 清脆悦耳
jtgqd	节衣缩食 多文为富
jtgqq	俭以养德
jtgt	通红 依山就势 人际关系 侠肝义胆 人脉关系
jtgta	通红 深以为然
jtgtq	依山就势 人际关系 侠肝义胆 人脉关系
jtgx	花的颜色 酒的颜色 汗血盐车 化零为整 千岩竞秀
jtgxa	酒的颜色 汗血盐车
jtgxd	花的颜色 千岩竞秀
jtgxq	化零为整
jtj	领导人 什么人
jtja	能做 江湖 入侵 人比花娇 世扰俗乱
jtjaa	能做 江湖 浓抹淡妆 通幽洞灵 活血化瘀
jtjad	世扰俗乱
jtjaq	入侵 人比花娇
jtjd	能使 九三学社 能文能武 潸然泪下 任打任骂
jtjda	能使 九三学社 能文能武 潸然泪下 沦肌浃髓
jtjdq	任打任骂 伐毛洗髓
jtjg	依法 海拔落差 鸿毳沉舟 满脸通红 消防通道
jtjga	海拔落差 鸿毳沉舟 满脸通红 消防通道
jtjgq	依法
jtjj	过多 凭借 散落 使用价值 散兵游勇
jtjja	过多 溃兵游勇 寸指测渊 油然而生 泯然众人
jtjjd	散落 散兵游勇 蒹霞苍苍 勤工俭学 暮气沉沉
jtjjq	凭借 使用价值 依山傍水 含血潠人 仗气使酒
jtjm	若隐若显 若隐若现 活龙活现 河山带砺 落霞余晖
jtjma	活龙活现 河山带砺 泓峥萧瑟
jtjmd	若隐若显 若隐若现 落霞余晖
jtjp	华人 任人 催促 通信 过人
jtjpa	通信 过人 漂零蓬断 涎脸涎皮 油腔滑调
jtjpd	重要共识 蓄势而发
jtjpq	华人 任人 催促 领导人 什么人
jtjq	化作 化学 花的世界 通幽洞微 通幽洞冥
jtjqa	通幽洞微 通幽洞冥 能攻能守 洗肠涤胃
jtjqd	花的世界 垂手而得 蔼然仁者
jtjqq	化作 化学 俯拾仰取
jtjt	通过 通通 浙江 任凭 重要依据
jtjta	通过 通通 浙江 寸阴若岁 沥胆濯肝
jtjtd	重要依据 千斤重担 茫然若失 草腹菜肠
jtjtq	任凭 依据什么 拿腔做势 修改修改 佩服佩服
jtjx	任何 逐渐 苛捐杂税 若释重负 生龙活虎
jtjxd	苛捐杂税 若释重负 生龙活虎 萍飘蓬转
jtjxq	任何 逐渐
jtma	化成 花的时间 活的时间 含胸驼背 外巧内嫉
jtmaa	活的时间 没毛大虫
jtmad	花的时间 外巧内嫉
jtmaq	化成 含胸驼背 仙露琼浆 仙山琼阁
jtmd	通知 能量 浙大 通文达礼 通工易事
jtmda	通知 能量 浙大 通文达礼 通工易事
jtmg	能在 仍在 海拔最高 剑胆琴心 合胆同心
jtmga	能在 海拔最高 寸阴是惜 深文周纳
jtmgd	世袭罔替 熏陶成性
jtmgq	仍在 剑胆琴心 合胆同心
jtmj	海拔最低 重气狥名 通文达艺 鸿隐凤伏 鸠集凤池
jtmja	海拔最低 通文达艺 鸿隐凤伏 鸠集凤池 游山玩水
jtmjd	重气狥名
jtmjq	人工智能
jtmm	江南 生气勃勃 刻雾裁风 兴衰成败 假以时日
jtmma	江南 刻雾裁风 兴衰成败 满腹珠玑 通文达理
jtmmd	生气勃勃 生搬硬套 名山大川 蔚然成风 迁延时日
jtmmq	假以时日 信誓旦旦 仙露明珠
jtmp	依照 使用时长 住院医师 人皆有之 人我是非
jtmpa	浮白载笔
jtmpq	依照 使用时长 住院医师 人皆有之 人我是非
jtmq	水肿现象 侯服玉食 悠然自得 清肝明目
jtmqa	水肿现象 清肝明目
jtmqq	侯服玉食 悠然自得
jtmt	能有 仍是 似是 萧山医院 江山易改
jtmta	能有 江山易改 满腹狐疑
jtmtd	萧山医院 生拉硬扯 茫然自失 迁延日月
jtmtq	仍是 似是
jtmx	重要景点 浴血奋战 洗雪逋负 节哀顺变 个把星期
jtmxa	浴血奋战 洗雪逋负
jtmxd	重要景点 节哀顺变 薄技在身
jtmxq	个把星期 伏龙凤雏 全胜时期 倒三颠四
jtp	领导力
jtpa	苏峻之乱 没看出来
jtpaa	没看出来
jtpad	苏峻之乱
jtpd	凭证 做这些事 依我之见 九泉之下 通文调武
jtpda	九泉之下 通文调武 没这回事
jtpdd	荒腔走板 迁延观望 敬陈管见
jtpdq	凭证 做这些事 依我之见 入文出武 保险起见
jtpg	能说 便携设备 促膝谈心 迁乔出谷 蓦然回首
jtpga	能说
jtpgd	迁乔出谷 蓦然回首
jtpgq	便携设备 促膝谈心 位卑言高
jtpj	能力 过了 散了 领导力 举手之劳
jtpja	能力 过了 举手之劳 涂指甲油
jtpjd	散了
jtpjq	领导力 使用简洁 斗升之水
jtpm	他山之石 游龙戏凤 浩气长存 游龙戏珠 荆山之玉
jtpma	游龙戏凤 浩气长存 游龙戏珠
jtpmd	荆山之玉
jtpmq	他山之石 伐异党同
jtpp	散发 通常 激发 逐步 愈发
jtppa	通常 激发
jtppd	散发 散步 散播谣言 芒鞋竹笠
jtppq	逐步 愈发 使用常识 促膝长谈 仓皇出逃
jtpq	溘然长往 方以类聚 满脸笑容 河山之德 举手加额
jtpqa	溘然长往 满脸笑容 河山之德 举手加额
jtpqd	方以类聚
jtpt	泛起 倾诉 贪功起衅 重岩叠障 浩然之气
jtpta	泛起 浩然之气 添衣加裤 溘然长逝
jtptd	重岩叠障 荡气回肠
jtptq	倾诉 贪功起衅
jtpx	能让 河西走廊 名我固当 蒲鞭之罚
jtpxa	能让 河西走廊
jtpxd	名我固当 蒲鞭之罚
jtq	消费者 使用者
jtqa	能近取譬 添兵减灶
jtqaa	能近取譬 添兵减灶
jtqd	依靠 他的眼神 深山密林 滥用职权 怨气冲天
jtqda	深山密林 滥用职权 漫山塞野
jtqdd	怨气冲天
jtqdq	依靠 他的眼神
jtqg	过往 通往 佛教 法脉准绳
jtqga	过往 通往 法脉准绳
jtqgq	佛教
jtqj	使用实例 重气徇命 倚势凌人
jtqjd	重气徇命
jtqjq	使用实例 倚势凌人
jtqm	过得 消费者 过头 货物 使用者
jtqma	过得 消费者 过头 水龙头 满腹牢骚
jtqmd	苦雨凄风
jtqmq	货物 使用者 领导者 坐以待旦
jtqp	过客 偷工减料 蓄势待发 千岁鹤归
jtqpa	过客
jtqpd	蓄势待发 千岁鹤归
jtqpq	偷工减料
jtqq	涎脸饧眼 俗气得很
jtqqa	涎脸饧眼
jtqqq	俗气得很
jtqt	茹毛饮血 敛手待毙 傲雪凌霜 坐以待毙 涣然冰释
jtqta	涣然冰释 浩气凛然
jtqtd	茹毛饮血
jtqtq	敛手待毙 傲雪凌霜 坐以待毙
jtqx	藏龙卧虎
jtqxd	藏龙卧虎
jtt	傻乎乎 保险费
jtta	依据 信手拈来 洲际导弹 洪乔捎书 含胸拔背
jttaa	洲际导弹 洪乔捎书
jttaq	依据 信手拈来 含胸拔背
jttd	重要指示 你的手中 游击队员 夕阳西下 满腔热枕
jttda	游击队员 满腔热枕
jttdd	重要指示 夕阳西下 萨拉热窝 节用裕民
jttdq	你的手中 伐毛换髓 众毛攒裘
jttg	似乎 沸腾 傻乎乎 洒脱 过失
jttga	沸腾 洒脱 过失 沥血披心 满腔热忱
jttgq	似乎 傻乎乎 使用手册 傲然挺立 傲然屹立
jttj	能打胜仗 烫手山芋 领导集体 名山胜水
jttja	能打胜仗 烫手山芋
jttjd	名山胜水
jttjq	领导集体
jttm	依然 似的 仍然 能把 倾向
jttma	能把 海誓山盟 能工巧匠 过隙白驹
jttmd	重要的是 名山胜川
jttmq	依然 似的 仍然 倾向 保险费
jttp	货币 优势兵力 举手投足 滋阴补肾 萨拉托加
jttpa	举手投足 滋阴补肾 涂脂抹粉 满腹疑团 浮文巧语
jttpd	萨拉托加
jttpq	货币 优势兵力 仍陋袭简 人工授精 你追我赶
jttq	勇气 使用工具 货比三家 激扬文字
jttqa	勇气 激扬文字
jttqq	使用工具 货比三家
jttt	使用手势 施以援手 沥胆隳肝 沥胆堕肝 重岩迭嶂
jttta	沥胆隳肝 沥胆堕肝 沥胆抽肠 淫雨霏霏 沥血披肝
jtttd	施以援手 重岩迭嶂 迁延岁月
jtttq	使用手势 倒要看看 人工降雨 仓皇失措
jttx	能用 偏三向四 满腹文章 泣血捶膺 他山攻错
jttxa	能用 满腹文章 泣血捶膺
jttxq	偏三向四 他山攻错 拿三搬四
jtx	信用卡 没看到
jtxa	汽车 迁延稽留 蒙袂辑屦 迁延羁留 佛要金装
jtxaa	汽车
jtxad	迁延稽留 蒙袂辑屦 迁延羁留
jtxaq	佛要金装
jtxd	过程 过后 激励 信用卡 落脚点
jtxda	过程 过后 激励 深陷其中
jtxdd	落脚点 迁延顾望
jtxdq	信用卡 做这种事
jtxg	傻瓜 洗脚上船 孽障种子 满脸皱纹 勇气可嘉
jtxga	洗脚上船 满脸皱纹 勇气可嘉
jtxgd	孽障种子 蔼然可亲
jtxgq	傻瓜
jtxj	过度 过错 保险金 海拔较低 外接音源
jtxja	过度 过错 海拔较低 沿用至今 泽被后世
jtxjd	外接音源 名扬四海 重气轻生 重气轻命
jtxjq	保险金 优胜劣汰 仗势欺人
jtxm	重要基石 个把小时 优胜劣败
jtxmd	重要基石
jtxmq	个把小时 优胜劣败
jtxp	入到 没看到 渣打银行 侦探小说 舍我其谁
jtxpa	没看到 渣打银行 泣血稽颡 漠然置之 淡然置之
jtxpq	入到 侦探小说 舍我其谁 促膝夜谈
jtxq	仅以身免 垂手可得 个把钟头
jtxqd	垂手可得
jtxqq	仅以身免 个把钟头
jtxt	化解 学以致用 沛雨甘霖 名鞿利鞚 傲雪欺霜
jtxta	学以致用 沛雨甘霖
jtxtd	名鞿利鞚
jtxtq	化解 傲雪欺霜
jtxx	依赖 游击战争 若崩厥角 倒挂金钩 倒挂金钟
jtxxa	游击战争
jtxxd	若崩厥角 茫然四顾 共挽鹿车
jtxxq	依赖 倒挂金钩 倒挂金钟
jxa	添麻烦
jxaa	何不 外交 兴致缺缺
jxaaa	兴致缺缺
jxaad	外交
jxaaq	何不
jxad	入竟问禁 波斯尼亚 千金买骨 何其毒也 草率将事
jxada	波斯尼亚
jxadd	千金买骨 草率将事 放虎遗患
jxadq	入竟问禁 何其毒也
jxag	你好 您好 你来 节奏 生肖属羊
jxaga	涉税业务 水原希子 梁上君子 过意不去 滚瓜烂熟
jxagd	节奏 生肖属羊 重金属盐
jxagq	你好 您好 你来 做市业务 今愁古恨
jxaj	学习表演 重度烧伤 寸铁杀人 萝卜青菜 鸿爪留泥
jxaja	学习表演 寸铁杀人 鸿爪留泥 鸿爪春泥
jxajd	重度烧伤 萝卜青菜
jxajq	逾期不候
jxam	外面 你妈 做市交易 人小鬼大 水乳交融
jxama	水乳交融
jxamd	外面
jxamq	你妈 做市交易 人小鬼大
jxap	生肖属鸡 消受不起 但愿如此 千金买笑
jxapa	消受不起
jxapd	生肖属鸡 千金买笑
jxapq	但愿如此
jxaq	浮屠 添麻烦 健康状况
jxaqa	浮屠 添麻烦
jxaqq	健康状况
jxat	你还 消耗 外表 创建 生肖运势
jxata	消耗 酒酸不售
jxatd	外表 生肖运势 药店飞龙 药到病除 萎靡不振
jxatq	你还 创建 敛色屏气
jxax	创业 佻身飞镞
jxaxq	创业 佻身飞镞
jxd	过程中 多少年
jxda	消灭 消极 你呢 酒杯 千金敝帚
jxdaa	消灭 消极 酒杯
jxdad	千金敝帚 千金弊帚 千变万状 千锤百炼 外酥里嫩
jxdaq	你呢
jxdd	何事 学习榜样 浑身哆嗦 海市蜃楼 逐鹿天下
jxdda	学习榜样 浑身哆嗦 海市蜃楼 法度森严 浪迹天下
jxddd	营私舞弊
jxddq	何事 逐鹿天下 伐罪吊民
jxdg	过程中 途中 注意查收 参透机关 千金一壸
jxdga	过程中 注意查收 参透机关 水利枢纽
jxdgd	千金一壸 鸦雀无声 多少年前 千愁万恨 千愁万绪
jxdgq	途中 贪利忘义
jxdj	著称于世 营销事件 共度一生 伐罪吊人 舍身求法
jxdja	海角天涯 浪迹天涯
jxdjd	著称于世 营销事件 共度一生 千变万化 千秋万世
jxdjq	伐罪吊人 舍身求法 化身万千
jxdm	侦查 酒吧 源于 滔天 千金一瓠
jxdma	酒吧 源于 滔天
jxdmd	千金一瓠 千秋万载 千乘万骑 多历年所
jxdmq	侦查 佛罗里达 偷香窃玉
jxdp	重金悬赏 燕雀相贺 浑身无力 方针政策 千金一笑
jxdpa	浑身无力
jxdpd	重金悬赏 燕雀相贺 方针政策 千金一笑 千钧一发
jxdpq	何至于此 倒置干戈
jxdq	你想 涸辙枯鱼 人畜无害 酒后无德 千虑一得
jxdqa	涸辙枯鱼 酒后无德
jxdqd	千虑一得
jxdqq	你想 人畜无害
jxdt	多少年 含章天挺 海角天隅 注意事项 千秋万岁
jxdta	海角天隅 注意事项 刻意求工 漆身吞炭
jxdtd	多少年 千秋万岁 花遮柳隐 千金一掷 千虑一失
jxdtq	含章天挺
jxdx	你也 倒也 倒下 做到极致 逐鹿中原
jxdxa	法灸神针 渴尘万斛 泥金万点 流连忘返 清可见底
jxdxd	牙尖嘴利 千错万错 千变万轸
jxdxq	你也 倒也 倒下 做到极致 逐鹿中原
jxg	供应商 停车场
jxga	停车场 菜市场 仁至义尽 燕尔新婚
jxgad	菜市场 燕尔新婚
jxgaq	停车场 仁至义尽
jxgd	创新 外部 外地 生离死别 能歌善舞
jxgda	能歌善舞
jxgdd	外部 外地 生离死别
jxgdq	创新
jxgg	怨恨 营利组织 修身养性 像小孩子 蕙质兰心
jxggd	怨恨 营利组织 蕙质兰心 世卫组织 苦其心志
jxggq	修身养性 像小孩子 合久必分 余音缭绕 凭虚公子
jxgj	你去 伊斯兰堡 苍翠欲滴 刻意经营 作鸟兽散
jxgja	刻意经营
jxgjd	苍翠欲滴 放歌纵酒
jxgjq	你去 伊斯兰堡 作鸟兽散 余音绕梁 仓卒主人
jxgm	供应商 放射性碳 优点就是 体积增大 敛锷韬光
jxgmd	放射性碳 多愁善感
jxgmq	供应商 优点就是 体积增大 敛锷韬光 人离乡贱
jxgp	凭轼旁观 入铁主簿 燕雀处堂
jxgpd	燕雀处堂
jxgpq	凭轼旁观 入铁主簿
jxgq	寸利必得 敬小慎微
jxgqa	寸利必得
jxgqd	敬小慎微
jxgt	何必 化整为零 带罪立功 草率收兵
jxgtd	带罪立功 草率收兵
jxgtq	何必 化整为零
jxgx	你就 何处 生意场上 凭轼结辙 暮夜怀金
jxgxd	生意场上 暮夜怀金 芝麻绿豆 千钧为轻
jxgxq	你就 何处 凭轼结辙 从轻处置 俭可养廉
jxj	染色体 荷尔蒙
jxja	你们 牙齿 河流 鸿雁传书 多愁多病
jxjaa	河流 鸿雁传书
jxjad	牙齿 多愁多病 千秋伟业 莫可名状 燕雁代飞
jxjaq	你们
jxjd	液体 染色体 优秀学员 莺歌燕舞 熊罴入梦
jxjda	液体 染色体 熊罴入梦 潦原浸天 台上台下
jxjdd	莺歌燕舞 草率从事
jxjdq	优秀学员 仨瓜俩枣 从上而下 斗转参横
jxjg	鸿鳦满纸 水银泻地 重整旗鼓 邪魔外道 人急偎亲
jxjga	鸿鳦满纸 水银泻地
jxjgd	重整旗鼓 邪魔外道 若离若即
jxjgq	人急偎亲 全身而退
jxjj	沙漠 莲花 荒岛余生 什锦蔬菜 作战英勇
jxjja	沙漠 学习方法 浪迹江湖 没轻没重 清尘浊水
jxjjd	莲花 荒岛余生 暮色苍茫
jxjjq	什锦蔬菜 作战英勇 佛罗伦萨 做小伏低
jxjm	涟漪 涉税信息 淑质英才 保质保量 水到渠成
jxjma	涟漪 涉税信息 淑质英才 水到渠成 鸠占鹊巢
jxjmd	放鹰逐犬
jxjmq	保质保量
jxjp	何人 外人 派人 余生 外婆
jxjpa	派人 河水 九省通衢 学习能力 浪迹浮踪
jxjpd	外人 外婆 重度游戏 带金佩紫 莞尔而笑
jxjpq	何人 余生 全受全归 修身洁行
jxjq	创作 荷尔蒙 深度优先 贪小便宜 澡身浴德
jxjqa	深度优先 澡身浴德
jxjqd	荷尔蒙 千秋人物
jxjqq	创作 贪小便宜
jxjt	消散 消化 生意兴隆 藏锋敛颖 深厉浅揭
jxjta	消散 消化 深厉浅揭
jxjtd	生意兴隆 藏锋敛颖
jxjx	渐渐 劳斯莱斯 薄利多销 藏锋敛锐 藏锋敛锷
jxjxa	渐渐 混应滥应 活色生香 浑身湿透 过期作废
jxjxd	劳斯莱斯 薄利多销 藏锋敛锐 藏锋敛锷 千钧重负
jxm	健康码 健身房
jxma	花点时间 学习时间 洁身自好 千秋大业 多少时间
jxmaa	学习时间 洁身自好 流离琐尾
jxmad	花点时间 千秋大业 多少时间
jxmaq	倦鸟知还
jxmd	浮现 通变达权 人身自由
jxmda	浮现 通变达权
jxmdq	人身自由
jxmg	消息 倒在 刻章琢句 刻翠裁红 学习成绩
jxmga	消息 刻章琢句 刻翠裁红 学习成绩 水可载舟
jxmgd	旋转乾坤
jxmgq	倒在 作金石声
jxmj	何时 健身房 液压元件 满座风生 满身大汗
jxmja	液压元件 满座风生 满身大汗 流离颠沛 没可奈何
jxmjd	重点大学 莫可奈何 外厉内荏
jxmjq	何时 健身房 任其自流 人急智生
jxmm	健康码 河南 九点左右 兴致勃勃 浑金璞玉
jxmma	河南 九点左右 兴致勃勃 浑金璞玉
jxmmq	健康码
jxmp	节日 深厚友谊 草靡风行 健康成长 多少有些
jxmpa	深厚友谊
jxmpd	节日 草靡风行 多少有些 燕翼贻谋
jxmpq	健康成长
jxmq	鸿轩凤翥
jxmqa	鸿轩凤翥
jxmt	倒是 你所 药店有售 浑身是胆 荆钗布裙
jxmta	浑身是胆 酒色财气 兴致索然 寸铁在手
jxmtd	药店有售 荆钗布裙
jxmtq	倒是 你所 任督二脉 任其自然
jxmx	暮虢朝虞 斗转星移 多少有点 蒙哥马利 众醉独醒
jxmxd	暮虢朝虞 多少有点 蒙哥马利 放虎自卫
jxmxq	斗转星移 众醉独醒
jxp	共和国 注意力
jxpd	潜意识 重压之下 潜意识中 潜意识里 没当回事
jxpda	潜意识 潜意识中 潜意识里 没当回事
jxpdd	重压之下 劳其筋骨 警钟长鸣 千金难求 千金之裘
jxpg	你说 何等 优秀之处 藏身之处 名利双收
jxpgd	藏身之处 名利双收 获利了结 藏身之地 千金之子
jxpgq	你说 何等 优秀之处 优劣之分
jxpj	你对 注意力 倒了 学习之余 添醋加油
jxpja	注意力 学习之余 添醋加油 漏卮难满 潜移默化
jxpjd	萨尔瓦多
jxpjq	你对 倒了 伊利诺伊 从轻发落 人急计生
jxpm	共和国 外国 外出 派出 低速行驶
jxpma	派出 泣麟悲凤 泥车瓦马
jxpmd	共和国 外国 外出
jxpmq	低速行驶 何罪之有 何错之有
jxpp	沙发 活罪难逃 过庭之训
jxppa	沙发 活罪难逃 过庭之训
jxpq	优质师资 酒色之徒 千金之家 涸辙之鲋
jxpqa	酒色之徒 涸辙之鲋
jxpqd	千金之家
jxpqq	优质师资
jxpt	河边 放虎归山 重峦叠嶂 九曲回肠 九转回肠
jxpta	河边 九曲回肠 九转回肠
jxptd	放虎归山 重峦叠嶂
jxptq	仓卒之际
jxpx	法轮常转 洛钟东应
jxpxa	法轮常转 洛钟东应
jxq	没意思
jxqa	花鸟鱼虫
jxqad	花鸟鱼虫
jxqd	创造 何况 做点实事 通上彻下
jxqda	通上彻下
jxqdq	创造 何况 做点实事
jxqg	没意思 价廉物美 鸿稀鳞绝
jxqga	没意思 鸿稀鳞绝
jxqgq	价廉物美
jxqj	外界 你家 人身安全
jxqjd	外界
jxqjq	你家 人身安全
jxqm	节目 外头 耍小聪明
jxqmd	节目 外头 耍小聪明
jxqp	途径 余额 佐雍得尝 学习资料 名至实归
jxqpa	学习资料
jxqpd	名至实归 重厚寡言
jxqpq	途径 余额 佐雍得尝
jxqq	过度进食 酒醉饭饱
jxqqa	过度进食 酒醉饭饱
jxqt	酒酣耳热 葬身鱼腹
jxqta	酒酣耳热
jxqtd	葬身鱼腹
jxqx	世锦赛上 没卫饮羽 人迹罕至 人稠物穰 没金饮羽
jxqxa	没卫饮羽 没金饮羽
jxqxd	世锦赛上
jxqxq	人迹罕至 人稠物穰
jxta	学习毕业 多点执业
jxtaa	学习毕业
jxtad	多点执业
jxtd	倒霉 做到以下 兴利除弊 外科手术 蓄意报复
jxtda	兴利除弊 沸反盈天 鸿雁哀鸣
jxtdd	外科手术 蓄意报复
jxtdq	倒霉 做到以下
jxtg	消失 敛后疏前 派上用场 生瓜蛋子 水磨工夫
jxtga	消失 派上用场 水磨工夫 清夜扪心
jxtgd	生瓜蛋子
jxtgq	敛后疏前
jxtj	消除 俏脸 何以 含章挺生 波罗的海
jxtja	消除 波罗的海 鸿爪雪泥 水软山温
jxtjq	俏脸 何以 含章挺生
jxtm	你的 消费 夕阳 重度抑郁 水原三星
jxtma	消费 水原三星 注意的是 流离失所 水色山光
jxtmd	夕阳 重度抑郁
jxtmq	你的 你争我夺 贪小失大
jxtp	酒后失言 伤透脑筋
jxtpa	酒后失言
jxtpq	伤透脑筋
jxtq	你看 重金打造 苦身焦思 劳身焦思
jxtqd	重金打造 苦身焦思 劳身焦思
jxtqq	你看
jxtt	你我 健身指导 千金用兵 流金岁月 海底捞月
jxtta	流金岁月 海底捞月
jxttd	千金用兵
jxttq	你我 健身指导 人身攻击 伏虎降龙
jxtx	注意的点 侔色揣称 千锤打锣 水利工程 水底捞针
jxtxa	注意的点 水利工程 水底捞针 海底捞针 清音幽韵
jxtxd	千锤打锣 草庐三顾 茅庐三顾
jxtxq	侔色揣称
jxx	注意到 多少钱
jxxa	从小离娘 千金小姐 旗靡辙乱
jxxad	千金小姐 旗靡辙乱
jxxaq	从小离娘
jxxd	多少钱 从上至下 伯歌季舞 沸反连天 浑身上下
jxxda	沸反连天 浑身上下
jxxdd	多少钱 千金市骨
jxxdq	从上至下 伯歌季舞 从上到下
jxxg	俄罗斯 保质期
jxxgq	俄罗斯 保质期
jxxj	满意度 莫斯科 重点整治 花香四溢 俄罗斯族
jxxja	满意度 九原可作
jxxjd	莫斯科 重点整治 花香四溢
jxxjq	俄罗斯族
jxxm	从小到大 蓬赖麻直 重色轻友 流金铄石
jxxma	流金铄石
jxxmd	蓬赖麻直 重色轻友
jxxmq	从小到大
jxxp	注意到 重庆市 浑身解数 花香鸟语 过甚其词
jxxpa	注意到 浑身解数 过甚其词
jxxpd	重庆市 花香鸟语
jxxq	健身私教 鸿章钜字 深受其害 流离转徙
jxxqa	鸿章钜字 深受其害 流离转徙
jxxqq	健身私教
jxxt	创意市集 毋庸置疑 重厚少文
jxxta	毋庸置疑
jxxtd	重厚少文
jxxtq	创意市集
jxxx	酒店 仓库 供应链 泽连斯基 泛应曲当
jxxxa	酒店 泽连斯基 泛应曲当 没金铩羽
jxxxq	仓库 供应链 余音袅袅
maa	灰姑娘
maaa	爽不 成交 成效 旷古未闻 驷不及舌
maaaa	成交 成效 驷不及舌
maaad	旷古未闻
maaaq	爽不
maad	灰飞烟灭 二门不迈 马屁不穿 风闻奏事
maada	灰飞烟灭 马屁不穿
maadd	风闻奏事
maadq	二门不迈
maag	刚好 灰姑娘 破壁飞去 弄鬼妆幺 大不如前
maaga	灰姑娘 弄鬼妆幺
maagd	自寻烦恼
maagq	刚好 破壁飞去 大不如前 破烂不堪
maaj	巴氏杀菌 贩交买名 硝烟弥漫 狗屁不通 狗彘不若
maaja	朝不及夕
maajd	贩交买名
maajq	巴氏杀菌 硝烟弥漫 狗屁不通 狗彘不若 丹青不渝
maam	专门 专业背景 自强不息 时间不早 狂奴故态
maamd	自强不息 时间不早 旷古未有
maamq	专门 专业背景 狂奴故态
maap	时间静止 时间不对 自动寻路 博闻强记 博闻强识
maapa	博闻强记 博闻强识
maapd	时间静止 时间不对 自动寻路
maaq	自动闭塞 南来北往
maaqa	南来北往
maaqd	自动闭塞
maat	猝不及防 感动不已 丹青妙手
maata	感动不已
maatq	猝不及防 丹青妙手
maax	专业 时来运转 星火燎原 确凿不移
maaxd	时来运转 星火燎原
maaxq	专业 确凿不移
mad	大门口
mada	房顶开门 理不忘乱 马迟枚疾 时不再来
madaa	理不忘乱 马迟枚疾
madad	时不再来
madaq	房顶开门
madd	电视 成本 风吹 自动校正 明媒正礼
madda	成本 有如神助
maddd	电视 风吹 自动校正 明媒正礼 是不一样
maddq	两不相欠 两不相干 光焰万丈
madg	电梯 风中 同病相怜 蠹居棋处 狠不下心
madga	蠹居棋处 琅嬛福地 南面百城
madgd	电梯 风中 巢居穴处 风不鸣条
madgq	同病相怜 狠不下心 大病一场
madj	成形 大门口 自杀事件 同业相仇 旷古一人
madja	成形
madjd	自杀事件 旷古一人
madjq	大门口 同业相仇 肉毒杆菌
madm	成员 网吧
madma	成员
madmq	网吧
madp	显示 区别 风格 专业复试 专业术语
madpa	区别
madpd	显示 风格 曝书见竹 暗弱无断
madpq	专业复试 专业术语 大动干戈
madq	明媒正娶 明婚正娶
madqd	明媒正娶 明婚正娶
madt	成年 真不咋的 碎尸万段 确凿无疑
madta	成年 真不咋的
madtq	碎尸万段 确凿无疑
madx	时间一到 风云突变 南丁格尔 明婚正配
madxa	南丁格尔
madxd	时间一到 风云突变 明婚正配
mag	有效性 专业性
maga	成绩 风声 影业公司
magaa	成绩
magad	风声 影业公司
magd	风烛残年 骇状殊形 太不懂事
magda	骇状殊形
magdd	风烛残年
magdq	太不懂事
magg	成熟 电子 专业八级 专业主义 大动公惯
magga	成熟
maggd	电子
maggq	专业八级 专业主义 大动公惯 大卸八块 大展经纶
magj	独立 成立 有效性 专业性 遏云绕梁
magja	成立 有效性 裁云剪水 十面埋伏 有屁快放
magjd	遏云绕梁 财运亨通 息交绝游 旷古绝伦
magjq	独立 专业性 夸强道会 同业公会 貌不惊人
magm	有奖竞猜 真不愧是 大不列颠 狗尾续貂
magma	有奖竞猜 真不愧是
magmq	大不列颠 狗尾续貂
magp	成为 网络 区域 成分 区分
magpa	成为 区域 成分 区分 郁闷死了
magpd	自寻死路
magpq	网络
magt	最顶级的 在北京的 成群结队 狗娘养的 大展拳脚
magta	在北京的 成群结队
magtd	最顶级的 知疼着热
magtq	狗娘养的 大展拳脚 大张声势
magx	环境 成就 网站 专心 独处
magxa	环境 成就 直隶总督 韩寿分香 卖履分香
magxd	旱魃为虐
magxq	网站 专心 独处
maj	专业化 现如今
maja	现如今 马壮人强 狂蜂浪蝶 狗屁倒灶 十病九痛
majaa	现如今 马壮人强 十病九痛
majaq	狂蜂浪蝶 狗屁倒灶
majd	融合 环保 医疗仪器 直属学校 弄不清楚
majda	融合 环保 医疗仪器 直属学校 弄不清楚
majdd	曳尾涂中
majg	专注 颠来倒去 专业领域 大张旗鼓 朝闻夕死
majga	颠来倒去 朝闻夕死
majgq	专注 专业领域 大张旗鼓
majj	时间倒流 戴眉含齿 博古通今 硝烟滚滚 朝不保夕
majja	戴眉含齿 博古通今 朝不保夕 匹妇沟渠 珠还合浦
majjd	时间倒流
majjq	硝烟滚滚 破门而入
majm	欧洲 猜测 成全 破卵倾巢 专业人才
majma	欧洲 成全
majmd	明尼苏达 智尽能索 知尽能索
majmq	猜测 破卵倾巢 专业人才 狂嫖滥赌
majp	风水 成人 自来水 启动仪式 朝奏暮召
majpa	成人 朝奏暮召 朝奏夕召 马不停蹄 博闻多识
majpd	风水 自来水
majpq	启动仪式 太痛苦了 太不像话 夺门而出 破门而出
majq	显著 专业优先 时间优先 时间过得 马如游鱼
majqa	马如游鱼 臧否人物
majqd	显著 时间优先 时间过得 息怒停瞋 风云人物
majqq	专业优先
majt	融入 融化 专业化 自动化 自动消失
majta	融入 融化 朝云暮雨 马如游龙 朝闻夕改
majtd	自动化 自动消失 时间流逝
majtq	专业化 大好河山 破烂流丢
majx	环节 貂蝉满座 韩寿偷香 琐尾流离
majxa	环节 韩寿偷香 琐尾流离
majxq	貂蝉满座
mam	是不是 爽不爽
mama	刚刚 爽不爽 巴巴 区区 自娱自乐
mamaa	区区 成书时间 有张有弛 左问右问
mamad	自娱自乐 早婚早育 旷古奇闻
mamaq	刚刚 爽不爽 巴巴 两面二舌
mamd	显现 自弹自唱 知书达礼 自寻短见 时间成本
mamda	弄鬼弄神 玩火自焚
mamdd	显现 自弹自唱 知书达礼 自寻短见 时间成本
mamdq	大奸大恶 元凶巨恶 狐媚猿攀
mamg	电影 风景 独自 风光 在不在
mamga	在不在 有始有终 左支右绌 班门弄斧 弄来弄去
mamgd	电影 风景 风光 知不知道 时不时地
mamgq	独自 专业硕士 猜来猜去 狗尾貂续 奇不奇怪
mamj	风暴 时不时 医疗影像 早春时节 是不是傻
mamja	医疗影像 成效显著 琼浆玉液
mamjd	风暴 时不时 早春时节 是不是傻
mamjq	邈如旷世 光艳照人
mamm	矧码 是敌是友 知书达理 大杀风景 雕阑玉砌
mammd	矧码 是敌是友 知书达理 明效大验
mammq	大杀风景 雕阑玉砌 狐不二雄 周六周日 石火电光
mamp	网友 自古有之 时间截止 专业医师 博闻辩言
mampa	博闻辩言
mampd	自古有之 时间截止 自问自答 自不量力
mampq	网友 专业医师 狐群狗党 狼烟大话
mamq	有来有往 独来独往 自业自得 贼眉贼眼 贝阙珠宫
mamqa	有来有往
mamqd	自业自得 贼眉贼眼 贝阙珠宫 明来暗往
mamqq	独来独往
mamt	是不是 刚才 有问题 大问题 弄不明白
mamta	有问题 弄不明白
mamtd	是不是 明不明白
mamtq	刚才 大问题 破罐破摔
mamx	琉璃 时间最久 大将风度
mamxa	琉璃
mamxd	时间最久
mamxq	大将风度
map	太好了 大不了
mapa	电话 成长 二姓之好
mapaa	成长
mapad	电话
mapaq	二姓之好
mapd	驳回 时间简史 在建筑中 理屈词穷 贼不走空
mapda	驳回 在建筑中 理屈词穷
mapdd	时间简史 贼不走空 风烛之年
mapdq	太不讲究
mapg	所及之处 珍贵回忆 风云之志
mapga	珍贵回忆
mapgd	风云之志
mapgq	所及之处
mapj	成了 爽了 太好了 大不了 医疗诊治
mapja	成了 医疗诊治 雄飞雌伏 朝不谋夕
mapjd	电动力学 时间紧促 是古非今
mapjq	爽了 太好了 大不了 破奸发伏
mapm	自动行驶 破璧毁珪 是敌非友
mapmd	自动行驶 是敌非友
mapmq	破璧毁珪
mapp	时间长了 时间精力 时间越长 时间之长 自动调频
mappd	时间长了 时间精力 时间越长 时间之长 自动调频
mapq	专业师资 昭君出塞 贼眉鼠眼 独辟蹊径 二不跨五
mapqd	昭君出塞 贼眉鼠眼
mapqq	专业师资 独辟蹊径 二不跨五
mapt	巴掌 十六七岁 时间紧迫
mapta	十六七岁
maptd	时间紧迫
maptq	巴掌
maq	马克思 大将军
maqa	大书特书
maqaq	大书特书
maqd	成果 融资
maqda	成果 融资
maqg	马克思 独特 专业实务
maqga	马克思
maqgq	独特 专业实务
maqj	专家 卖家 曝背食芹
maqja	卖家
maqjd	曝背食芹
maqjq	专家
maqm	显得 成都 巴不得 真面目 真不容易
maqma	成都 真面目 真不容易
maqmd	显得 最不容易
maqmq	巴不得 彤云密布
maqp	专业咨询 大展宏图 两不耽误
maqpq	专业咨询 大展宏图 两不耽误
maqq	在张家界 十六进制 直眉瞪眼 马面牛头
maqqa	在张家界 十六进制 直眉瞪眼 马面牛头
maqt	时间煮雨
maqtd	时间煮雨
maqx	大将军 晨昏定省
maqxd	晨昏定省
maqxq	大将军
mat	医疗费 时间段
mata	自古以来 理不胜辞 大动肝火 剔蝎撩蜂
mataa	理不胜辞
matad	自古以来 剔蝎撩蜂
mataq	大动肝火
matd	时间段 电闪雷鸣 明火执械 明火持杖 明火执杖
matda	马来西亚 区闻陬见
matdd	时间段 电闪雷鸣 明火执械 明火持杖 明火执杖
matj	风险 明火执仗 牵强附合 牵引附会 显姓扬名
matjd	风险 明火执仗 显姓扬名 风云际会
matjq	牵强附合 牵引附会 专业技能 大病初愈 牵强附会
matm	显然 欧阳 医疗费 时间要短 瑕不揜瑜
matma	欧阳 医疗费 瑕不揜瑜 瑕不掩瑜 弄鬼掉猴
matmd	显然 时间要短 自北向南
matmq	同门异户 丹书白马
matp	成功 时间延长 贩毒集团 两面三刀 明如指掌
matpa	成功 马瘦毛长
matpd	时间延长 贩毒集团 明如指掌 日居月诸 日引月长
matpq	两面三刀
matq	专项 大局已定 败局已定 时不我待 弄眉挤眼
matqa	弄眉挤眼
matqd	败局已定 时不我待 日来月往 凤表龙姿
matqq	专项 大局已定
matt	风雨 专业指导 电动升降 自乱阵脚 远交近攻
matta	勾魂摄魄
mattd	风雨 电动升降 自乱阵脚 臭不要脸 鼻青脸肿
mattq	专业指导 远交近攻 奇装异服
matx	电脑 专用 在建工程 时间推移
matxa	在建工程
matxd	电脑 时间推移
matxq	专用
max	有效期 丹尼尔
maxa	直属上司 臭不可闻 雕蚶镂蛤 自动上屏 丹书铁契
maxaa	直属上司
maxad	臭不可闻 自动上屏
maxaq	雕蚶镂蛤 丹书铁契
maxd	网上 大面积 在运输中 匡乱反正 败絮其中
maxda	在运输中 匡乱反正
maxdd	败絮其中
maxdq	网上 大面积
maxg	灰尘 有效期 有效率 自始至终 自适应性
maxga	灰尘 有效期 有效率 南面称孤
maxgd	自始至终 自适应性 风云变幻
maxgq	狐媚魇道 大敌当前 太不小心 丹书铁券
maxj	牵鬼上剑 大杀四方 专门利人 朝不虑夕
maxja	朝不虑夕
maxjq	牵鬼上剑 大杀四方 专门利人
maxm	灰色 时间久远 风云变态 狼虫虎豹 日不移影
maxma	灰色
maxmd	时间久远 风云变态 日不移影 日不移晷
maxmq	狼虫虎豹
maxp	专利 巴黎 大局意识 狼烟四起 玩故习常
maxpa	玩故习常
maxpd	易如反掌
maxpq	专利 巴黎 大局意识 狼烟四起 二缶锺惑
maxq	骈门连室 最不可取
maxqa	骈门连室
maxqd	最不可取
maxt	大闸蟹 自适应的 在印度的 雕虫小技 时不可失
maxta	在印度的 马不解鞍
maxtd	自适应的 时不可失
maxtq	大闸蟹 雕虫小技
maxx	丹尼尔 奋不顾身 臭不可当
maxxd	臭不可当
maxxq	丹尼尔 奋不顾身
mda	电视剧 几年来
mdaa	智慧 大局 电视剧 狼突鸱张 马空冀北
mdaaa	马空冀北 十年动乱 威武不屈
mdaad	智慧 电视剧 自叹不如
mdaaq	大局 狼突鸱张
mdad	在事故中 狼嗥鬼叫 逖听遐视 狼号鬼哭 南橘北枳
mdada	在事故中 南橘北枳 琴棋书画 卖空买空 南枝北枝
mdadq	狼嗥鬼叫 逖听遐视 狼号鬼哭 狼嚎鬼叫
mdag	几年来 有事业心 匡救弥缝 日本鬼子 十恶不赦
mdaga	有事业心 匡救弥缝 十恶不赦 感天动地 威望素着
mdagd	几年来 日本鬼子
mdagq	猫哭耗子 狗吠不惊
mdaj	大殿 光杆司令 风吹云散 碧空如洗 囊空如洗
mdaja	碧空如洗 囊空如洗 威望素著
mdajd	风吹云散
mdajq	大殿 光杆司令 顽梗不化
mdam	大门 户枢不蠹 区别不大 日中将昃
mdama	区别不大
mdamd	日中将昃
mdamq	大门 户枢不蠹
mdap	感动 启动 大片 大怒 有吸引力
mdapa	感动 有吸引力 成事不足 成事不说
mdapd	时机不对 矢口否认 知无不言
mdapq	启动 大片 大怒 大开杀戒
mdaq	威刑肃物 两栖动物 大树将军 明刑弼教
mdaqa	威刑肃物
mdaqd	明刑弼教
mdaqq	两栖动物 大树将军
mdat	曝骨履肠 风林火山 刚正不阿
mdatd	曝骨履肠 风林火山
mdatq	刚正不阿
mdax	时机未到 南棹北辕 明枪好躲 十万火急 刨根问底
mdaxa	南棹北辕 十万火急 刨根问底 存亡未卜
mdaxd	时机未到 明枪好躲 明刑不戮
mdd	有一天 在哪里
mdda	弄口鸣舌 网开一面 破柱求奸
mddaa	弄口鸣舌
mddaq	网开一面 破柱求奸
mddd	同事 大事 忽视 显示器 有本事
mddda	忽视 有本事 十年树木 南柯一梦 十年窗下
mdddd	显示器 晴空万里 明见万里
mdddq	同事 大事 太平无事 同恶相助 同恶相求
mddg	同样 大概 同一 大叫 大一
mddga	有口无心 有嘴无心
mddgq	同样 大概 同一 大叫 大一
mddj	研究 在哪里 大型 大口 时事政治
mddja	在哪里 有求于人 有求于你
mddjd	时事政治
mddjq	研究 大型 大口 同敝相济 砥柱中流
mddm	有一天 二天 大神 大喊 大于
mddma	有一天 有助于 盛极一时 有天无日 有一无二
mddmd	照相机 电视机 日复一日 暗无天日
mddmq	二天 大神 大喊 大于 研究员
mddp	感叹 大树 二楼 几百万 矫正视力
mddpa	感叹 直邮中国
mddpd	几百万 矫正视力 自助查询 日下无双
mddpq	大树 二楼 同恶相党 独树一帜
mddq	理想 太平无象 有空再聊
mddqa	理想 有空再聊
mddqq	太平无象
mddt	二百 二年 猪一样的 理想中的 盎盂相击
mddta	理想中的
mddtd	臭味相投 知一万毕
mddtq	二百 二年 猪一样的 盎盂相击 大口喘气
mddx	理由 刨根究底
mddxa	理由 刨根究底
mdg	几年前 财政部
mdga	感情 现场 大声 同情 大爷
mdgaa	感情 现场
mdgad	日中必彗 自相残杀
mdgaq	大声 同情 大爷 奇形怪状 大开绿灯
mdgd	大地 大部 大夫 匆忙 大喜
mdgda	匆忙
mdgdd	财政部 明正典刑
mdgdq	大地 大部 大夫 大喜 大丈夫
mdgg	同志 感慨 两口子 自由主义 自助终端
mdgga	感慨 十里八乡 理想主义 存亡继绝 存亡绝续
mdggd	自由主义 自助终端 自相惊忧 赔礼道歉
mdggq	同志 两口子
mdgj	理性 大公 同一性 日中必湲 直木必伐
mdgja	理性 直木必伐 才望高雅 囊中羞涩
mdgjd	日中必湲 败柳残花
mdgjq	大公 同一性 两极分化 大事去矣 大权旁落
mdgm	知道 大约 大道 智商 日中必昃
mdgmd	知道 智商 日中必昃
mdgmq	大约 大道 周吴郑王
mdgp	太极端了 刳形去皮
mdgpq	太极端了 刳形去皮
mdgq	感悟 马中关五 财政赤字 光复旧物
mdgqa	感悟 马中关五
mdgqd	财政赤字
mdgqq	光复旧物
mdgt	大半 赋予 几年前 盛极必衰 狐裘羔袖
mdgta	盛极必衰 十天半月
mdgtd	赋予 几年前
mdgtq	大半 狐裘羔袖
mdgx	专员公署 两相情愿 自相矛盾 自由竞争 有求必应
mdgxa	有求必应
mdgxd	自相矛盾 自由竞争 日中为市 日中必移
mdgxq	专员公署 两相情愿
mdj	有机会 成年人
mdja	大会 理念 理会 有机会 同事们
mdjaa	理念 理会 有机会 咸嘴淡舌
mdjad	影响学业 鹦鹉学舌 风平浪静 风吹草动
mdjaq	大会 同事们 大型企业 大吹法螺
mdjd	大海 大方 电视台 有一件事 在亚洲杯
mdjda	有一件事 在亚洲杯 有事没事 骈枝俪叶
mdjdd	电视台 影视作品 矫枉过正 自求多福 凡桃俗李
mdjdq	大海 大方 同年而校 狼突豕窜 夸下海口
mdjg	二个 同伴 是一个 太平洋 有一个
mdjga	有一个 十一世纪
mdjgd	是一个
mdjgq	二个 同伴 太平洋 刚中带柔
mdjj	大多 感染 大众 周杰伦 自由散漫
mdjja	感染 成也萧何
mdjjd	自由散漫 自由落体 败也萧何 自由放任 自由泛滥
mdjjq	大多 大众 周杰伦 同恶共济 猪突豨勇
mdjm	最严重时 风平波息 有机合成 光天化日
mdjma	有机合成
mdjmd	最严重时 风平波息
mdjmq	光天化日
mdjp	大人 现代 二人 成年人 大汉
mdjpa	现代 成年人
mdjpd	日本人 短见薄识 风木含悲
mdjpq	大人 二人 大汉 研究生 内查外调
mdjq	感觉 大学 同学 理学 朝穿暮塞
mdjqa	感觉 理学 朝穿暮塞 十年生聚
mdjqd	显祖荣宗
mdjqq	大学 同学
mdjt	感激 智能 研究生院 最复杂的 风吹浪打
mdjta	感激 朝攀暮折 盛极而衰 感极涕零 朝更暮改
mdjtd	智能 最复杂的 风吹浪打 明末清初
mdjtq	研究生院 扇枕温被
mdjx	奈何 在政治上 十一假期 大事化小 大政方针
mdjxa	在政治上 十一假期
mdjxd	自下而上 风口浪尖
mdjxq	奈何 大事化小 大政方针 达权通变 大梦方醒
mdm	研究所 有一套
mdma	显示时间 所见所闻 弄神弄鬼 逖听远闻 逷听远闻
mdmaa	弄神弄鬼 在天有灵 弄嘴弄舌
mdmad	显示时间 逷听远闻
mdmaq	所见所闻 逖听远闻 同一时间
mdmd	大量 匆匆 理智 大大 感知
mdmda	匆匆 理智 感知 有吃有喝 琼林玉树
mdmdd	明里暗里 昊天罔极
mdmdq	大量 大大 狼嗥狗叫 猫噬鹦鹉 大模大样
mdmg	现在 自查自纠 真想知道 有福同享
mdmga	现在 真想知道 有福同享
mdmgd	自查自纠
mdmj	同时 盛夏时节 大一暑假 败事有余 大开大合
mdmja	盛夏时节 南开大学 勿忘在莒
mdmjd	败事有余 日丽风清
mdmjq	同时 大一暑假 大开大合 太平盛世
mdmm	自由自在 有机玻璃 狂妄自大 狂吠狴犴 邋里邋遢
mdmma	有机玻璃
mdmmd	自由自在 邋里邋遢 风吹日晒 日中则昃 日无暇晷
mdmmq	狂妄自大 狂吠狴犴 两天晒网 大器晚成
mdmp	二十 知晓 有一套 影响智力 自由大路
mdmpa	有一套
mdmpd	知晓 影响智力 自由大路 明查暗访 明枪暗箭
mdmpq	二十 大杖则走
mdmq	感冒 大王 大本大宗 琼楼玉宇 风吹马耳
mdmqa	感冒 琼楼玉宇
mdmqd	风吹马耳
mdmqq	大王 大本大宗 狐鸣狗盗
mdmt	现有 研究所 有根有据 自吹自擂 大权在握
mdmta	现有 有根有据 真相大白 十一二岁 欧亚大陆
mdmtd	自吹自擂 凤鸣朝阳
mdmtq	研究所 大权在握 大权独揽 猴年马月 大吹大擂
mdmx	知根知底 同一时期 几天几夜 星灭光离 达权知变
mdmxa	十一二点 囊里盛锥
mdmxd	知根知底 几天几夜 星灭光离 明枪易躲 日中则移
mdmxq	同一时期 达权知变
mdp	在一起 有一些
mdpa	在天之灵 狐鸣篝火 风中之烛 才想起来 独木难支
mdpaa	在天之灵 才想起来
mdpad	风中之烛
mdpaq	狐鸣篝火 独木难支
mdpd	知识 大师 辛迪加 有事说事 有一说一
mdpda	辛迪加 有事说事 有一说一
mdpdd	知识
mdpdq	大师 破桐之叶 狐鸣篝中 元神出窍
mdpg	大街 碍口识羞 戴天蹐地 题中之义 有口难分
mdpga	戴天蹐地 有口难分 十里长亭
mdpgd	题中之义
mdpgq	大街 碍口识羞 狗吠非主 狗吠之惊
mdpj	理论 威力 大力 智力 影响力
mdpja	理论 威力 医术精湛
mdpjd	智力 影响力 是万圣节
mdpjq	大力 狗吠之警 犬吠之警 猜枚行令
mdpm	现出 感恩 大国 自助办理 在一起时
mdpma	现出 感恩 在一起时 理正词直 玉树临风
mdpmd	自助办理
mdpmq	大国 专横跋扈
mdpp	研发 易与之辈 内助之贤 罔极之恩
mdppd	易与之辈
mdppq	研发 内助之贤 罔极之恩
mdpq	研究证实 狼吃幞头 囊中之物 肇事逃逸
mdpqa	囊中之物
mdpqq	研究证实 狼吃幞头 肇事逃逸
mdpt	在一起 大笑 有一些 知足 在一起的
mdpta	在一起 有一些 在一起的 在嘴边的
mdptd	知足
mdptq	大笑
mdpx	感谢 同行 自由之翼 大相迳庭
mdpxa	感谢
mdpxd	自由之翼
mdpxq	同行 大相迳庭
mdq	有一次 二百五
mdqa	大臣 在一瞬间 有一瞬间 狐鸣鱼书 真枪实弹
mdqaa	在一瞬间 有一瞬间 真枪实弹
mdqad	自由职业
mdqaq	大臣 狐鸣鱼书
mdqd	有一次 二次 十年寒窗
mdqda	有一次 十年寒窗
mdqdq	二次
mdqg	大眼 二字 有形资产 暗下决心
mdqga	有形资产
mdqgd	暗下决心
mdqgq	大眼 二字
mdqj	大家 息事宁人
mdqjd	息事宁人
mdqjq	大家
mdqm	二审 研究者 巴吞鲁日 所见略同 明窗净几
mdqmd	明窗净几 自相鱼肉
mdqmq	二审 研究者 巴吞鲁日 所见略同
mdqp	忽略 有想象力 真材实料 十年教训 猫哭老鼠
mdqpa	忽略 有想象力 真材实料 十年教训 成一家言
mdqpq	猫哭老鼠
mdqq	现实 影响进食 大开眼界 王祥卧冰
mdqqa	现实 王祥卧冰
mdqqd	影响进食
mdqqq	大开眼界
mdqt	二百五 最标准的 最忠实的 成年累月
mdqta	成年累月
mdqtd	最标准的 最忠实的
mdqtq	二百五
mdqx	现象 大军 在本赛季 自鸣得意 大相径庭
mdqxa	现象 在本赛季 存亡安危
mdqxd	自鸣得意 照本宣科
mdqxq	大军 大相径庭
mdt	研究院 十一月
mdta	有史以来 败下阵来 凤舞龙蟠 自叹弗如 奇形异状
mdtaa	有史以来 载一抱素
mdtad	败下阵来 凤舞龙蟠 自叹弗如 凤舞龙飞
mdtaq	奇形异状 网开三面
mdtd	研究揭示 直板手机 刨树搜根 石榴裙下 大年初一
mdtda	直板手机 刨树搜根 匣里龙吟
mdtdq	研究揭示 石榴裙下 大年初一
mdtg	大腿 有一阵子 时机已经 电视接收 同一系列
mdtga	有一阵子
mdtgd	时机已经 电视接收 遏恶扬善
mdtgq	大腿 同一系列
mdtj	知己 大队 显祖扬名 风栉雨沐 十一月份
mdtja	十一月份
mdtjd	知己 显祖扬名 风栉雨沐
mdtjq	大队 貂裘换酒
mdtm	忽然 大胆 真正的 十一岁时 研究院所
mdtma	忽然 真正的 十一岁时 有口皆碑
mdtmd	贼喊捉贼 暗中摸索 风樯阵马
mdtmq	大胆 研究院所 耀武扬威 大天白日
mdtp	威胁 右手 大山 在中山路
mdtpa	威胁 右手 在中山路
mdtpq	大山
mdtq	大气 研究院 凤骨龙姿 两叶掩目 显祖扬宗
mdtqd	凤骨龙姿 显祖扬宗 日迈月征
mdtqq	大气 研究院 两叶掩目
mdtt	大陆 大雨 风吹雨打 晴天霹雳 晴空霹雳
mdttd	风吹雨打 晴天霹雳 晴空霹雳 风骨峭峻 凤髓龙肝
mdttq	大陆 大雨
mdtx	大脑 十一月 真正用意 时机已到 影响股市
mdtxa	十一月 真正用意
mdtxd	时机已到 影响股市 矢口抵赖
mdtxq	大脑 大梦初醒
mdx	有一种 有一点
mdxa	大厅 风中秉烛 黄杨厄闰 马咽车阗 大事铺张
mdxaa	黄杨厄闰 马咽车阗
mdxad	风中秉烛
mdxaq	大厅 大事铺张
mdxd	有一种 大叔 有一点 大战 大厦
mdxda	有一种 有一点 十一点 卖李钻核 朝野上下
mdxdd	是一种 凤吟鸾吹 财政危机 凤叹虎视
mdxdq	大叔 大战 大厦 大事小事 狐鸣枭噪
mdxg	同意 大意 自由意志 自由战士 狼吞虎餐
mdxgd	自由意志 自由战士 自视甚高
mdxgq	同意 大意 狼吞虎餐
mdxj	现金 感应 盛夏季节 成百上千 顺天应人
mdxja	现金 感应 盛夏季节 成百上千 十年磨剑
mdxjd	顺天应人
mdxm	有一点是
mdxma	有一点是
mdxp	感到 影响到 有一种对 远见卓识 威逼利诱
mdxpa	感到 有一种对 威逼利诱 黄口小儿
mdxpd	影响到
mdxpq	远见卓识
mdxq	感受 影响甚微
mdxqa	感受
mdxqd	影响甚微
mdxt	理解 大材小用
mdxta	理解
mdxtq	大材小用
mdxx	大小 大哥 在本质上 有一点点 狐唱枭和
mdxxa	在本质上 有一点点 有机可乘
mdxxd	凤舞鸾歌
mdxxq	大小 大哥 狐唱枭和
mga	大公司
mgaa	雄性不育 破斧缺斨 丹心如故 自愧不如 黄卷青灯
mgaaa	雄性不育 黄卷青灯 南去北来
mgaad	自愧不如
mgaaq	破斧缺斨 丹心如故
mgad	自杀 大公司 大声疾呼 牵经引礼
mgadd	自杀
mgadq	大公司 大声疾呼 牵经引礼
mgag	太好 矮子面前 同心敌忾 贼心不死 雄心壮志
mgaga	雄心壮志 王道乐土
mgagd	矮子面前 贼心不死
mgagq	太好 同心敌忾 大逆不道
mgaj	貌美如花 王公贵族 矢志不渝 大为不满
mgaja	王公贵族
mgajd	矢志不渝
mgajq	貌美如花 大为不满
mgam	黄昏 知心好友 南航北骑 王孙贵戚 赐墙及肩
mgama	黄昏 南航北骑 王孙贵戚 博士买驴 王公贵戚
mgamd	知心好友 赐墙及肩 自立门户
mgamq	大为不同 石赤不夺
mgap	自动 南舣北驾 尤为如此 大地春回 豹死留皮
mgapa	南舣北驾
mgapd	自动 尤为如此 昂首阔步
mgapq	大地春回 豹死留皮 同舟敌国
mgaq	犹豫不决 贼子乱臣 骇心动目 才高运蹇
mgaqa	骇心动目 才高运蹇
mgaqd	贼子乱臣
mgaqq	犹豫不决
mgat	在那 最高效的 大缪不然 知情不报 有条不紊
mgata	在那 有条不紊 南拳北腿
mgatd	最高效的 知情不报 鼾声如雷
mgatq	大缪不然 破土动工
mgax	在商业上 破甑不顾 房前屋后
mgaxa	在商业上
mgaxq	破甑不顾 房前屋后
mgd	大规模 日子里
mgda	在哪 同声一辞 同美相妒
mgdaa	在哪
mgdaq	同声一辞 同美相妒
mgdd	周末 凡事 灰心槁形 有备无患 同忧相救
mgdda	灰心槁形 有备无患 戴盆望天
mgddd	凡事 昂首望天
mgddq	周末 同忧相救 大赦天下 同声相求
mgdg	太平 自主神经 臧谷亡羊 大逆无道 明公正义
mgdga	臧谷亡羊 臧穀亡羊 有缘无分 感慨万端
mgdgd	自主神经 明公正义 明心见性 明公正道
mgdgq	太平 大逆无道 狼子野心 两情相悦 夷为平地
mgdj	大规模 日子里 暗地里 猝死事件 独立事件
mgdja	有死无生 十死无生 融为一体 感慨万千 卖主求荣
mgdjd	日子里 暗地里 昂首天外
mgdjq	大规模 猝死事件 独立事件 顽父嚚母 破死忘生
mgdm	在于 二童一马 顺坡下驴 独夫民贼 日慎一日
mgdma	在于
mgdmd	顺坡下驴 日慎一日
mgdmq	二童一马 独夫民贼
mgdp	财产权 自主权 有心无力 有去无回 同心一力
mgdpa	有心无力 有去无回
mgdpd	财产权 自主权 电子邮箱
mgdpq	同心一力 同心叶力 破绽百出 巴高枝儿 犯颜极谏
mgdq	在地下室 有增无减 有关事宜 暴殄天物 同心一德
mgdqa	在地下室 有增无减 有关事宜
mgdqd	暴殄天物
mgdqq	同心一德
mgdt	影响 周年 犹豫再三 同性相斥 有关事项
mgdta	有关事项 有恃无恐 有惊无险
mgdtd	影响 明公正气
mgdtq	周年 犹豫再三 同性相斥 两瞽相扶
mgdx	自由 在下 在吉林省 是吉林省 巴高望上
mgdxa	在下 在吉林省 匹夫无罪
mgdxd	自由 是吉林省 自惭形秽 风情万种
mgdxq	巴高望上 同声相应 大公无私 同心一意
mgg	大部分 房地产
mgga	在场 贼去关门 黄卷幼妇 风卷残云 大为恼火
mggaa	在场 黄卷幼妇 骈首就逮 左道旁门 匹夫怀璧
mggad	贼去关门 风卷残云 风前残烛
mggaq	大为恼火
mggd	猛地 存款 光线 在线 财务部
mggda	存款 在线 在句子中
mggdd	财务部 旷心怡神
mggdq	猛地 光线 两部鼓吹
mggg	影子 太子 犹豫纠结 狼子兽心 砌红堆绿
mggga	马列主义 王八羔子 王孙公子 骈首就死 存心养性
mgggd	影子 电子商务 昧着良心
mgggq	太子 犹豫纠结 狼子兽心 砌红堆绿 破旧立新
mggj	自豪 独立性 乾端坤倪 骈首就僇 大部分人
mggja	乾端坤倪 骈首就僇 才高八斗
mggjd	自豪
mggjq	独立性 大部分人 刚柔并济
mggm	自主 太快 光亮 赠送 黄道吉日
mggma	黄道吉日
mggmd	自主 赠送
mggmq	太快 光亮
mggp	大部分 太经典了 马首欲东 大处着墨 同心竭力
mggpa	马首欲东
mggpq	大部分 太经典了 大处着墨 同心竭力 同心并力
mggq	在旁 大处着眼 最高境界 盛情款待 周情孔思
mggqa	在旁 盛情款待
mggqd	最高境界
mggqq	大处着眼 周情孔思
mggt	在前 有组织的 最关心的 最高级的 电子竞技
mggta	在前 有组织的 灰心丧气 骈首就系
mggtd	最关心的 最高级的 电子竞技
mggtq	同场竞技 奇经八脉 狐死首丘
mggx	自尊 房地产 自尊心 同情心 骈首就戮
mggxa	骈首就戮 黄土高原
mggxd	自尊 自尊心
mggxq	房地产 同情心 光前绝后 二线城市 内部矛盾
mgj	班主任 同志们
mgja	在世 同志们 雄性激素 破产荡业 昂首伸眉
mgjaa	在世 雄性激素 有备而来 十亲九故
mgjad	昂首伸眉 旷夫怨女 风高放火
mgjaq	同志们 破产荡业 远道而来 所为何来
mgjd	光芒 时绌举赢 内忧外患 大喜过望 所为何事
mgjda	朝经暮史
mgjdd	时绌举赢 几欲作呕
mgjdq	光芒 内忧外患 大喜过望 所为何事 猴子偷桃
mgjg	内分泌 在新世纪 十级伤残 照单全收 朝前夕惕
mgjga	在新世纪 十级伤残 朝前夕惕 黄公酒垆 在谷满谷
mgjgd	照单全收 贩夫俗子 风土人情 凡夫俗子 易地而处
mgjgq	内分泌 破釜沉舟 内心深处 大快人心
mgjj	太多 自从 自治 硕士学位 内忧外侮
mgjja	匹夫沟渎 才子佳人 博士学位 马前泼水 赍志而没
mgjjd	自从 自治 短绠汲深
mgjjq	太多 硕士学位 内忧外侮 石城汤池 同船合命
mgjm	知道他是 感慨激昂 二八法则 夸父逐日 大喜若狂
mgjma	感慨激昂
mgjmd	知道他是
mgjmq	二八法则 夸父逐日 大喜若狂 内柔外刚
mgjp	自信 赔偿 光泽 凡人 有心人
mgjpa	有心人 有情人 有句俗语 直道而行
mgjpd	自信 赔偿 凡人
mgjpq	光泽 犯颜苦谏 同心僇力 网络游戏 同心合力
mgjq	自觉 在学 是前苏联 同心合德 昌亭旅食
mgjqa	在学 雄韬伟略 十羊九牧
mgjqd	自觉 是前苏联 昌亭旅食 易子而食
mgjqq	同心合德 同盘而食
mgjt	太过 班主任 十八九岁 同心合胆 真情流露
mgjta	班主任 十八九岁 真情流露 琴心剑胆 环堵萧然
mgjtq	太过 同心合胆 同心共胆 同声共气
mgjx	在外 黄河 在经济上 勾心斗角 卖公营私
mgjxa	在外 黄河 在经济上 勾心斗角 卖公营私
mgjxd	星级酒店
mgjxq	同心合意
mgm	有道理 成就感
mgma	玫瑰 自收自支 匠心独运 贩夫贩妇 弄斧班门
mgmaa	玫瑰 匠心独运 弄斧班门 匹夫有责 匹夫匹妇
mgmad	自收自支 贩夫贩妇
mgmaq	大为光火
mgmd	太大 有道理 成就感 大道理 有线电视
mgmda	有道理 成就感 有线电视
mgmdd	顺美匡恶 鼻孔朝天
mgmdq	太大 大道理 达地知根
mgmg	存在 太太 狠狠 自在 光影
mgmga	存在 有喜有忧 博士硕士 有情有义 玩着玩着
mgmgd	自在 是喜是忧 时快时慢
mgmgq	太太 狠狠 光影 硕士博士 独立自主
mgmj	磅礴 在内 是死是活 有高有低 王公大人
mgmja	在内 有高有低 王公大人 王子犯法 南京大学
mgmjd	是死是活 短垣自逾 时高时低
mgmjq	磅礴 同心协济 网络时代 大经大法 大道同源
mgmm	黄码 狼狈 二维码 自高自大 雄心勃勃
mgmma	黄码 雄心勃勃
mgmmd	自高自大 知情达理
mgmmq	狼狈 二维码
mgmp	自给自足 同心协力 狗心狗行 刳心雕肾 亏心短行
mgmpa	乾纲独断 马去马归
mgmpd	自给自足 自即日起 早去早回
mgmpq	同心协力 狗心狗行 刳心雕肾 亏心短行 大红大紫
mgmq	光辉 匠心独具 同心协德 狼羊同饲 同心同德
mgmqa	匠心独具 马首是瞻 王公大臣
mgmqd	凡夫肉眼
mgmqq	光辉 同心协德 狼羊同饲 同心同德 大快朵颐
mgmt	光明 凡是 光是 自有 几经周折
mgmta	盛京医院 在郑州的 现场直播 驴心狗肺
mgmtd	凡是 自有 几经周折 自编自导
mgmtq	光明 光是 专款专用 狐埋狐搰 狐埋狐扬
mgmx	有声有色 影帝影后 自产自销 在郑州市 真心真意
mgmxa	有声有色 在郑州市 真心真意 在地球上 驴前马后
mgmxd	影帝影后 自产自销 顺心顺意 贩夫驺卒 自尊自爱
mgmxq	大吉大利 二心两意
mgp	真心话 破坏力
mgpa	申请 真心话 大地回春 黄垆之痛 昆弟之好
mgpaa	真心话 黄垆之痛 有夫之妇
mgpad	申请 昆弟之好 财殚力痡 财竭力尽 财殚力尽
mgpaq	大地回春
mgpd	婴幼儿 十分之一 二分之一 昧地谩天
mgpda	十分之一
mgpdd	婴幼儿 昧地谩天
mgpdq	二分之一
mgpg	周围 在说 在商言商 最高等级 貊乡鼠壤
mgpga	在说 在商言商 有志之士 盛情难却 戴高帽子
mgpgd	最高等级 财殚力竭 自坏长城 矮子观场
mgpgq	周围 貊乡鼠壤
mgpj	破坏力 猪八戒 匹夫之勇 猜拳行令 才高行洁
mgpja	匹夫之勇 才高行洁
mgpjq	破坏力 猪八戒 猜拳行令
mgpm	才高识远 猛志常在 专欲难成
mgpma	才高识远
mgpmq	猛志常在 专欲难成
mgpp	匹夫之谅 败鼓之皮 才高七步 太差劲了 感性认识
mgppa	匹夫之谅 才高七步 感性认识 理性认识 在劫难逃
mgppd	败鼓之皮 知情识趣
mgppq	太差劲了 狂瞽之言
mgpq	自语 包羞忍耻
mgpqa	包羞忍耻
mgpqd	自语
mgpt	在此 貊乡鼠攘 弄性尚气 感旧之哀 成绩斐然
mgpta	在此 弄性尚气 感旧之哀 成绩斐然
mgptq	貊乡鼠攘
mgpx	自行 贩夫走卒 巴前算后 才高行厚 真心诚意
mgpxa	才高行厚 真心诚意 直线距离
mgpxd	自行 贩夫走卒
mgpxq	巴前算后 同心断金
mgqa	自律
mgqad	自律
mgqd	最终目标 黄埔军校 风声鹤唳 昧地瞒天
mgqda	黄埔军校
mgqdd	最终目标 风声鹤唳 昧地瞒天
mgqg	知道实情
mgqgd	知道实情
mgqj	在家 自家 网络实名 南郭先生 成吉思汗
mgqja	在家 南郭先生 成吉思汗
mgqjd	自家
mgqjq	网络实名 狐死兔泣
mgqm	同舟遇风 真情实感
mgqma	真情实感
mgqmq	同舟遇风
mgqp	最新资讯 硬着头皮 有句老话 破颜微笑 直情径行
mgqpa	有句老话 直情径行
mgqpd	最新资讯
mgqpq	硬着头皮 破颜微笑
mgqq	自主进食 星级宾馆 独立思考 二八定律
mgqqd	自主进食 星级宾馆
mgqqq	独立思考 二八定律
mgqt	真情告白 最终目的 大义凛然
mgqta	真情告白
mgqtd	最终目的
mgqtq	大义凛然
mgqx	景象 真情实意 真心实意
mgqxa	真情实意 真心实意
mgqxd	景象
mgt	有必要 有关系
mgta	有必要 王八蛋 最主要 贩夫皁隶 自愧弗如
mgtaa	有必要 王八蛋 布鼓雷门
mgtad	最主要 贩夫皁隶 自愧弗如 日就月将 昧死以闻
mgtd	大地震中 真性近视 感情用事 牵线搭桥 才兼文武
mgtda	真性近视 感情用事 才兼文武
mgtdd	日高三丈 风前月下
mgtdq	大地震中 牵线搭桥
mgtg	在乎 碰撞 有关系 黄绵袄子 有产阶级
mgtga	在乎 有关系 黄绵袄子 有产阶级 载舟覆舟
mgtgq	碰撞
mgtj	自己 黄泉 牵羊担酒 日新月著 同父异母
mgtja	黄泉 才高气清
mgtjd	自己 日新月著 日增月益 风情月债 显亲扬名
mgtjq	牵羊担酒 同父异母
mgtm	自然 太阳 猛然 最主要是 十八岁时
mgtma	十八岁时
mgtmd	自然 最主要是 日增月盛 日新月盛
mgtmq	太阳 猛然 夸父追日
mgtp	玉手 同心毕力 风必摧之 感慨系之 黄童白叟
mgtpa	玉手 感慨系之 黄童白叟
mgtpd	风必摧之 矮子看戏
mgtpq	同心毕力
mgtq	风餐露宿 日堙月塞 风情月思 狮子搏兔
mgtqd	风餐露宿 日堙月塞 风情月思
mgtqq	狮子搏兔
mgtt	在这 在我 自我 光阴 自卑
mgtta	在这 在我 有差异的 十冬腊月 骥子龙文
mgttd	自我 自卑 最主要的 日新月异 昂首挺胸
mgttq	光阴 硕士阶段
mgtx	申报 大惊失色 二心三意 驱羊攻虎 光怪陆离
mgtxa	驱羊攻虎
mgtxd	申报 风情月意
mgtxq	大惊失色 二心三意 光怪陆离 大块文章 光前裕后
mgx	几分钟 大城市
mgxa	同性恋 硕士期间 裁心镂舌 献替可否
mgxaa	裁心镂舌 献替可否
mgxaq	同性恋 硕士期间
mgxd	赚钱 在上 几分钟 黄豆 光彩
mgxda	在上 黄豆 十分钟 在竞争中
mgxdd	赚钱 几分钟 自缢身亡
mgxdq	光彩 太后 狼餐虎咽 狼餐虎噬 邈处欿视
mgxg	在意 琼斯 太久 周期 大经销商
mgxga	在意 琼斯
mgxgd	暗绿稀红
mgxgq	太久 周期 大经销商 专心致志 大惊小怪
mgxj	态度 黄金 自私 成为可能 暗送秋波
mgxja	黄金 成为可能
mgxjd	自私 暗送秋波
mgxjq	态度
mgxm	黄色 景色 巴士底狱 真主至大
mgxma	黄色 真主至大
mgxmd	景色
mgxmq	巴士底狱
mgxp	自身 碰到 周身 大城市 南京市
mgxpa	南京市 匹夫小谅
mgxpd	自身
mgxpq	碰到 周身 大城市 同心戮力
mgxq	太公钓鱼 矫情镇物
mgxqd	矫情镇物
mgxqq	太公钓鱼
mgxt	自愿 几经转手 最关键的 盛必虑衰 直线上升
mgxta	盛必虑衰 直线上升
mgxtd	自愿 几经转手 最关键的
mgxx	在地铁上 几经辗转 在高原上 才高意广 独善其身
mgxxa	在地铁上 在高原上 才高意广 有情可原 裁红点翠
mgxxd	几经辗转
mgxxq	独善其身 周郎顾曲 狼前虎后 雕心雁爪
mja	内蒙古 明信片
mjaa	时效 大众书局 狐假鸱张 风举云飞 卖淫嫖娼
mjaaa	卖淫嫖娼 感激不尽 王母娘娘 卖俏迎奸
mjaad	时效 风举云飞
mjaaq	大众书局 狐假鸱张 户外运动 大渐弥留
mjad	骇人闻听 骇人闻见 暗藏杀机 有何贵干 王侯将相
mjada	骇人闻听 骇人闻见 有何贵干 王侯将相 碧海青天
mjadd	暗藏杀机
mjadq	犯而不校 同垂不朽
mjag	内蒙古 早生贵子 有节奏地 同仇敌慨 砥节奉公
mjaga	有节奏地
mjagd	早生贵子 冒名顶替 知命不忧 晚节不终
mjagq	内蒙古 同仇敌慨 砥节奉公 同仇敌忾 狗拿耗子
mjaj	电信运营 风流云散 狗苟蝇营 戴清履浊 晚节不保
mjaja	戴清履浊 有法不依 玩世不恭 驹齿未落
mjajd	电信运营 风流云散 晚节不保 星落云散
mjajq	狗苟蝇营
mjam	时间 房间 珍贵 房门 在深交所
mjama	珍贵 在深交所 卖剑买琴
mjamd	时间 川流不息 几个问题 自命不凡
mjamq	房间 房门 石油交易 磊落不凡 貌似强大
mjap	明信片 布莱克 太激动了 南水北调 几个来回
mjapa	布莱克 南水北调 博而不精 存而不论 直而不肆
mjapd	明信片 几个来回 照做不误 贱敛贵出
mjapq	太激动了 内外交困
mjaq	卖剑买犊 才过屈宋 载酒问字 时乖运蹇 卖剑买牛
mjaqa	卖剑买犊 才过屈宋 载酒问字 卖剑买牛
mjaqd	时乖运蹇
mjat	风举云摇 真他妈的 惠而不费 周而不比 韩信将兵
mjata	真他妈的 惠而不费 韩信将兵
mjatd	风举云摇 自信不疑
mjatq	周而不比
mjax	房屋 大企业 远洋运输 磊浪不羁 南沙群岛
mjaxa	南沙群岛 感觉不错 感觉不到
mjaxq	房屋 大企业 远洋运输 磊浪不羁 犬牙交错
mjd	十多年 光刻机
mjda	星辰 包治百病 周而复始 骇人听闻 融洽无间
mjdaa	包治百病 骇人听闻 融洽无间
mjdad	星辰
mjdaq	周而复始
mjdd	奢侈品 碍你事吗 雕梁画栋 骇人视听 黄梁一梦
mjdda	骇人视听 黄梁一梦 黄粱一梦
mjddd	旦夕祸福
mjddq	奢侈品 碍你事吗 雕梁画栋 巴人下里 光芒万丈
mjdg	两只 明修栈道 载入史册 包藏祸心 朝夕相处
mjdga	载入史册 包藏祸心 朝夕相处
mjdgd	明修栈道 风清弊绝
mjdgq	两只 大莫与京 网漏吞舟 肉薄骨并
mjdj	房里 自治县 耀华中学 在水一方 日益严重
mjdja	在水一方 才华横溢 勿施于人 驰名中外 朝夕相伴
mjdjd	自治县 日益严重 风华正茂 风信年华
mjdjq	房里 耀华中学 貌若天仙
mjdm	几天 两天 时机 光刻机 在洛杉矶
mjdma	在洛杉矶 在水中央
mjdmd	几天 时机 旷世无匹 昙花一现 暗淡无光
mjdmq	两天 光刻机
mjdp	大学校园 日益突出 明令禁止 有勇无谋
mjdpa	有勇无谋
mjdpd	日益突出 明令禁止
mjdpq	大学校园
mjdq	协作机制 有名无实 贻人口实 犬牙相制
mjdqa	协作机制 有名无实
mjdqd	贻人口实
mjdqq	犬牙相制
mjdt	几年 两年 星空 几百 时空
mjdta	十多年 在水中的 玉体横陈 弄法舞文 蠹众木折
mjdtd	几年 星空 几百 时空 几千年
mjdtq	两年 确信无疑 两个礼拜 太仓一粟 大方无隅
mjdx	几下 两下 在艺术上 自治权利 貌合形离
mjdxa	在艺术上 勺水一脔
mjdxd	几下 自治权利 自荐枕席
mjdxq	两下 貌合形离 貌合神离 大体相当 大而无当
mjg	有信心 自信心
mjga	两声 几声 自作主张 石油公司 独生子女
mjgaa	感觉良好 班荆道故
mjgad	几声 自作主张 题名道姓
mjgaq	两声 石油公司 独生子女
mjgd	内部 两条 磊落豪横 凤仪兽舞 黄梁美梦
mjgda	黄梁美梦 黄粱美梦
mjgdd	凤仪兽舞
mjgdq	内部 两条 磊落豪横 大兴土木
mjgg	房子 内卷 猴子 自治组织 时代终结
mjgga	直觉主义
mjggd	自治组织 时代终结
mjggq	房子 内卷 猴子
mjgj	珍惜 几句 两句 感今惟昔 风华绝代
mjgja	珍惜 感今惟昔 才华盖世 骇浪惊涛 才学兼优
mjgjd	几句 风华绝代 时过境迁 知人善任 风流快活
mjgjq	两句 内外兼修 翩若惊鸿 两世为人 大含细入
mjgm	两道 石油产量 磊落飒爽 日暮道远
mjgmd	日暮道远
mjgmq	两道 石油产量 磊落飒爽
mjgp	几分 时分 石油部长 太过分了 日益增长
mjgpa	博通经籍
mjgpd	几分 时分 日益增长 量入为出
mjgpq	石油部长 太过分了 破涕为笑
mjgq	自觉遵守
mjgqd	自觉遵守
mjgt	矫若惊龙 内外夹攻 知过必改 感人心脾
mjgta	感人心脾
mjgtd	矫若惊龙 知过必改
mjgtq	内外夹攻
mjgx	内心 房产 有信心 自信心 理化性质
mjgxa	有信心 理化性质 骁勇善战
mjgxd	自信心 贼人心虚 暗通款曲
mjgxq	内心 房产 貌合情离 貌合心离
mjj	现代化 同学们
mjja	同学们 内涵 暗流涌动 几个方面 博学多闻
mjjaa	博学多闻 博洽多闻
mjjad	暗流涌动 几个方面
mjjaq	同学们 内涵 两个方面
mjjd	两名 在合作中 大学生也 石油价格 朝梁暮晋
mjjda	在合作中 朝梁暮晋 囊漏储中
mjjdd	顺流而下 日暮途穷 日落千丈
mjjdq	两名 大学生也 石油价格
mjjg	时候 两个 几个 两位 几位
mjjga	十九世纪 朝生暮死 朝生夕死 十生九死
mjjgd	时候 几个 几位 贝多芬 几个世纪
mjjgq	两个 两位 石油生产 远洋渔船 同生共死
mjjj	最低价 自觉觉他 财源滚滚 远渡重洋 韩海苏潮
mjjja	韩海苏潮 黄河水清 融会通浃 融液贯通 融会贯通
mjjjd	最低价 自觉觉他 财源滚滚 时代潮流 风流潇洒
mjjjq	远渡重洋 同源共流 牵合傅会 邈若河汉 大浪淘沙
mjjm	两侧 大学舍友 石油储量 同休共戚 朝梁暮周
mjjma	朝梁暮周 博学多才 匡俗济时 真伪莫辨
mjjmd	日莫途远 日落而息 日入而息 日暮途远
mjjmq	两侧 大学舍友 石油储量 同休共戚
mjjp	两人 时代 时刻 几人 大学生
mjjpa	有个人 威重令行 珍而重之
mjjpd	时代 时刻 几人 风生水起 早生华发
mjjpq	两人 大学生 硬生生 同龄人 大而化之
mjjq	几千 周游世界 畅游世界 大千世界 貌若潘安
mjjqd	几千 畅游世界 风流人物 时乖命蹇
mjjqq	周游世界 大千世界 貌若潘安 遍体生寒 二人世界
mjjt	现代化 智能化 有多余的 有价值的 在洗澡的
mjjta	现代化 有多余的 有价值的 在洗澡的 朝令夕改
mjjtd	智能化
mjjtq	狗仗人势 邈若河山 内修外攘 牵萝莫补 砺带河山
mjjx	内外 远洋作战 朝华夕秀 颠沛流离 十拿九稳
mjjxa	朝华夕秀 颠沛流离 十拿九稳
mjjxq	内外 远洋作战 夸多斗靡 两个多钟
mjm	有没有 大多是
mjma	时区 有荤有素 有益元素 风激电飞 有名有姓
mjmaa	有荤有素 有益元素 有名有姓 玉液琼浆 囊萤照书
mjmad	时区 风激电飞 是人是鬼
mjmaq	破茧成蝶 大江南北 夺人所好
mjmd	两大 星球 有没有刺 最佳时机 影像显示
mjmda	有没有刺 在华盛顿 有滋有味 囊漏贮中 勿怠勿忘
mjmdd	星球 最佳时机 影像显示 自生自灭 显而易见
mjmdq	两大 犯而勿校
mjmg	时光 内存 星光 十全十美 大澈大悟
mjmga	十全十美 颠倒乾坤 珍禽奇兽
mjmgd	时光 星光 风流才子
mjmgq	内存 大澈大悟 所作所为 内外勾结 大仁大义
mjmj	星星 自怨自艾 石油石化 左邻右舍 石英晶体
mjmja	左邻右舍 医学影像 卖乖弄俏 玩没玩过 载沉载浮
mjmjd	星星 自怨自艾 臭名昭著 知法犯法 赃污狼藉
mjmjq	石油石化 石英晶体 同济大学 石油大学 石沉大海
mjmm	自治州 独领风骚 风激电骇 自学成才 旷世奇才
mjmma	骄傲自大 弄假成真 珠沉玉碎
mjmmd	自治州 风激电骇 自学成才 旷世奇才 赠人玫瑰
mjmmq	独领风骚 磊落光明
mjmp	几十 几日 有消息说 是涨是跌 有涨有跌
mjmpa	有消息说 有涨有跌 颠倒是非 直人直语 有勇有谋
mjmpd	几十 几日 是涨是跌 暴涨暴跌 赃污狼籍
mjmpq	破涕成笑
mjmq	石油巨头 有舍有得 风旋电掣
mjmqa	有舍有得
mjmqd	风旋电掣
mjmqq	石油巨头
mjmt	有没有 时有 大多是 易学易用 医生医院
mjmta	有没有 医生医院 碧落黄泉 现世现报 有凭有据
mjmtd	时有 易学易用 是苏州的 臭名远扬 量体裁衣
mjmtq	大多是 大学医院 同济医院
mjmx	有没有错 自觉自愿 有多有少 自作自受 有没有车
mjmxa	有没有错 有多有少 有没有车 王婆卖瓜 才贯二酉
mjmxd	自觉自愿 自作自受 暗斗明争 晶莹剔透 几个星期
mjmxq	两个星期 飙举电至 独清独醒 狼多肉少 夺人所爱
mjp	大多数 感染力
mjpa	大多数 匣剑帷灯 旦夕之间 大名难居 卖俏行奸
mjpaa	匣剑帷灯 卖俏行奸
mjpad	旦夕之间 昂藏七尺 明若观火
mjpaq	大多数 大名难居
mjpd	两鬓 验证 大伙儿 在游戏中 盛名之下
mjpda	验证 在游戏中 盛名之下 在游戏里 有生之年
mjpdd	日薄桑榆 知命之年 矫邪归正
mjpdq	两鬓 大伙儿 犹生之年 磕牙料嘴 狗偷鼠窃
mjpg	有人说 博茨瓦纳 晦涩难懂 成人之美 大江东去
mjpga	有人说 博茨瓦纳 成人之美 黄旗紫盖
mjpgd	晦涩难懂 矮人观场
mjpgq	大江东去 大放悲声 狷介之士
mjpj	暴力 感染力 敷衍 石油设施 旷若发蒙
mjpja	感染力 敷衍 才蔽识浅 才华出众 才华超众
mjpjd	暴力 旷若发蒙 智勇双全 几个回合 知人论世
mjpjq	石油设施 大多数人 狐凭鼠伏
mjpm	在雅加达 同休等戚 日暮路远 王佐之才 知人之明
mjpma	在雅加达 王佐之才 真假难辨 真伪难辨
mjpmd	日暮路远 知人之明
mjpmq	同休等戚 二重简码
mjpp	几步 时常 时尚 两步 玩游戏
mjppa	玩游戏
mjppd	几步 时常 时尚 影像诊断
mjppq	两步 大雅之堂 大而言之
mjpq	感兴趣 马萨诸塞 风流跌宕 大方之家 日渐式微
mjpqa	感兴趣 马萨诸塞 才多识寡 骚人墨客
mjpqd	风流跌宕 日渐式微
mjpqq	大方之家
mjpt	两边 影像数据 同浴讥裸 颠倒黑白
mjpta	颠倒黑白
mjptd	影像数据
mjptq	两边 同浴讥裸
mjpx	在芝加哥 貌合行离 黄台之瓜 旦夕之危
mjpxa	在芝加哥 黄台之瓜
mjpxd	旦夕之危
mjpxq	貌合行离
mjq	大人物 巴菲特
mjqa	珠江实业 独学寡闻
mjqaa	珠江实业
mjqaq	独学寡闻
mjqd	几次 两次 内饰 十件实事 奋斗目标
mjqda	十件实事
mjqdd	几次 映入眼帘 知荣守辱
mjqdq	两次 内饰 奋斗目标 启蒙思想
mjqg	内容 两眼 巴菲特 早做准备 理清头绪
mjqga	理清头绪 成仁取义 马齿徒增
mjqgd	早做准备
mjqgq	内容 两眼 巴菲特
mjqj	两家 真菌寄生 石油资源 马浡牛溲 玉洁冰清
mjqja	真菌寄生 马浡牛溲 玉洁冰清 感今思昔
mjqjd	明法审令
mjqjq	两家 石油资源 遍体鳞伤 大人先生
mjqm	两者 弄得 大人物 大学室友 医学实验
mjqma	弄得 医学实验 包举宇内
mjqmd	自作聪明 旷世逸才
mjqmq	两者 大人物 大学室友
mjqp	最佳实践 太便宜了 马齿徒长
mjqpa	马齿徒长
mjqpd	最佳实践
mjqpq	太便宜了
mjqq	大名鼎鼎 在人耳目 耀人眼目
mjqqa	在人耳目
mjqqq	大名鼎鼎 耀人眼目
mjqt	大兴安岭 大洋彼岸 量价齐升 旱苗得雨 真凭实据
mjqta	真凭实据 博而寡要
mjqtd	量价齐升 旱苗得雨 最佳选择
mjqtq	大兴安岭 大洋彼岸
mjqx	在世界上 自治制度 是世界上
mjqxa	在世界上
mjqxd	自治制度 是世界上
mjt	有什么 是什么
mjta	最重要 有生以来 大学毕业 牵萝补屋
mjtaa	有生以来
mjtad	最重要
mjtaq	大学毕业 牵萝补屋
mjtd	影像技术 在使用中 电信手机 丹漆随梦 自刽以下
mjtda	在使用中
mjtdd	影像技术 电信手机 自刽以下 凡偶近器
mjtdq	丹漆随梦 二佛升天 二满三平
mjtg	几乎 珍禽异兽 顺水推舟 显著提高 威信扫地
mjtga	珍禽异兽 威信扫地
mjtgd	几乎 顺水推舟 显著提高 日清月结 风清月朗
mjtgq	独茧抽丝
mjtj	有什么 是什么 牵合附会 日濡月染 暗渡陈仓
mjtja	有什么 玛莎拉蒂 现代文学
mjtjd	是什么 日濡月染 暗渡陈仓 日滋月益 遏渐防萌
mjtjq	牵合附会 同源异派 奇花异草 邈若山河 同源异流
mjtm	骇然 医药费 风清月明 奇花异卉 奇葩异卉
mjtma	骇然 医药费
mjtmd	风清月明 风潇雨晦
mjtmq	奇花异卉 奇葩异卉
mjtp	暴露 两三 石油集团 矮人看戏 颠倒衣裳
mjtpa	颠倒衣裳
mjtpd	暴露 矮人看戏
mjtpq	两三 石油集团
mjtq	内院 医学院 自觉抵制 量能授官
mjtqa	医学院
mjtqd	自觉抵制 量能授官
mjtqq	内院
mjtt	在沈阳的 最重要的 远洋捕捞 有什么用 冒名接脚
mjtta	在沈阳的 有什么用 感人肺肝 韩信用兵 感人肺腑
mjttd	最重要的 冒名接脚 日薄西山 风花雪月 日落西山
mjttq	远洋捕捞
mjtx	星月 两岸 在沈阳市 大做文章 顺藤摸瓜
mjtxa	在沈阳市 有没搞错
mjtxd	星月 顺藤摸瓜 风花雪夜 贼人胆虚
mjtxq	两岸 大做文章 大放异彩 大海捞针
mjx	有多少 感觉到
mjxa	直通车 大放厥辞 大学期间 奇货可居
mjxaa	直通车
mjxaq	大放厥辞 大学期间 奇货可居
mjxd	两种 在酒店里 几件小事 在作战中 风流韵事
mjxda	在酒店里 在作战中 成千上万
mjxdd	几件小事 风流韵事 暗藏玄机
mjxdq	两种 狼飧虎咽 狼贪虎视
mjxg	时期 星期 石油市场 骄人战绩 两全其美
mjxga	骄人战绩
mjxgd	时期 星期 风俗习惯 日坐愁城
mjxgq	石油市场 两全其美 破而后立 独坐愁城
mjxj	赔偿金 知名度 珠江夜游 风流罪过 有法可依
mjxja	珠江夜游 有法可依
mjxjd	赔偿金 知名度 风流罪过 自作解人 晚生后学
mjxjq	磊落轶荡
mjxm	琢磨 十个小时 狐藉虎威 几个小时 狐假虎威
mjxma	琢磨 十个小时
mjxmd	几个小时
mjxmq	狐藉虎威 狐假虎威 两个小时 破浪乘风
mjxp	感觉到 肉身 石油输出 是何原因 太优秀了
mjxpa	感觉到 卖法市恩 骈兴错出
mjxpd	是何原因
mjxpq	肉身 石油输出 太优秀了 太仓稊米 大放厥词
mjxq	石油钻井 财源广进 夙兴夜寐 真没意思 两个钟头
mjxqa	真没意思
mjxqd	财源广进 夙兴夜寐 晨兴夜寐 几个钟头
mjxqq	石油钻井 两个钟头 奋勇当先
mjxt	有多少 最优质的 马水车龙 韩信点兵
mjxta	有多少 马水车龙 韩信点兵
mjxtd	最优质的
mjxx	大酒店 在草原上 在营销上 在学习上 砺世摩钝
mjxxa	在草原上 在营销上 在学习上
mjxxq	大酒店 砺世摩钝 砺世磨钝 犬牙鹰爪 光芒四射
mma	短时间
mmaa	星星闪烁 猪狗不如 在所不辞 臭肉来蝇 星光闪闪
mmaaa	在所不辞 忽忽不乐
mmaad	星星闪烁 臭肉来蝇 星光闪闪 风风火火 明知故问
mmaaq	猪狗不如 光辉灿烂 狼猛蜂毒
mmad	犹如 有所建树 有时间再 真知灼见 栽赃嫁祸
mmada	有所建树 有时间再 真知灼见 栽赃嫁祸
mmadd	风景如画
mmadq	犹如 狂风怒号 光耀门楣
mmag	在所不惜 骆驿不绝 驰骋疆场 有所不为 狼狈不堪
mmaga	在所不惜 骆驿不绝 驰骋疆场 有所不为 南风不竞
mmagd	风景不殊 明光烁亮
mmagq	狼狈不堪
mmaj	有凤来仪 时日不多 时光如水 凤凰来仪 才大如海
mmaja	有凤来仪 才大如海 囊匣如洗
mmajd	时日不多 时光如水 凤凰来仪
mmajq	所知不多
mmam	短时间 骑马寻马 有所不同 大有不同 最大问题
mmama	骑马寻马 有所不同 有所不知
mmamd	短时间 最大问题 暧昧不明 明知故犯 电光火石
mmamq	大有不同 碎琼乱玉 二十好几 狐狸尾巴
mmap	医疗 马克 夸张 驱动 早知如此
mmapa	医疗 马克 驱动 现在来说 琵琶胡语
mmapd	早知如此 最大努力
mmapq	夸张 大辩不言
mmaq	购买 日昃不食 日旰不食 大智如愚 理所不容
mmaqa	理所不容
mmaqd	购买 日昃不食 日旰不食
mmaqq	大智如愚 大璞不完
mmat	南贩北贾 旷日引月 二十来岁 碰碰运气 刚直不阿
mmata	南贩北贾
mmatd	旷日引月 量才录用 暴风疾雨 鼻息如雷
mmatq	二十来岁 碰碰运气 刚直不阿 大匠运斤 狗颠屁股
mmax	磊瑰不羁 匠石运金 旷日引久 明珠弹雀 旷达不羁
mmaxa	匠石运金
mmaxd	旷日引久 明珠弹雀 旷达不羁 旷日弥久
mmaxq	磊瑰不羁
mmd	二十年 所有权
mmda	十几年来 几十年来 左右开弓 暗暗咂舌 凤凰于飞
mmdaa	十几年来 左右开弓
mmdad	几十年来 暗暗咂舌 凤凰于飞 顺风吹火
mmdaq	大旱望云 狼狈万状 碌碌无闻
mmdd	大大咧咧 真真正正 有区别吗 日有万机 太太平平
mmdda	真真正正 有区别吗 直达天听 瑕瑜互见
mmddd	日有万机 日理万机 暗暗祈祷
mmddq	大大咧咧 太太平平
mmdg	息息相关 大才榱盘 豺狼横道 大才榱槃 豺狼野心
mmdga	有两下子 卖狗悬羊 南户窥郎
mmdgd	息息相关 日旰忘餐 几十年前
mmdgq	大才榱盘 豺狼横道 大才榱槃 豺狼野心 石破天惊
mmdj	息息相通 大显神通 独自一人 卖友求荣 狂风恶浪
mmdja	卖友求荣 十日一水
mmdjd	息息相通 自成一派
mmdjq	大显神通 独自一人 狂风恶浪 碌碌无能
mmdm	存在于 晶盛机电 在研究所 奄奄一息 光明正大
mmdma	存在于 在研究所 有朝一日 琵琶别弄 辩才无碍
mmdmd	晶盛机电
mmdmq	奄奄一息 光明正大 猖獗一时 狂犬吠日 同明相照
mmdp	财政 所有权 几十万 远在天边 晾在一边
mmdpa	弄玉吹箫
mmdpd	财政 几十万 晾在一边 明确无误
mmdpq	所有权 远在天边
mmdq	自成一家 日昃忘食 日旰忘食 智周万物
mmdqd	自成一家 日昃忘食 日旰忘食 智周万物
mmdt	二十年 玻璃窗 风光无限 左右互搏 左右互击
mmdta	玻璃窗 左右互搏 左右互击 骐骥一毛 琵琶别抱
mmdtd	风光无限
mmdtq	二十年 硕大无朋
mmdx	在电视上 威凤祥麟 威风祥麟 匹马只轮 验明正身
mmdxa	在电视上 威凤祥麟 威风祥麟 匹马只轮 验明正身
mmdxd	照猫画虎
mmdxq	达成一致 两房一厅 翩翩年少
mmg	狠狠地 所在地
mmga	威风八面 元旦快乐 大大增强 狼狈为奸 破琴绝弦
mmgaa	威风八面
mmgaq	元旦快乐 大大增强 狼狈为奸 破琴绝弦
mmgd	狠狠地 所在地 巨大商机 匹马单枪 旷日经年
mmgda	巨大商机 匹马单枪
mmgdd	旷日经年
mmgdq	狠狠地 所在地
mmgg	犹犹豫豫 早知道就 专有部分 影影绰绰 巴巴劫劫
mmgga	玻璃纤维 匆匆忙忙
mmggd	早知道就 影影绰绰 明明赫赫
mmggq	犹犹豫豫 专有部分 巴巴劫劫 奇奇怪怪 磕磕绊绊
mmgj	十有八九 左右逢源 自有分寸 才夸八斗 才貌兼全
mmgja	十有八九 左右逢源 才夸八斗 才貌兼全
mmgjd	自有分寸
mmgm	乾坤 败则为贼 玩日愒时 玩时愒日 成则为王
mmgma	乾坤 玩日愒时 玩时愒日 成则为王
mmgmd	败则为贼
mmgmq	二惠竞爽
mmgp	财务 骑士 博士 早餐 十二分
mmgpa	骑士 博士 十二分 琵琶旧语 左右为难
mmgpd	财务 早餐 畅所欲言 最有情调 自有公论
mmgpq	砥砺前行 貌是情非 貌是心非 大大增加 破矩为圆
mmgq	犹豫 朝着 矫时慢物 明确规定 晨光熹微
mmgqa	朝着
mmgqd	矫时慢物 明确规定 晨光熹微
mmgqq	犹豫
mmgt	几十公斤 砲凤烹龙 大马士革 晓风残月 理所必然
mmgta	理所必然
mmgtd	几十公斤 晓风残月
mmgtq	砲凤烹龙 大马士革
mmgx	早就 财产 南京 几十分钟 狗马声色
mmgxa	南京 驷马高车
mmgxd	早就 财产 几十分钟 旷日经久
mmgxq	狗马声色
mmj	有时候 所有人
mmja	顺时而动 破巢余卵 大直若屈
mmjad	顺时而动
mmjaq	破巢余卵 大直若屈
mmjd	南方 有几件事 有时候也 勃勃生机 玉石俱焚
mmjda	南方 有几件事 有时候也 勃勃生机 玉石俱焚
mmjdd	顺风而呼
mmjdq	二十多年 狼奔豕突
mmjg	有时候 自有渠道 二十世纪 有所作为 大有作为
mmjga	有时候 有所作为 颠乾倒坤 朝乾夕愓 瑶琳仙境
mmjgd	自有渠道 日乾夕惕 量才而为
mmjgq	二十世纪 大有作为 同日而道
mmjj	玫瑰花 大大落落 晃晃悠悠 真真假假 郁郁葱葱
mmjja	玫瑰花 真真假假 郁郁葱葱 噩噩浑浑 辛辛苦苦
mmjjd	晃晃悠悠 时光荏苒 时时刻刻 风光旖旎 旦旦而伐
mmjjq	大大落落 两败俱伤 磊磊落落 大大方方
mmjm	玩时贪日 大有人在 早知今日 朝成暮遍 自贻伊戚
mmjma	玩时贪日 朝成暮遍
mmjmd	早知今日 自贻伊戚
mmjmq	大有人在
mmjp	医生 所有人 奔波 犹太人 自研游戏
mmjpa	医生 在珠江路 朝成夕毁 朝夷暮跖 朝成暮毁
mmjpd	自研游戏 凡才浅识 昨是今非
mmjpq	所有人 奔波 犹太人 夸夸而谈 同日而言
mmjq	医学 晶莹 骄奢淫逸 所有伤害 大同世界
mmjqa	医学 骄奢淫逸 琳琅满目 雄才伟略 匆匆过客
mmjqd	晶莹
mmjqq	所有伤害 大同世界 大智若愚 破财消灾
mmjt	最大化 有感觉的 骑驴倒堕 骐骥过隙 二十多岁
mmjta	有感觉的 骑驴倒堕 骐骥过隙 十二个月 真有你的
mmjtd	最大化 自远而近
mmjtq	二十多岁
mmjx	最大优点 独有千秋 巴巴多斯 布达佩斯 十二生肖
mmjxa	布达佩斯 十二生肖 璞玉浑金
mmjxd	最大优点
mmjxq	独有千秋 巴巴多斯 大明法度
mmm	大理石 明晃晃
mmma	狂风 自暴自弃 玉砌雕阑 大智大慧 电光石火
mmmaa	玉砌雕阑
mmmad	自暴自弃 电光石火 贩贱卖贵
mmmaq	狂风 大智大慧
mmmd	巨大 早晨 最有影响 时有时无 感戴二天
mmmda	巨大 感戴二天 有所区别
mmmdd	早晨 最有影响 时有时无
mmmdq	狺狺狂吠
mmmg	早在 直勾勾地 照耀大地 日暖风恬 狎雉驯童
mmmga	直勾勾地 骑驴索句
mmmgd	早在 照耀大地 日暖风恬 顺风驶船
mmmgq	狎雉驯童 豺狼成性 辉光日新
mmmj	狂暴 是真是假 有十几个 戴日戴斗 赃贿狼藉
mmmja	有十几个 戴日戴斗 珠玉在侧 才貌两全
mmmjd	是真是假 赃贿狼藉 昂昂自若 风光大葬 昧旦晨兴
mmmjq	狂暴 光明磊落 同班同学 大智大勇 大风大浪
mmmm	明晃晃 左左右右 载驱载驰 匪夷匪惠 珊瑚在网
mmmma	左左右右 载驱载驰 匪夷匪惠 珊瑚在网 有赔有赚
mmmmd	明晃晃 电影明星 自卖自夸 风风光光
mmmmq	磕磕碰碰
mmmp	大理石 赃贿狼籍 独是独非 风影敷衍 凤凰在笯
mmmpa	左右两难
mmmpd	赃贿狼籍 风影敷衍 凤凰在笯 明辨是非 星驰电走
mmmpq	大理石 独是独非 大是大非
mmmq	早晚 独自在家 匪夷所思 风驰电掣 成王败寇
mmmqa	匪夷所思 成王败寇 雄才大略 璀璨夺目
mmmqd	早晚 风驰电掣 日昃旰食 昭昭在目
mmmqq	独自在家
mmmt	有大量的 所有医院 是存在的 有理有据 所在医院
mmmta	有大量的 有理有据 忽远忽近 骖风驷霞
mmmtd	是存在的 风驱电扫 暴风骤雨 风驱电击 明珠暗投
mmmtq	所有医院 所在医院 大包大揽 狂风骤雨 丹凤朝阳
mmmx	有大有小 所有景点 砥砺琢磨 大败亏轮 顺理成章
mmmxa	有大有小 忽大忽小 玲珑剔透 骗财骗色 有房有车
mmmxd	顺理成章 早朝晏罢 日暖风和
mmmxq	所有景点 砥砺琢磨 大败亏轮 两房两厅 大败亏输
mmpa	丹黄甲乙 琴瑟之好 星星之火 是友非敌
mmpaa	琴瑟之好
mmpad	星星之火 是友非敌
mmpaq	丹黄甲乙
mmpd	婴儿 十景之一 真有此事 翩翩起舞 匍匐之救
mmpda	十景之一 真有此事 匍匐之救 瑚琏之器
mmpdd	婴儿 暗昧之事
mmpdq	翩翩起舞 狼奔鼠窜 豺狼之吻 狐奔鼠窜
mmpg	暧昧之情 献曝之忱 匪石之心 豺狐之心 区区此心
mmpga	献曝之忱 匪石之心 区区此心 弄璋之喜 才貌双绝
mmpgd	暧昧之情 财匮力绌
mmpgq	豺狐之心 犬马之养
mmpj	有所加重 博大精深 明智之举 成败论人 时有发生
mmpja	有所加重 博大精深 成败论人 才貌双全 区区之众
mmpjd	明智之举 时有发生
mmpjq	犬马之劳 狼奔鼠偷
mmpm	奔跑 韩国 自知之明 弄影团风 有二说二
mmpma	韩国 弄影团风 有二说二
mmpmd	自知之明 时日尚短
mmpmq	奔跑
mmpp	马路 煦煦孑孑 是是非非 知易行难 亏大发了
mmppa	马路
mmppd	煦煦孑孑 是是非非 知易行难
mmppq	亏大发了
mmpq	雕玉双联 在所难免 二十出头 有碍观瞻 硁硁之愚
mmpqa	在所难免 有碍观瞻 十日之饮
mmpqq	雕玉双联 二十出头 硁硁之愚
mmpt	玩笑 最左边的 最右边的 才大难用 驷马难追
mmpta	玩笑 才大难用 驷马难追 瑟瑟发抖
mmptd	最左边的 最右边的
mmptq	犬马之报
mmpx	直截了当 琴瑟调和 大有迳庭 大有起色 骈肩叠迹
mmpxa	直截了当 琴瑟调和 骈肩叠迹
mmpxd	旷日长久
mmpxq	大有迳庭 大有起色
mmq	所有者 所有制
mmqa	有所耳闻 早有耳闻 破巢完卵
mmqaa	有所耳闻
mmqad	早有耳闻
mmqaq	破巢完卵
mmqd	财富 南宫 十载寒窗
mmqda	南宫 十载寒窗
mmqdd	财富
mmqg	玩具
mmqga	玩具
mmqj	玩家 真才实学 马勃牛溲 直冒冷汗 才短思涩
mmqja	玩家 真才实学 马勃牛溲 直冒冷汗 才短思涩
mmqm	购物 财物 所有者 珠光眼影 旷日累时
mmqma	珠光眼影 南州冠冕 真赃实犯
mmqmd	购物 财物 旷日累时
mmqmq	所有者
mmqp	所有制 郁郁寡欢 骈肩累踵 知雄守雌 骈肩累足
mmqpa	郁郁寡欢 骈肩累踵 骈肩累足
mmqpd	知雄守雌
mmqpq	所有制
mmqq	确确实实 暴戾恣睢 玩忽职守 威风凛凛 骊黄牝牡
mmqqa	玩忽职守 威风凛凛 骊黄牝牡
mmqqd	暴戾恣睢
mmqqq	确确实实
mmqt	最真实的 成败得失 珠光宝气 狼奔兔脱 十风五雨
mmqta	成败得失 珠光宝气 十风五雨
mmqtd	最真实的
mmqtq	狼奔兔脱
mmqx	自有资金 在石家庄 骈肩累迹 大有径庭 戚戚具尔
mmqxa	在石家庄 骈肩累迹 戚戚具尔
mmqxd	自有资金
mmqxq	大有径庭
mmt	大自然 暴风雨
mmta	大量失业 勾肩搭背 现在看来 理直气壮 自南向北
mmtaa	勾肩搭背 现在看来 理直气壮
mmtad	自南向北
mmtaq	大量失业 大智近妖
mmtd	大自然中 专有技术 在医院中 大专院校
mmtda	在医院中
mmtdq	大自然中 专有技术 大专院校
mmtg	早已 朝廷 有所提高 威风扫地
mmtga	朝廷 有所提高 威风扫地
mmtgd	早已
mmtj	所有的菜 大大降低 大有裨益 十二月份 日晒雨淋
mmtja	十二月份
mmtjd	日晒雨淋 暗礁险滩
mmtjq	所有的菜 大大降低 大有裨益 奇才异能
mmtm	大自然 晒太阳 所有的 十几岁时 肉包打狗
mmtma	十几岁时 骑驴找马 骑马找马
mmtmd	晒太阳 风大雨大
mmtmq	大自然 所有的 肉包打狗 奇珍异玩
mmtp	有则改之 财大气粗 冉冉升起 才短气粗
mmtpa	有则改之 才短气粗
mmtpd	财大气粗
mmtpq	冉冉升起
mmtq	医院 电影院 栽赃陷害 布达拉宫 奇珍异宝
mmtqa	医院 栽赃陷害 布达拉宫
mmtqd	电影院
mmtqq	奇珍异宝
mmtt	暴风雨 石景山的 砸自己的 光风霁月 博硕肥腯
mmtta	博硕肥腯 咸风蛋雨 十二三岁
mmttd	暴风雨 风风雨雨 明明白白 矮矮胖胖 风光月霁
mmttq	石景山的 砸自己的 光风霁月 套套近乎
mmtx	十二月 所有肤质 友达以上 所有的钱 骈肩接迹
mmtxa	十二月 友达以上 骈肩接迹 骈肩迭迹 斑驳陆离
mmtxd	最大限度 旷日持久
mmtxq	所有肤质 所有的钱 大有文章 奇光异彩
mmx	二十四 十二点
mmxa	马车 夸大其辞 十二金牌
mmxaa	马车 十二金牌
mmxaq	夸大其辞
mmxd	马上 早上 早点 十二点 确有其事
mmxda	马上 十二点 区区小事 琅琅上口
mmxdd	早上 早点
mmxdq	确有其事 翩翩少年
mmxg	早期 电影原声 照照镜子 明光铮亮 大有可为
mmxga	王二麻子
mmxgd	早期 电影原声 照照镜子 明光铮亮 暗自庆幸
mmxgq	大有可为 豺狼当道
mmxj	豺狼当涂 南达科他 戊戌变法 才有可能 最大可能
mmxja	南达科他 戊戌变法 才有可能 左右采获
mmxjd	最大可能
mmxjq	豺狼当涂 大题小做 达斡尔族 大题小作
mmxm	十几小时 旷日积晷 豺狼虎豹 惠风和畅 暗暗称奇
mmxma	十几小时 惠风和畅 骑驴觅驴
mmxmd	旷日积晷 暗暗称奇
mmxmq	豺狼虎豹
mmxp	二十四 夸夸其谈 夸大其词 破玩意儿 大有可观
mmxpq	二十四 夸夸其谈 夸大其词 破玩意儿 大有可观
mmxq	最有意思 匹马当先 顽石点头
mmxqa	匹马当先
mmxqd	最有意思
mmxqq	顽石点头
mmxt	大显身手 直布罗陀 理所当然 大同小异 琨玉秋霜
mmxta	直布罗陀 理所当然 琨玉秋霜
mmxtq	大显身手 大同小异
mmxx	专卖店 晚自习 顺顺当当 顺顺利利 理所应当
mmxxa	理所应当 乾乾翼翼 感同身受 马马虎虎 斑斑点点
mmxxd	晚自习 顺顺当当 顺顺利利 旷日离久 最大程度
mmxxq	专卖店 巴巴急急 大大小小
mpa	申请书 协议书
mpaa	布局 申请书 协议书 博览群书 戴笠故交
mpaaa	布局 协议书 博览群书 戴笠故交 包办婚姻
mpaad	申请书
mpaaq	奋笔疾书
mpad	在该剧中 日出不穷 知足不辱 大笔如椽
mpada	在该剧中
mpadd	日出不穷 知足不辱
mpadq	大笔如椽
mpag	元素 友好 远古 周恩来 弄竹弹丝
mpaga	友好 弄竹弹丝 驻足不前
mpagd	败走麦城 知止不殆
mpagq	元素 远古 周恩来 大言不惭 光说不练
mpaj	十六 破竹建瓴 风起云涌 顽固不化 马踏飞燕
mpaja	十六 马踏飞燕 南箕北斗 戴圆履方
mpajd	风起云涌 风起云蒸
mpajq	破竹建瓴 顽固不化
mpam	知识背景 有些问题 巢毁卵破
mpama	有些问题
mpamd	知识背景 巢毁卵破
mpap	照片 电力运行 大谋不谋 直言不讳 二话不说
mpapa	直言不讳
mpapd	照片 电力运行 风谲云诡 日计不足
mpapq	大谋不谋 二话不说
mpaq	狞髯张目 卖刀买犊 明发不寐
mpaqa	卖刀买犊
mpaqd	明发不寐
mpaqq	狞髯张目
mpat	电路故障 电力故障 明赏不费 大力支持 暴跳如雷
mpatd	电路故障 电力故障 明赏不费 暴跳如雷
mpatq	大力支持 两国交兵 大谬不然
mpax	所言不虚 大惑不解 确切不移
mpaxq	所言不虚 大惑不解 确切不移
mpd	有些事 日记本
mpda	同类相妒 同归于尽
mpdaq	同类相妒 同归于尽
mpdd	日本 账号 有些事 日记本 知识视野
mpdda	有些事
mpddd	日本 账号 日记本 知识视野 自出机杼
mpddq	同类相求 奔走呼号 独步天下 确认一下 独出机杼
mpdg	十一 周围神经 碎了一地 同堂兄弟 研发中心
mpdga	十一 有些事情 布帆无恙
mpdgd	日长一线
mpdgq	周围神经 碎了一地 同堂兄弟 研发中心 狭路相逢
mpdj	十里 暴力事件 自力更生 在此一举 暗箭中人
mpdja	十里 在此一举 有简无全 卖国求荣 匡谬正俗
mpdjd	暴力事件 自力更生 暗箭中人 风趣横生
mpdjq	同类相从
mpdm	所言极是 风行一时 独步一时
mpdmd	风行一时
mpdmq	所言极是 独步一时
mpdp	十万 协助 大幅下跌 房谋杜断 日试万言
mpdpa	十万 协助
mpdpd	日试万言
mpdpq	大幅下跌 房谋杜断
mpdq	独此一家 奔走相告 破国亡家
mpdqq	独此一家 奔走相告 破国亡家
mpdt	十年 是精神的 畅行无阻 大幅下挫 大幅下降
mpdta	十年
mpdtd	是精神的 畅行无阻
mpdtq	大幅下挫 大幅下降 刳精呕血
mpdx	在甲板上 卖国求利 大路椎轮 同出一辙
mpdxa	在甲板上 卖国求利
mpdxq	大路椎轮 同出一辙
mpg	是因为
mpga	十八 破坏 友情 远走高飞
mpgaa	十八 友情
mpgaq	破坏 远走高飞
mpgd	十条 在足总杯 财迷心窍 知识产权 二等公民
mpgda	十条 在足总杯
mpgdd	财迷心窍 知识产权
mpgdq	二等公民 硬语盘空
mpgg	日子 狮子 知识分子 大发善心 肉跳心惊
mpggd	日子 知识分子
mpggq	狮子 大发善心 肉跳心惊
mpgj	远去 同归殊涂 十之八九 狗皮膏药 盛筵必散
mpgja	十之八九 盛筵必散
mpgjq	远去 同归殊涂 狗皮膏药 砥行立名 同归殊途
mpgm	协商 照亮 独出心裁 自出心裁
mpgma	协商
mpgmd	照亮 自出心裁
mpgmq	独出心裁
mpgp	是因为 十分 破裂 太简单了 奇谈怪论
mpgpa	十分
mpgpd	是因为
mpgpq	破裂 太简单了 奇谈怪论 奇言怪语 大发慈悲
mpgq	戴着 照着 在东京都 感恩怀德
mpgqa	戴着 在东京都 感恩怀德
mpgqd	照着
mpgt	裁判 十七八岁
mpgta	裁判 十七八岁
mpgx	远处 破产 自毁前程 二竖为虐
mpgxd	自毁前程
mpgxq	远处 破产 二竖为虐
mpj	有些人 申请人
mpja	协会 日益 直谅多闻 朝欢暮乐 同符合契
mpjaa	协会 直谅多闻 朝欢暮乐
mpjad	日益
mpjaq	同符合契
mpjd	远方 知行合一 大国重器 自讨苦吃 日行千里
mpjda	十行俱下
mpjdd	知行合一 自讨苦吃 日行千里
mpjdq	远方 大国重器 内紧外松 两鼠斗穴
mpjg	十个 辩证法 医师介绍 包办代替 远走他乡
mpjga	十个 辩证法 医师介绍 包办代替
mpjgd	知难而退 量力而为
mpjgq	远走他乡
mpjj	十九 十多 布满 戴发含齿 戴发含牙
mpjja	十九 十多 布满 戴发含齿 戴发含牙
mpjjd	日出而作 日常生活 暗箭伤人 风行草偃 风起水涌
mpjjq	所谓伊人 碍难从命
mpjm	自驾游时 大步流星 内圣外王 匡国济时 日许多时
mpjma	匡国济时
mpjmd	自驾游时 日许多时
mpjmq	大步流星 内圣外王
mpjp	有些人 申请人 同等学力 早出暮归 矩步方行
mpjpa	有些人 黄发垂髫 成双作对
mpjpd	申请人 早出暮归 矩步方行 自讨没趣 量力而行
mpjpq	同等学力 夺路而逃
mpjq	赍粮藉寇 知难而进 朝趁暮食
mpjqa	赍粮藉寇 朝趁暮食
mpjqd	知难而进
mpjt	骁勇 在起作用 自行消失 戴鸡佩豚 自认倒霉
mpjta	骁勇 在起作用 戴鸡佩豚
mpjtd	自行消失 自认倒霉 日长似岁
mpjx	同等学历 朝发夕至 风行水上 知难而上 朝发暮至
mpjxa	朝发夕至 朝发暮至
mpjxd	风行水上 知难而上
mpjxq	同等学历
mpm	黄鼠狼
mpma	截止时间 早些时间 日许时间 蹙了蹙眉 同力协契
mpmaa	截止时间 蹙了蹙眉 卖儿贴妇
mpmad	早些时间 日许时间
mpmaq	同力协契 狗党狐群
mpmd	十二 刚出狼窝 真刀真枪 顽皮贼骨 左图右史
mpmda	十二 真刀真枪 左图右史 十鼠同穴
mpmdd	明刀明枪 暗箭明枪
mpmdq	刚出狼窝 顽皮贼骨 确非易事
mpmg	账户 黄鼠狼 直观易懂 时断时续 猫鼠同处
mpmga	黄鼠狼 直观易懂 协力同心 成算在心
mpmgd	账户 时断时续
mpmgq	猫鼠同处 大悲大喜 奋发有为
mpmj	尴尬 十几 日内 早诊早治 早些时候
mpmja	十几 珠圆玉润 有些时候
mpmjd	尴尬 日内 早诊早治 早些时候 风回电激
mpmjq	大起大落 达观知命
mpmm	有长有短 南国风光
mpmma	有长有短 南国风光
mpmp	远远 日日 十日 自言自语 有说有笑
mpmpa	十日 有说有笑 左等右等 载欢载笑 献计献策
mpmpd	日日 自言自语 风言风语 自说自话 早出晚归
mpmpq	远远 刚劲有力 独断专行 狼艰狈蹶 大驾光临
mpmq	易读易写 有言在先 星行电征 感恩戴德 大恩大德
mpmqa	有言在先 感恩戴德
mpmqd	易读易写 星行电征
mpmqq	大恩大德 猫鼠同眠
mpmt	则是 凤凰 在各自的 友谊医院 碍足碍手
mpmta	在各自的 友谊医院 成竹在胸
mpmtd	则是 凤凰
mpmtq	碍足碍手 奋起直追 两鬓斑白
mpmx	玻璃 破碎 照耀 猫鼠同乳 是对是错
mpmxa	玻璃 有难同当
mpmxd	照耀 是对是错 财力雄厚
mpmxq	破碎 猫鼠同乳 大行大市 大请大受
mpp	有计划 大踏步
mppa	班长 知柴米贵 知足常乐 雄鸡断尾 弄管调弦
mppaa	班长 雄鸡断尾 弄管调弦 刎颈之交
mppad	知柴米贵 知足常乐
mppaq	大力加强 奋发图强
mppd	在对话框 敷衍了事 盛筵难再 勿谈国事
mppda	在对话框 敷衍了事 盛筵难再 勿谈国事
mppg	协议 截图 在此之前 是非之地 弄瓦之喜
mppga	协议 截图 在此之前 弄瓦之喜
mppgd	是非之地
mppj	破了 知识精英 有简让全 才墨之薮 智圆行方
mppja	有简让全 才墨之薮 黄发儿齿
mppjd	知识精英 智圆行方
mppjq	破了
mppm	协调 日出 班师回朝
mppma	协调 班师回朝
mppmd	日出
mppp	日常 有计划 大踏步 自谋出路 大发议论
mpppa	有计划
mpppd	日常 自谋出路
mpppq	大踏步 大发议论 大发谬论
mppq	十七 友谊 逋逃之臣 周边国家 大难临头
mppqa	十七 友谊 逋逃之臣
mppqq	周边国家 大难临头
mppt	日记 十足 破竹之势 有些东西 知恩图报
mppta	十足 有些东西 感恩图报 弄粉调朱
mpptd	日记 知恩图报 是非黑白 暗箭难防
mpptq	破竹之势
mppx	在设计上 所言非虚 奋发蹈厉
mppxa	在设计上
mppxq	所言非虚 奋发蹈厉
mpqa	时尚家居 敷衍塞责
mpqaa	敷衍塞责
mpqad	时尚家居
mpqd	破瓦寒窑 蠹国害民
mpqda	蠹国害民
mpqdq	破瓦寒窑
mpqj	大肆宣传
mpqjq	大肆宣传
mpqm	石头 裁决 晓得 大发牢骚
mpqma	裁决
mpqmd	晓得
mpqmq	石头 大发牢骚
mpqp	太记得了 时尚资讯 元帅军衔
mpqpd	时尚资讯
mpqpq	太记得了 元帅军衔
mpqt	十五 裁定 在国家队 曼衍鱼龙 十围五攻
mpqta	十五 裁定 在国家队 十围五攻
mpqtd	曼衍鱼龙
mpqx	在肯德基 自筹资金 日诵五车
mpqxa	在肯德基
mpqxd	自筹资金 日诵五车
mpt	大数据
mpta	大数据 琴断朱弦 雄图霸业
mptaa	琴断朱弦 雄图霸业
mptaq	大数据
mptd	直言贾祸 独出己见
mptda	直言贾祸
mptdq	独出己见
mptj	十岁 在第三节 马足龙沙 暴力抗法 风刀霜剑
mptja	十岁 在第三节 马足龙沙
mptjd	暴力抗法 风刀霜剑 暗箱操作
mptm	辩护 咸鸭蛋黄 晓之以理 息黥补劓 截长补短
mptma	辩护 咸鸭蛋黄 截长补短 裁长补短
mptmd	晓之以理 息黥补劓 风调雨顺
mptmq	破坚摧刚
mptp	十三 有话要说 凤箫龙管 日常用语 卖笑追欢
mptpa	十三 有话要说 卖笑追欢 有简打简
mptpd	凤箫龙管 日常用语 风鬟雾鬓 风鬟雨鬓 日出三竿
mptq	研精覃思
mptqq	研精覃思
mptt	自东向西 在此阶段 大肆挥霍 大发雷霆 砌词捏控
mptta	在此阶段
mpttd	自东向西 日东月西
mpttq	大肆挥霍 大发雷霆 砌词捏控
mptx	日月 在国际上 奋发向上
mptxa	在国际上
mptxd	日月
mptxq	奋发向上
mpx	自行车 大幅度
mpxa	远离 自行车 远距离 大肆厥辞 在此期间
mpxaa	在此期间 珠箔银屏
mpxad	自行车
mpxaq	远离 远距离 大肆厥辞 大肆铺张
mpxd	日后 知识点 在设置中 贻误战机 顽皮赖骨
mpxda	在设置中
mpxdd	日后 知识点 贻误战机
mpxdq	顽皮赖骨
mpxg	日期 光之战士 刳精鉥心 大行其道 独行其道
mpxga	珠围翠绕
mpxgd	日期
mpxgq	光之战士 刳精鉥心 大行其道 独行其道 破瓦颓垣
mpxj	日夜 大幅度 现行市价 大街小巷 奔走钻营
mpxja	现行市价 十步香草
mpxjd	日夜 贝加尔湖
mpxjq	大幅度 大街小巷 奔走钻营 砥行磨名 大幅上涨
mpxm	布置 申请受理 砺戈秣马 自行其是 是非曲直
mpxma	布置
mpxmd	申请受理 自行其是 是非曲直
mpxmq	砺戈秣马 顽皮赖肉 独步当时 独行其是
mpxp	十四 驳回上诉 自圆其说 凤箫鸾管 短篇小说
mpxpa	十四 驳回上诉
mpxpd	自圆其说 凤箫鸾管 短篇小说 风言醋语
mpxq	晓行夜宿 量力度德
mpxqd	晓行夜宿 量力度德
mpxt	在紫金山 最长久的 大幅上扬 大幅上升 大计小用
mpxta	在紫金山 理之当然
mpxtd	最长久的
mpxtq	大幅上扬 大幅上升 大计小用
mpxx	照顾 知之甚少 凡此种种 戴笠乘车 马足车尘
mpxxa	戴笠乘车 马足车尘
mpxxd	照顾 知之甚少 凡此种种
mpxxq	大贤虎变
mqaa	真不 最不 卖男鬻女 臭鱼烂虾 破军杀将
mqaaa	真不 卖男鬻女
mqaad	最不 臭鱼烂虾
mqaaq	破军杀将
mqad	最强 奇思妙想
mqadd	最强
mqadq	奇思妙想
mqag	最好 真好 在家居士 大耳刮子 贼臣乱子
mqaga	真好 在家居士
mqagd	最好 贼臣乱子
mqagq	大耳刮子
mqaj	智者乐水 暗室屋漏 珠联璧合 达官贵人 南征北伐
mqaja	珠联璧合 南征北伐
mqajd	智者乐水 暗室屋漏
mqajq	达官贵人
mqam	真实交易 现实问题 卖官鬻狱 马耳春风
mqama	真实交易 现实问题 卖官鬻狱 马耳春风
mqap	王氏 忽略不计 昂头阔步 牵物引类 专家门诊
mqapa	王氏 忽略不计 卖犊买刀 南征北讨
mqapd	昂头阔步
mqapq	牵物引类 专家门诊
mqaq	独具慧眼 肉食动物 破头烂额
mqaqq	独具慧眼 肉食动物 破头烂额
mqat	王妃 辉煌 专家支招 十五六岁 明目张胆
mqata	王妃 十五六岁
mqatd	明目张胆 贼头鬼脑 显微阐幽
mqatq	辉煌 专家支招 磕头如捣 达官贵要
mqax	真实还原 明教不变 卖官鬻爵 南征北战 大家闺秀
mqaxa	真实还原 卖官鬻爵 南征北战
mqaxd	明教不变 贩官鬻爵 暗室不欺
mqaxq	大家闺秀
mqd	现实中
mqda	现实社交
mqdaa	现实社交
mqdd	昭告天下 大象无形 独具一格 贻害无穷 自取灭亡
mqddd	昭告天下 贻害无穷 自取灭亡
mqddq	大象无形 独具一格
mqdg	现实中 盛况空前 同德一心 购物中心
mqdga	现实中 盛况空前
mqdgd	购物中心
mqdgq	同德一心
mqdj	真实事件 真实年龄 昂头天外 日饮亡何 驿寄梅花
mqdja	真实事件 真实年龄 驿寄梅花
mqdjd	昂头天外 日饮亡何 日饮无何
mqdjq	破家县令
mqdm	昨天 智者见智 真实再现 有眼无珠 风头正盛
mqdma	真实再现 有眼无珠
mqdmd	昨天 智者见智 风头正盛
mqdmq	独守空房
mqdp	真正 十五一回 有教无类 败德辱行 南冠楚囚
mqdpa	真正 十五一回 有教无类 南冠楚囚
mqdpd	败德辱行 风头正劲
mqdpq	破家亡国
mqdq	真相 真想 牵牛下井 暗室求物 自食恶果
mqdqa	真相 真想
mqdqd	暗室求物 自食恶果
mqdqq	牵牛下井 独具只眼
mqdt	申冤吐气 磕头礼拜 才思敏捷 有头无脑
mqdta	才思敏捷 有头无脑
mqdtd	申冤吐气
mqdtq	磕头礼拜
mqdx	在思想上 在军事上 感遇忘身 日进万金 日食万钱
mqdxa	在思想上 在军事上 感遇忘身
mqdxd	日进万金 日食万钱
mqg	真实性 专案组
mqga	王爷 真情 成家立业 牵牛织女 灰头土面
mqgaa	王爷 真情 成家立业 灰头土面
mqgad	暗室逢灯
mqgaq	牵牛织女
mqgd	最新 专案组 自家地里 光鲜亮丽 有待商榷
mqgda	有待商榷
mqgdd	最新 自家地里
mqgdq	专案组 光鲜亮丽
mqgg	最终 最高 鼻子 王子 现实主义
mqgga	王子 现实主义 才德兼备 玩物丧志 卖富差贫
mqggd	最终 最高 鼻子 风姿绰约 贼臣逆子
mqggq	破家丧产 破家竭产
mqgj	索性 真实性 确定性 启宠纳侮 大老爷们
mqgja	索性 真实性
mqgjq	确定性 启宠纳侮 大老爷们
mqgm	最美 最快 暴取豪夺
mqgmd	最美 最快 暴取豪夺
mqgp	最为 败鳞残甲 破家为国
mqgpd	最为 败鳞残甲
mqgpq	破家为国
mqgq	顺着 牵着 冒着 明眸善睐 珍馐美馔
mqgqa	珍馐美馔
mqgqd	顺着 冒着 明眸善睐 败者为寇
mqgqq	牵着 远瞩高瞻
mqgt	有准备的 骑鹤维扬 灰头土脸 骑者善堕 咸五登三
mqgta	有准备的 骑鹤维扬 灰头土脸 骑者善堕 咸五登三
mqgx	真心 真实经历 真实声音 十五分钟 截鹤续凫
mqgxa	真心 真实经历 真实声音 十五分钟 截鹤续凫
mqgxd	遏密八音
mqgxq	奔逸绝尘
mqj	大男人
mqja	最低 破家荡业 博物洽闻 黄耳传书
mqjaa	博物洽闻 黄耳传书
mqjad	最低
mqjaq	破家荡业
mqjd	奋斗 冒名 顺便 在宿舍里 有很多事
mqjda	在宿舍里 有很多事 在制作中 十室九空 朝思暮想
mqjdd	冒名 顺便 赃官污吏
mqjdq	奋斗
mqjg	最佳 十五世纪 真实含义 朝齑暮盐 破家荡产
mqjga	十五世纪 真实含义 朝齑暮盐
mqjgd	最佳
mqjgq	破家荡产 大得人心
mqjj	最多 奢侈 成都生活 真实价值 现实生活
mqjja	成都生活 真实价值 现实生活
mqjjd	最多
mqjjq	奢侈
mqjm	真实信息 户告人晓 硕果仅存 两眼放光
mqjma	真实信息
mqjmq	户告人晓 硕果仅存 两眼放光
mqjp	真人 大男人 专家坐诊 自制能力 夺眶而出
mqjpa	真人 雄姿英发
mqjpd	自制能力
mqjpq	大男人 专家坐诊 夺眶而出
mqjq	最深 直觉 现实世界 真实世界 有目共睹
mqjqa	直觉 现实世界 真实世界 有目共睹 有完没完
mqjqd	最深
mqjt	犬兔俱毙 有头没脑
mqjta	有头没脑
mqjtq	犬兔俱毙
mqjx	智者千虑 日进斗金 日进千金
mqjxd	智者千虑 日进斗金 日进千金
mqm	王安石 最容易
mqma	所造成 真实有效 现实时间 达官显贵 有头有尾
mqmaa	真实有效 现实时间 有头有尾 珠宫贝阙
mqmaq	所造成 达官显贵 大富大贵 独往独来 肉眼惠眉
mqmd	最大 真理 直径大于 光宗耀祖 左思右想
mqmda	真理 直径大于 左思右想 十目所视
mqmdd	最大 朵颐大嚼
mqmdq	光宗耀祖 大寒索裘 所思所想 奇耻大辱
mqmg	十字星线 独具匠心 大彻大悟 同德同心 破家败产
mqmga	十字星线
mqmgd	暗室亏心
mqmgq	独具匠心 大彻大悟 同德同心 破家败产 肉眼凡夫
mqmj	包教包会 自告奋勇 大家风范 成者王侯 达官知命
mqmja	包教包会 成者王侯
mqmjd	自告奋勇
mqmjq	大家风范 达官知命
mqmm	王朝 最早 直奔 最容易 左宜右有
mqmma	王朝 直奔 左宜右有
mqmmd	最早 最容易
mqmmq	大鱼大肉
mqmp	昨日 王安石 早睡早起 同德协力 明察暗访
mqmpa	王安石
mqmpd	昨日 早睡早起 明察暗访
mqmpq	同德协力
mqmq	昨晚 在实验室 照进现实 暴饮暴食 豹头环眼
mqmqa	在实验室
mqmqd	昨晚 照进现实 暴饮暴食 明目达聪
mqmqq	豹头环眼 达官显宦
mqmt	真是 真有 最有 忽冷忽热 所具有的
mqmta	真是 真有 忽冷忽热 有得有失 卖头卖脚
mqmtd	最有 知彼知己 贼头狗脑 时冷时热 贼头贼脑
mqmtq	所具有的 肉眼凡胎 猛冲猛打 磕头碰脑 猴头猴脑
mqmx	在宜昌市 卖官贩爵 卖官卖爵
mqmxa	在宜昌市 卖官贩爵 卖官卖爵
mqp	十字架 自制力
mqpa	知鱼之乐 真实记录 败军之将 王者归来 二者之间
mqpaa	真实记录 王者归来
mqpad	知鱼之乐 败军之将
mqpaq	二者之间 独鹤鸡群 狼眼鼠眉
mqpd	十字架 在实践中 十字路口 狗盗鼠窃 狗盗鸡鸣
mqpda	十字架 在实践中 十字路口 盛宴难再
mqpdq	狗盗鼠窃 狗盗鸡鸣 狗盗鸡啼 独得之见
mqpj	晚了 自制力 王者之剑 旰食之劳
mqpja	王者之剑
mqpjd	晚了 自制力 旰食之劳
mqpm	真诚 冒出 马耳东风 两眼发直
mqpma	真诚 马耳东风
mqpmd	冒出
mqpmq	两眼发直
mqpp	知遇之恩 狐兔之悲
mqppd	知遇之恩
mqppq	狐兔之悲
mqpq	十字街头 在家出家 是耶非耶 獐头鼠目 在官言官
mqpqa	十字街头 在家出家 在官言官
mqpqd	是耶非耶
mqpqq	獐头鼠目
mqpt	最难 真实数据 有定论的 贼头鼠脑 戴头识脸
mqpta	真实数据 有定论的 戴头识脸 成果斐然
mqptd	最难 贼头鼠脑 易守难攻
mqptq	狗头鼠脑
mqpx	十字架上
mqpxa	十字架上
mqq	大眼睛 博物馆
mqqa	大眼睛 肉眼愚眉 暑往寒来
mqqad	暑往寒来
mqqaq	大眼睛 肉眼愚眉
mqqd	左都御史 右都御史 大饱眼福 肉食者鄙
mqqda	左都御史 右都御史
mqqdq	大饱眼福 肉食者鄙
mqqg	在家待着
mqqga	在家待着
mqqm	真实写照
mqqma	真实写照
mqqp	十进制数 真实实力 狗头军师
mqqpa	十进制数 真实实力
mqqpq	狗头军师
mqqq	真实 博物馆 硕果累累
mqqqa	真实 博物馆
mqqqq	硕果累累
mqqt	最先进的 昃食宵衣 旰食宵衣
mqqtd	最先进的 昃食宵衣 旰食宵衣
mqqx	晚饭 专制制度 独具特色 布鲁塞尔 明耻教战
mqqxa	布鲁塞尔
mqqxd	晚饭 明耻教战
mqqxq	专制制度 独具特色
mqta	真要 两头白面 日往月来
mqtaa	真要
mqtad	日往月来
mqtaq	两头白面
mqtd	狡兔三窟 日征月迈
mqtdd	日征月迈
mqtdq	狡兔三窟
mqtg	直接 牵挂 有选择性 骇目振心
mqtga	直接 有选择性 骇目振心
mqtgq	牵挂
mqtj	冒险 理冤摘伏 狗眼看人 明眸皓齿 达官要人
mqtja	理冤摘伏
mqtjd	冒险 明眸皓齿
mqtjq	狗眼看人 达官要人
mqtm	真的 骤然 骑鹤扬州 有容乃大
mqtma	真的 骤然 骑鹤扬州 有容乃大
mqtp	最初 牵手 顺手 风掣雷行 同室操戈
mqtpd	最初 顺手 风掣雷行 凤冠霞帔
mqtpq	牵手 同室操戈
mqtt	最近 直播 专家释疑 巴头探脑 启瞶振聋
mqtta	直播 马牛襟裾
mqttd	最近 几次三番 昂头挺胸
mqttq	专家释疑 巴头探脑 启瞶振聋
mqtx	日累月积 牵五挂四
mqtxd	日累月积
mqtxq	牵五挂四
mqx	猫头鹰 所得税
mqxa	自得其乐 巴塞罗那 大头小尾
mqxad	自得其乐
mqxaq	巴塞罗那 大头小尾
mqxd	最后 晚上 王某 在实战中 景德镇窑
mqxda	王某 在实战中 有案可查
mqxdd	最后 晚上 景德镇窑 日思夜想
mqxdq	狼飡虎咽 肉眼可见
mqxg	顺序 直至 所得税 石家庄 现实意义
mqxga	直至 现实意义 真实意义
mqxgd	顺序 暗室私心 明察秋毫 自取其咎 暗室欺心
mqxgq	所得税 石家庄 石家庄站
mqxj	王座 猫头鹰 成都上海 知耻后勇 日思夜念
mqxja	王座 成都上海
mqxjd	知耻后勇 日思夜念 尤物移人
mqxjq	猫头鹰
mqxm	晚食当肉 马牛其风
mqxma	马牛其风
mqxmd	晚食当肉
mqxp	直到 顺利 真实原因 现实原因 独家解读
mqxpa	直到 真实原因 现实原因
mqxpd	顺利 自食其力 自食其言
mqxpq	独家解读
mqxq	最爱 真爱 真实意思 自食其果 狼飡虎食
mqxqa	真爱 真实意思 匡鼎解颐 骑牛觅牛
mqxqd	最爱 自食其果 曼彻斯特
mqxqq	狼飡虎食 大写锁定
mqxt	大家庭 石家庄的 景德镇的 独家销售 专家质疑
mqxta	骑鹤上扬 盛食厉兵
mqxtd	景德镇的 晕头转向
mqxtq	大家庭 石家庄的 独家销售 专家质疑
mqxx	真实意愿
mqxxa	真实意愿
mta	巴拉克
mtaa	有效 明媚 迥然不群 风雷火炮 日月不居
mtaaa	有效 有氧运动
mtaad	明媚 风雷火炮 日月不居
mtaaq	迥然不群
mtad	是否 有问 有如 日月如梭 两脚书橱
mtada	有问 有如
mtadd	是否 日月如梭
mtadq	两脚书橱 凹凸不平 刚肠嫉恶
mtag	包装 郁闷 是故 二三君子 两把刷子
mtaga	包装 郁闷
mtagd	是故 风雨如磐
mtagq	二三君子 两把刷子 肉袒面缚
mtaj	真的不值 风雨不测 太山北斗 有限责任 暴雨如注
mtaja	真的不值 有限责任
mtajd	风雨不测 暴雨如注 日月如流
mtajq	太山北斗 大雨如注 远近闻名
mtam	截然不同 马毛蝟磔 迥然不同 颠扑不破 风雨如晦
mtama	截然不同 马毛蝟磔 颠扑不破
mtamd	风雨如晦 昆山片玉 自我表现
mtamq	迥然不同
mtap	巴拉克 风雪交加 自拔来归 风雨交加 南腔北调
mtapa	南腔北调
mtapd	风雪交加 自拔来归 风雨交加
mtapq	巴拉克
mtaq	戴霜履冰 王贡弹冠 狐疑不决 戟指怒目 日月交食
mtaqa	戴霜履冰 王贡弹冠 戟指怒目
mtaqd	日月交食 短褐不完
mtaqq	狐疑不决
mtat	刳胎杀夭 自己动手 破衣烂衫 风雨不改 确乎不拔
mtata	南阮北阮
mtatd	自己动手 风雨不改
mtatq	刳胎杀夭 破衣烂衫 确乎不拔
mtax	大限将至 风雨不透
mtaxd	风雨不透
mtaxq	大限将至
mtd	直升机 太阳穴
mtda	在接下来 黄白相间 同然一辞 暴露无遗 所向无敌
mtdaa	在接下来 黄白相间 咸阳一炬
mtdad	暴露无遗
mtdaq	同然一辞 所向无敌
mtdd	有事 威震天下 索然无味 同气相求 两手空空
mtdda	有事 威震天下 索然无味
mtddd	日月丽天
mtddq	同气相求 两手空空
mtdg	马拉松 扁担一条 真的想死 真龙天子 同胞兄弟
mtdga	马拉松 真的想死 真龙天子 存乎一心
mtdgd	短褐穿结
mtdgq	扁担一条 同胞兄弟
mtdj	包里 在这里 自己一生 风险事件 赃盈恶贯
mtdja	包里 在这里 有损无益
mtdjd	自己一生 风险事件 赃盈恶贯
mtdjq	独霸一方 独异于人 同功一体
mtdm	明天 有机 是吗 有天 直升机
mtdma	有机 有天 直升机 真的吗 玩手机时
mtdmd	明天 是吗 日月无光
mtdmq	太阳神 两脚野狐 雕龙画凤
mtdp	有权 有气无力 明文禁止 风月无边 明白无误
mtdpa	有权 有气无力 才气无双
mtdpd	明文禁止 风月无边 明白无误
mtdq	在手术室 狗血喷头
mtdqa	在手术室
mtdqq	狗血喷头
mtdt	有无 有空 包邮 是这样的 短兵相接
mtdta	有无 有空 包邮 有的一拼 骈拇枝指
mtdtd	是这样的 短兵相接 风雨无阻
mtdtq	刳胎焚夭 远胜于我
mtdx	是由 太阳穴 在手机上 在技术上 截然相反
mtdxa	在手机上 在技术上 截然相反 马工枚速
mtdxd	是由
mtdxq	太阳穴
mtg	自以为
mtga	有情 有缘 直接登录 有限公司 大雪纷飞
mtgaa	有情 有缘 直接登录 有限公司
mtgaq	大雪纷飞
mtgd	在院子里 自己心里 博文约礼 户限为穿 日月经天
mtgda	在院子里 博文约礼
mtgdd	自己心里 日月经天
mtgdq	户限为穿
mtgg	包子
mtgga	包子
mtgj	直接统治 有失公允 自掘坟墓 有的地方 卖文为生
mtgja	直接统治 有失公允 有的地方 卖文为生 布衣韦带
mtgjd	自掘坟墓
mtgjq	狂朋怪侣
mtgm	有关 明亮 有道 自以为是 玩岁愒时
mtgma	有关 有道 玩岁愒时 骄兵必败 玩岁愒日
mtgmd	明亮 自以为是
mtgmq	砲龙烹凤 狂朋恠友 内陆地区 奇峰怪石 狂朋怪友
mtgp	自以为 马失前蹄 日以为常 两三句话
mtgpa	马失前蹄
mtgpd	自以为 日以为常
mtgpq	两三句话
mtgq	有着 直招士官 自然规律 明文规定 黄毛丫头
mtgqa	有着 直招士官 黄毛丫头
mtgqd	自然规律 明文规定
mtgt	在以前的 自己收集 玩岁愒月 远近亲疏 十月怀胎
mtgta	在以前的 玩岁愒月 十月怀胎
mtgtd	自己收集
mtgtq	远近亲疏
mtgx	有心 两三分钟 破崖绝角 日以继夜 风雨兼程
mtgxa	有心
mtgxd	日以继夜 风雨兼程
mtgxq	两三分钟 破崖绝角 太丘道广
mtj	辩护人 太阳能
mtja	才会 骄傲 包含 自然会 医院治疗
mtjaa	才会 骄傲 包含 医院治疗 骄阳似火
mtjad	自然会 自我作古 日月合璧 日月合壁 自我作故
mtjd	是他 有名 大革命 医院学校 在工作中
mtjda	有名 医院学校 在工作中 盛衰荣辱
mtjdd	是他 自找苦吃 臭气熏天 凡胎浊骨 日月逾迈
mtjdq	大革命 大白若辱 大失人望
mtjg	是个 有个 欧阳修 大西洋 自己做主
mtjga	有个 欧阳修 十三世纪 直指人心
mtjgd	是个 自己做主 风雨萧条 日月入怀 昂霄耸壑
mtjgq	大西洋 牵肠萦心 同文共规 大雨倾盆 远胜从前
mtjj	大禹治水 肉山酒海 融释贯通 才疏学浅 大雨滂沱
mtjja	融释贯通 才疏学浅 十项全能 朝升暮合 才气过人
mtjjd	凡胎浊体
mtjjq	大禹治水 肉山酒海 大雨滂沱 大腹便便 光阴荏苒
mtjm	医院信息 早已过时 有的放矢 朝三暮二 大队人马
mtjma	医院信息 有的放矢 朝三暮二 朝气蓬勃
mtjmd	早已过时 明月清风 日月重光
mtjmq	大队人马 二氧化碳 两袖清风
mtjp	有人 有没 辩护人 有生 自己人
mtjpa	有人 有没 辩护人 有生 医用酒精
mtjpd	自己人 自然人 自找没趣
mtjpq	矿泉水 光阴似箭 奇文共赏 奋袂而起
mtjq	直接伤害 有失水准 布衣蔬食 两三个字 狗血淋头
mtjqa	直接伤害 有失水准 布衣蔬食
mtjqq	两三个字 狗血淋头
mtjt	才能 有过 太阳能 才华 真的假的
mtjta	才能 有过 才华 真的假的 医院住院
mtjtd	早已消失 风险共担 明扬侧陋 自然而然 昭然若揭
mtjtq	太阳能 刳肝沥胆 同胞共气 两三个月 奇技淫巧
mtjx	有余 有何 有你 颠三倒四 朝三暮四
mtjxa	有余 有何 有你 颠三倒四 朝三暮四
mtjxd	明哲保身 自崖而反
mtjxq	同文共轨 内峻外和 两三个钟
mtm	有的是 王阳明
mtma	明显 达成 有成 勃然大怒 左膀右臂
mtmaa	有成 勃然大怒 左膀右臂 马革盛尸 左提右挈
mtmad	明显 曳裾王门
mtmaq	达成
mtmd	左右 明智 有理 有感 所知
mtmda	左右 有理 有感 在搜索栏
mtmdd	明智 最近几年 日月星辰 日炙风吹
mtmdq	所知 独揽大权 大失所望 狗胆包天
mtmg	所在 璀璨 顺手牵羊 破脑刳心 奇文瑰句
mtmga	璀璨 碧血丹心 珠胎暗结
mtmgd	顺手牵羊 风雨同舟 明推暗就 暗气暗恼
mtmgq	所在 破脑刳心 奇文瑰句 刳脂剔膏 肉袒牵羊
mtmj	有时 明星 医院医生 有山有水 自导自演
mtmja	有时 医院医生 有山有水 有的时候 理工大学
mtmjd	明星 自导自演 自我感觉 日月光华 昂然直入
mtmjq	元气大伤 同袍同泽 砥兵砺伍 砺岳盟河
mtmm	时隐时现 骑龙弄凤 马毛猬磔 短衣匹马 朝阳丹凤
mtmma	骑龙弄凤 马毛猬磔 朝阳丹凤 有血有肉
mtmmd	时隐时现 短衣匹马 几斤几两 照搬照套 日月同辉
mtmmq	猪朋狗友 狐朋狗友 大气磅礴
mtmp	明日 早已有之 医院医师 晰毛辨发 大势所趋
mtmpa	医院医师 包工包料
mtmpd	明日 早已有之 晰毛辨发 日炙风筛
mtmpq	大势所趋 狐朋狗党 雕肝琢肾
mtmq	知己知彼 骑扬州鹤 猛打猛冲 凡胎肉眼 成己成物
mtmqa	骑扬州鹤 成己成物
mtmqd	知己知彼 凡胎肉眼 昂然自得
mtmqq	猛打猛冲
mtmt	所有 才是 有所 明明 才有
mtmta	才是 有所 才有 有的是 王阳明
mtmtd	明明 明珠 明升暗降
mtmtq	所有 大手大脚 大摇大摆 碍手碍脚 猪卑狗险
mtmx	明确 有孕在身 大胆包身 自用则小 大费周章
mtmxa	有孕在身 有零有整 勃然奋励
mtmxd	明确 自用则小
mtmxq	大胆包身 大费周章 同工同酬 凹凸有致
mtp	明白了 在这儿
mtpa	大队长 映月读书 映雪读书 布衣之交 惠然肯来
mtpaa	布衣之交 惠然肯来 骇龙走蛇
mtpad	映月读书 映雪读书
mtpaq	大队长
mtpd	是非 在这儿 有这回事 布被瓦器 玩兵黩武
mtpda	在这儿 有这回事 布被瓦器 玩兵黩武 黄泉之下
mtpdd	是非 知己难求
mtpdq	所以说呢 翩然起舞
mtpg	所说 包围 早孕试纸 在这之前 布衣黔首
mtpga	包围 在这之前 布衣黔首 索隐行怪
mtpgd	早孕试纸
mtpgq	所说
mtpj	有了 明白了 有力 明了 才疏识浅
mtpja	有了 有力 才疏识浅
mtpjd	明白了 明了
mtpjq	迥异常人 破除迷信
mtpm	昆山之玉 二龙戏珠
mtpmd	昆山之玉
mtpmq	二龙戏珠
mtpp	医院诊断 日月蹉跎 骄兵之计
mtppa	医院诊断 骄兵之计
mtppd	日月蹉跎
mtpq	所谓 有趣 有功之臣 风气之先
mtpqa	有趣 有功之臣
mtpqd	风气之先
mtpqq	所谓
mtpt	有些 是谁 有谁 左边 最要紧的
mtpta	有些 有谁 左边 在这边的 马腹逃鞭
mtptd	是谁 最要紧的 最搞笑的
mtptq	大胜对手 大打出手
mtpx	才行 夷陵之战 右脚劲射 在陈之厄 狂三诈四
mtpxa	才行 右脚劲射 在陈之厄 黄袍加身 朝衣东市
mtpxd	风雷之变 风雨对床 明白了当
mtpxq	夷陵之战 狂三诈四 巴三览四
mtq	自然界 成功者
mtqa	自报家门 自我安慰
mtqad	自报家门 自我安慰
mtqd	在我眼中 真抓实干 真的很想 臭气冲天
mtqda	在我眼中 真抓实干 真的很想
mtqdd	臭气冲天
mtqg	包容 昧己瞒心 两手准备 破胆寒心
mtqga	包容
mtqgd	昧己瞒心
mtqgq	两手准备 破胆寒心
mtqj	自然界 矫揉造作 盛气凌人 才疏德薄
mtqja	盛气凌人 才疏德薄
mtqjd	自然界 矫揉造作
mtqm	所得 成功者 最近老是 顺我者昌 大功告成
mtqma	成功者
mtqmd	最近老是 顺我者昌 日月齐光
mtqmq	所得 大功告成 大工告成
mtqp	大胆实践 医院咨询 成功实践 猫捉老鼠 知白守黑
mtqpa	医院咨询 成功实践 马捉老鼠
mtqpd	知白守黑
mtqpq	大胆实践 猫捉老鼠
mtqq	自我牺牲 自然灾害 风雨凄凄 暖衣饱食
mtqqd	自我牺牲 自然灾害 风雨凄凄 暖衣饱食
mtqt	牵肠割肚
mtqtq	牵肠割肚
mtqx	医院资质 显露头角
mtqxa	医院资质
mtqxd	显露头角
mtt	自己的 有把握
mtta	明白 包括 有把握 马革裹尸 暴腮龙门
mttaa	包括 有把握 马革裹尸
mttad	明白 暴腮龙门
mttd	现阶段 医院要求 周岁以下 牵衣肘见 直抒己见
mttda	现阶段 医院要求 直抒己见
mttdd	日异月更
mttdq	周岁以下 牵衣肘见 夺胎换骨 肉山脯林
mttg	肩膀 有限 医院服务 破衲疏羹 暴衣露盖
mttga	有限 医院服务 弄斤操斧
mttgd	暴衣露盖 日陵月替 日升月恒 日异月新 日异月殊
mttgq	肩膀 破衲疏羹 两岸三地 大势已去
mttj	所以 是以 所需 远山近水 医院工作
mttja	医院工作 辣手摧花
mttjd	是以 早已失传 显山露水 盟山誓海
mttjq	所以 所需 远山近水 邈以山河 大雨瓢泼
mttm	有的 是的 是把 自己的 所以然
mttma	有的 戴月披星
mttmd	是的 是把 自己的 自掏腰包
mttmq	所以然 大功毕成
mttp	左手 狙击手 凤臆龙鬐 自我批评 两肋插刀
mttpa	左手
mttpd	凤臆龙鬐 自我批评 日已三竿
mttpq	狙击手 两肋插刀 犹恐失之
mttq	包裹 暴衣露冠 日朘月减 风险投资
mttqa	包裹
mttqd	暴衣露冠 日朘月减 风险投资
mttt	是指 大拇指 风霜雨雪 有雷阵雨 有需要的
mttta	有雷阵雨 有需要的 直抒胸臆
mtttd	是指 风霜雨雪 风雨飘摇
mtttq	大拇指 大打折扣 牵肠挂肚
mttx	明月 有用 在陕西省 自我陶醉 日朘月削
mttxa	有用 在陕西省 勾三搭四
mttxd	明月 自我陶醉 日朘月削
mttxq	牵衣投辖 所向披靡 同工异曲
mtx	曼陀罗 成功率
mtxa	剔抽禿刷 十指连弹 自找麻烦 裁月镂云
mtxaa	十指连弹 裁月镂云
mtxad	剔抽禿刷 自找麻烦
mtxd	有点 有钱 有种 肩上 医院急救
mtxda	有点 有钱 有种 医院急救
mtxdd	自我解嘲
mtxdq	肩上 同气连枝
mtxg	有意 有期 有序 成功率 巴勒斯坦
mtxga	有意 有期 有序 成功率 在拐角处
mtxgd	自我意志
mtxgq	巴勒斯坦 大胖小子
mtxj	才可 有错 曼陀罗 直接受益 巴山蜀水
mtxja	才可 有错 直接受益 囊括四海 马龙车水
mtxjd	曼陀罗
mtxjq	巴山蜀水 大廷广众
mtxm	直接受理 短斤少两 太白金星 两三小时 自投罗网
mtxma	直接受理 成龙配套
mtxmd	短斤少两 自投罗网
mtxmq	太白金星 两三小时
mtxp	达到 有利 威胁利诱 自我意识 威迫利诱
mtxpa	有利 威胁利诱 威迫利诱
mtxpd	自我意识
mtxpq	达到 大异其趣
mtxq	有爱 破肝糜胃 南山铁案 晓以利害 二三其德
mtxqa	有爱 南山铁案
mtxqd	晓以利害
mtxqq	破肝糜胃 二三其德
mtxt	十三四岁 巴山夜雨 剔抽秃揣 知我罪我 弄巧反拙
mtxta	十三四岁 弄巧反拙
mtxtd	剔抽秃揣 知我罪我 日月其除
mtxtq	巴山夜雨
mtxx	二三其意 凤毛麟角 两三点钟 勃然变色 自然反应
mtxxa	勃然变色 颠毛种种 有隙可乘 才疏意广 南山可移
mtxxd	凤毛麟角 自然反应
mtxxq	二三其意 两三点钟
mxa	星期六
mxaa	匀速运动 匡其不逮 狼顾鸱张 内省不疚 马尘不及
mxaaa	匀速运动 匡其不逮 马尘不及
mxaaq	狼顾鸱张 内省不疚
mxag	大音希声 大可不必 奇离古怪 马迹蛛丝 息迹静处
mxaga	马迹蛛丝
mxagd	息迹静处
mxagq	大音希声 大可不必 奇离古怪
mxaj	星期六 大厦将倾 风轻云淡
mxajd	星期六 风轻云淡
mxajq	大厦将倾
mxam	自顾不暇 大厦将颠 戴玄履黄 有点问题
mxama	戴玄履黄 有点问题
mxamd	自顾不暇
mxamq	大厦将颠
mxap	碎片 州委书记 狼顾鸱跱 太麻烦了 理应如此
mxapa	理应如此
mxapd	州委书记 风禾尽起
mxapq	碎片 狼顾鸱跱 太麻烦了
mxaq	有意引进 独占鳌头 风轻云净 卖爵鬻官
mxaqa	有意引进 卖爵鬻官
mxaqd	风轻云净
mxaqq	独占鳌头
mxat	丹青 直上云霄 知错不改 风虎云龙 现钟不打
mxata	直上云霄 现钟不打
mxatd	知错不改 风虎云龙
mxatq	丹青
mxax	奇妙 南鹞北鹰 南辕北辙 破铜烂铁 才广妨身
mxaxa	南鹞北鹰 南辕北辙 才广妨身 真金不镀
mxaxq	奇妙 破铜烂铁
mxd	有利于 玛利亚
mxda	玛利亚 独当一面 时和年丰
mxdaa	玛利亚
mxdad	时和年丰
mxdaq	独当一面
mxdd	直到下午 匏瓜空悬 载歌且舞 最后一天
mxdda	直到下午 载歌且舞
mxddd	最后一天
mxddq	匏瓜空悬
mxdg	暗中 在市中心 同利相死 两点一线 暴虐无道
mxdga	在市中心
mxdgd	暗中 暴虐无道
mxdgq	同利相死 两点一线 太上忘情
mxdj	远离政治 左翼政治 最后一刻 最后一个 两虎相斗
mxdja	左翼政治
mxdjd	最后一刻 最后一个 日久年深
mxdjq	远离政治 两虎相斗 大厦栋梁 貌离神合 二虎相斗
mxdm	有利于 星期天 所剩无几 风靡一时 两小无猜
mxdma	有利于
mxdmd	星期天 风靡一时 星罗棋布 日甚一日
mxdmq	所剩无几 两小无猜
mxdp	暗示 专利权 右翼政党 远离一切 左翼政党
mxdpa	右翼政党 左翼政党
mxdpd	暗示 日久天长
mxdpq	专利权 远离一切
mxdq	包罗万象 最后一次
mxdqa	包罗万象
mxdqd	最后一次
mxdt	最后一集 顺应形势 赔身下气 自废武功
mxdtd	最后一集 顺应形势 赔身下气 自废武功
mxdx	有意无意 大辂椎轮 最后一秒
mxdxa	有意无意
mxdxd	最后一秒
mxdxq	大辂椎轮
mxg	有意义 照镜子
mxga	有意义 大少爷 献可替否
mxgaa	有意义 献可替否
mxgaq	大少爷
mxgd	直到高中 明镜高悬
mxgda	直到高中
mxgdd	明镜高悬
mxgg	照镜子 肉颤心惊 财色兼收 犯罪分子 顽廉懦立
mxggd	照镜子 财色兼收
mxggq	肉颤心惊 犯罪分子 顽廉懦立
mxgj	确立 有利条件 川壅必溃 才占八斗
mxgja	有利条件 才占八斗
mxgjd	川壅必溃
mxgjq	确立
mxgm	直到永远 珠穆朗玛 晦迹韬光
mxgma	直到永远 珠穆朗玛
mxgmd	晦迹韬光
mxgp	奇怪 破愁为笑 破觚为圜 贻厥孙谋
mxgpd	贻厥孙谋
mxgpq	奇怪 破愁为笑 破觚为圜
mxgq	贴着 马上墙头 最后关头
mxgqa	马上墙头
mxgqd	贴着 最后关头
mxgt	知错就改 有错就改 戴罪立功 肩摩毂击
mxgta	有错就改 戴罪立功
mxgtd	知错就改
mxgtq	肩摩毂击
mxgx	在桌子上 直到结束 几种颜色 在战场上 破镜分钗
mxgxa	在桌子上 直到结束 在战场上
mxgxd	几种颜色 日夜兼程
mxgxq	破镜分钗 两厢情愿 犯罪前科
mxj	有可能 有钱人
mxja	辛苦 在卫生间 朝歌暮弦 犯上作乱 最后通牒
mxjaa	辛苦 在卫生间 朝歌暮弦 骈四俪六 黄雀伺蝉
mxjad	最后通牒
mxjaq	犯上作乱 狂轰滥炸
mxjd	确保 在尖沙咀 自上而下 同床共枕 匿迹潜形
mxjda	在尖沙咀 匿迹潜形
mxjdd	自上而下
mxjdq	确保 同床共枕
mxjg	丹药 景点介绍 十四世纪 朝锺暮鼓 韩卢逐块
mxjga	十四世纪 朝锺暮鼓 韩卢逐块 马尔代夫 朝钟暮鼓
mxjgd	景点介绍 晨钟暮鼓 日久生情 赚点外快 风急浪高
mxjgq	丹药
mxjj	景点众多 顺应潮流 有点做作 朝饔夕飧 破镜重合
mxjja	有点做作 朝饔夕飧 韩卢逐逡 弄虚作假 朝种暮获
mxjjd	景点众多 顺应潮流 风尘仆仆
mxjjq	破镜重合 同尘合污 套期保值 同甘共苦
mxjm	时移世易 时至今日 时移俗易 颠鸾倒凤 风靡全球
mxjma	颠鸾倒凤 直至今日
mxjmd	时移世易 时至今日 时移俗易 风靡全球 旦种暮成
mxjp	短信 有钱人 博采众长 日转千街 破镜重圆
mxjpa	有钱人 博采众长
mxjpd	短信 日转千街
mxjpq	破镜重圆
mxjq	巴黎世家 才秀人微 同音共律
mxjqa	才秀人微
mxjqq	巴黎世家 同音共律
mxjt	有可能 自身优势 最省油的 猛虎深山 知错能改
mxjta	有可能
mxjtd	自身优势 最省油的 知错能改 日转千阶 日角偃月
mxjtq	猛虎深山
mxjx	时应注意 直到深夜 自身体质 星移斗转 马可波罗
mxjxa	直到深夜 马可波罗 朝斯夕斯
mxjxd	时应注意 自身体质 星移斗转
mxjxq	猛虎添翼
mxm	尤其是
mxma	暧昧 自习时间 南蛮鴂舌 左辅右弼
mxmaa	南蛮鴂舌 左辅右弼
mxmad	暧昧 自习时间
mxmd	狐狸 有输有赢 直上直下 有利时机 有利有弊
mxmda	有输有赢 直上直下 有利时机 有利有弊 马鹿易形
mxmdd	风和日丽
mxmdq	狐狸
mxmg	暗自 贴在 自顾自地 夙夜在公 风和日美
mxmga	马上房子
mxmgd	暗自 贴在 自顾自地 夙夜在公 风和日美
mxmj	直到大学 申酉戌亥 赃秽狼藉 黄金时代 医科大学
mxmja	直到大学 黄金时代 医科大学
mxmjd	申酉戌亥 赃秽狼藉 最后时刻 明争暗斗 早占勿药
mxmjq	光彩照人
mxmm	凤枭同巢 风和日暄 破觚斫雕 直到现在 大煞风景
mxmma	直到现在
mxmmd	凤枭同巢 风和日暄 风度翩翩 风韵犹存 自轻自贱
mxmmq	破觚斫雕 大煞风景
mxmp	大煞风趣 赃私狼籍 瑰意琦行
mxmpa	瑰意琦行
mxmpd	赃私狼籍
mxmpq	大煞风趣
mxmq	狰狞 自斟自饮 明廉暗察 骖鸾驭鹤 光彩夺目
mxmqa	骖鸾驭鹤 左顾右盼
mxmqd	自斟自饮 明廉暗察
mxmqq	狰狞 光彩夺目 大度包容
mxmt	尤其是 确是 顺应时势 在广州的 顺其自然
mxmta	在广州的 马到成功 有负所托
mxmtd	尤其是 顺应时势 顺其自然
mxmtq	确是 狼顾狐疑
mxmx	短短 暗暗 直到最后 在意大利 自私自利
mxmxa	直到最后 在意大利 黄雀在后 琢磨琢磨
mxmxd	短短 暗暗 自私自利 日角珠庭
mxmxq	獐麇马鹿 砸锅卖铁
mxp	有点儿 玩意儿
mxpa	有利因素 大受欢迎 丹铅甲乙 马上回来 知音难寻
mxpaa	有利因素 马上回来 黄钟毁弃
mxpad	知音难寻
mxpaq	大受欢迎 丹铅甲乙 大致说来
mxpd	有点儿 玩意儿 有意识 犯错误 献身精神
mxpda	有点儿 玩意儿 有意识 献身精神 骑虎难下
mxpdd	知音难求
mxpdq	犯错误 破瓜之年 狼顾鸢视 同床各梦
mxpg	独到之处 短小精悍 狗急跳墙 内顾之忧 黄钟瓦釜
mxpga	黄钟瓦釜
mxpgd	短小精悍
mxpgq	独到之处 狗急跳墙 内顾之忧 夺其谈经
mxpj	确认 碎了 犯了 现身说法 自身难保
mxpja	现身说法
mxpjd	自身难保
mxpjq	确认 碎了 犯了 砍瓜切菜 光可鉴人
mxpm	匀速行驶 珠翠之珍 黄雀衔环 真可谓是 狐虎之威
mxpma	匀速行驶 珠翠之珍 黄雀衔环 真可谓是
mxpmd	知小谋大
mxpmq	狐虎之威
mxpp	在色之戒 南金东箭
mxppa	在色之戒 南金东箭
mxpq	量小力微
mxpqd	量小力微
mxpt	时序数据 肩摩踵接 猛虎出山
mxptd	时序数据
mxptq	肩摩踵接 猛虎出山
mxpx	在卓越上 风尘之变 知音难觅 豺虎肆虐
mxpxa	在卓越上
mxpxd	风尘之变 知音难觅
mxpxq	豺虎肆虐
mxq	有意思
mxqa	太上老君
mxqaq	太上老君
mxqd	直到遇见 有期徒刑
mxqda	直到遇见 有期徒刑
mxqg	耀眼 奇特 有意思 有上进心 日臻完美
mxqga	有意思 有上进心
mxqgd	日臻完美 日臻完善
mxqgq	耀眼 奇特
mxqj	景色宜人 才轻德薄 暴虎冯河
mxqja	才轻德薄
mxqjd	景色宜人 暴虎冯河
mxqm	顺利完成
mxqmd	顺利完成
mxqp	碳酸饮料
mxqpq	碳酸饮料
mxqq	确实 自习教室 量身定制 两豆塞耳
mxqqd	自习教室 量身定制
mxqqq	确实 两豆塞耳
mxqt	确定 自愿选择 十四五岁 斫轮老手
mxqta	十四五岁
mxqtd	自愿选择
mxqtq	确定 斫轮老手
mxqx	有色眼镜 大错特错
mxqxa	有色眼镜
mxqxq	大错特错
mxt	太上皇 才可以
mxta	右转向灯 猛虎插翅 巴尔扎克 日锻月炼
mxtaa	右转向灯
mxtad	日锻月炼
mxtaq	猛虎插翅 巴尔扎克
mxtd	在应用中 远离手机 匿迹隐形 同床异梦 马鹿异形
mxtda	在应用中 匿迹隐形 马鹿异形
mxtdq	远离手机 同床异梦
mxtg	专车接送 南斯拉夫 日角龙颜
mxtga	南斯拉夫
mxtgd	日角龙颜
mxtgq	专车接送
mxtj	奇异 才可以 自甘堕落 日久岁深 马上看花
mxtja	才可以 马上看花
mxtjd	自甘堕落 日久岁深 暗锤打人 日省月修 日夜操劳
mxtjq	奇异
mxtm	太上皇 直到这时 自负盈亏 马到功成 远香近臭
mxtma	直到这时 马到功成 马上功成
mxtmd	自负盈亏 暗香疏影
mxtmq	太上皇 远香近臭 大车以载
mxtp	日久岁长 日上三竿 日程月课 日省月课 日省月试
mxtpd	日久岁长 日上三竿 日程月课 日省月课 日省月试
mxtq	达尔文 日积月聚 日积月累 卖身投靠 日削月割
mxtqa	卖身投靠
mxtqd	日积月聚 日积月累 日削月割
mxtqq	达尔文
mxtt	所采用的 大受打击 现钟弗打 日削月朘 囊锥露颖
mxtta	现钟弗打 囊锥露颖
mxttd	日削月朘
mxttq	所采用的 大受打击
mxtx	自愿接受 自底向上 在乘用车 日角龙庭 真金白银
mxtxa	在乘用车 真金白银
mxtxd	自愿接受 自底向上 日角龙庭 日销月铄
mxx	光秃秃 感受到
mxxa	奇迹 有色金属 元音音素 南蛮鴃舌 有点麻烦
mxxaa	有色金属 南蛮鴃舌 有点麻烦 朝歌夜弦
mxxaq	奇迹 元音音素 大醇小疵
mxxd	景色秀丽 歇斯底里 凤靡鸾吪 琼厨金穴 远离尘嚣
mxxda	琼厨金穴
mxxdd	景色秀丽 歇斯底里 凤靡鸾吪
mxxdq	远离尘嚣 狼顾虎视
mxxg	尤其 狼顾麕惊 雕章镂句 巴基斯坦 匿迹销声
mxxga	匿迹销声 王后卢前
mxxgd	尤其
mxxgq	狼顾麕惊 雕章镂句 巴基斯坦
mxxj	犯错 大庭广众 自欺欺人 明罚敕法
mxxjd	自欺欺人 明罚敕法
mxxjq	犯错 大庭广众
mxxm	光秃秃 自愿原则 威斯康星
mxxma	威斯康星
mxxmd	自愿原则
mxxmq	光秃秃
mxxp	犯罪 感受到 直辖市 有利可图
mxxpa	感受到 直辖市 有利可图
mxxpq	犯罪
mxxq	黄金铸象 马角乌头 有点意思 有迹可循 马斯科特
mxxqa	黄金铸象 马角乌头 有点意思 有迹可循 马斯科特
mxxt	短暂 马角乌白
mxxta	马角乌白
mxxtd	短暂
mxxx	大哥哥 自转速度 远离战争 暗度金针
mxxxd	自转速度 暗度金针
mxxxq	大哥哥 远离战争
paa	儿媳妇 糖尿病
paaa	精灵 儿媳妇 言辞凿凿 诟如不闻 刀耕火耘
paaad	言辞凿凿 诟如不闻 诈奸不及
paaaq	精灵 儿媳妇 刀耕火耘 坚强不屈 刀耕火耨
paad	请问 糖尿病 筚门闺窦
paada	筚门闺窦
paadd	请问
paadq	糖尿病
paag	归来 订阅 赶尽杀绝 言不及义
paagd	订阅 言不及义
paagq	归来 赶尽杀绝
paaj	诘屈聱牙
paajd	诘屈聱牙
paam	词不逮理 诈痴不颠 长乐未央
paamd	词不逮理 诈痴不颠
paamq	长乐未央
paap	走不动了 国将不国
paapa	国将不国
paapq	走不动了
paaq	躁动不安
paaqq	躁动不安
paat	紧张局势 回春妙手
paata	回春妙手
paatq	紧张局势
paax	行不履危 刀耕火种 笔耕不辍 言不尽意
paaxa	笔耕不辍
paaxd	言不尽意
paaxq	行不履危 刀耕火种
pad	发动机 出版社
pada	发展史 甲乙丙丁
padad	发展史 甲乙丙丁
padd	管闲事
padda	管闲事
padg	出版社
padgd	出版社
padj	请求 鼠疫杆菌 对症下药 行不更名 足慰平生
padja	对症下药
padjd	请求
padjq	鼠疫杆菌 行不更名 足慰平生 默契神会
padm	精神 发动机 发屋求狸 各不相同 起居无时
padmd	发动机 发屋求狸 各不相同
padmq	精神 起居无时
padp	行业术语 谩辞哗说 蹑屩檐簦 等闲视之 各不相让
padpa	等闲视之
padpd	谩辞哗说 各不相让 各不相谋
padpq	行业术语 蹑屩檐簦 行不副言
padq	长相 发怒穿冠 长效机制 回炉再造 国泰民安
padqa	回炉再造 国泰民安
padqd	发怒穿冠
padqq	长相 长效机制 行不由径
padt	言不由衷 临门一脚 衔尾相随
padtd	言不由衷
padtq	临门一脚 衔尾相随
padx	毁尸灭迹
padxq	毁尸灭迹
pag	回不去 党支部
paga	七病八痛
pagaa	七病八痛
pagd	党支部 行将就木 难如登天 七张八嘴 七舌八嘴
pagda	难如登天 七张八嘴 七舌八嘴
pagdd	党支部
pagdq	行将就木
pagg	断壁残垣 悲痛欲绝 诪张为幻 七疮八孔
pagga	悲痛欲绝 七疮八孔
paggd	诪张为幻
paggq	断壁残垣
pagj	订立 回不去 行古志今 精耕细作 精妙绝伦
pagja	回不去 七病八倒
pagjd	订立
pagjq	行古志今 精耕细作 精妙绝伦 超群绝伦
pagm	断壁残璋 坚如磐石 七青八黄
pagma	七青八黄
pagmq	断壁残璋 坚如磐石
pagp	谁不喜欢 回不去了 步履维艰 儿女情长
pagpa	回不去了
pagpd	谁不喜欢 步履维艰
pagpq	儿女情长
pagq	简单 订单 长着 非奸即盗 儿女亲家
pagqa	简单 非奸即盗
pagqd	订单
pagqq	长着 儿女亲家
pagt	谈判 回北京的 七歪八扭 七支八搭 儿女心肠
pagta	回北京的 七歪八扭 七支八搭
pagtd	谈判
pagtq	儿女心肠
pagx	精心 谩不经意 刃迎缕解
pagxd	谩不经意
pagxq	精心 刃迎缕解
paj	忍不住 说不清
paja	说不清 数不清 力不能及 力不能支 臼灶生蛙
pajaa	戏蝶游蜂
pajad	说不清 力不能及 力不能支
pajaq	数不清 臼灶生蛙
pajd	坚壁清野 说不清楚 出将入相 频来入梦 料敌若神
pajdd	说不清楚 出将入相 频来入梦 诈痴佯呆
pajdq	坚壁清野 料敌若神
pajg	忍不住 止不住 对不住 止不住地 认奴作郞
pajga	对不住
pajgd	止不住 止不住地 认奴作郞 力不从心 说不过去
pajgq	忍不住 默不作声
pajj	糊涂 长剑 衡门深巷 行不逾方 行云流水
pajja	恩不放债
pajjd	诱敌深入
pajjq	糊涂 长剑 衡门深巷 行不逾方 行云流水
pajm	精英 桑弧蓬矢
pajma	桑弧蓬矢
pajmq	精英
pajp	数人 长生 请人 读书人 欢迎仪式
pajpa	欢迎仪式
pajpd	请人 读书人 话不多说 记不清了 计不旋踵
pajpq	数人 长生
pajq	数学 行不从径 行动坐卧 粉面油头
pajqq	数学 行不从径 行动坐卧 粉面油头
pajt	长江 精华 逃不过 止不住的 迷魂淫魄
pajta	恩将仇报
pajtd	止不住的 谋如涌泉
pajtq	长江 精华 逃不过 迷魂淫魄
pajx	请您 请你 长效激励 走火入魔 悲春伤秋
pajxa	悲春伤秋 桑间濮上
pajxd	请您 请你 力敌千钧 发引千钧
pajxq	长效激励 走火入魔 黑不溜秋
pam	又不是 难不成
pama	难不成 尚书左丞 临敌易将 儿女成群
pamaa	难不成
pamad	尚书左丞
pamaq	临敌易将 儿女成群
pamd	长大 数量 归属感 览闻辩见 调舌弄唇
pamda	篝火狐鸣 鸡飞狗叫
pamdd	调舌弄唇
pamdq	长大 数量 归属感 览闻辩见
pamg	谁不知道 掌灯时分
pamgd	谁不知道 掌灯时分
pamj	长时 加适量水 记不太清 出门在外 各尽所能
pamja	帷灯匣剑
pamjd	加适量水 记不太清 出门在外 各尽所能
pamjq	长时 行奸卖俏
pamm	粉妆玉砌 粉妆玉琢
pammq	粉妆玉砌 粉妆玉琢
pamp	数十 长远 各展所长 鸡飞狗跳 出问题了
pampa	鸡飞狗跳 鸡飞狗走
pampd	各展所长 出问题了
pampq	数十 长远 儿女成行
pamq	简直 逃避现实 笔耕砚田
pamqa	简直 笔耕砚田
pamqq	逃避现实
pamt	话题 又不是 出问题 力不自胜 迷魂夺魄
pamta	又不是 悲不自胜
pamtd	话题 出问题 力不自胜 说不明白
pamtq	迷魂夺魄 断烂朝报
pamx	词不达意 策驽砺钝
pamxa	策驽砺钝
pamxd	词不达意
pap	越来越 对不起
papa	长长 谈话 越来越瘦 越来越烂 越来越好
papaa	筋疲力尽
papad	谈话 说不出来 力尽筋疲
papaq	长长 越来越瘦 越来越烂 越来越好 越来越火
papd	发展观 越来越响 越来越严 越来越想 对不起啦
papda	对不起啦
papdd	发展观 力屈计穷 说不出口
papdq	越来越响 越来越严 越来越想 行尸走骨
papg	话说 越来越懒 越来越亮 越来越细 说来说去
papga	算来算去 筋疲力竭
papgd	话说 说来说去
papgq	越来越懒 越来越亮 越来越细 越来越差 走来走去
papj	断了 精力 行动力 谈论 对不对
papja	对不对 帷灯箧剑 对症之药
papjd	谈论 该不该 谈古论今 让不让人 记问之学
papjq	断了 精力 行动力 越来越像 行不贰过
papm	越来越 越来越咸 算不算是 越来越有 行尸走肉
papma	算不算是 双眉紧蹙
papmq	越来越 越来越咸 越来越有 行尸走肉 足不出户
papp	尝试 长发 发展出了 越来越长 越来越难
pappa	等闲之辈
pappd	尝试 发展出了 步履蹒跚 诸如此类 认不认识
pappq	长发 越来越长 越来越难
papq	词语 话语 算不算 越来越凉 越来越老
papqa	算不算 了不长进 观眉说眼
papqd	词语 话语 诗书发冢
papqq	越来越凉 越来越老 越来越次 断还归宗
papt	对不起 了不起 越来越向 越来越近
papta	对不起 了不起
paptq	越来越向 越来越近
papx	长辈 行不行 越来越稀 越来越广 越来越少
papxq	长辈 行不行 越来越稀 越来越广 越来越少
paq	说不定 图书馆
paqa	长安 黑灯瞎火 读书得间
paqad	读书得间
paqaq	长安 黑灯瞎火
paqd	谈不容口 糖舌蜜口
paqdd	谈不容口
paqdq	糖舌蜜口
paqg	数字
paqgq	数字
paqj	长老 回娘家 东北制药 鸡尸牛从
paqja	回娘家 东北制药 鸡尸牛从
paqjq	长老
paqm	长得 了不得 说不得
paqma	了不得
paqmd	说不得
paqmq	长得
paqp	数额 行业资讯 记不得了 鸢飞鱼跃 七尺男儿
paqpa	七尺男儿
paqpd	记不得了 计将安出
paqpq	数额 行业资讯 鸢飞鱼跃
paqq	图书馆 发怒冲冠 因敌取资
paqqa	图书馆 因敌取资
paqqd	发怒冲冠
paqt	说不定 固定 精准 说不准 鸡虫得失
paqta	固定 鸡虫得失
paqtd	说不定 说不准
paqtq	精准 料敌制胜
paqx	忍痛割爱
paqxq	忍痛割爱
pat	请不要 甲状腺
pata	数据 请不要 甲状腺素 蹄闲三寻 蹄间三寻
patad	请不要 甲状腺素
pataq	数据 蹄闲三寻 蹄间三寻 蹄閒三寻 路不拾遗
patd	话不投机 东张西望 粉面朱唇
patda	东张西望
patdd	话不投机
patdq	粉面朱唇
patg	趁火打劫 粮尽援绝 力敌势均
patgd	力敌势均
patgq	趁火打劫 粮尽援绝
patj	固执 东怒西怨 发奸擿伏 力不胜任 读书三余
patja	固执 东怒西怨
patjd	发奸擿伏 力不胜任 读书三余
patm	固然 出来的 讳疾忌医
patma	固然
patmd	出来的 讳疾忌医
patp	数不胜数 蹑屩担簦 了如指掌 瓦努阿图 超群拔类
patpa	了如指掌 瓦努阿图
patpq	数不胜数 蹑屩担簦 超群拔类
patq	出如脱兔
patqd	出如脱兔
patt	甲状腺 趋炎附势 鸡飞蛋打 行不胜衣
patta	鸡飞蛋打
pattd	甲状腺
pattq	趋炎附势 行不胜衣
patx	架屋迭床 踞炉炭上 诚不我欺 读书三到
patxd	架屋迭床 诚不我欺 读书三到
patxq	踞炉炭上
pax	谈不上 说不上
paxa	肆虐 说不上来
paxad	说不上来
paxaq	肆虐
paxd	精彩 谈不上 说不上 赶不上 趣闻轶事
paxda	对不上号 了不可见
paxdd	谈不上 说不上 各司其事
paxdq	精彩 赶不上 趣闻轶事 鬓乱钗横
paxg	长期 长久 精致 儿女私情 难辞其咎
paxga	难辞其咎
paxgd	读书种子
paxgq	长期 长久 精致 儿女私情 断壁颓垣
paxj	算不上多 起承转合
paxja	算不上多
paxjq	起承转合
paxm	说不上是
paxmd	说不上是
paxp	办不到 踏故习常 诚如斯言 箭不虚发 笑面夜叉
paxpa	箭不虚发 笑面夜叉
paxpd	办不到 诚如斯言
paxpq	踏故习常
paxq	各尽其职 各司其职
paxqd	各尽其职 各司其职
paxt	七局四胜 精虫上脑 坚不可摧
paxta	七局四胜
paxtq	精虫上脑 坚不可摧
paxx	词库 简称 话音 发炎反应 悲剧色彩
paxxa	简称 悲剧色彩
paxxd	词库 话音 发炎反应 甲不离身
pda	精神病
pdaa	言无不尽
pdaad	言无不尽
pdad	加强 回避 精神病 精神支柱 第一支柱
pdada	回避 第一支柱
pdadd	加强
pdadq	精神病 精神支柱 毁于蚁穴 路见不平 料事如神
pdag	回来 赶来 诞妄不经 瓦器蚌盘 东亚病夫
pdaga	回来 瓦器蚌盘 东亚病夫 观望不前
pdagd	诞妄不经
pdagq	赶来
pdaj	长林丰草 瓦查尿溺 刀枪不入 刀下留人 管窥蠡测
pdaja	瓦查尿溺 管窥蠡测
pdajq	长林丰草 刀枪不入 刀下留人
pdam	儿女 诸事不顺 说一不二 谈吐不凡 划一不二
pdamd	诸事不顺 说一不二 谈吐不凡
pdamq	儿女 划一不二
pdap	第一书记 谋无遗策 精神焕发 算无遗策 语焉不详
pdapa	第一书记 算无遗策
pdapd	谋无遗策 语焉不详 尚且如此 谋无遗谞
pdapq	精神焕发 衔枚疾走 墨突不黔
pdaq	第一印象 诸事不宜 数见不鲜
pdaqa	第一印象
pdaqd	诸事不宜
pdaqq	数见不鲜
pdat	精神不振 刀口舔血 精神病院
pdatq	精神不振 刀口舔血 精神病院
pdax	欢迎 欢乐 第一乐章 非机动车 皮里春秋
pdaxa	欢迎 欢乐 第一乐章 非机动车 皮里春秋
pdd	第一天 笑嘻嘻
pdda	回味
pddaa	回味
pddd	回事 诅咒 回味无穷 回天无术
pddda	回事 回味无穷 回天无术
pdddd	诅咒
pddg	笑嘻嘻 长叹一声 党政机关 党员干部 加权平均
pddga	笑嘻嘻
pddgd	党政机关 党员干部 加权平均
pddgq	长叹一声 行政机关
pddj	召开 笑吟吟 精神百倍 趣味横生 止于唇齿
pddja	笑吟吟
pddjd	止于唇齿 让礼一寸
pddjq	召开 精神百倍 趣味横生 忍辱求全
pddm	回复 第一天 毁于一旦 管中窥豹 出于无奈
pddma	回复 第一天 管中窥豹
pddmd	出于无奈
pddmq	毁于一旦
pddp	师兄 识别 行万里路 东窗事发 回天无力
pddpa	东窗事发 回天无力
pddpd	识别
pddpq	师兄 行万里路
pddq	回想 发植穿冠
pddqa	回想
pddqd	发植穿冠
pddt	欢呼 精神一振 圆柱形的 趣味相投 诛求无已
pddta	欢呼 圆柱形的
pddtd	诛求无已
pddtq	精神一振 趣味相投 精神一震 黩武穷兵
pddx	召唤 笑呵呵 等一下 国民政府 第一桶金
pddxa	笑呵呵 等一下 国民政府 第一桶金
pddxd	误中副车 诛求无厌
pddxq	召唤
pdg	第一条 第一句
pdga	回忆 师父 读万卷书 桑枢瓮牖 七嘴八舌
pdgaa	回忆 桑枢瓮牖 七嘴八舌 七嘴八张 七穿八烂
pdgad	读万卷书
pdgaq	师父 行政部门
pdgd	欢喜 儿童 赶忙 第一条 第一部中
pdgda	欢喜 第一条 第一部中 因祸为福 七事八事
pdgdd	说嘴郎中 说干就干
pdgdq	儿童 赶忙
pdgg	儿子 箱子 证券 精神愉悦 欢天喜地
pdgga	箱子 欢天喜地
pdggd	证券
pdggq	儿子 精神愉悦 精神分裂
pdgj	回去 第一句 国民经济 七窝八代 行政单位
pdgja	回去 第一句 国民经济 七窝八代 第一夫人
pdgjq	行政单位 贤妻良母 归根结蒂 路柳墙花 踵事增华
pdgm	加快 回首 赶快 讨恶翦暴 精神恍忽
pdgma	回首 固本培元 七棱八瓣
pdgmd	加快 讨恶翦暴 敞开心扉
pdgmq	赶快 精神恍忽
pdgp	难听死了 走下坡路 跑哪去了 难鸣孤掌 七横八竖
pdgpa	难听死了 难鸣孤掌 七横八竖
pdgpq	走下坡路 跑哪去了
pdgq	七开八得
pdgqa	七开八得
pdgt	说正经的
pdgtd	说正经的
pdgx	困境 办事处 归根结底 第一志愿 了无惧意
pdgxa	困境 第一志愿 了无惧意 七平八稳
pdgxd	办事处
pdgxq	归根结底 黑更半夜 断根绝种
pdj	行政法 第一位
pdja	观念 误会 评估 黑社会 党恶佑奸
pdjaa	观念 七窍生烟
pdjad	误会 评估 党恶佑奸 调嘴学舌
pdjaq	黑社会
pdjd	加油 加重 第一名 第一件事 该事件中
pdjda	第一名 第一件事 切树倒根
pdjdd	加油 加重 该事件中 说一件事
pdjdq	行号巷哭 跛鳖千里
pdjg	非法 行政法 第一位 忍辱含羞 回嗔作喜
pdjga	非法 第一位 回嗔作喜
pdjgq	行政法 忍辱含羞 临事而惧 忍辱含垢
pdjj	许多 评价 观众 圆满 回荡
pdjja	观众 圆满 回荡 笔下生花 双柑斗酒
pdjjd	许多 评价 发政施仁 发号施令 出神入化
pdjjq	精神创伤 精神涣散 忍辱偷生
pdjm	师傅 非洲 谈吐生风 刀枪剑戟 桑榆暮景
pdjma	非洲 桑榆暮景
pdjmd	谈吐生风
pdjmq	师傅 刀枪剑戟
pdjp	证人 街机游戏 计无付之 难更仆数 笑里藏刀
pdjpa	难更仆数 笑里藏刀 了无生趣 等一会儿 鸡鸣而起
pdjpd	证人 计无付之
pdjpq	街机游戏
pdjq	因材施教 出口入耳 语无伦次
pdjqa	因材施教
pdjqd	出口入耳 语无伦次
pdjt	加入 回过 精神满腹 刃树剑山 诈哑佯聋
pdjta	回过 第一个月 七窍流血
pdjtd	加入 诈哑佯聋
pdjtq	精神满腹 刃树剑山
pdjx	精神依赖 第一人称 刀枪入库
pdjxa	第一人称
pdjxq	精神依赖 刀枪入库
pdm	党中央 行政区
pdma	行政区 长虺成蛇 调嘴弄舌 管见所及 调唇弄舌
pdmaa	管见所及 非礼勿动 国无二君 第一时间 七窍冒火
pdmad	调嘴弄舌 调唇弄舌
pdmaq	行政区 长虺成蛇
pdmd	驾驶 加大 切中时弊 词穷理极 粗枝大叶
pdmda	切中时弊 鸡鸣狗吠 非礼勿听 非礼勿视 囿于成见
pdmdd	驾驶 加大 词穷理极 诗中有画 说一是一
pdmdq	粗枝大叶 长吁短叹
pdmg	非凡 长下影线 诸事顺遂 谩天昧地 调神畅情
pdmga	非凡 第一现场 皮开肉绽
pdmgd	诸事顺遂 谩天昧地 调神畅情 诸事顺心
pdmgq	长下影线 粗中有细
pdmj	东野巴人 谈吐风生 计无所施 常年在外 谋事在人
pdmja	东野巴人
pdmjd	谈吐风生 计无所施 常年在外 谋事在人 言无二价
pdmjq	鼠窃狗偷
pdmm	党中央 七窍玲珑 鼠窜狼奔
pdmma	七窍玲珑
pdmmd	党中央
pdmmq	鼠窜狼奔
pdmp	加班 话中有话 临别赠言 迷天大谎 行政区划
pdmpa	非礼勿言
pdmpd	加班 话中有话 话里有话 计无所出
pdmpq	临别赠言 迷天大谎 行政区划
pdmq	止于智者 鸡鸣狗盗 精神财富 鼠窃狗盗 踢天弄井
pdmqa	鸡鸣狗盗
pdmqd	止于智者
pdmqq	精神财富 鼠窃狗盗 踢天弄井
pdmt	证明 或是 了无牵挂 长枕大被
pdmta	了无牵挂
pdmtd	证明
pdmtq	或是 长枕大被
pdmx	迷天大罪 黔突暖席 出口成章 粉骨碎身
pdmxd	出口成章
pdmxq	迷天大罪 黔突暖席 粉骨碎身
pdp	第一步 国民党
pdpa	回归 肾盂肾炎 师兄师姐 国事访问 七年之病
pdpaa	回归 国事访问 七年之病 回想起来 七年之痒
pdpad	调嘴调舌 计穷力屈
pdpaq	肾盂肾炎 师兄师姐 臼杵之交
pdpd	或许 困惑 行李箱 试一试吧 起根发由
pdpda	困惑 笑口常开 皮相之见 劝百讽一
pdpdd	试一试吧 让开让开 讽一劝百 赏一劝百
pdpdq	或许 行李箱 起根发由 蹭吃蹭喝 走开走开
pdpg	糟糕 谭天说地 谩天谩地 谈空说幻 精于此道
pdpga	难兄难弟 桑中之约
pdpgd	谭天说地 谩天谩地 谈空说幻 谢天谢地 谈天说地
pdpgq	糟糕 精于此道 跼天蹐地
pdpj	回答 评论 管窥筐举 管吃管住 糊里糊涂
pdpja	回答 管窥筐举 管吃管住 切骨之仇 笔下超生
pdpjd	评论 言听计从 话里话外
pdpjq	糊里糊涂
pdpm	回国 数一数二 桑榆非晚 鸡鸣戒旦 谈空说有
pdpma	回国 桑榆非晚 鸡鸣戒旦
pdpmd	谈空说有
pdpmq	数一数二 断无此理
pdpp	非常 赶紧 第一步 国民党 试一试
pdppa	非常 第一步 国民党 回天之力 皮相之谈
pdppd	试一试 发型设计 谋听计行 诗礼之训 肯构肯堂
pdppq	赶紧 长见识了 精于算计
pdpq	认祖归宗 诗礼之家
pdpqd	认祖归宗 诗礼之家
pdpt	困难 欢笑 笑一笑 尚无证据 让再让三
pdpta	困难 欢笑 笑一笑
pdptd	尚无证据 让再让三
pdpx	越嚼越香 言下之意 谮下谩上 衔橛之虞 衔橛之变
pdpxa	笼中之鸟
pdpxd	言下之意 谮下谩上
pdpxq	越嚼越香 衔橛之虞 衔橛之变
pdq	第一次 又一次
pdqd	第一次 又一次 党史军史 因祸得福
pdqda	第一次 又一次 因祸得福
pdqdd	党史军史
pdqg	观察 第一眼 七相五公
pdqga	观察 第一眼 七相五公
pdqj	回家 回眸 行号卧泣
pdqja	回家 回眸
pdqjq	行号卧泣
pdqm	或者 回头 国无宁日
pdqma	回头 国无宁日
pdqmq	或者
pdqp	策略 精神食粮 询事考言
pdqpa	策略
pdqpd	询事考言
pdqpq	精神食粮
pdqq	证实 因事制宜
pdqqa	因事制宜
pdqqd	证实
pdqt	归正守丘 长年累月
pdqtq	归正守丘 长年累月
pdqx	此唱彼和 鸡口牛后
pdqxa	鸡口牛后
pdqxd	此唱彼和
pdt	第一批
pdta	证据 非要 笨嘴拙舌
pdtaa	非要 笨嘴拙舌
pdtad	证据
pdtd	东想西想 回天乏术 图穷匕见 黑咕隆咚
pdtda	东想西想 回天乏术 图穷匕见
pdtdq	黑咕隆咚
pdtg	加工 肆无忌惮 黑天摸地
pdtgd	加工
pdtgq	肆无忌惮 黑天摸地
pdtj	加以 课嘴撩牙 断杼择邻 断梗飘蓬
pdtjd	加以 课嘴撩牙
pdtjq	断杼择邻 断梗飘蓬
pdtm	困扰 精神抑郁 柴天改玉 此中三昧 皮里抽肉
pdtma	困扰 皮里抽肉
pdtmd	柴天改玉 此中三昧
pdtmq	精神抑郁
pdtp	精神异常 走一段路 许下誓言 精忠报国 黑恶势力
pdtpd	许下誓言
pdtpq	精神异常 走一段路 精忠报国 黑恶势力
pdtq	观看 柴天改物 切中要害 长年三老
pdtqa	观看 切中要害
pdtqd	柴天改物
pdtqq	长年三老
pdtt	第一批 精神抖擞
pdtta	第一批
pdttq	精神抖擞
pdtx	回报 粉骨捐躯 皮里阳秋 让枣推梨
pdtxa	回报 皮里阳秋
pdtxd	让枣推梨
pdtxq	粉骨捐躯
pdx	恩格斯 精神上
pdxd	加上 观点 赶上 精神上 难于上天
pdxda	观点 难于上天
pdxdd	加上
pdxdq	赶上 精神上
pdxg	许久 恩格斯 止于至善 精神意志 精神可嘉
pdxga	恩格斯
pdxgd	许久 止于至善
pdxgq	精神意志 精神可嘉
pdxj	回应 许可 忍辱负重
pdxja	回应
pdxjd	许可
pdxjq	忍辱负重
pdxm	尧年舜日 糊口度日
pdxmq	尧年舜日 糊口度日
pdxp	回到 驾到 赶到 箭无虚发 跌无可跌
pdxpa	回到 箭无虚发 欢呼雀跃
pdxpd	驾到 讷口少言
pdxpq	赶到 跌无可跌 忍无可忍
pdxq	因噎废食 长相厮守 趋于稳定
pdxqa	因噎废食
pdxqq	长相厮守 趋于稳定
pdxt	加速 误解
pdxtd	加速 误解
pdxx	回顾 粉骨糜躯 谗口铄金 第一反应 归根到底
pdxxa	回顾 第一反应 第一季度
pdxxd	谗口铄金 谁与争锋
pdxxq	粉骨糜躯 归根到底 临机应变 粉骨糜身
pga	各部门 该公司
pgaa	说不 悲剧 图书 趋吉避凶 粪土不如
pgaaa	悲剧 图书
pgaad	说不
pgaaq	趋吉避凶 粪土不如
pgad	说她 跟她 该公司 赏心乐事
pgadd	说她 该公司 赏心乐事
pgadq	跟她
pgag	说好 说来 加士居道 非商业性 诞幻不经
pgaga	非商业性 七情六欲
pgagd	说好 说来 加士居道 诞幻不经 常备不懈
pgagq	归去来兮
pgaj	访贫问苦 谓予不信 簟纹如水
pgaja	簟纹如水
pgajd	访贫问苦 谓予不信
pgam	之间 各部门 颇为不易 访亲问友
pgama	之间 颇为不易
pgamd	各部门 访亲问友
pgap	图片 党组书记 悲喜交加 归心如箭
pgapa	图片 悲喜交加
pgapd	党组书记
pgapq	归心如箭
pgaq	儿童不宜
pgaqq	儿童不宜
pgat	悲喜交集 坚韧不拔 掌声如雷 柴立不阿
pgata	悲喜交集
pgatd	掌声如雷 柴立不阿
pgatq	坚韧不拔
pgax	非死不可 讫情尽意 非去不可 谋为不轨
pgaxa	非死不可 非去不可
pgaxd	讫情尽意 谋为不轨
pgd	订单号
pgda	长着一张
pgdaq	长着一张
pgdd	之事 办事 订单号 戒备森严 回忆一下
pgdda	之事 回忆一下
pgddd	办事 订单号 出去一下
pgddq	戒备森严 数典忘祖
pgdg	之中 之一 各样
pgdga	之中 之一
pgdgd	各样
pgdm	等于 走乡串户
pgdma	等于
pgdmq	走乡串户
pgdp	调丝品竹 国士无双 说心里话 出去一趟 回去再说
pgdpa	国士无双 回去再说
pgdpd	调丝品竹 说心里话 出去一趟
pgdq	诸子百家 发愤忘食
pgdqd	诸子百家 发愤忘食
pgdt	记忆中的
pgdtd	记忆中的
pgdx	之下 鸡鹜相争 困心横虑 诗情画意 团结一致
pgdxa	之下 鸡鹜相争 困心横虑 团结一致 圣地亚哥
pgdxd	诗情画意 此地无银
pgg	党组织 难为情
pgga	等级 各级 之声 难为情 各子公司
pggaa	等级 之声 难为情 囚首垢面 七子八婿
pggad	各级 各子公司 该子公司 证券公司
pggaq	断垣残壁
pggd	各地 之地 党组织 师道尊严 难分高下
pggda	之地 难分高下 七纵八横
pggdd	各地 党组织 力竭声嘶
pggdq	师道尊严
pggg	粉丝 筷子 圈子 东墙处子 断子绝孙
pggga	筷子 圈子 东墙处子
pgggd	言为心声 此恨绵绵
pgggq	粉丝 断子绝孙
pggj	办公 师级单位 非死即伤 了却残生 七死八活
pggja	非死即伤 了却残生 七死八活 七高八低
pggjd	办公 谋夫孔多
pggjq	师级单位
pggm	说道 街道 跆拳道
pggmd	说道
pggmq	街道 跆拳道
pggp	围绕 断编残简
pggpa	围绕
pggpq	断编残简
pggq	跟着 说着 等着 详细 围堵
pggqa	等着 围堵 因公殉职
pggqd	说着 详细 赏心悦目
pggqq	跟着 忍着
pggt	之前 跟前 长幼尊卑 七首八脚 七郤八手
pggta	之前 七首八脚 七郤八手
pggtq	跟前 长幼尊卑
pggx	之处 之心 诸永高速 因缘为市 悲愤填膺
pggxa	之处 之心 因缘为市 悲愤填膺
pggxd	诸永高速
pgja	艰苦 街坊邻居 七孔生烟
pgjaa	艰苦 七孔生烟
pgjaq	街坊邻居
pgjd	悲伤 说他 各方 跟他 簪缨世胄
pgjda	悲伤 簪缨世胄
pgjdd	说他 各方
pgjdq	跟他 贤良方正 鼠首偾事
pgjg	办法 说法 各个 各位 等候
pgjga	等候 笼络人心
pgjgd	办法 说法 各个 各位
pgjgq	忍住 墨子泣丝
pgjj	忍耐 谋道作舍 谁主沉浮 七八个人 非处方药
pgjja	七八个人 非处方药 难分伯仲 簪缨世族
pgjjd	谋道作舍 谁主沉浮
pgjjq	忍耐 忍垢偷生
pgjm	简单清晰 谦尊而光
pgjma	简单清晰
pgjmd	谦尊而光
pgjp	之人 圣人 诗人 归心似箭 断线偶戏
pgjpa	之人 圣人
pgjpd	诗人
pgjpq	归心似箭 断线偶戏 儿孙满堂
pgjt	说过 七八个月 粗心浮气 出谷迁乔
pgjta	七八个月
pgjtd	说过 出谷迁乔
pgjtq	粗心浮气
pgjx	之外 说你 跟你 等你 因公假私
pgjxa	之外 等你 因公假私
pgjxd	说你
pgjxq	跟你
pgm	难道是 讲道理
pgma	训练有素
pgmad	训练有素
pgmd	办理 各大 之感 讲道理 之处在于
pgmda	之感 之处在于
pgmdd	办理 各大 讲道理 言必有中
pgmg	各自 跟在 趴在 黑影 记忆犹新
pgmgd	各自 记忆犹新 力殚财竭
pgmgq	跟在 趴在 黑影 长亭短亭
pgmj	之内 之时 简单易学 困兽犹斗 长幼有叙
pgmja	之内 之时 简单易学 困兽犹斗 东京大学
pgmjq	长幼有叙 竖子成名
pgmm	米盐博辩 长辔远驭
pgmmq	米盐博辩 长辔远驭
pgmp	之日 简单易行 断线风筝 超级大国 简单明了
pgmpa	之日 简单易行 简单明了
pgmpq	断线风筝 超级大国
pgmq	粉丝专页
pgmqq	粉丝专页
pgmt	说明 说是 难道是 各有 简单易用
pgmta	难道是 简单易用 七八十岁
pgmtd	说明 说是 各有 言必有据 说着玩的
pgmtq	师心自用
pgmx	黑暗 艰辛 长幼有序 精心布置 出新专辑
pgmxa	艰辛 笙磬同音
pgmxd	出新专辑
pgmxq	黑暗 长幼有序 精心布置 粗心大意
pgp	记忆力
pgpa	说话 越细越好 越新越好 越高越好 团结起来
pgpaa	团结起来 非亲非故
pgpad	说话 发愤图强
pgpaq	越细越好 越新越好 越高越好
pgpd	围观 谨慎行事 难弟难兄 非分之想
pgpda	围观 难弟难兄 非分之想
pgpdd	谨慎行事
pgpg	等等 说说 又惊又喜 路经此地 说着说着
pgpga	等等 又惊又喜
pgpgd	说说 说着说着
pgpgq	路经此地
pgpj	说了 之力 议论 说谎 记忆力
pgpja	之力 非分之念 帽子戏法 难分难舍 七纵七禽
pgpjd	说了 议论 说谎 记忆力 各就各位
pgpjq	舆情监测 越堆越多 起死回生 踔绝之能 断织劝学
pgpm	说出 各国 各类 之类 走亲访友
pgpma	之类 非分之财
pgpmd	说出 各国 各类 此情此景
pgpmq	走亲访友
pgpp	之路 诛心之论 欢声笑语 谲怪之谈 断织之诫
pgppa	之路 欢声笑语 东道之谊
pgppd	诛心之论 谲怪之谈 出去走走
pgppq	断织之诫
pgpq	跟踪 止增笑耳
pgpqd	止增笑耳
pgpqq	跟踪
pgpt	艰难 说起 诚惶诚恐 七纵七擒
pgpta	艰难 七纵七擒
pgptd	说起 诚惶诚恐
pgpx	诚心诚意 谈情说爱 步线行针 行差踏错 跑前跑后
pgpxa	难分难解 困心衡虑
pgpxd	诚心诚意 谈情说爱 步线行针
pgpxq	行差踏错 跑前跑后 跋前踬后
pgq	办公室
pgqa	图案 办案
pgqaa	图案
pgqad	办案
pgqd	回首往事 劝善惩恶 翘首盼望
pgqda	回首往事 劝善惩恶
pgqdq	翘首盼望
pgqg	等待
pgqga	等待
pgqj	东郭先生
pgqja	东郭先生
pgqm	说完 说得 之物 街头 忍心害理
pgqma	之物
pgqmd	说完 说得
pgqmq	街头 忍心害理
pgqp	粮食 说句实话 谨遵教诲 难分彼此
pgqpa	难分彼此
pgqpd	说句实话 谨遵教诲
pgqpq	粮食
pgqq	因地制宜 欢喜冤家
pgqqa	因地制宜 欢喜冤家
pgqx	办公室 甲级资质 等级制度
pgqxa	等级制度
pgqxd	办公室 甲级资质
pgt	国务院 赵子龙
pgta	说要 黑白 力均势敌 欢声雷动 掌声雷动
pgtaa	欢声雷动
pgtad	说要 力均势敌 掌声雷动
pgtaq	黑白
pgtd	悲哀 之际 发综指示 瓦釜雷鸣 发纵指示
pgtda	悲哀 之际 瓦釜雷鸣
pgtdd	发综指示 发纵指示
pgtg	戒慎恐惧 言志抒怀
pgtgd	言志抒怀
pgtgq	戒慎恐惧
pgtj	赵子龙 因缘际会 鸡声鹅斗 因缘巧合 七八月份
pgtja	因缘际会 鸡声鹅斗 因缘巧合 七八月份
pgtjd	发纵指使
pgtjq	赵子龙 儿童文学
pgtm	跟随 黑袍 趾高气昂 长绳系日
pgtmq	跟随 黑袍 趾高气昂 长绳系日
pgtp	笑死我了
pgtpa	笑死我了
pgtq	国务院 各项 之气 翘首以待 翘首以盼
pgtqa	国务院 之气
pgtqd	各项 出土文物
pgtqq	翘首以待 翘首以盼 黑纸白字
pgtt	说我 跟我 趾高气扬 管城毛颖 围城打援
pgtta	管城毛颖 围城打援
pgttd	说我
pgttq	跟我 趾高气扬
pgtx	说服
pgtxd	说服
pgx	粉红色 办公桌
pgxa	办公厅
pgxad	办公厅
pgxd	之后 各种 之上 街上 跟上
pgxda	之后 之上
pgxdd	各种 常务委员 赏善罚恶
pgxdq	街上 跟上
pgxg	之意 筑地市场 回船转舵 各为其主
pgxga	之意 筑地市场 回船转舵
pgxgd	各为其主
pgxj	黑夜 调良稳泛 各就其位
pgxjd	调良稳泛 各就其位
pgxjq	黑夜
pgxm	黑色 之色 粉红色 办公桌 详情度理
pgxma	之色
pgxmd	办公桌 详情度理
pgxmq	黑色 粉红色 衡情酌理
pgxp	等到 说到 走为上计 言情小说 走为上策
pgxpa	等到
pgxpd	说到 言情小说
pgxpq	走为上计 走为上策
pgxq	忍受 鸡鹜争食 之死靡它 行善积德
pgxqa	鸡鹜争食 之死靡它
pgxqq	忍受 行善积德
pgxt	谅解
pgxtd	谅解
pgxx	回心转意 语惊四座 常规战争 七八点钟 难分轩轾
pgxxa	回心转意 七八点钟 难分轩轾
pgxxd	语惊四座 常规战争
pja	各方面 等方面
pjaa	对不 笃学好古
pjaaa	对不 笃学好古
pjad	对她 访问 党邪丑正 忍俊不禁 毁誉不一
pjada	对她
pjadd	访问 党邪丑正 谲而不正
pjadq	忍俊不禁 毁誉不一 墨汁未干
pjag	讨好 跑过来 行侠好义 长生不死 切齿痛恨
pjaga	切齿痛恨
pjagd	讨好
pjagq	跑过来 行侠好义 长生不死
pjaj	帷薄不修 力学不倦 诸多不便 临深履薄 讨价还价
pjaja	帷薄不修 帏薄不修 笃信好学 困而不学 笃学不倦
pjajd	力学不倦 诸多不便 讨价还价 讳莫如深 诲人不倦
pjajq	临深履薄 忍耐不住 忍俊不住
pjam	对面 各方面 等方面 对外贸易 行而不远
pjama	对面 等方面 对外贸易
pjamd	各方面
pjamq	行而不远
pjap	对他来说 对你来说 东施效颦 笑而不语
pjapa	对他来说 对你来说 东施效颦 笑而不语
pjaq	长生不老 起伏不定
pjaqq	长生不老 起伏不定
pjat	证件遗失 恩重泰山 等价交换 恩重如山
pjata	恩重泰山 等价交换 恩重如山
pjatd	证件遗失
pjax	长途运输 谑而不虐 迷而不返 迷而不反
pjaxd	谑而不虐
pjaxq	长途运输 迷而不返 迷而不反
pjd	类似于 回过神
pjda	回过神来 艰苦朴素 鼠凭社贵
pjdaa	回过神来 艰苦朴素
pjdaq	鼠凭社贵
pjdd	对视 符号 各凭本事 行若无事
pjdda	对视 符号
pjddd	各凭本事
pjddq	行若无事
pjdg	此生无憾 谦恭下士 走伏无地
pjdgd	此生无憾 谦恭下士
pjdgq	走伏无地
pjdj	类似事件 精英政治 谈若悬河 言而无信 恩若再生
pjdja	恩若再生 对外开放 竹苞松茂
pjdjd	谈若悬河 言而无信
pjdjq	类似事件 精英政治
pjdm	对于 答复 类似于 回过神 糊涂一时
pjdma	对于 答复 回过神
pjdmq	类似于 糊涂一时 黯淡无光
pjdp	精益求精 等而下之 出没无常 加人一等
pjdpa	等而下之
pjdpd	出没无常 加人一等
pjdpq	精益求精
pjdq	临渴穿井 非池中物
pjdqa	非池中物
pjdqq	临渴穿井
pjdt	了无 师生员工 长命百岁 出生年月
pjdta	了无
pjdtd	出生年月
pjdtq	师生员工 长命百岁
pjdx	步入正轨 长江天堑
pjdxd	步入正轨
pjdxq	长江天堑
pjg	诸葛亮 走过去
pjga	等营养素
pjgaa	等营养素
pjgd	紫外线 笑逐颜开 说千道万 贤母良妻 七满八平
pjgda	笑逐颜开 七满八平
pjgdd	紫外线 说千道万
pjgdq	贤母良妻
pjgg	签收 监测总站 策名就列 各个部分 迷途羔羊
pjgga	签收 策名就列
pjggd	各个部分 误人子弟
pjggq	监测总站 迷途羔羊 蹈节死义
pjgj	对立 走过去 圣母子像 恩荣并济 衔沙填海
pjgja	对立 圣母子像 恩荣并济 恩怨情仇 恩深义重
pjgjd	说停就停 诚信经营
pjgjq	走过去 衔沙填海
pjgm	谨慎 答道 诸葛亮 请多关照 恩怨分明
pjgma	答道 恩怨分明
pjgmd	谨慎 诸葛亮 请多关照
pjgp	认为 语重心长 起偃为竖 讨人喜欢 难过死了
pjgpa	难过死了 笼而统之
pjgpd	认为 语重心长 讨人喜欢 出何典记
pjgpq	起偃为竖
pjgq	对着 趁着 等你结果 临渊羡鱼
pjgqa	对着 等你结果
pjgqq	趁着 临渊羡鱼
pjgt	该死 发生关系 言多必失 七湾八拐 七湾八扭
pjgta	七湾八拐 七湾八扭
pjgtd	该死 发生关系 言多必失
pjgx	监测站点 蹈人旧辙 谈优务劣
pjgxd	谈优务劣
pjgxq	监测站点 蹈人旧辙
pjj	许多人 发生过
pjja	该做 双剑合璧 非你莫属 临池学书
pjjaa	双剑合璧 非你莫属
pjjad	该做
pjjaq	临池学书
pjjd	对方 对他 符合 签名 黑漆漆
pjjda	对方 对他 符合 签名 双重人格
pjjdd	各族人民
pjjdq	黑漆漆 师范学校
pjjg	行侠仗义 出生入死 各个领域 毁誉参半 断人生死
pjjgd	出生入死 各个领域 认仇作父 言人人殊
pjjgq	行侠仗义 毁誉参半 断人生死
pjjj	对付 简洁优雅 刀俎余生 走花溜水 讨流溯源
pjjja	对付 简洁优雅 圆满落幕 笑傲江湖 简能而任
pjjjd	讨流溯源 出水芙蓉
pjjjq	刀俎余生 走花溜水 迷花沾草 忍苦耐劳 粘花惹草
pjjm	圣洛伦索 东方千骑
pjjma	圣洛伦索 东方千骑
pjjp	许多人 弋人何篡 困而学之
pjjpa	困而学之
pjjpd	许多人
pjjpq	弋人何篡
pjjq	言重九鼎 行住坐卧 粗茶淡饭 发人深思 讲信修睦
pjjqd	言重九鼎 发人深思 讲信修睦 说个没完
pjjqq	行住坐卧 粗茶淡饭 临潼斗宝 衔华佩实
pjjt	踏入 发生过 误付洪乔 因人而异
pjjta	因人而异
pjjtd	发生过 误付洪乔
pjjtq	踏入
pjjx	对你 对外 圣劳伦斯 发人深省 越俎代庖
pjjxa	对你 对外 圣劳伦斯
pjjxd	发人深省 出入人罪
pjjxq	越俎代庖 默化潜移 粮多草广
pjm	加拿大 又没有
pjma	课余时间 发生时间 师范专业 行若狗彘
pjmad	课余时间 发生时间
pjmaq	师范专业 行若狗彘
pjmd	力量 认知 认同 加拿大 篡位夺权
pjmda	篡位夺权 因人成事
pjmdd	力量 认知 认同 加拿大
pjmg	跌倒在地 走漏风声
pjmgq	跌倒在地 走漏风声
pjmj	诽誉在俗 师范大学 言而有信 非昔是今 观过知仁
pjmja	非昔是今 观过知仁 艰苦奋斗
pjmjd	诽誉在俗 言而有信
pjmjq	师范大学
pjmm	东方明珠
pjmma	东方明珠
pjmp	双休日 简洁时尚 简洁明了 简便易行 圣多明各
pjmpa	双休日 简洁时尚 简洁明了 简便易行 圣多明各
pjmpd	计过自讼
pjmpq	行若狐鼠
pjmq	认真 加水同煮 非法所得 认清现实
pjmqa	非法所得
pjmqd	认真 加水同煮 认清现实
pjmt	又没有 调停两用 跳丸日月
pjmta	又没有
pjmtd	调停两用
pjmtq	跳丸日月
pjmx	双方自愿 迷而知反 迷途知反 迷涂知反 迷途知返
pjmxa	双方自愿
pjmxd	诱人犯罪
pjmxq	迷而知反 迷途知反 迷涂知反 迷途知返 迷而知返
pjpa	对话 签订 诊断 越多越好 越低越好
pjpaa	对话 签订 双汇发展
pjpad	诊断 谑浪笑敖 谈今论古
pjpaq	越多越好 越低越好 越做越好 赴汤蹈火
pjpd	认识
pjpdd	认识
pjpg	了之 该说 七生七死 难舍难分
pjpga	了之 七生七死 难舍难分
pjpgd	该说
pjpj	讨论 对了 此生此世 误入歧途 讨个说法
pjpja	对了
pjpjd	讨论 此生此世 误入歧途 讨个说法 说没说过
pjpjq	长途跋涉 行浊言清
pjpm	认出 行合趋同 出世超凡
pjpmd	认出 出世超凡
pjpmq	行合趋同
pjpp	简洁设计 简而言之 让人笑话 起而行之 默而识之
pjppa	简洁设计 简而言之 笃而论之
pjppd	让人笑话 力学笃行
pjppq	起而行之 默而识之
pjpq	诲淫诲盗 起伏跌宕 谩藏诲盗
pjpqd	诲淫诲盗 谩藏诲盗
pjpqq	起伏跌宕
pjpt	对此 了些 监测数据
pjpta	对此 了些
pjptq	监测数据
pjpx	谎言 诺言 言外之意 刀过竹解 桑落瓦解
pjpxa	桑落瓦解 瓦合之卒
pjpxd	谎言 诺言 言外之意
pjpxq	刀过竹解 或多或少 趁人之危
pjqa	答案 长江实业 回过头来 长命富贵
pjqaa	答案 回过头来
pjqaq	长江实业 长命富贵
pjqd	数九寒天
pjqdq	数九寒天
pjqg	对待 出人头地 国仇家恨 发散思维 回过头去
pjqga	对待 国仇家恨 回过头去
pjqgd	出人头地 发散思维
pjqm	数学实验 谈何容易 识途老马
pjqmd	谈何容易 识途老马
pjqmq	数学实验
pjqp	此消彼长 粮草先行 长傲饰非 此伏彼起
pjqpd	此消彼长 此伏彼起
pjqpq	粮草先行 长傲饰非
pjqq	踏实 迷人眼目
pjqqq	踏实 迷人眼目
pjqt	认定 办学宗旨 划清界限
pjqtd	认定 办学宗旨
pjqtq	划清界限
pjqx	对象 监测制度
pjqxa	对象
pjqxq	监测制度
pjt	说什么 算什么
pjta	东倒西歪 出乖露丑
pjtaa	东倒西歪
pjtad	出乖露丑
pjtd	党领导下 党邪陷正
pjtdd	党领导下 党邪陷正
pjtg	力倍功半
pjtgd	力倍功半
pjtj	说什么 算什么 精湛技艺 东劳西燕 发蒙振落
pjtja	算什么 东劳西燕 东方文化 蜚英腾茂
pjtjd	说什么 发蒙振落
pjtjq	精湛技艺 行藏用舍
pjtm	距今已有 东方文明 路人皆知 各个击破 精贯白日
pjtma	东方文明
pjtmd	各个击破
pjtmq	距今已有 路人皆知 精贯白日
pjtp	对手 堂而皇之 粗通文墨
pjtpa	对手
pjtpd	堂而皇之
pjtpq	粗通文墨
pjtq	力气 符文 因任授官 发蒙振聩 请多指教
pjtqa	符文 因任授官
pjtqd	力气 发蒙振聩 请多指教 力能扛鼎
pjtqq	临渴掘井
pjtt	对比 戒指 长江三峡 街巷阡陌 东涂西抹
pjtta	对比 东涂西抹
pjttq	戒指 长江三峡 街巷阡陌
pjtx	对抗 起作用 东海扬尘
pjtxa	对抗 东海扬尘
pjtxq	起作用
pjx	请注意
pjxa	跳梁小丑 难能可贵 出人意表 谋而后动
pjxaa	难能可贵
pjxad	出人意表 谋而后动
pjxaq	跳梁小丑
pjxd	又入虎口 长生久视
pjxda	又入虎口
pjxdq	长生久视
pjxg	对其 请注意 艰苦卓绝 切齿腐心 发蒙解缚
pjxga	对其 艰苦卓绝 切齿腐心 国外市场 等价连城
pjxgd	请注意 发蒙解缚 各从其志
pjxgq	坚苦卓绝
pjxj	答应 对错 认可 力度 对应
pjxja	答应 对错 对应 固若金汤
pjxjd	认可 力度 出多少汗 出人意外 架海金梁
pjxjq	长江上游
pjxm	讨厌 归全反真 计深虑远
pjxmd	讨厌 计深虑远
pjxmq	归全反真
pjxp	料到 出人意料 因人废言 发蒙解惑 等而上之
pjxpa	因人废言 等而上之
pjxpd	出人意料 发蒙解惑
pjxpq	料到
pjxq	辽沈战役 言传身教 谈过其实 言过其实 长治久安
pjxqa	辽沈战役
pjxqd	言传身教 谈过其实 言过其实
pjxqq	长治久安
pjxt	了解 发生争执 加水稀释
pjxta	了解
pjxtd	发生争执 加水稀释
pjxx	长治市委 对酒当歌 步人后尘 策名委质 鼠牙雀角
pjxxa	对酒当歌 策名委质
pjxxd	步人后尘
pjxxq	长治市委 鼠牙雀角
pma	长时间 说明书
pmaa	读书 说明书 管理层 管理局 圆周运动
pmaaa	管理层 管理局 圆周运动 鸡犬不留
pmaad	读书 说明书 力所不及 力所不逮 力有不逮
pmaaq	走南闯北
pmad	询问 精明强干 七日来复 笔大如椽
pmada	七日来复 笔大如椽
pmadd	询问
pmadq	精明强干
pmag	出来 因素 越好 诞罔不经 鸡犬不惊
pmaga	因素 鸡犬不惊
pmagd	出来 诞罔不经
pmagq	越好
pmaj	临财不苟
pmajq	临财不苟
pmam	出门 长时间 发现问题 筑巢引凤
pmama	筑巢引凤
pmamd	出门 发现问题
pmamq	长时间
pmap	默契 出动 讨是寻非 非同寻常 策马飞舆
pmapa	非同寻常 策马飞舆
pmapd	出动 讨是寻非
pmapq	默契
pmaq	鸡犬不宁 雌雄未决
pmaqa	鸡犬不宁
pmaqd	雌雄未决
pmat	长时间的 党同妒异
pmatd	党同妒异
pmatq	长时间的
pmax	出版 箭在弦上 七十古稀
pmaxa	箭在弦上 七十古稀
pmaxd	出版
pmd	第二天 管理员
pmda	东南亚 鸡犬相闻 因风吹火
pmdaa	东南亚 鸡犬相闻 因风吹火
pmdd	出事 驾驶视野 又在哪里 力大无穷
pmdda	又在哪里
pmddd	出事 驾驶视野 力大无穷
pmdg	第十一 固有一死 非同一般
pmdga	第十一 固有一死 非同一般
pmdj	出口 类型 读研究生 驾驶员侧 又是一个
pmdja	又是一个 七十年代
pmdjd	出口 读研究生 驾驶员侧 各显神通
pmdjq	类型 戎马一生
pmdm	调查 第二天 国民 出于 讽刺
pmdma	第二天 国民 管理员
pmdmd	调查 出于 讽刺 驾驶员
pmdmq	数十万元
pmdp	加在一起 跖犬吠尧 止暴禁非
pmdpd	加在一起 止暴禁非
pmdpq	跖犬吠尧
pmdq	行成于思 恩同再造
pmdqa	恩同再造
pmdqq	行成于思
pmdt	衒玉求售 赏奇析疑
pmdtd	赏奇析疑
pmdtq	衒玉求售
pmg	第二条
pmga	出声 简直惊艳 师直为壮 东南半壁
pmgaa	简直惊艳 东南半壁
pmgad	出声
pmgaq	师直为壮
pmgd	第二条 各大高校 记在心里 数十公里 发现商机
pmgda	第二条
pmgdd	各大高校 记在心里 发现商机 各自为政
pmgdq	数十公里
pmgg	团结 帽子 越高 认贼为父 认贼为子
pmgga	团结 帽子
pmggd	认贼为父 认贼为子
pmggq	越高
pmgj	出去 跑去 恩威并重 精雕细刻 恩威并施
pmgja	恩威并重 恩威并施 七颠八倒 恩同父母
pmgjd	出去
pmgjq	跑去 精雕细刻 衔环结草 衔石填海
pmgm	精雕细琢
pmgmq	精雕细琢
pmgp	因为 训练 国务 数理统计 发短心长
pmgpa	因为 国务 恩威并行
pmgpd	训练 发短心长 说黄道黑 发硎新试
pmgpq	数理统计
pmgq	认影为头 识时务者 颇有心得
pmgqa	颇有心得
pmgqd	认影为头 识时务者
pmgt	出差 恩威并用 七破八补
pmgta	恩威并用 七破八补
pmgtd	出差
pmgx	第二志愿 各自为战 各奔前程 党豺为虐 七大八小
pmgxa	第二志愿 七大八小
pmgxd	各自为战 各奔前程 党豺为虐
pmj	国内外 观景台
pmja	发布会 东风人面 街知巷闻 国有企业 力所能及
pmjaa	东风人面 国有企业
pmjad	发布会 力所能及
pmjaq	街知巷闻 戎马生郊
pmjd	因而 团体 观景台 紫砂艺术 蹑影藏形
pmjda	因而 团体 观景台
pmjdd	紫砂艺术
pmjdq	蹑影藏形 米珠薪桂
pmjg	第二位 忍尤含垢 认贼作父 认贼作子 对景伤情
pmjga	第二位 对景伤情
pmjgd	认贼作父 认贼作子
pmjgq	忍尤含垢
pmjj	越多 戎马倥傯 行同能偶 路在何方 各有侧重
pmjja	东风浩荡
pmjjd	各有侧重
pmjjq	越多 戎马倥傯 行同能偶 路在何方 戎马倥偬
pmjm	发布会时 数十亿元 刀光剑影
pmjmd	发布会时
pmjmq	数十亿元 刀光剑影
pmjp	国人 出生 诚信 发短信 议息会议
pmjpa	国人 蜚短流长
pmjpd	出生 诚信 发短信 议息会议
pmjpq	足智多谋 超凡入圣 蹑影潜踪 行有余力 起早贪黑
pmjq	计日而待 归马放牛
pmjqd	计日而待
pmjqq	归马放牛
pmjt	类似 越过 出现水肿 又是什么 恩有重报
pmjta	又是什么 恩有重报 第二个月 东风化雨
pmjtd	出现水肿 出凡入胜 党同伐异
pmjtq	类似 越过 戎马仓皇
pmjx	国外 调节 国内外 第二节 第二人称
pmjxa	国外 国内外 第二节 第二人称
pmjxd	调节 各有千秋 诈败佯输
pmm	出现在 七十二
pmma	出卖 行驶时间 超时时间 等有时间 各有所好
pmmaa	等有时间 颇有成效
pmmad	出卖 各有所好
pmmaq	行驶时间 超时时间 行同狗彘 衡石量书
pmmd	出现 越大 七十二 非同凡响
pmmda	七十二 非同凡响
pmmdd	出现
pmmdq	越大
pmmg	出现在 出自 发自内心
pmmgd	出现在 出自 发自内心
pmmj	国内 长风破浪 雌雄同体 加州大学 长驱直入
pmmja	国内 东南大学 难辨真伪
pmmjd	雌雄同体 加州大学
pmmjq	长风破浪 长驱直入 长大成人 行同狗豨
pmmm	各有所短 粉雕玉琢 说二是二
pmmmd	各有所短 说二是二
pmmmq	粉雕玉琢
pmmp	各有所长 七十二行 行易知难
pmmpa	七十二行
pmmpd	各有所长
pmmpq	行易知难
pmmq	国王 跋扈自恣 言犹在耳 各有所职
pmmqa	国王
pmmqd	言犹在耳 各有所职
pmmqq	跋扈自恣
pmmt	越是 国有 路是自己 戎马劻勷 衒玉自售
pmmta	国有
pmmtd	粜风卖雨 调风弄月 加州理工
pmmtq	越是 路是自己 戎马劻勷 衒玉自售
pmmx	各有所爱 发明专利 七十二变 切磋琢磨 精确匹配
pmmxa	七十二变 切磋琢磨
pmmxd	各有所爱 发明专利
pmmxq	精确匹配 鉴貌辨色 行远自迩
pmp	驾驶证 非暴力
pmpa	越大越好 越短越好 越早越好 发奋图强 紧蹙双眉
pmpad	发奋图强 各有各好
pmpaq	越大越好 越短越好 越早越好 紧蹙双眉 或早或迟
pmpd	驾驶证
pmpdd	驾驶证
pmpg	因时因地 此时此地 行有行规 发光发亮
pmpga	因时因地
pmpgd	此时此地 发光发亮
pmpgq	行有行规
pmpj	出了 默认 非暴力 走马观花 诳时惑众
pmpja	非暴力 国有国法 皮肉之苦
pmpjd	出了 诳时惑众 此时此刻 谋朝篡位 发凡起例
pmpjq	默认 走马观花 跑马观花 走马赴任 超凡出世
pmpm	默默 讥讽 跨越 跑调 又辣又咸
pmpma	又辣又咸 竹马之友 又臭又硬 非驴非马 切磋切磋
pmpmd	讥讽
pmpmq	默默 跨越 跑调 或早或晚 糊弄糊弄
pmpp	计划 出发 越发 跑步 第二步
pmppa	第二步 又臭又长 鸡同鸭讲 圣马力诺 非同儿戏
pmppd	计划 出发 说短论长 论黄数黑
pmppq	越发 跑步 戒骄戒躁 黔驴之计 衡短论长
pmpq	计算 瓦影之鱼 认影迷头 发达国家 蹿房越脊
pmpqa	瓦影之鱼
pmpqd	计算 认影迷头 发达国家
pmpqq	蹿房越脊
pmpt	因此 试验数据 行驶数据 各有各的 国内国际
pmpta	因此 国内国际
pmptd	试验数据 各有各的 各奔东西 发光发热
pmptq	行驶数据
pmpx	行驶距离 又大又厚 临时起意 加大力度 加班加点
pmpxa	又大又厚 鸡犬桑麻 简截了当
pmpxd	加大力度 加班加点
pmpxq	行驶距离 临时起意
pmq	第二次 管理者
pmqd	第二次 出资 因果 该是怎样 又是怎样
pmqda	第二次 因果 又是怎样 国破家亡
pmqdd	出资 该是怎样
pmqg	调教
pmqgd	调教
pmqj	国家 戒奢宁俭 谋财害命 图财害命
pmqja	国家 图财害命
pmqjd	谋财害命
pmqjq	戒奢宁俭
pmqm	读者 出头 管理者 东风御风
pmqma	管理者 东风御风
pmqmd	读者 出头
pmqp	跟大家说 说风凉话 颇有微词 等量齐观 困知勉行
pmqpa	颇有微词 等量齐观 困知勉行
pmqpd	说风凉话
pmqpq	跟大家说
pmqq	诚实 因时制宜
pmqqa	因时制宜
pmqqd	诚实
pmqt	出奇制胜
pmqtd	出奇制胜
pmqx	跌破眼镜
pmqxq	跌破眼镜
pmt	之所以
pmta	出血 第十三届 起凤腾蛟 东南西北 走马换将
pmtaa	第十三届 东南西北
pmtad	出血 请自隗始
pmtaq	起凤腾蛟 走马换将
pmtd	国际 出售 竖直向下 踩在脚下 黔驴技穷
pmtda	国际 鸡犬升天 对景挂画
pmtdd	出售
pmtdq	竖直向下 踩在脚下 黔驴技穷
pmtg	各大院线 行远升高
pmtgd	各大院线
pmtgq	行远升高
pmtj	团队 之所以 试验工作 之所以会 谁在裸泳
pmtja	团队 之所以 之所以会 鸡犬皆仙
pmtjd	试验工作 谁在裸泳 详星拜斗
pmtjq	走马看花
pmtm	说自己是 衒玉贾石 衔玉贾石 刀光血影 堂哉皇哉
pmtmd	说自己是 堂哉皇哉
pmtmq	衒玉贾石 衔玉贾石 刀光血影 蹑影追风
pmtp	出手 瓦玉集糅 东奔西走 起早摸黑 东奔西跑
pmtpa	瓦玉集糅 东奔西走 东奔西跑
pmtpd	出手
pmtpq	起早摸黑
pmtt	试验阶段 第十三集 恩同山岳 发自肺腑 燮理阴阳
pmtta	第十三集 恩同山岳 策马扬鞭 箕风毕雨 简明扼要
pmttd	试验阶段 发自肺腑 燮理阴阳 调理阴阳 请勿打扰
pmttq	跃马扬鞭
pmx	第二种 诈骗罪
pmxa	距离 计较 第十四届 粘在上面 衡石程书
pmxaa	第十四届 东南雀飞
pmxad	计较 诺贝尔奖
pmxaq	距离 粘在上面 衡石程书
pmxd	出租 第二种 出现转机 各有利弊 鉴影度形
pmxda	第二种
pmxdd	出租 出现转机 各有利弊
pmxdq	鉴影度形
pmxg	调整 试验基地 国内市场 回黄转绿
pmxga	国内市场 回黄转绿
pmxgd	调整 试验基地
pmxj	出席 调风变俗 走马上任 走马章台
pmxjd	出席 调风变俗
pmxjq	走马上任 走马章台
pmxm	出色 回光返照 归真返璞 归真反璞
pmxma	回光返照
pmxmd	出色
pmxmq	归真返璞 归真反璞
pmxp	跑到 出身 诈骗罪
pmxpd	出身 诈骗罪
pmxpq	跑到
pmxq	发财致富
pmxqd	发财致富
pmxt	调解 踏破铁鞋 计日程功 跨凤乘龙
pmxtd	调解 计日程功
pmxtq	踏破铁鞋 跨凤乘龙
pmxx	诺贝尔 第二季度 策顽磨钝 跨凤乘鸾 非同小可
pmxxa	第二季度 策顽磨钝 非同小可
pmxxd	诺贝尔 计日可期
pmxxq	跨凤乘鸾 数易其稿
ppa	说出来 非常好
ppaa	起诉书 言之凿凿 行步如飞 默默耕耘 鸡皮疙瘩
ppaaa	鸡皮疙瘩
ppaad	言之凿凿
ppaaq	起诉书 行步如飞 默默耕耘
ppad	坚强 双臂 言行不一 非常希望
ppada	双臂 非常希望
ppadd	言行不一
ppadq	坚强
ppag	说出来 非常好 说起来 躁言丑句 诞谩不经
ppaga	非常好
ppagd	说出来 说起来 诞谩不经 谦谦君子 止步不前
ppagq	躁言丑句 踌躇不前 踟蹰不前 临难不惧 趑趄不前
ppaj	发展 行师动众 帏箔不修 此路不通 精力充沛
ppaja	帏箔不修 对答如流 帷箔不修
ppajd	发展 此路不通
ppajq	行师动众 精力充沛 翘足引领
ppam	紧缺 非常及时 默默奉献 皮之不存
ppama	非常及时 皮之不存
ppamq	紧缺 默默奉献
ppap	紧张 发动 跳动 欢蹦乱跳 等因奉此
ppapa	欢蹦乱跳 等因奉此
ppapd	发动
ppapq	紧张 跳动
ppaq	尚未 行踪不定 踧踖不安 簠簋不饬
ppaqa	簠簋不饬
ppaqd	尚未
ppaqq	行踪不定 踧踖不安
ppat	发表 发育 谦让未遑 出师未捷 长发及腰
ppatd	发表 发育 谦让未遑 出师未捷
ppatq	长发及腰 坚忍不拔
ppax	出师不利 图谋不轨 迷惑不解 谋图不轨
ppaxa	图谋不轨
ppaxd	出师不利 谋图不轨
ppaxq	迷惑不解
ppd	计算机 笔记本
ppda	计算机及 长了一张 言归于好 默默无闻 出言无状
ppdaa	巾帼须眉
ppdad	计算机及 言归于好 出言无状 堂堂一表
ppdaq	长了一张 默默无闻
ppdd	发呆 笔记本 笑了一下 计算机中 囫囵吞枣
ppdda	笔记本 笑了一下 囫囵吞枣 非常严格
ppddd	发呆 计算机中 堂堂正正 讨论一下 试了一下
ppddq	迷惑视听
ppdg	诡衔窃辔 巾帼丈夫 柴毁灭性 默默无声 歧路亡羊
ppdga	巾帼丈夫 国之干城
ppdgd	诡衔窃辔 柴毁灭性 歧路亡羊 柴毁骨立
ppdgq	默默无声 赳赳武夫
ppdj	路口 常见 频繁 跳舞 召回事件
ppdja	籍籍无名 国之栋梁 国计民生 非常严重
ppdjd	常见 频繁 言归正传 言谈林薮 计出万全
ppdjq	路口 跳舞 召回事件 走街串巷 师出无名
ppdm	党员 计算机 算了吧 对话框 对讲机
ppdma	算了吧 对话框 对讲机
ppdmd	党员 计算机 计算机是 设计助理
ppdp	话语权 设计样式 计算机类 出谋画策 蹑蹻檐簦
ppdpd	话语权 设计样式 计算机类 出谋画策 出此下策
ppdpq	蹑蹻檐簦 默默无言
ppdq	言之无物 计出无聊 筐箧中物 行踪无定
ppdqa	筐箧中物
ppdqd	言之无物 计出无聊
ppdqq	行踪无定
ppdt	计算机的 言之无文 舆论哗然 出了口气 因难见巧
ppdta	因难见巧 恩恩相报
ppdtd	计算机的 言之无文 出了口气
ppdtq	舆论哗然
ppdx	言行一致 步调一致 等米下锅
ppdxa	等米下锅
ppdxd	言行一致 步调一致
ppg	默默地
ppga	超级 召之即来 跨国公司 圣诞快乐 囫囵半片
ppgaa	圣诞快乐 囫囵半片
ppgaq	超级 召之即来 跨国公司
ppgd	路线 默默地 党组 柴米夫妻 误认颜标
ppgda	东观续史
ppgdd	党组 柴米夫妻 误认颜标 止戈为武 说了半天
ppgdq	路线 默默地 断墨残楮
ppgg	简简单单 断断续续 议论纷纷 悲观主义 步步惊心
ppgga	简简单单 悲观主义 七七八八 恩断义绝 七断八续
ppggd	议论纷纷 步步惊心 步步登高
ppggq	断断续续 粉墨登场 断简残编
ppgj	设立 发给 此言差矣 非常普通 了此残生
ppgja	非常普通 了此残生
ppgjd	设立 发给 此言差矣 步步为营 语出惊人
ppgm	发送 说长道短 非常普遍 笔墨纸砚 断长续短
ppgma	非常普遍 笔墨纸砚 七长八短
ppgmd	发送 说长道短
ppgmq	断长续短
ppgp	划分 各走半边 跃跃欲试 说走就走 谨言慎行
ppgpa	非常喜欢 对簿公堂 七言八语 艰难竭蹶 七步八叉
ppgpd	各走半边 说走就走 谨言慎行 谠言嘉论 言语道断
ppgpq	划分 跃跃欲试 紧赶慢赶
ppgq	设备 试着 非此即彼
ppgqa	非此即彼
ppgqd	设备 试着
ppgt	步步高升 说东道西 非常必要 说黑道白 七足八手
ppgta	非常必要 七足八手
ppgtd	步步高升 说东道西 说黑道白
ppgx	非常关键 七了八当
ppgxa	非常关键 七了八当
ppj	谢谢你 圣诞节
ppja	常会 数米而炊
ppjad	常会
ppjaq	数米而炊
ppjd	双方 设施 出了学校 国之重器 非常重视
ppjda	双方 国之重器 非常重视 非常清楚 七行俱下
ppjdd	设施 出了学校 谬之千里
ppjdq	逃出生天 粘皮带骨 跬步千里
ppjg	发放 讲师介绍 诡计多端 衔悲茹恨 筚路蓝缕
ppjga	筚路蓝缕
ppjgd	发放 讲师介绍 诡计多端 柴米油盐
ppjgq	衔悲茹恨 趋之若鹜 踌躇满志
ppjj	发泄 起起落落 双足重茧 非常深刻 许许多多
ppjja	双足重茧 非常深刻 非常深入 困难重重
ppjjd	发泄 许许多多 步步生莲 步步莲花 谠论侃侃
ppjjq	起起落落 走走停停 迷迷荡荡
ppjm	圣诞节时 认鸡作凤 巾帼英雄
ppjma	圣诞节时 巾帼英雄
ppjmd	认鸡作凤
ppjp	发生 步伐 常人 路人 坚信
ppjpd	发生 步伐 常人 言行举止 言谈举止
ppjpq	路人 坚信 街谈巷议 蹒跚学步 蹑足潜踪
ppjq	发觉 发作 临难苟免 翘足而待
ppjqd	发觉 发作
ppjqq	临难苟免 翘足而待
ppjt	超过 发货 路过 计算依据 诊断依据
ppjta	非常重要
ppjtd	发货 计算依据 诊断依据 谊切苔岑 言出法随
ppjtq	超过 路过
ppjx	谢谢你 圣诞节 语言学习 精力过剩 诡谲多变
ppjxa	圣诞节
ppjxd	谢谢你 语言学习 诡谲多变
ppjxq	精力过剩 路断人稀
ppma	起止时间 行之有效 答非所问 谋篇布局 谈笑自如
ppmaa	答非所问
ppmad	谋篇布局 谈笑自如
ppmaq	起止时间 行之有效
ppmd	发现 言论自由 行之有年 舆论大哗
ppmdd	发现 言论自由
ppmdq	行之有年 舆论大哗
ppmg	发光 常态 谠言直声 固步自封
ppmga	固步自封
ppmgd	发光 常态 谠言直声
ppmj	临时 党内 试验 谈议风生 谈论风生
ppmja	非请勿入
ppmjd	党内 试验 谈议风生 谈论风生 谈笑风生
ppmjq	临时 师出有名
ppmm	紧紧贴在 言之有理 言之成理 精力旺盛 非常明显
ppmma	非常明显 巾帼奇才
ppmmd	言之有理 言之成理 认认真真
ppmmq	紧紧贴在 精力旺盛 粒米狼戾
ppmp	发布 监狱 数米量柴 调墨弄笔 踽踽独行
ppmpa	非常感谢 七步成诗
ppmpd	发布 调墨弄笔 出谋献策
ppmpq	监狱 数米量柴 踽踽独行 长篇大论 蹉跎自误
ppmq	步骤 言之有物 非请勿进
ppmqa	非请勿进
ppmqd	步骤 言之有物
ppmt	常有 发明 发达 非常有用 止谈风月
ppmta	非常有用 非诚勿扰 非常有限
ppmtd	常有 发明 发达 止谈风月
ppmtq	蹉跎日月 归师勿掩
ppmx	讨类知原 东箭南金 出言成章 非常理解 非常时期
ppmxa	东箭南金 非常理解 非常时期 皮糙肉厚 七步成章
ppmxd	讨类知原 出言成章 出言有章
ppmxq	贤贤易色
ppp	笑了笑 设计师
pppa	越长越好 笑了起来
pppaa	笑了起来
pppaq	越长越好
pppd	设计师 对计算机 诽谤之木 各式各样 步步紧逼
pppda	对计算机
pppdd	设计师 诽谤之木 各式各样 步步紧逼 肯堂肯构
pppdq	糟糠之妻 糟糕之极
pppg	试图 帐篷 精诚团结 非常简单 说七说八
pppga	帐篷 非常简单
pppgd	试图 说七说八
pppgq	精诚团结
pppj	发了 跳了 语言简洁 谈圆说通 非常难过
pppja	非常难过 团团围住 笔诛墨伐 艰难困苦
pppjd	发了 语言简洁 谈圆说通 出简让全 讹言惑众
pppjq	跳了 越走越偏 或起或伏
pppm	发出 设计 超越 超出 跳出
pppma	非常认真 切切此布 七步之才
pppmd	发出 设计 言之尚早 发国难财
pppmq	超越 超出 跳出 越走越远 越长越大
pppp	常常 紧紧 试试 步步 说说笑笑
ppppa	算了算了 非常之谋 团团圆圆 非常非常 非常困难
ppppd	常常 试试 步步 说说笑笑 詀言詀语
ppppq	紧紧 赶紧试试 蹦蹦跳跳
pppq	监管 说了算 诊断试剂 非常紧密
pppqa	非常紧密
pppqd	说了算 诊断试剂
pppqq	监管
pppt	笑了笑 路边 发起 设计之初 赶紧出手
pppta	笑了笑 难言之隐
ppptd	发起 设计之初
ppptq	路边 赶紧出手 越走越近 跺了跺脚 跑东跑西
pppx	发行 发言 舆论监督
pppxd	发行 发言
pppxq	舆论监督
ppqa	长篇累牍 笔墨官司
ppqaa	笔墨官司
ppqaq	长篇累牍
ppqd	双管齐下 谈言微中 谭言微中
ppqda	双管齐下
ppqdd	谈言微中 谭言微中
ppqg	双眼 紧密
ppqga	双眼
ppqgq	紧密
ppqj	坚守 此起彼落 此起彼伏 圣诞老人 此长彼消
ppqja	圣诞老人
ppqjd	此起彼落 此起彼伏 此长彼消
ppqjq	坚守 鼷鼠饮河 竖起脊梁
ppqm	坚决 双目 设计实验 又或者是 鸡鸭鱼肉
ppqma	双目 又或者是 鸡鸭鱼肉 非常容易
ppqmd	设计实验 发发牢骚
ppqmq	坚决
ppqp	设计实践 设计资讯 谆谆告诫 谆谆教诲 非常密切
ppqpa	非常密切 鸡皮鹤发
ppqpd	设计实践 设计资讯 谆谆告诫 谆谆教诲 此话怎讲
ppqq	切实 走出教室 发踊冲冠 踏踏实实 歧路徘徊
ppqqa	切实
ppqqd	发踊冲冠 歧路徘徊 谄谀取容
ppqqq	走出教室 踏踏实实
ppqt	坚定 鉴定 设定 谆谆教导
ppqtd	设定 谆谆教导
ppqtq	坚定 鉴定
ppqx	发策决科
ppqxd	发策决科
ppt	试试看
ppta	紧握 舆论指责 笔走龙蛇 蹈常袭故
pptaa	笔走龙蛇
pptaq	紧握 舆论指责 蹈常袭故
pptd	发票 监控 计算技术 蜚瓦拔木 发踪指示
pptda	蜚瓦拔木
pptdd	发票 计算技术 发踪指示
pptdq	监控
pptg	坚持 皮肤 双腿 双脚 非常抱歉
pptga	皮肤 双腿 双脚 非常抱歉
pptgq	坚持
pptj	发抖 发热 紧紧抓住 出类拔萃 竹篮打水
pptja	竹篮打水 辽东白豕
pptjd	发抖 发热 出类拔萃 发踪指使
pptjq	紧紧抓住
pptm	党的 监护 党坚势盛 东跑西颠
pptma	东跑西颠
pptmd	党的 党坚势盛
pptmq	监护
pptp	双手 蹑蹻担簦 迷踪失路 鸭行鹅步
pptpa	双手
pptpd	鸭行鹅步
pptpq	蹑蹻担簦 迷踪失路
pptq	发挥 试探 试试看 长此以往 蹑足附耳
pptqd	发挥 试探 试试看
pptqq	长此以往 蹑足附耳
pptt	发誓 设计初衷 跌跌撞撞 逃之夭夭 艰难险阻
pptta	艰难险阻
ppttd	发誓 设计初衷 调皮捣蛋 堂堂皇皇
ppttq	跌跌撞撞 逃之夭夭 长发飘飘 走走看看 蹉跎岁月
pptx	常用 断发文身 东走西顾 发言盈庭
pptxa	东走西顾
pptxd	常用 发言盈庭
pptxq	断发文身
ppx	出发点 团团转
ppxa	紧急 谜底 蹑足其间
ppxad	谜底
ppxaq	紧急 蹑足其间
ppxd	路上 监督 临床 出发点 长颈鸟喙
ppxdd	出发点 甲第连天
ppxdq	路上 监督 临床 长颈鸟喙
ppxg	频率 各行其志 非常可惜 诺诺连声
ppxga	非常可惜
ppxgd	频率 各行其志 诺诺连声
ppxj	发射 粒米束薪 悲欢离合 超超玄著
ppxja	悲欢离合
ppxjd	发射
ppxjq	粒米束薪 超超玄著
ppxm	设置 团团转 言简意赅 诗词歌赋 各行其是
ppxma	团团转
ppxmd	设置 言简意赅 诗词歌赋 各行其是
ppxp	超市 切切私语 长篇小说 粗言秽语
ppxpa	切切私语
ppxpq	超市 长篇小说 粗言秽语
ppxq	跣足科头 频频点头 国难当头
ppxqa	国难当头
ppxqd	频频点头
ppxqq	跣足科头
ppxt	临难铸兵 艰难曲折 坚甲利兵
ppxta	艰难曲折
ppxtq	临难铸兵 坚甲利兵
ppxx	长长久久 恩恩爱爱
ppxxa	恩恩爱爱
ppxxq	长长久久
pqa	说得好
pqaa	观者如云
pqaaa	观者如云
pqad	逃避
pqadq	逃避
pqag	说得好 观者如堵 类聚群分
pqaga	观者如堵
pqagd	说得好
pqagq	类聚群分
pqaj	笃实好学 断决如流 难者不会 坚守不渝
pqaja	笃实好学 难者不会
pqajq	断决如流 坚守不渝
pqam	对牛弹琴 临界状态
pqama	对牛弹琴
pqamq	临界状态
pqap	长得不帅 长眠不起
pqapq	长得不帅 长眠不起
pqaq	断头将军 衙官屈宋 刀头舔蜜 长目飞耳
pqaqq	断头将军 衙官屈宋 刀头舔蜜 长目飞耳
pqat	监察支队 长得好看 恩德如山 刀头舔血 谋臣如雨
pqata	恩德如山
pqatd	谋臣如雨
pqatq	监察支队 长得好看 刀头舔血
pqax	长得不错 坚定不移
pqaxq	长得不错 坚定不移
pqda	谋臣武将 长安棋局 国富民强 竹头木屑 国富民丰
pqdaa	国富民强 竹头木屑 国富民丰
pqdad	谋臣武将
pqdaq	长安棋局 断齑画粥
pqdd	难得一见 双眼无神 国家机器 甲冠天下
pqdda	难得一见 双眼无神 国家机器
pqddd	甲冠天下
pqdg	讲述 国家一级 走得更快 国家机关 国进民退
pqdga	国家一级 国家机关 国进民退
pqdgd	讲述 言者无心
pqdgq	走得更快
pqdj	讲究 此次事件 该怎样做 国家栋梁 国家民族
pqdja	国家栋梁 国家民族
pqdjd	讲究 此次事件 该怎样做 各安天命
pqdm	记者梳理 走得更远
pqdmd	记者梳理
pqdmq	走得更远
pqdp	回眸一笑 回头再说 欢聚一堂 评头品足 竿头一步
pqdpa	回眸一笑 回头再说 欢聚一堂 竿头一步
pqdpd	评头品足
pqdq	国富民安 国家标准
pqdqa	国富民安 国家标准
pqdt	七年 签字画押
pqdta	七年 签字画押
pqdx	言者无罪 加官晋爵 尝鼎一脔
pqdxd	言者无罪 加官晋爵 尝鼎一脔
pqg	国家级
pqga	七八 国家级 箪食壶浆 非富即贵 七男八婿
pqgaa	七八 国家级 箪食壶浆 非富即贵 七男八婿
pqgd	七条
pqgda	七条
pqgg	国家主义 国家公祭
pqgga	国家主义 国家公祭
pqgj	箪食壶酒 出家为僧 双瞳剪水 让逸竞劳 七老八倒
pqgja	箪食壶酒 双瞳剪水 七老八倒
pqgjd	出家为僧 让逸竞劳
pqgm	七老八十
pqgma	七老八十
pqgp	颇为 又睡着了 毁家纾难 筑室道谋
pqgpa	颇为 又睡着了 筑室道谋
pqgpq	毁家纾难
pqgq	圈牢养物 行眠立盹
pqgqa	圈牢养物
pqgqq	行眠立盹
pqgt	因果关系
pqgta	因果关系
pqgx	国家主席 签字盖章 长安道上 管鲍分金 断鹤续凫
pqgxa	国家主席 签字盖章 管鲍分金
pqgxq	长安道上 断鹤续凫
pqj	鉴定人 数字化
pqja	刀头燕尾 街头巷尾 各安生业 笑容满面
pqjaa	笑容满面
pqjad	各安生业
pqjaq	刀头燕尾 街头巷尾
pqjd	管他 行思坐想
pqjda	管他
pqjdq	行思坐想
pqjg	诸位 行思坐忆 刀头剑首 忍耻含垢 说得过去
pqjgd	诸位 说得过去
pqjgq	行思坐忆 刀头剑首 忍耻含垢 忍耻含羞 戒律清规
pqjj	桑田沧海 忍耻偷生
pqjja	桑田沧海
pqjjq	忍耻偷生
pqjm	诸葛 诸侯 鼠目寸光
pqjmd	诸葛 诸侯
pqjmq	鼠目寸光
pqjp	鉴定人 行思坐筹 因循坐误
pqjpa	因循坐误
pqjpq	鉴定人 行思坐筹
pqjq	臼头深目 粗制滥造 加德满都
pqjqd	加德满都
pqjqq	臼头深目 粗制滥造
pqjt	数字化
pqjtq	数字化
pqma	谋臣猛将 鉴往知来 数往知来
pqmad	谋臣猛将
pqmaq	鉴往知来 数往知来
pqmd	管理 衡量 等待时机 国家大事 粉饰太平
pqmda	管理 等待时机 国家大事
pqmdq	衡量 粉饰太平
pqmg	墨守成规 难进易退
pqmga	难进易退
pqmgq	墨守成规
pqmj	发宪布令 墨守成法 常鳞凡介
pqmjd	发宪布令 常鳞凡介
pqmjq	墨守成法
pqmp	七十 坚实有力 说实在话 非愚则诬 各取所长
pqmpa	七十 非愚则诬
pqmpd	说实在话 各取所长
pqmpq	坚实有力
pqmq	监守自盗 走进现实 竿头日进 蹊田夺牛
pqmqa	竿头日进
pqmqq	监守自盗 走进现实 蹊田夺牛
pqmt	算是 颇有 说实在的 各家医院 监察大队
pqmta	算是 颇有 回头是岸
pqmtd	说实在的 各家医院 各取所需
pqmtq	监察大队
pqmx	竿头日上 竿头直上
pqmxa	竿头日上 竿头直上
pqp	说实话 或者说
pqpa	讲话 说实话 又老又丑 双宿双飞 管鲍之交
pqpaa	又老又丑 双宿双飞 管鲍之交
pqpad	讲话 说实话
pqpg	或者说 黑眼圈 囚徒困境
pqpga	囚徒困境
pqpgq	或者说 黑眼圈
pqpj	算了 各界精英 跌宕起伏 难得糊涂 诲盗诲淫
pqpja	算了 难得糊涂
pqpjd	各界精英 诲盗诲淫
pqpjq	跌宕起伏
pqpm	逃跑 算计 各家各户 出头之日 迷头认影
pqpma	算计
pqpmd	各家各户 出头之日
pqpmq	逃跑 迷头认影
pqpp	记者走访 行者让路 评头论足 又累又困 言者谆谆
pqppa	又累又困
pqppd	记者走访 评头论足 言者谆谆
pqppq	行者让路
pqpq	算算 舅舅 观察观察 又冷又饿
pqpqa	算算 观察观察 又冷又饿
pqpqq	舅舅
pqpt	对得起 国家出手 长得帅气 讽德诵功 评头论脚
pqpta	对得起 国家出手 笨头笨脑
pqptd	讽德诵功 评头论脚
pqptq	长得帅气 足食足兵 粝食粗衣
pqpx	语言 逃走 笔饱墨酣
pqpxa	笔饱墨酣
pqpxd	语言
pqpxq	逃走
pqq	观察家 笑眯眯
pqqd	国家资助 鸡头鱼刺
pqqda	国家资助 鸡头鱼刺
pqqg	因循守旧 走得很快 糟老头子
pqqga	因循守旧
pqqgq	走得很快 糟老头子
pqqj	管家 观察家 回老家 长得很像 诚实守信
pqqja	管家 观察家 回老家 圣彼得堡
pqqjd	诚实守信
pqqjq	长得很像
pqqm	因果循环
pqqma	因果循环
pqqp	笑眯眯 管制 坚决制止
pqqpa	笑眯眯 管制
pqqpq	坚决制止
pqqq	走进教室 对头冤家
pqqqa	对头冤家
pqqqq	走进教室
pqqx	各具特色 加官进爵 管宁割席
pqqxa	管宁割席
pqqxd	各具特色 加官进爵
pqta	出头露面 国富兵强 师老兵疲
pqtaa	国富兵强
pqtad	出头露面
pqtaq	师老兵疲
pqtd	踵决肘见
pqtdq	踵决肘见
pqtg	坚守阵地 笨得要死
pqtga	笨得要死
pqtgq	坚守阵地
pqtj	诧异 七岁
pqtja	七岁
pqtjd	诧异
pqtm	双目失明
pqtma	双目失明
pqtp	记者手记 东征西讨 论资排辈
pqtpa	东征西讨
pqtpd	记者手记 论资排辈
pqtq	语气 忍饥挨饿 箪食瓢饮 东食西宿
pqtqa	箪食瓢饮 东食西宿
pqtqd	语气
pqtqq	忍饥挨饿
pqtt	回头看看 东瞧西看
pqtta	回头看看 东瞧西看
pqtx	七月 东鳞西爪 因果报应 东兔西乌
pqtxa	七月 东鳞西爪 因果报应 东兔西乌
pqx	辽宁省
pqxa	逃离 衔冤负屈 筑室反耕
pqxaa	筑室反耕
pqxaq	逃离 衔冤负屈
pqxd	课程
pqxdd	课程
pqxg	长官意志 断井颓垣
pqxgq	长官意志 断井颓垣
pqxm	算得上是 各得其所
pqxma	算得上是
pqxmd	各得其所
pqxp	坚决反对 切实可行
pqxpa	切实可行
pqxpq	坚决反对
pqxq	管辖 东进战略 亟待解决 发家致富 诚实可靠
pqxqa	管辖 东进战略 亟待解决
pqxqd	发家致富 诚实可靠 各得其宜
pqxqq	忍饥受饿
pqxt	辽宁省 加减乘除 笑容可掬
pqxta	辽宁省 笑容可掬
pqxtd	加减乘除
pqxx	国家省市 谋取私利
pqxxa	国家省市
pqxxd	谋取私利
ptaa	谁不 简要不烦 糖衣炮弹 调兵遣将 精兵强将
ptaaa	简要不烦
ptaad	谁不 调兵遣将
ptaaq	糖衣炮弹 精兵强将 鼠肝虫臂
ptad	箪瓢屡空
ptada	箪瓢屡空
ptag	起来 坚持不懈 常抓不懈 语气不善
ptagd	常抓不懈 语气不善
ptagq	起来 坚持不懈
ptaj	记录 第六 笔录 紧追不舍 刀山火海
ptaja	第六 笔录
ptajd	记录
ptajq	紧追不舍 刀山火海 坚持不渝
ptam	出手不凡 国际贸易 赴险如夷
ptama	国际贸易
ptamd	出手不凡
ptamq	赴险如夷
ptap	对我来说 默然不语 非比寻常 出毛病了 临文不讳
ptapa	对我来说 非比寻常
ptapd	出毛病了
ptapq	默然不语 临文不讳
ptaq	常胜将军 难以避免 料峭春寒 粗服乱头
ptaqa	难以避免
ptaqd	常胜将军
ptaqq	料峭春寒 粗服乱头
ptat	长揖不拜 鼠腹蜗肠
ptatq	长揖不拜 鼠腹蜗肠
ptax	难以承受
ptaxa	难以承受
ptd	第三天
ptda	毁灭 黑白相间 图费口舌
ptdaa	图费口舌
ptdaq	毁灭 黑白相间
ptdd	此事 国际视野 难以下咽
ptdda	国际视野 难以下咽
ptddd	此事
ptdg	第一 难忘 国际事务 忍气吞声 恩贾梅纳
ptdga	第一 难忘 国际事务 恩贾梅纳
ptdgq	忍气吞声
ptdj	国际事件 黯然神伤 国际舞台 长斋礼佛
ptdja	国际事件 国际舞台
ptdjq	黯然神伤 长斋礼佛
ptdm	第三天 堂皇正大
ptdma	第三天
ptdmd	堂皇正大
ptdp	行胜于言 数以百计 数以万计 东山再起 各执一词
ptdpa	东山再起 双拼助记
ptdpd	各执一词
ptdpq	行胜于言 数以百计 数以万计 走投无路
ptdq	难以想象 难以形容 竹报平安 衔胆栖冰
ptdqa	难以想象 难以形容 竹报平安
ptdqq	衔胆栖冰
ptdt	国际形势 了然于胸
ptdta	国际形势 了然于胸
ptdx	谁也 孑然一身 调三窝四 黯然无色
ptdxa	孑然一身
ptdxd	谁也 调三窝四
ptdxq	黯然无色
ptg	紧接着
ptga	记忆 笑声 边缘 第八 掌声
ptgaa	笑声 第八 七扭八歪
ptgad	记忆 边缘 掌声
ptgd	此地 长袖善舞 诗肠鼓吹 欢欣鼓舞
ptgda	欢欣鼓舞
ptgdd	此地 诗肠鼓吹
ptgdq	长袖善舞
ptgg	国际主义 数据总线 国际商务 难乎为情 紧打慢敲
ptgga	国际主义 国际商务 难乎为情 难以为继 幡然悔悟
ptggd	出以公心 说白道绿
ptggq	数据总线 紧打慢敲 临阵退缩
ptgj	足够 七零八落 恩山义海 图文并茂 七损八益
ptgja	七零八落 恩山义海 图文并茂 七损八益 七损八伤
ptgjq	足够 长斋绣佛
ptgm	难道 笑道 断手续玉 斐然乡风 围追堵截
ptgma	难道 笑道 斐然乡风 围追堵截 七零八碎
ptgmq	断手续玉 黑白分明
ptgp	难怪 因陋就简 精打细算 难看死了 难以预料
ptgpa	难怪 因陋就简 难看死了 难以预料 七拱八翘
ptgpq	精打细算
ptgq	笑着 紧接着 精挑细选 紧要关头 七拼八凑
ptgqa	笑着 七拼八凑 东山高卧
ptgqq	紧接着 精挑细选 紧要关头
ptgt	数据收集 国际纵队 证据收集 七手八脚 国际关系
ptgta	国际纵队 七手八脚 国际关系 七拐八拐 七折八扣
ptgtd	证据收集
ptgtq	数据收集
ptgx	此处 掌心 说三道四
ptgxd	此处 掌心 说三道四
ptj	让我们 第三人
ptja	让我们 谁会 难以名状 难以企及
ptjaa	难以名状 难以企及
ptjad	让我们 谁会
ptjd	第三方 国际学校 谬以千里 皮肤过敏 黯然伤神
ptjda	第三方 国际学校 皮肤过敏
ptjdd	谬以千里
ptjdq	黯然伤神 刀山剑树
ptjg	记住 国际法 粉白黛绿 行崄侥幸
ptjga	国际法
ptjgd	记住
ptjgq	粉白黛绿 行崄侥幸
ptjj	迷茫 第九 国际艺苑 跋山涉水 非异人任
ptjja	第九 国际艺苑 非异人任 回山倒海 笑比河清
ptjjq	迷茫 跋山涉水 黑白混淆
ptjm	起伏 难以估量 笃近举远 欢欣若狂
ptjma	难以估量 笃近举远 欢欣若狂
ptjmq	起伏
ptjp	此刻 此人 此生 第三人 诞生
ptjpa	第三人 非我族类 鸡毛蒜皮 对我而言
ptjpd	此刻 此人 此生 诞生 调朱傅粉
ptjpq	迷人 监护人 黑衣人 趁势落篷 数以千计
ptjq	第三世界 国际泳联 粗衣淡饭 笔扫千军
ptjqa	第三世界 国际泳联 笔扫千军
ptjqq	粗衣淡饭
ptjt	难过 谁能 黑龙江 国际化 第三个月
ptjta	难过 国际化 第三个月 回肠荡气 观衅伺隙
ptjtd	谁能
ptjtq	黑龙江
ptjx	此外 跌倒 第三节 默换潜移 回肠九转
ptjxa	第三节 回肠九转
ptjxd	此外
ptjxq	跌倒 默换潜移
ptma	坚持时间 第三十届 国际影展 证据确凿 东西南北
ptmaa	第三十届 国际影展 东西南北 笑看风云
ptmad	证据确凿 谈霏玉屑
ptmaq	坚持时间 米已成炊
ptmd	第二 谁知 国际时事 各抒所见 边际成本
ptmda	第二 国际时事
ptmdd	谁知 各抒所见 边际成本
ptmg	谁在
ptmgd	谁在
ptmj	此时 第三十九 黑白颠倒 难以启齿 国际知名
ptmja	第三十九 难以启齿 国际知名 笑掉大牙 国防大学
ptmjd	此时 力挽狂澜
ptmjq	黑白颠倒
ptmm	起码 鸡零狗碎 发扬光大
ptmma	鸡零狗碎
ptmmd	发扬光大
ptmmq	起码
ptmp	第十 记载 又失败了 调朱弄粉 调脂弄粉
ptmpa	第十 又失败了
ptmpd	记载 调朱弄粉 调脂弄粉
ptmq	超然自逸 行己有耻 超然自得
ptmqq	超然自逸 行己有耻 超然自得
ptmt	难题 谁是 国际医院 第三医院 颇费周折
ptmta	难题 国际医院 第三医院 颇费周折 难以自抑
ptmtd	谁是
ptmtq	行兵布阵
ptmx	黑白两色 调三斡四 难以理解 斐然成章
ptmxa	难以理解 斐然成章
ptmxd	调三斡四
ptmxq	黑白两色
ptp	说白了 说服力
ptpa	笑话 紫气东来 断袖之癖 切肤之痛 难以言状
ptpaa	笑话 切肤之痛 难以言状
ptpad	紫气东来 各找各妈
ptpaq	断袖之癖
ptpd	些许 迷惑 难以言喻 让三让再 精兵简政
ptpda	难以言喻 双拼双形 双拼加形
ptpdd	些许 让三让再
ptpdq	迷惑 精兵简政
ptpg	诉讼 诉说 谁说 第三等级 七擒七纵
ptpga	第三等级 七擒七纵
ptpgd	诉讼 诉说 谁说
ptpj	起了 笑了 毁了 说白了 说服力
ptpja	笑了
ptpjd	说白了 说服力 言扬行举
ptpjq	起了 毁了 数据监测 越陷越深 越挫越勇
ptpm	双龙戏珠 数白论黄
ptpma	双龙戏珠
ptpmq	数白论黄
ptpp	计功行赏 粉白墨黑 论功行赏 越描越黑 难以言说
ptppa	难以言说
ptppd	计功行赏 论功行赏
ptppq	粉白墨黑 越描越黑 蹑手蹑足
ptpq	第七 国际足联 识文断字 粗衣粝食
ptpqa	第七 国际足联
ptpqd	识文断字
ptpqq	粗衣粝食
ptpt	起诉 笑笑 足足 笔记 误打误撞
ptpta	笑笑 笔记
ptptd	误打误撞 试探试探
ptptq	起诉 足足 蹑手蹑脚 蹑脚蹑手 鼠腹鸡肠
ptpx	谁又 边走 第三第四 加拉加斯 调三惑四
ptpxa	第三第四 难以忍受
ptpxd	谁又 边走 加拉加斯 调三惑四 发扬蹈厉
ptq	第三次 第三者
ptqa	鸡胸龟背
ptqaa	鸡胸龟背
ptqd	此次 第三次 之乎者也 国际资本 堂皇富丽
ptqda	第三次 之乎者也 国际资本
ptqdd	此次 堂皇富丽
ptqg	笑容 因陋守旧 行险徼幸 发指眦裂
ptqga	笑容 因陋守旧
ptqgd	发指眦裂
ptqgq	行险徼幸
ptqj	难以割舍 超然物外 超以象外 尝胆卧薪 超然象外
ptqja	难以割舍
ptqjd	尝胆卧薪
ptqjq	超然物外 超以象外 超然象外
ptqm	记得 谁都 记者 难得 起头
ptqma	难得 笑得 第三者
ptqmd	记得 谁都 记者 堂皇冠冕
ptqmq	起头 数据实时
ptqp	难免 力拔头筹
ptqpa	难免
ptqpd	力拔头筹
ptqt	肯定 第五 党的宗旨 断脰决腹
ptqta	第五
ptqtd	肯定 党的宗旨
ptqtq	断脰决腹
ptqx	出手得卢
ptqxd	出手得卢
ptt	发脾气 双胞胎
ptta	掌握 评功摆好
pttad	掌握 评功摆好
pttd	掌控 固执己见 各执己见 鼷腹鹪枝 各抒己见
pttda	固执己见
pttdd	掌控 各执己见 各抒己见 各项指标 各持己见
pttdq	鼷腹鹪枝 坚持己见
pttg	迷失 各向异性 鸡毛掸子
pttga	鸡毛掸子
pttgd	各向异性
pttgq	迷失
pttj	难以 足以 笑脸 双胞胎 幡然改途
pttja	难以 笑脸 双胞胎 幡然改途 东扶西倒
pttjd	出山泉水 发隐擿伏 计功补过 加膝坠渊 力拔山河
pttjq	足以
pttm	谁的 言近旨远 斐然向风 谨毛失貌
pttma	斐然向风
pttmd	谁的 言近旨远 谨毛失貌
pttp	第三 起手 起初 长白山 笑盈盈
pttpa	第三 笑盈盈
pttpq	起手 起初 长白山 临阵脱逃
pttq	难看 发脾气 东拼西凑 发聋振聩
pttqa	难看 东拼西凑
pttqd	发脾气 发聋振聩
pttt	东拉西扯 难以捉摸 难以抗拒 东隅已逝 东摇西摆
pttta	东拉西扯 难以捉摸 难以抗拒 东隅已逝 东摇西摆
pttx	戒指项链 蹈袭覆辙 难以改变 黯然失色 难以接受
pttxa	难以改变 难以接受
pttxq	戒指项链 蹈袭覆辙 黯然失色 趁热打铁
ptx	第三章 数据库
ptxa	黯然销魂
ptxaq	黯然销魂
ptxd	起床 边上 起点 此后 第三种
ptxda	第三种 难以磨灭
ptxdd	边上 此后
ptxdq	起床 起点 临阵磨枪
ptxg	笑意 试用期 墨西哥城 幡然醒悟
ptxga	笑意 幡然醒悟
ptxgd	试用期
ptxgq	墨西哥城
ptxj	难度 难以置信 跨山压海 因势乘便
ptxja	难度 难以置信 因势乘便
ptxjq	跨山压海
ptxm	紫色 第三章 国际金融
ptxma	第三章 国际金融
ptxmd	紫色
ptxp	起身 第四 起到 答疑解惑 衡阳雁断
ptxpa	第四 答疑解惑 欢欣雀跃 难乎其难
ptxpq	起身 起到 衡阳雁断
ptxq	难受 话的意思 难以解决 说文解字
ptxqa	难受 难以解决
ptxqd	话的意思 说文解字
ptxt	长三角 肾阳虚衰 因势利导 越陌度阡
ptxta	因势利导
ptxtq	长三角 肾阳虚衰 越陌度阡
ptxx	笼罩 些小 数据库 墨西哥 第三季度
ptxxa	笼罩 第三季度 第比利斯
ptxxd	些小
ptxxq	数据库 墨西哥 紧随其后
pxa	黑色素
pxaa	又不 临危不乱 坚贞不屈
pxaaa	又不
pxaaq	临危不乱 坚贞不屈
pxad	让她 又问 又如 难度适中 墨迹未干
pxada	又问 又如 难度适中
pxadd	让她
pxadq	墨迹未干
pxag	走来 黑色素 临危不惧 戏彩娱亲
pxaga	戏彩娱亲
pxagq	走来 黑色素 临危不惧
pxaj	谏争如流 贤身贵体 话音未落 笑靥如花 出尘不染
pxaja	笑靥如花
pxajd	谏争如流 话音未落 出尘不染
pxajq	贤身贵体
pxam	糠豆不赡 囤积居奇 七返还丹
pxama	囤积居奇 七返还丹
pxamq	糠豆不赡
pxap	行动 党委书记
pxapd	党委书记
pxapq	行动
pxaq	趋利避害 紧皱眉头
pxaqq	趋利避害 紧皱眉头
pxat	东北
pxata	东北
pxax	行业 发射装置 出其不意
pxaxd	发射装置 出其不意
pxaxq	行业
pxd	邓小平 管辖权
pxda	七彩祥云 精金百炼
pxdaa	七彩祥云
pxdaq	精金百炼
pxdd	行事 迷恋骸骨 了解一下 堂上一呼 非意相干
pxdda	了解一下 非意相干
pxddd	堂上一呼
pxddq	行事 迷恋骸骨
pxdg	又一 行李 邓小平 距市中心 谦躬下士
pxdga	又一 邓小平
pxdgd	谦躬下士
pxdgq	行李 距市中心 肆意妄为
pxdj	走开 紧急事件 出轨事件 断轴事件
pxdjd	出轨事件
pxdjq	走开 紧急事件 断轴事件
pxdm	走吧
pxdmq	走吧
pxdp	行政 管辖权 诗歌形式 围魏救赵 话到嘴边
pxdpa	管辖权 围魏救赵
pxdpd	诗歌形式 话到嘴边
pxdpq	行政
pxdq	又想 国尔忘家 国色天姿
pxdqa	又想 国尔忘家 国色天姿
pxdx	跪下 走下 箪豆见色 国色天香 笔锋一转
pxdxa	箪豆见色 国色天香 笔锋一转
pxdxd	话锋一转
pxdxq	跪下 走下
pxga	计上心来 力透纸背 出离愤怒 东床快婿
pxgaa	东床快婿
pxgad	计上心来 力透纸背 出离愤怒
pxgd	赵钱孙李 七上八下 精彩纷呈
pxgda	七上八下
pxgdq	赵钱孙李 精彩纷呈
pxgg	辈子 设身处地 驾轻就熟 迷离恍惚 迷离惝恍
pxgga	辈子
pxggd	设身处地 驾轻就熟
pxggq	迷离恍惚 迷离惝恍
pxgj	走去 精彩绝伦 精卫填海 七上八落 断雁孤鸿
pxgja	七上八落
pxgjq	走去 精彩绝伦 精卫填海 断雁孤鸿
pxgm	谢庭兰玉 赏罚分明 精金良玉
pxgmd	谢庭兰玉 赏罚分明
pxgmq	精金良玉
pxgp	行为 难受死了 讨厌死了
pxgpa	难受死了
pxgpd	讨厌死了
pxgpq	行为
pxgq	走着 谨小慎微 计上心头
pxgqd	谨小慎微 计上心头
pxgqq	走着
pxgt	瓦解土崩 七弯八拐 东床坦腹
pxgta	瓦解土崩 七弯八拐 东床坦腹
pxgx	数罪并罚 刀锯斧钺 超轶绝尘
pxgxq	数罪并罚 刀锯斧钺 超轶绝尘
pxj	常委会
pxja	又会 常委会
pxjaa	又会
pxjad	常委会
pxjd	让他 行使 东方 紧急施救 各色名样
pxjda	东方
pxjdd	让他 各色名样
pxjdq	行使 紧急施救
pxjg	因爱生恨 肆意而为 诡变多端 七贞九烈
pxjga	因爱生恨 七贞九烈
pxjgd	诡变多端
pxjgq	肆意而为
pxjj	切身体会 恩甚怨生 观音菩萨 趁虚而入 超度众生
pxjja	切身体会 恩甚怨生 观音菩萨 悲愁垂涕
pxjjd	谬种流传 诡秘莫测 力小任重
pxjjq	趁虚而入 超度众生
pxjm	箫韶九成
pxjma	箫韶九成
pxjp	让人 行人 语音信箱 各色人等 诸色人等
pxjpd	让人 语音信箱 各色人等 诸色人等
pxjpq	行人
pxjq	发秃齿豁
pxjqd	发秃齿豁
pxjt	走过 又能 圆玄学院
pxjta	又能 圆玄学院
pxjtq	走过
pxjx	让你 说到做到 默转潜移 该当何罪
pxjxd	让你 说到做到 该当何罪
pxjxq	默转潜移
pxm	行程码
pxmd	行驶 各种琐事 粉身碎骨 粉身灰骨
pxmdd	各种琐事
pxmdq	行驶 粉身碎骨 粉身灰骨
pxmg	走在 又在 跪在 长上影线
pxmga	又在
pxmgq	走在 跪在 长上影线
pxmj	第四十九 话音刚落 话音才落 了身达命 瓦解星散
pxmja	第四十九 了身达命 瓦解星散
pxmjd	话音刚落 话音才落
pxmm	行程码 行色怱怱 行色匆匆 掌上明珠
pxmmd	掌上明珠
pxmmq	行程码 行色怱怱 行色匆匆
pxmp	走远 临床医师 踔厉奋发 踔厉风发 蹈厉奋发
pxmpq	走远 临床医师 踔厉奋发 踔厉风发 蹈厉奋发
pxmq	此种现象
pxmqd	此种现象
pxmt	又是 又有 第四医院 黑色大衣
pxmta	又是 又有 第四医院
pxmtq	黑色大衣
pxp	许可证
pxpa	越小越好 师哥师姐 越久越好 越少越好 行车记录
pxpaa	叠床架屋
pxpad	谈玄说妙
pxpaq	越小越好 师哥师姐 越久越好 越少越好 行车记录
pxpd	诱惑 许可证 各色各样 各种各样 精彩之极
pxpdd	诱惑 许可证 各色各样 各种各样
pxpdq	精彩之极
pxpg	又说 行针步线 蹈厉之志 谦虚谨慎 又爱又恨
pxpga	又说 又爱又恨 难解难分
pxpgd	谦虚谨慎
pxpgq	行针步线 蹈厉之志 衡虑困心
pxpj	走了 行了 加少许水 越战越勇 或轻或重
pxpjd	加少许水
pxpjq	走了 行了 越战越勇 或轻或重
pxpm	走出 又香又辣 又酸又辣 长夜难明
pxpma	又香又辣 又酸又辣
pxpmq	走出 长夜难明
pxpp	走路 试乘试驾 长久之计 精锐之师 欢歌笑语
pxppa	欢歌笑语 难解之谜 难上加难
pxppd	试乘试驾
pxppq	走路 长久之计 精锐之师
pxpq	言语 双卡双待 长夜之饮
pxpqa	双卡双待
pxpqd	言语
pxpqq	长夜之饮
pxpt	又香又脆 又酥又脆
pxpta	又香又脆 又酥又脆
pxpx	谢谢 行走 走走 又酥又香
pxpxa	又酥又香
pxpxd	谢谢
pxpxq	行走 走走
pxqa	紧急制动 笨鸟先飞
pxqaa	笨鸟先飞
pxqaq	紧急制动
pxqg	迷离徜恍 断章取义 紧锣密鼓
pxqgq	迷离徜恍 断章取义 紧锣密鼓
pxqj	迷离徜仿 瓦解冰泮 瓦解冰消
pxqja	瓦解冰泮 瓦解冰消
pxqjq	迷离徜仿
pxqm	行者 走得
pxqmq	行者 走得
pxqp	各种资讯
pxqpd	各种资讯
pxqq	发上冲冠
pxqqd	发上冲冠
pxqt	走进 让它 计较得失 调和鼎鼐
pxqtd	让它 计较得失 调和鼎鼐
pxqtq	走进
pxqx	瓦解冰销 刀锯鼎镬
pxqxa	瓦解冰销
pxqxq	刀锯鼎镬
pxt	又可以 肾上腺
pxta	又要 鸡蛋 试射导弹 各种指责 长期以来
pxtaa	又要 鸡蛋
pxtad	试射导弹 各种指责 力钧势敌
pxtaq	长期以来 肾上腺素 行香挂牌
pxtd	圣卢西亚 糖醋排骨
pxtda	圣卢西亚
pxtdq	糖醋排骨
pxtg	加速折旧 监督执纪 筛锣擂鼓 迷离扑朔 断章摘句
pxtga	筛锣擂鼓
pxtgd	加速折旧
pxtgq	监督执纪 迷离扑朔 断章摘句
pxtj	诡异 趋势 又可以 东躲西藏 临危授命
pxtja	又可以 东躲西藏 鸡争鹅斗
pxtjd	诡异
pxtjq	趋势 临危授命 超尘拔俗
pxtm	走向 又把 因小失大 七彩阳光 论甘忌辛
pxtma	又把 因小失大 七彩阳光
pxtmd	论甘忌辛
pxtmq	走向
pxtp	又被 发科打诨 戒急用忍
pxtpa	又被
pxtpd	发科打诨
pxtpq	戒急用忍
pxtq	发上指冠
pxtqd	发上指冠
pxtt	让我 走近 肾上腺 监督指导 围点打援
pxtta	围点打援
pxttd	让我 诛锄异己 调和阴阳 力可拔山
pxttq	走近 肾上腺 监督指导 足音跫然
pxtx	东西 蹈其覆辙
pxtxa	东西
pxtxq	蹈其覆辙
pxx	谈恋爱 出租车
pxxa	出租车 说到底
pxxad	出租车 说到底
pxxd	走上 长歌当哭 谄上欺下
pxxdd	谄上欺下
pxxdq	走上 长歌当哭
pxxg	走廊 黑压压 迷金醉纸 因私废公 谬采虚声
pxxga	因私废公
pxxgd	谬采虚声
pxxgq	走廊 黑压压 迷金醉纸 舄乌虎帝
pxxj	力争上游 切身利益 临危受命 因利乘便 谬采虚誉
pxxja	切身利益 因利乘便
pxxjd	力争上游 谬采虚誉
pxxjq	临危受命 临危致命
pxxp	走到 各种原因 出庭应诉 精采秀发
pxxpd	各种原因 出庭应诉
pxxpq	走到 精采秀发
pxxq	谈恋爱 语音转写
pxxqd	谈恋爱 语音转写
pxxt	紧身上衣 各种质疑 调虎离山 对床夜雨
pxxta	对床夜雨
pxxtd	各种质疑 调虎离山
pxxtq	紧身上衣
pxxx	第四季度 出尔反尔 谈虎色变 步其后尘 长虑顾后
pxxxa	第四季度
pxxxd	出尔反尔 谈虎色变 步其后尘 词钝意虚
pxxxq	长虑顾后
qaa	老奶奶
qaaa	安妮 安居乐业 男婚女嫁
qaaaa	安妮 安居乐业
qaaaq	男婚女嫁
qaad	安慰 牛鬼蛇神 饭来张口
qaada	安慰
qaadq	牛鬼蛇神 饭来张口
qaag	安装 职业素养 老弱病残 男耕女织 五鬼闹判
qaaga	安装 五鬼闹判
qaagq	职业素养 老弱病残 男耕女织
qaaj	家居装修 宁缺不滥 睡不好觉 寡不敌众 食古不化
qaaja	家居装修 宁缺不滥 寡不敌众
qaajq	睡不好觉 食古不化
qaam	职业背景 得来不易 鲁殿灵光
qaama	得来不易 鲁殿灵光
qaamq	职业背景
qaap	安适如常 寅支卯粮
qaapa	安适如常 寅支卯粮
qaaq	家居装饰 男婚女聘 目不交睫
qaaqa	家居装饰
qaaqq	男婚女聘 目不交睫
qaat	安静 宁静 老奶奶 得婿如龙 男女不限
qaata	安静 宁静 得婿如龙 密云不雨 安如泰山
qaatq	老奶奶 男女不限
qaax	畏敌如虎 臣门如市
qaaxq	畏敌如虎 臣门如市
qad	容不下
qada	完好无缺 累及无辜
qadaa	完好无缺
qadaq	累及无辜
qadd	寄希望于 煮粥焚须 饭来开口 目不别视 食不下咽
qadda	寄希望于
qaddq	煮粥焚须 饭来开口 目不别视 食不下咽 都不一样
qadg	富面百城 思来想去 室如悬磬
qadga	富面百城 室如悬磬
qadgq	思来想去
qadj	富贵逼人
qadja	富贵逼人
qadm	聊天 实属无奈
qadma	实属无奈
qadmq	聊天
qadp	目不窥园 男女平等
qadpq	目不窥园 男女平等
qadq	睁不开眼 实不相瞒 目不见睫
qadqa	实不相瞒
qadqq	睁不开眼 目不见睫
qadx	容不下 安不忘危
qadxa	容不下 安不忘危
qag	睡不着 教育部
qaga	实业公司 守如处女
qagaa	实业公司 守如处女
qagd	教育部 赞不绝口
qagdq	教育部 赞不绝口
qagg	案子 凌迟处死
qagga	案子 凌迟处死
qagj	官运亨通
qagja	官运亨通
qagm	免责声明 安如盘石 得未曾有 瞻云就日 安如磐石
qagma	免责声明 安如盘石 得未曾有 安如磐石
qagmq	瞻云就日
qagp	目不给赏 头疼死了 都不喜欢
qagpa	头疼死了
qagpq	目不给赏 都不喜欢
qagq	盯着 睡不着 职业道德 田间地头 徐娘半老
qagqa	徐娘半老 鲜眉亮眼
qagqq	盯着 睡不着 职业道德 田间地头
qagt	害怕 瞬间即逝 老弱残兵 老不死的
qagta	害怕
qagtq	瞬间即逝 老弱残兵 老不死的
qagx	安心 聊表心意
qagxa	安心
qagxq	聊表心意
qaj	都不会 都不能
qaja	都不会 决不会 家居企业 富贵浮云
qajaa	决不会 家居企业 富贵浮云
qajaq	都不会
qajd	目不苟视 案牍劳形 目不斜视 富贵花开 目不邪视
qajda	案牍劳形 富贵花开 罕譬而喻
qajdq	目不苟视 目不斜视 目不邪视 鹄面鸠形 食不重味
qajg	案例 聊表寸心
qajga	案例
qajgq	聊表寸心
qajj	安故重迁 五毒俱全 富贵荣华 宁缺毋滥 五六个人
qajja	安故重迁 五毒俱全 富贵荣华 宁缺毋滥 五六个人
qajjq	聪慧过人
qajm	安全 冠履倒易 密不通风 老蚌生珠 寒蝉仗马
qajma	安全 冠履倒易 密不通风 寒蝉仗马
qajmq	老蚌生珠
qajp	害人 累屋重架 安邦治国
qajpa	害人 安邦治国
qajpq	累屋重架
qajq	案件 教育学 头面人物 安眉带眼 脊背生寒
qajqa	案件 头面人物 安眉带眼 脊背生寒 富贵人家
qajqq	教育学 齐眉举案
qajt	都不能 决不能 瞬间消失 职业方向 得不偿失
qajta	决不能 得不偿失 五六个月
qajtq	都不能 瞬间消失 职业方向 思如涌泉
qajx	寒蝉僵鸟 得克萨斯 略表敬意 齐烟九点 老妪能解
qajxa	寒蝉僵鸟 得克萨斯 冠履倒置 徒乱人意
qajxq	略表敬意 齐烟九点 老妪能解
qam	都不是
qama	寒耕暑耘 睟面盎背
qamaa	寒耕暑耘
qamaq	睟面盎背
qamd	富贵在天 食不知味 男女有别
qamda	富贵在天
qamdq	食不知味 男女有别
qamg	教育硕士 客运专线 割臂盟公 鲜克有终 都不知道
qamga	客运专线 割臂盟公 鲜克有终
qamgq	教育硕士 都不知道
qamj	家居风水 老奸巨滑 宁缺勿滥 农业大学 富贵骄人
qamja	家居风水 宁缺勿滥 农业大学 富贵骄人
qamjq	老奸巨滑
qamm	免责申明 职责所在 老奸巨猾 安闲自在
qamma	免责申明 安闲自在
qammq	职责所在 老奸巨猾
qamp	聊骚 家居知识 耳闻则诵 家弦户诵
qampa	家居知识 家弦户诵
qampq	聊骚 耳闻则诵
qamq	寒来暑往 头痛医头 鲜艳夺目 凌弱暴寡 安闲自得
qamqa	寒来暑往 头痛医头 鲜艳夺目 凌弱暴寡 安闲自得
qamt	都不是 五六十岁 安如太山 目不暇接 老蚌珠胎
qamta	五六十岁 安如太山
qamtq	都不是 目不暇接 老蚌珠胎 聚蚊成雷
qamx	卧病在床 耳闻是虚
qamxq	卧病在床 耳闻是虚
qap	瞧不起 免不了
qapa	职业发展 目不识丁
qapaq	职业发展 目不识丁
qapd	律师 饶舌调唇 头痛之极 井蛙之见
qapda	律师 头痛之极
qapdq	饶舌调唇 井蛙之见
qapg	寂静之声 职业等级 微不足道 凌云之志
qapga	寂静之声 微不足道 凌云之志
qapgq	职业等级
qapj	害了 免不了 免疫力 思不出位 案牍之劳
qapja	害了 免不了 免疫力 案牍之劳
qapjq	思不出位
qapm	老将出马 害群之马 富强发达 割臂之盟
qapma	害群之马 富强发达 割臂之盟
qapmq	老将出马
qapp	家居设计 家装设计 完璧归赵
qappa	家居设计 家装设计 完璧归赵
qapq	睡不踏实 目不忍睹
qapqq	睡不踏实 目不忍睹
qapt	灾难 瞧不起 免不了的
qapta	灾难 免不了的
qaptq	瞧不起
qapx	累卵之危
qapxq	累卵之危
qaqa	彳亍 安宁 宜居宜业 宜业宜居 安装目录
qaqaa	彳亍 安宁 宜居宜业 宜业宜居 安装目录
qaqd	教育资助 职业资格 耳闻目见
qaqdq	教育资助 职业资格 耳闻目见
qaqg	制浆造纸 老来得子 聊来聊去 男女老幼 头版头条
qaqga	头版头条
qaqgq	制浆造纸 老来得子 聊来聊去 男女老幼
qaqj	宜居宜游 头昏眼花 安不安全
qaqja	宜居宜游 头昏眼花 安不安全
qaqm	头昏目晕 头昏眼晕 容不容易 头昏眼暗 眠云卧石
qaqma	头昏目晕 头昏眼晕 容不容易 头昏眼暗
qaqmq	眠云卧石
qaqp	教育资讯 寒蝉凄切 安邦定国
qaqpa	寒蝉凄切 安邦定国
qaqpq	教育资讯
qaqq	耳闻目睹 安不安逸 头昏目眩 冷眉冷眼
qaqqa	安不安逸 头昏目眩 冷眉冷眼
qaqqq	耳闻目睹
qaqt	安逸 安定 很不客气 冲昏头脑 食不果腹
qaqta	安逸 安定 很不客气 冲昏头脑 安魂定魄
qaqtq	食不果腹 耳闻目击
qaqx	男女老小 富贵安康 考不考虑 男女老少 寝不安席
qaqxa	富贵安康 寝不安席 冷面寒铁
qaqxq	男女老小 考不考虑 男女老少 卧不安席
qat	都不要
qata	都不要 寒耕热耘 取如拾遗 教妇初来 头昏脑闷
qataa	寒耕热耘 头昏脑闷
qataq	都不要 取如拾遗 教妇初来
qatd	安抚 瞬间击中
qatda	安抚
qatdq	瞬间击中
qatg	眼疾手快
qatgq	眼疾手快
qatj	职业打假 资不抵债 思如泉涌 五六月份
qatja	资不抵债 五六月份
qatjq	职业打假 思如泉涌
qatm	安然 鹤背扬州 农业文明
qatma	安然 鹤背扬州 农业文明
qatp	安排 实业集团 头痒搔跟
qatpa	安排 实业集团 头痒搔跟
qatq	饥不择食 熙来攘往 职业操守 头昏脑眩
qatqa	头昏脑眩
qatqq	饥不择食 熙来攘往 职业操守
qatt	职业指导 教育指导 五局三胜 头疼脑热 头昏脑胀
qatta	五局三胜 头疼脑热 头昏脑胀 冰魂雪魄
qattq	职业指导 教育指导
qatx	职业摔角 男女搭配
qatxq	职业摔角 男女搭配
qax	得不到 很不错
qaxa	象耕鸟耘
qaxaa	象耕鸟耘
qaxd	寡闻少见 食不甘味 饫闻厌见
qaxda	寡闻少见
qaxdq	食不甘味 饫闻厌见
qaxg	密不可分 农贸市场
qaxga	密不可分 农贸市场
qaxj	宁可 很不错 德不配位
qaxja	宁可 很不错 德不配位
qaxm	宁静致远 牢不可破 密不透风
qaxma	宁静致远 牢不可破 密不透风
qaxp	得不到 农业银行 食不厌精 累牍连篇
qaxpa	得不到 农业银行
qaxpq	食不厌精 累牍连篇
qaxq	目不转睛
qaxqq	目不转睛
qaxt	宁愿 实弹射击 得不到的 物尽其用 果不其然
qaxta	宁愿 实弹射击 得不到的
qaxtq	物尽其用 果不其然
qaxx	安稳 室怒市色 先来后到 五六点钟
qaxxa	安稳 室怒市色 五六点钟
qaxxq	先来后到
qda	老百姓 老板娘
qdaa	案无留牍
qdaaa	案无留牍
qdad	老年痴呆 遇神杀神
qdadq	老年痴呆 遇神杀神
qdag	老板娘 割骨疗亲 造恶不悛 赞口不绝 老朽不堪
qdaga	割骨疗亲 宠辱不惊 守口如瓶
qdagq	老板娘 造恶不悛 赞口不绝 老朽不堪
qdaj	老百姓 宫殿 眼神交流 寒木春华 安于故俗
qdaja	宫殿 寒木春华 安于故俗
qdajq	老百姓 眼神交流
qdam	职责 富贵 牛听弹琴
qdama	富贵
qdamq	职责 牛听弹琴
qdap	冲动 寅吃卯粮 头也不回 先天不足
qdapa	冲动 寅吃卯粮 头也不回
qdapq	先天不足
qdat	男唱女随 赞叹不已 守正不阿 割须弃袍 凝神屏气
qdata	守正不阿 割须弃袍 凝神屏气 守正不挠
qdatq	男唱女随 赞叹不已
qdax	职业 睡一张床
qdaxq	职业 睡一张床
qdda	得礼一尺
qddaa	得礼一尺
qddd	资本 牝咮鸣辰 守望相助 冢中枯骨 牛逼哄哄
qddda	资本 守望相助 冢中枯骨
qdddq	牝咮鸣辰 牛逼哄哄 造福于民
qddg	脊髓神经 定于一尊 安枕无忧
qddga	脊髓神经 定于一尊 安枕无忧
qddj	考核 眼神呆滞 眼下正值 老朽无能 目中无人
qddja	宿弊一清 宽严相济
qddjq	考核 眼神呆滞 眼下正值 老朽无能 目中无人
qddm	冲突 冲天 实事求是 略见一斑 井中视星
qddma	冲突 冲天 实事求是
qddmq	略见一斑 井中视星
qddp	资格 告别 职权 军事术语 鹤骨松筋
qddpa	资格 军事术语 鹤骨松筋
qddpq	告别 职权 目空一切
qddq	况且 睁一只眼 靠天吃饭 鹤骨松姿 眼空无物
qddqa	况且 鹤骨松姿
qddqq	睁一只眼 靠天吃饭 眼空无物
qddt	安于一隅
qddta	安于一隅
qddx	写下 官逼民反
qddxa	写下 官逼民反
qdg	很开心 老天爷
qdga	职场 老天爷 特别惊艳 减员增效
qdgaa	减员增效
qdgaq	职场 老天爷 特别惊艳
qdgd	免开尊口 农副产品
qdgda	免开尊口 农副产品
qdgg	资本主义
qdgga	资本主义
qdgj	先天性 耳听八方
qdgjq	先天性 耳听八方
qdgm	宗主 安于盘石
qdgma	宗主 安于盘石
qdgp	职务 目无尊长 实逼处此
qdgpa	实逼处此
qdgpq	职务 目无尊长
qdgq	冲着 写着 靠着 畏惧 资格预审
qdgqa	冲着 写着 资格预审
qdgqq	靠着 畏惧 思想境界
qdgt	思患预防 造极登峰
qdgtq	思患预防 造极登峰
qdgx	资产 很开心 耳听心受 决一死战 物极必反
qdgxa	资产 很开心 决一死战
qdgxq	耳听心受 物极必反 耳根子软
qdj	老年人 家里人
qdja	老于世故
qdjaq	老于世故
qdjd	实机演示 齐天洪福 惩一儆百
qdjda	实机演示 惩一儆百
qdjdq	齐天洪福
qdjg	职位 物权法 冶叶倡条 目别汇分 宠辱若惊
qdjga	冶叶倡条 宠辱若惊 鹤唳华亭 宁鸣而死
qdjgq	职位 物权法 目别汇分 目无法纪 目无余子
qdjj	瞒天过海 五味俱全 老蚕作茧
qdjja	五味俱全
qdjjq	瞒天过海 老蚕作茧
qdjm	宣传 家无儋石
qdjma	宣传 家无儋石
qdjp	老年人 家里人 鱼与熊掌 寒窗苦读 眯一会儿
qdjpa	家里人 鱼与熊掌 寒窗苦读 冲口而出
qdjpq	老年人 眯一会儿
qdjq	写作 察见渊鱼 耳根清净 目无全牛 安枕而卧
qdjqa	写作 察见渊鱼 安枕而卧
qdjqq	耳根清净 目无全牛
qdjt	职能 先天优势 军事学院 鹤鸣九皋
qdjta	军事学院 鹤鸣九皋
qdjtq	职能 先天优势
qdjx	资源 军事演习 鹄形菜色
qdjxa	资源 军事演习
qdjxq	鹄形菜色
qdm	特别是
qdma	造成 安于现状 待机时间 瞒神弄鬼
qdmaa	安于现状 待机时间
qdmaq	造成 瞒神弄鬼
qdmd	耳朵 告知 食髓知味 胃口大开
qdmdq	耳朵 告知 食髓知味 胃口大开
qdmg	姿态 靠在 耳光 鹤唳猿声 完事大吉
qdmga	姿态 鹤唳猿声 完事大吉 鹤唳风声 家无二主
qdmgq	靠在 耳光 瞒天昧地
qdmj	考验 果于自信 老无所依 目无王法
qdmjq	考验 果于自信 老无所依 目无王法
qdmm	老神在在 家喻户晓
qdmma	家喻户晓
qdmmq	老神在在
qdmp	宣布 次日 家见户说 实与有力 瞒天大谎
qdmpa	宣布 次日 家见户说 实与有力
qdmpq	瞒天大谎
qdmq	果真 卧榻鼾睡 老天有眼 宏材大略 实繁有徒
qdmqa	宏材大略 实繁有徒
qdmqq	果真 卧榻鼾睡 老天有眼 耆年硕德
qdmt	特别是 富有
qdmta	富有
qdmtq	特别是
qdmx	得天独厚 眼中有铁
qdmxa	得天独厚
qdmxq	眼中有铁
qdp	进一步 老一辈
qdpa	果断 次数 字里行间 资格证书 安史之乱
qdpaa	次数 字里行间 资格证书 安史之乱 五福临门
qdpaq	果断
qdpd	宗师 家事国事 教一识百 牛口之下
qdpda	宗师 家事国事
qdpdq	教一识百 牛口之下
qdpg	农民起义 鹤鸣之士 惩恶劝善
qdpga	农民起义 鹤鸣之士 惩恶劝善
qdpj	资料 冲了 造型简洁 瞒天讨价 卧榻之侧
qdpja	资料 冲了 蜜里调油
qdpjq	造型简洁 瞒天讨价 卧榻之侧
qdpm	咨询 冲出 写出 先见之明 决一雌雄
qdpma	咨询 冲出 写出 决一雌雄 宅中图大
qdpmq	先见之明
qdpp	进一步 考试 教无常师
qdppq	进一步 考试 教无常师
qdpq	眼神坚定 军事管制
qdpqa	军事管制
qdpqq	眼神坚定
qdpt	告诉 耳边 进一步的 食品加工 鹤骨鸡肤
qdpta	鹤骨鸡肤 富丽堂皇
qdptq	告诉 耳边 进一步的 食品加工
qdpx	老一辈 卧榻之上
qdpxq	老一辈 卧榻之上
qdq	睁开眼 思想家
qdqa	冷窗冻壁
qdqaa	冷窗冻壁
qdqd	宇宙 宣告 老祖宗 瞻望咨嗟 头一次见
qdqda	宇宙 宣告 头一次见 安民告示
qdqdq	老祖宗 瞻望咨嗟 耳视目听
qdqg	宗教 考察 睁开眼 凄凉 思想准备
qdqga	宗教 凄凉 宜嗔宜喜 寂天寞地
qdqgq	考察 睁开眼 思想准备 老年得子 瞒天瞒地
qdqj	思想家 资本家
qdqja	资本家
qdqjq	思想家
qdqm	思想实验 家无宁日
qdqma	家无宁日
qdqmq	思想实验
qdqp	饮食 军事资讯
qdqpa	军事资讯
qdqpq	饮食
qdqq	果实 耳视目食 守株待兔 睁开眼睛 鲸吸牛饮
qdqqa	守株待兔 鲸吸牛饮
qdqqq	果实 耳视目食 睁开眼睛 耳鸣目眩
qdqt	冲进 安神定魄
qdqta	冲进 安神定魄
qdt	农民工
qdta	聊天打屁
qdtaq	聊天打屁
qdtd	军事援助 冰天雪窑 五里雾中 宠辱皆忘 冷嘲热骂
qdtda	军事援助 冰天雪窑 五里雾中 宠辱皆忘 冷嘲热骂
qdtg	职工 农民工 冰天雪地 惩恶扬善 老天拔地
qdtga	农民工 冰天雪地 惩恶扬善
qdtgq	职工 老天拔地
qdtj	姿势 脊髓损伤 眄视指使 瞒天要价 告一段落
qdtja	姿势 脊髓损伤
qdtjq	眄视指使 瞒天要价 告一段落
qdtm	果然 写的 冲击 宗旨
qdtma	写的 冲击 宗旨
qdtmq	果然
qdtp	鹤骨霜髯 字正腔圆 冷嘲热讽 鹤骨龙筋
qdtpa	鹤骨霜髯 字正腔圆 冷嘲热讽 鹤骨龙筋
qdtq	征文 象形文字
qdtqa	征文 象形文字
qdtt	靠近
qdttq	靠近
qdtx	征服 决一胜负 官样文章 盼望已久 老迈龙钟
qdtxa	征服 决一胜负 官样文章
qdtxq	盼望已久 老迈龙钟
qdxa	鹄形鸟面 寡见少闻
qdxaa	寡见少闻
qdxaq	鹄形鸟面
qdxd	宝相庄严
qdxda	宝相庄严
qdxg	考虑 军事基地 资本市场
qdxga	军事基地 资本市场
qdxgq	考虑
qdxj	资金 微机四伏 眼空四海
qdxja	资金 微机四伏
qdxjq	眼空四海
qdxp	惩罚 先号后笑
qdxpa	惩罚
qdxpq	先号后笑
qdxq	官复原职 聊复尔耳
qdxqa	官复原职
qdxqq	聊复尔耳
qdxt	先礼后兵
qdxtq	先礼后兵
qdxx	先号后庆
qdxxq	先号后庆
qga	准备好
qgaa	安心乐业 安堵乐业 宁死不屈 安堵如故 冠盖如云
qgaaa	安心乐业 安堵乐业 宁死不屈 安堵如故 冠盖如云
qgad	很强 宁死不辱
qgada	很强 宁死不辱
qgag	很好 准备好 往来 五谷不分 畏缩不前
qgaga	很好 准备好 往来 五谷不分 五谷丰登
qgagq	畏缩不前 耳红面赤 赞声不绝
qgaj	军总司令 食欲不佳 审美疲劳 宁死不从 家贫如洗
qgaja	军总司令 审美疲劳 宁死不从 家贫如洗
qgajq	食欲不佳 臣心如水
qgam	食盐适量 安贫乐贱
qgama	安贫乐贱
qgamq	食盐适量
qgap	进士及第 宾主尽欢 准备好了
qgapa	宾主尽欢 准备好了
qgapq	进士及第
qgat	教育 食欲不振 目前来看 男尊女卑 五谷不升
qgata	五谷不升
qgatq	教育 食欲不振 目前来看 男尊女卑
qgax	五颜六色 安心乐意 五心六意
qgaxa	五颜六色 安心乐意 五心六意
qgd	审判员 农产品
qgda	眼高于顶 五羊开泰 进退无门 完美无缺 完美无疵
qgdaa	五羊开泰 完美无缺 完美无疵
qgdaq	眼高于顶 进退无门
qgdd	往事 农产品 饱餐一顿 颐养天年 聊备一格
qgdda	往事 农产品 冠盖相望
qgddq	饱餐一顿 颐养天年 聊备一格
qgdg	怎样 眼中 眼前一亮 饮恨吞声 惩忿窒欲
qgdga	怎样 惩忿窒欲
qgdgq	眼中 眼前一亮 饮恨吞声
qgdj	眼里 家道中落 德高望重 物欲横流 思绪万千
qgdja	家道中落 德高望重 徇情枉法
qgdjq	眼里 物欲横流 思绪万千 教子无方 饿殍枕藉
qgdm	眼神 审判员 寓情于景 冠绝一时
qgdma	审判员 寓情于景 冠绝一时
qgdmq	眼神
qgdp	特别 都惊呆了 思维模式 略逊一筹 家给民足
qgdpa	家给民足
qgdpq	特别 都惊呆了 思维模式 略逊一筹 略高一筹
qgdq	思想 很想 惩羹吹齑 田夫野老
qgdqa	很想 惩羹吹齑
qgdqq	思想 田夫野老
qgdt	凌空 职级晋升 往死里打
qgdta	凌空 往死里打
qgdtq	职级晋升
qgdx	眼下 往下 割地求和 思前想后 饿死事小
qgdxa	往下 割地求和 宅心忠厚
qgdxq	眼下 思前想后 饿死事小
qgg	男孩子 特朗普
qgga	瞳孔 特朗普 老爷爷 牛郎织女
qggaq	瞳孔 特朗普 老爷爷 牛郎织女
qggg	很高 男孩子 教养 完美主义 准备就绪
qggga	很高 完美主义 准备就绪
qgggq	男孩子 教养 进退维谷 孝子慈孙
qggj	特性 特殊性 资产总值 盗憎主人
qggja	资产总值 盗憎主人
qggjq	特性 特殊性
qggm	很快 很美
qggma	很快 很美
qggp	齐心并力 目前为止 思乡情切
qggpq	齐心并力 目前为止 思乡情切
qggq	具备 瞪着 思绪 军备竞赛 特殊情况
qggqa	军备竞赛 家境贫寒 家贫亲老
qggqq	具备 瞪着 思绪 特殊情况
qggt	眼前 特殊 思维 往前
qggta	往前
qggtq	眼前 特殊 思维
qggx	容颜 五子登科
qggxa	容颜 五子登科
qgj	很高兴 男子汉
qgja	思念 教会 怎会 造端倡始 安土重居
qgjaa	怎会 安土重居 兔丝燕麦
qgjaq	思念 教会 造端倡始
qgjd	具体 联合 很重 得道多助 食前方丈
qgjda	很重 得道多助
qgjdq	具体 联合 食前方丈
qgjg	很高兴 食盐生产 饿殍满道 客死他乡 安土重旧
qgjga	很高兴 客死他乡 安土重旧 寒心消志
qgjgq	食盐生产 饿殍满道
qgjj	很多 鲜花 男子举重 安土重迁
qgjja	很多 鲜花 安土重迁
qgjjq	男子举重
qgjm	鲜为人知 饭坑酒囊
qgjma	鲜为人知
qgjmq	饭坑酒囊
qgjp	男子汉 饱经沧桑 齐心併力 五谷杂粮 思维方式
qgjpa	五谷杂粮 家给人足
qgjpq	男子汉 饱经沧桑 齐心併力 思维方式 耳熟能详
qgjq	眼泪 察觉 教学 很深 饥餐渴饮
qgjqa	察觉 很深 头童齿豁 家道从容
qgjqq	眼泪 教学 饥餐渴饮
qgjt	怎能
qgjta	怎能
qgjx	往外 物美价廉 齐心涤虑 密约偷期 宅心仁厚
qgjxa	往外 密约偷期 宅心仁厚 安心落意
qgjxq	物美价廉 齐心涤虑
qgma	联网 守土有责 老羞成怒
qgmaa	守土有责
qgmaq	联网 老羞成怒
qgmd	很大 凌晨 守经达权 安享晚年 饿殍遍野
qgmda	很大 凌晨 守经达权 安享晚年
qgmdq	饿殍遍野 进退存亡
qgmg	眼光 待在 食欲大增 割地赔款 兔死狗烹
qgmga	待在 割地赔款 兔死狗烹 五羖大夫 径情直遂
qgmgq	眼光 食欲大增 饿殍载道 孝子顺孙
qgmj	食盐专营 取予有节 得道成仙 先声夺人 教子有方
qgmja	得道成仙
qgmjq	食盐专营 取予有节 先声夺人 教子有方 取义成仁
qgmm	容易 密码 田父献曝 牛高马大 宁为玉碎
qgmma	容易 密码 宁为玉碎 鱼死网破
qgmmq	田父献曝 牛高马大 牛羊猪狗
qgmp	很远 往日 牛童马走 进退有常 食亲财黑
qgmpa	很远 往日 兔死狐悲 径情直行 安分知足
qgmpq	牛童马走 进退有常 食亲财黑 齐心协力 特立独行
qgmq	思索 容颜易老
qgmqa	容颜易老
qgmqq	思索
qgmt	具有 聪明 很有 很是 联盟
qgmta	很有 很是 鲜明 容貌
qgmtq	具有 聪明 联盟 饱经风霜 瞒心昧己
qgmx	徙善远罪 宽怀大度
qgmxa	徙善远罪 宽怀大度
qgp	很喜欢 审判长
qgpa	很长 审判长 造端讬始 鹤立鸡群 鹤处鸡群
qgpaa	很长 审判长 鹤立鸡群 鹤处鸡群
qgpaq	造端讬始
qgpd	教师 很喜欢 牧师 男孩儿 宁为鸡口
qgpda	很喜欢 宁为鸡口
qgpdq	教师 牧师 男孩儿
qgpg	孝子贤孙
qgpgq	孝子贤孙
qgpj	累了
qgpjq	累了
qgpm	教训 累计 循规蹈矩
qgpma	循规蹈矩
qgpmq	教训 累计
qgpp	思路 眼皮 密切 审慎监管 馈贫之粮
qgppa	密切 审慎监管
qgppq	思路 眼皮 馈贫之粮
qgpq	实缴出资
qgpqa	实缴出资
qgpt	很难 田父之功 免怀之岁 眦裂发指
qgpta	很难 免怀之岁
qgptq	田父之功 眦裂发指
qgpx	察颜观色
qgpxa	察颜观色
qgqa	眼睛 冷心冷面 畏首畏尾 愚夫愚妇
qgqaa	冷心冷面
qgqaq	眼睛 畏首畏尾 愚夫愚妇
qgqd	思考 特征 实缴资本 实收资本 老夫老妻
qgqda	实缴资本 实收资本
qgqdq	思考 特征 老夫老妻
qgqg	往往 很累 徒子徒孙 告朔饩羊 安贫守道
qgqga	往往 很累 徒子徒孙 安贫守道 安心定志
qgqgq	告朔饩羊 齐纨鲁缟
qgqj	眼眸 累土聚沙 累死累活 头高头低
qgqja	头高头低
qgqjq	眼眸 累土聚沙 累死累活
qgqm	眼眶 塞翁得马
qgqma	塞翁得马
qgqmq	眼眶
qgqq	宜商宜家 赛总决赛
qgqqa	宜商宜家 赛总决赛
qgqt	特定 待遇 思维定势 安分守己 安分守已
qgqta	待遇 安分守己 安分守已
qgqtq	特定 思维定势
qgqx	教室 饲养牲畜 饭前饭后 实心实意
qgqxa	实心实意
qgqxq	教室 饲养牲畜 饭前饭后
qgta	鲜血 目前看来 鼎新革故
qgtaa	鲜血
qgtaq	目前看来 鼎新革故
qgtg	联系 客死异乡 资产阶级 五经扫地
qgtga	客死异乡 资产阶级 五经扫地
qgtgq	联系
qgtj	怎么 教导 眼高手低
qgtja	怎么
qgtjq	教导 眼高手低
qgtm	考绩幽明 安良除暴 塞翁失马
qgtma	安良除暴 塞翁失马
qgtmq	考绩幽明
qgtp	联手 思维导图
qgtpq	联手 思维导图
qgtq	眼看 瞎子摸象 瞎子摸鱼
qgtqq	眼看 瞎子摸象 瞎子摸鱼
qgtt	教练指导 寒冬腊月 进退失据 彼竭我盈 目送手挥
qgtta	寒冬腊月 彼竭我盈 富埒陶白
qgttq	教练指导 进退失据 目送手挥
qgtx	教授 惩前毖后
qgtxa	惩前毖后
qgtxq	教授
qgx	徐志摩
qgxa	眼底 先忧后乐
qgxaq	眼底 先忧后乐
qgxd	特点 往后 凌厉 往上 塞维利亚
qgxda	往后 凌厉 往上 塞维利亚 寄予厚望
qgxdq	特点 老夫少妻
qgxg	很久 特意 寒心销志
qgxga	很久 寒心销志
qgxgq	特意
qgxj	累块积苏
qgxjq	累块积苏
qgxm	特色 寒心酸鼻
qgxma	寒心酸鼻
qgxmq	特色
qgxp	食盐少许 具竞争力 五谷轮回 勉为其难 齐心戮力
qgxpa	五谷轮回 勉为其难
qgxpq	食盐少许 具竞争力 齐心戮力
qgxq	先声后实 割地称臣
qgxqa	割地称臣
qgxqq	先声后实
qgxt	很少 眼角 徐志摩 愚公移山 累土至山
qgxta	很少 徐志摩 冰壶秋月 得心应手
qgxtq	眼角 愚公移山 累土至山
qgxx	眼镜 很小 额首称庆 先公后私 瞻前顾后
qgxxa	很小 额首称庆
qgxxq	眼镜 先公后私 瞻前顾后 瞻情顾意
qjaa	安生乐业 官法如炉
qjaaa	安生乐业 官法如炉
qjad	宽恕 聚众闹事
qjada	宽恕
qjadq	聚众闹事
qjag	牢什古子 男人不坏 老而不死 畏葸不前 老莱娱亲
qjaga	牢什古子
qjagq	男人不坏 老而不死 畏葸不前 老莱娱亲
qjaj	睡个好觉 遇人不淑 害人不浅 遇佛杀佛 食而不化
qjaja	害人不浅 往渚还汀
qjajq	睡个好觉 遇人不淑 遇佛杀佛 食而不化
qjam	老妈 冷门 家世背景 完全不同
qjama	冷门 家世背景 完全不同
qjamq	老妈
qjap	老而弥坚
qjapq	老而弥坚
qjaq	循名责实 五合六聚
qjaqa	循名责实 五合六聚
qjat	冷静 家属 军令如山 安若泰山
qjata	冷静 家属 军令如山 安若泰山
qjax	冯生弹铗
qjaxa	冯生弹铗
qjd	很清楚 很多事
qjda	告贷无门
qjdaq	告贷无门
qjdd	很清楚 很多事 取信于民
qjdda	很清楚 很多事
qjddq	取信于民
qjdg	家中 冷哼 冷水机组 冷漠无情 很多年前
qjdga	家中 冷哼 冷水机组 冷漠无情 很多年前
qjdgq	饮泣吞声 牧豕听经
qjdj	家里 造假事件 靠水吃水 得过且过 徒劳无益
qjdja	家里 得过且过 徒劳无益 资深望重 寂若无人
qjdjq	造假事件 靠水吃水 饮水啜菽
qjdm	官员 老天
qjdma	官员
qjdmq	老天
qjdp	教学楼 宿舍楼 教学相长
qjdpa	宿舍楼
qjdpq	教学楼 教学相长
qjdq	安营下寨 物华天宝 头没杯案
qjdqa	安营下寨 头没杯案
qjdqq	物华天宝
qjdt	聆听 老年 很多年 徒劳无功 得而复失
qjdta	很多年 徒劳无功 得而复失
qjdtq	聆听 老年
qjdx	老板 象齿焚身 聚敛无厌
qjdxa	象齿焚身
qjdxq	老板 聚敛无厌
qjg	安全性 得人心
qjga	老爷 老爹 制药公司 眼花缭乱 微过细故
qjgaa	微过细故 五花八门
qjgaq	老爷 老爹 制药公司 眼花缭乱 进寸退尺
qjgd	老夫 老泪纵横 额外主事
qjgda	额外主事
qjgdq	老夫 老泪纵横
qjgg	老子 眸子 老婆子 官僚主义 先入为主
qjgga	官僚主义
qjggq	老子 眸子 老婆子 先入为主
qjgj	老公 老去 安全性 齐名并价 馋涎欲滴
qjgja	安全性
qjgjq	老公 老去 齐名并价 馋涎欲滴 进旅退旅
qjgm	宿主 思深忧远 宿水餐风
qjgma	宿主 宿水餐风
qjgmq	思深忧远
qjgq	睡着 守着
qjgqa	守着
qjgqq	睡着
qjgx	家乡 得人心 资深编辑
qjgxa	家乡 得人心 资深编辑
qjj	很多人 老婆婆
qjja	家伙 宿舍 冷淡 先生们 联合会
qjjaa	家伙 宿舍 冷淡 冷水浇背
qjjaq	先生们 联合会
qjjd	家族 冷汗 官方 冰淇淋 资深演员
qjjda	家族 冷汗 官方 冰淇淋 资深演员
qjjdq	聚众滋事 眠花藉柳
qjjg	守候 资源供给 五方杂处
qjjga	守候 资源供给 五方杂处
qjjj	冷漠 宫泽佐江 家学渊源 完名全节 待价而沽
qjjja	冷漠 宫泽佐江 家学渊源 完名全节 待价而沽
qjjjq	眼泪汪汪
qjjm	宽洪海量 待价藏珠
qjjma	宽洪海量 待价藏珠
qjjp	老人 很多人 家人 老婆 老婆婆
qjjpa	很多人 家人 资治通鉴 宏伟蓝图 鱼贯而出
qjjpq	老人 老婆 老婆婆 取而代之
qjjq	睡觉 安全带 取保候审 冷水浇头 老僧入定
qjjqa	安全带 冷水浇头 德薄能鲜
qjjqq	睡觉 取保候审 老僧入定 具体而微
qjjt	饮河满腹
qjjtq	饮河满腹
qjjx	造价低廉 徒劳而返
qjjxa	徒劳而返
qjjxq	造价低廉
qjm	都没有 安全感
qjma	睦邻友好 察今知古
qjmaa	察今知古
qjmaq	睦邻友好
qjmd	老大 安全感 寥若星辰 饿莩遍野
qjmda	安全感 寥若星辰
qjmdq	老大 饿莩遍野
qjmg	家在 睡在 聚沙成塔 造茧自缚 饿莩载道
qjmga	家在
qjmgq	睡在 聚沙成塔 造茧自缚 饿莩载道
qjmj	制作环节 耳满鼻满 牛溲马渤 盗名暗世 冰清玉洁
qjmja	盗名暗世 冰清玉洁 宏儒硕学 寒花晚节 冰清玉润
qjmjq	制作环节 耳满鼻满 牛溲马渤 造化弄人
qjmm	宽洪大量 聚众赌博 寥若晨星 牛溲马勃
qjmma	宽洪大量 寥若晨星
qjmmq	聚众赌博 牛溲马勃
qjmp	赞誉有加 五世同堂
qjmpa	五世同堂
qjmpq	赞誉有加
qjmq	资深专家
qjmqa	资深专家
qjmt	都没有 家有 老是 资源有限 教学医院
qjmta	家有 资源有限 德薄才疏
qjmtq	都没有 老是 教学医院 造作矫揉
qjmx	宽洪大度 得偿所愿 宽仁大度 鹡鸰在原
qjmxa	宽洪大度 得偿所愿 宽仁大度 鹡鸰在原
qjp	联合国 待会儿
qjpa	家长 食药监局 德重恩弘 蜜汁叉烧 宫保鸡丁
qjpaa	家长 德重恩弘 蜜汁叉烧 宫保鸡丁 寡人之疾
qjpaq	食药监局
qjpd	老师 待会儿 寄人篱下 安全起见 先入之见
qjpda	待会儿 寄人篱下 安全起见 安全第一
qjpdq	老师 先入之见 齐人之福
qjpg	凌杂米盐 冥漠之乡 饱学之士 德艺双馨 象牙之塔
qjpga	凌杂米盐 冥漠之乡 德艺双馨 象牙之塔
qjpgq	饱学之士
qjpj	睡了 老了 饥渴难耐 五劳七伤 思潮起伏
qjpja	五劳七伤 头会箕敛
qjpjq	睡了 老了 饥渴难耐 思潮起伏
qjpm	联合国 头会箕赋 容人之量
qjpma	头会箕赋 容人之量
qjpmq	联合国
qjpp	老鼠 净值计算 鱼水之欢 老生常谈 微薄之力
qjppa	净值计算 鱼水之欢 微薄之力
qjppq	老鼠 老生常谈
qjpq	宁做鸡头
qjpqa	宁做鸡头
qjpt	冷笑 卧薪尝胆 冗余数据
qjpta	冷笑 冗余数据
qjptq	卧薪尝胆
qjpx	制作简历 塞浦路斯 冰消瓦解 彼倡此和
qjpxa	塞浦路斯 冰消瓦解 彼倡此和
qjpxq	制作简历
qjq	老人家 微生物
qjqa	得寸进尺
qjqaa	得寸进尺
qjqd	睡眠 宏伟目标 眠花宿柳 眠花卧柳
qjqda	宏伟目标
qjqdq	睡眠 眠花宿柳 眠花卧柳
qjqg	宽容 冰凉 家具 寄兴寓情
qjqga	宽容 冰凉 家具 寄兴寓情
qjqj	冰冷 冷冷 老家 老人家 饮水思源
qjqja	冰冷 冷冷 很多很多
qjqjq	老家 老人家 饮水思源 耳濡目染 目使颐令
qjqm	老头 老者 睡得 微生物 教学教研
qjqma	微生物 宿水飡风 得人者昌
qjqmq	老头 老者 睡得 教学教研
qjqp	造价咨询 很多次了 凌波微步 官仓老鼠
qjqpa	很多次了 凌波微步 官仓老鼠
qjqpq	造价咨询
qjqq	老实 进入教室 案剑瞋目 次生灾害
qjqqa	案剑瞋目 次生灾害
qjqqq	老实 进入教室
qjqt	彷徨 瞄准 冷若冰霜 害人害己 安份守己
qjqta	彷徨 冷若冰霜 害人害己 安份守己 安坐待毙
qjqtq	瞄准
qjqx	徒劳往返
qjqxa	徒劳往返
qjt	很重要 牛仔裤
qjta	很重要 安生服业 凑个热闹
qjtaa	很重要 安生服业 凑个热闹
qjtd	资深股民 五洋捉鳖
qjtda	资深股民 五洋捉鳖
qjtg	五体投地 实获我心
qjtga	五体投地 实获我心
qjtj	制假售假
qjtjq	制假售假
qjtm	守护
qjtma	守护
qjtp	家族势力 安全系数 待人以诚
qjtpa	家族势力 安全系数 待人以诚
qjtq	待人接物 安营扎寨 彼众我寡
qjtqa	待人接物 安营扎寨 彼众我寡
qjtt	减值损失 五斗折腰 凄入肝脾
qjtta	减值损失 五斗折腰 凄入肝脾
qjtx	牛仔裤 齐人攫金 头重脚轻 定倾扶危
qjtxa	头重脚轻 定倾扶危
qjtxq	牛仔裤 齐人攫金
qjxa	先苦后甜 搴旗斩将
qjxaa	搴旗斩将
qjxaq	先苦后甜
qjxd	徙薪曲突 次贷危机 眠花醉柳
qjxda	徙薪曲突 次贷危机
qjxdq	眠花醉柳
qjxg	老虎 客源市场 累苏积块
qjxga	客源市场
qjxgq	老虎 累苏积块
qjxj	军节度使 五湖四海 先河后海 盗名欺世
qjxja	军节度使 五湖四海 盗名欺世
qjxjq	先河后海
qjxm	五世其昌
qjxma	五世其昌
qjxp	造化小儿 物伤其类
qjxpq	造化小儿 物伤其类
qjxq	老婆当军 冤假错案 先花后果
qjxqa	冤假错案
qjxqq	老婆当军 先花后果
qjxt	家庭 免伤和气 先人后己 饮水曲肱
qjxta	家庭 免伤和气
qjxtq	先人后己 饮水曲肱
qjxx	都注意到 宫邻金虎
qjxxa	宫邻金虎
qjxxq	都注意到
qmaa	都不 决不 目光炯炯 目光灼灼 目光闪烁
qmaaa	决不 冥顽不灵
qmaaq	都不 目光炯炯 目光灼灼 目光闪烁 目光如炬
qmad	很有帮助 五内如焚 食玉炊桂
qmada	很有帮助 五内如焚
qmadq	食玉炊桂
qmag	得好 头疼
qmaga	得好 头疼
qmaj	头痛 实时交通
qmaja	头痛 实时交通
qmam	宝贵 实时交易 家大业大 很成问题 男左女右
qmama	宝贵 实时交易 家大业大 很成问题 待理不理
qmamq	男左女右 男才女貌
qmap	实验剧团 略显不足 果真如此 容光焕发 目光如鼠
qmapa	实验剧团 容光焕发
qmapq	略显不足 果真如此 目光如鼠 牧猪奴戏
qmaq	头顶 实验效果 实验动物 乍暖还寒
qmaqa	头顶 实验效果 实验动物 乍暖还寒
qmat	牛奶 都还 五黄六月 微显阐幽
qmata	五黄六月 微显阐幽
qmatq	牛奶 都还
qmax	物业 冯驩弹铗 冷灰爆豆 老大不小 馔玉炊金
qmaxa	冯驩弹铗 冷灰爆豆
qmaxq	物业 老大不小 馔玉炊金 目光如豆
qmda	牡丹虽好 家有敝帚 男大须婚
qmdaa	家有敝帚
qmdaq	牡丹虽好 男大须婚
qmdd	目标 物品 寒风刺骨
qmdda	寒风刺骨
qmddq	目标 物品
qmdg	实验中心 豁达开朗
qmdga	实验中心 豁达开朗
qmdj	审核 实验中学 考研究生 家财万贯 往日无怨
qmdja	审核 实验中学 家财万贯 往日无怨 姿态万千
qmdjq	考研究生 聪明一世
qmdm	审查 愚昧无知 聪明正直 老大无成 眼内无珠
qmdma	审查 五日一石
qmdmq	愚昧无知 聪明正直 老大无成 眼内无珠
qmdp	聚在一起 准确无误
qmdpa	准确无误
qmdpq	聚在一起
qmdq	都想 很有嚼头
qmdqa	很有嚼头
qmdqq	都想
qmdt	寒灰更然 凄风楚雨
qmdta	寒灰更然 凄风楚雨
qmdx	瞬息万变 耳鼻喉科 食日万钱 畏影恶迹 老成见到
qmdxq	瞬息万变 耳鼻喉科 食日万钱 畏影恶迹 老成见到
qmg	很奇怪 眼珠子
qmga	老大爷 实时公交 额蹙心痛 五马分尸 聪明绝顶
qmgaa	实时公交 额蹙心痛 五马分尸
qmgaq	老大爷 聪明绝顶 牛星织女
qmgd	家有喜事 实验高中 实时分析
qmgda	家有喜事 实验高中 实时分析
qmgg	完善 眼珠子 德才兼备 眼明心亮 宽大为怀
qmgga	完善 德才兼备 宽大为怀
qmggq	眼珠子 眼明心亮
qmgj	都给 准确性 宽猛并济 五星红旗
qmgja	准确性 宽猛并济 五星红旗
qmgjq	都给
qmgm	完美 都快 很有道理 齐驱并骤 老成练达
qmgma	完美 很有道理 安时处顺
qmgmq	都快 齐驱并骤 老成练达
qmgp	很奇怪 教研组长 齐驱并驾 五日京兆
qmgpa	很奇怪 五日京兆
qmgpq	教研组长 齐驱并驾
qmgq	实验结果 饰智矜愚 齐驱并进 畏威怀德
qmgqa	实验结果
qmgqq	饰智矜愚 齐驱并进 畏威怀德
qmgt	目前 审判 客户端 很有必要
qmgta	审判 客户端 很有必要
qmgtq	目前
qmgx	决心
qmgxa	决心
qmj	老太婆 物理学
qmja	都会 物流 都有涉及 冥昭瞢闇 剜肉生疮
qmjaa	冥昭瞢闇 剜肉生疮 剜肉做疮 待时而动
qmjaq	都会 物流 都有涉及
qmjd	物体 实时价格 实验学校 老骥伏枥 家破人亡
qmjda	实时价格 实验学校 家破人亡 五内俱焚
qmjdq	物体 老骥伏枥 物在人亡
qmjg	得住 家在深圳 饭囊酒瓮 很有个性 睹景伤情
qmjga	得住 家在深圳 很有个性
qmjgq	饭囊酒瓮 睹景伤情
qmjj	得多 准大学生 男大学生 实时通信 聪明伶俐
qmjja	得多 准大学生 实时通信
qmjjq	男大学生 聪明伶俐 聪明过人 食辨劳薪
qmjm	完全 实时信息 实时消息
qmjma	完全 实时信息 实时消息
qmjp	都没 老太婆 实景演出 很感兴趣 饶有兴趣
qmjpa	实景演出 很感兴趣
qmjpq	都没 老太婆 饶有兴趣 物是人非
qmjq	物理学 男同学 物理学家 齐王舍牛 饮灰洗胃
qmjqq	物理学 男同学 物理学家 齐王舍牛 饮灰洗胃
qmjt	都能 得过 瞰瑕伺隙 凄风苦雨 牢骚满腹
qmjta	得过 凄风苦雨 牢骚满腹 五内俱崩 寒风侵肌
qmjtq	都能 瞰瑕伺隙
qmjx	都感觉到 饶有兴致 饭囊酒甕 愚昧落后 联翩而至
qmjxq	都感觉到 饶有兴致 饭囊酒甕 愚昧落后 联翩而至
qmm	实在是 老太太
qmma	完成 宝贝 很明显 眼巴巴 富有成效
qmmaa	完成 宝贝 很明显 富有成效 剜肉成疮
qmmaq	眼巴巴 老有所乐 聪明智慧
qmmd	审理 得知 物理 实验显示 牛骥同槽
qmmda	审理 得知 实验显示
qmmdq	物理 牛骥同槽
qmmg	目光 都在 老太太 宝玉 实时在线
qmmga	宝玉 实时在线 实在是高
qmmgq	目光 都在 老太太 老有所为 老有所终
qmmj	物有所值 老有所依 目光短浅
qmmjq	物有所值 老有所依 目光短浅
qmmm	聪明才智 冷暖自知
qmmma	冷暖自知
qmmmq	聪明才智
qmmp	先验知识 实验验证 富在知足 饶有风趣
qmmpa	实验验证 富在知足
qmmpq	先验知识 饶有风趣
qmmq	牛黄狗宝 宏才大略
qmmqa	宏才大略
qmmqq	牛黄狗宝
qmmt	都是 都有 实在是 实时直播 牛骥同皁
qmmta	实在是 实时直播 五风十雨
qmmtq	都是 都有 牛骥同皁 牛骥同皂
qmmx	五光十色 豁达大度 老王卖瓜
qmmxa	五光十色 豁达大度
qmmxq	老王卖瓜
qmp	宝贝儿
qmpa	食戟之灵 瞬息之间 齐大非耦
qmpaq	食戟之灵 瞬息之间 齐大非耦
qmpd	决策 宝贝儿 龟玉毁椟 安知非祸 安知非福
qmpda	决策 宝贝儿 龟玉毁椟 安知非祸 安知非福
qmpdq	耳顺之年
qmpg	都说 实验设备 聪明之处
qmpga	实验设备
qmpgq	都说 聪明之处
qmpj	得了 完了 瞎马临池 老马识途 齐大非偶
qmpja	得了 完了
qmpjq	瞎马临池 老马识途 齐大非偶
qmpm	得出 审计 德国 实验步骤 目光长远
qmpma	得出 审计 德国 实验步骤
qmpmq	目光长远
qmpp	头发 头皮 实验设计 实时监管 齐量等观
qmppa	头发 头皮 实验设计 实时监管
qmppq	齐量等观
qmpq	睁大双眼 牢狱之灾
qmpqa	牢狱之灾
qmpqq	睁大双眼
qmpt	实验数据 实时数据 冠冕堂皇 家贼难防
qmpta	实验数据 实时数据 冠冕堂皇 家贼难防
qmpx	实时语音 实时调整 塞内加尔
qmpxa	实时语音 实时调整 塞内加尔
qmq	实验室
qmqa	略有耳闻
qmqaq	略有耳闻
qmqd	物资 实验室里 循环往复
qmqda	实验室里 循环往复
qmqdq	物资
qmqg	得很 都很 家有家规 待时守分
qmqga	得很 家有家规 待时守分
qmqgq	都很
qmqj	先知先觉 头晕眼花
qmqja	头晕眼花
qmqjq	先知先觉
qmqm	宝宝 都得 实验室有 实时取景 客套客套
qmqma	宝宝 实验室有 实时取景 客套客套
qmqmq	都得
qmqp	实时资讯 实验实训 食肉寝皮
qmqpa	实时资讯 实验实训
qmqpq	食肉寝皮
qmqq	睁大眼睛 头晕目眩
qmqqa	头晕目眩
qmqqq	睁大眼睛
qmqt	决定 实验室用 凄风寒雨 凄风冷雨
qmqta	决定 实验室用 凄风寒雨 凄风冷雨
qmqx	冠军 实验室 割肉饲虎
qmqxa	冠军 实验室 割肉饲虎
qmta	都要 先自隗始 剜肉补疮 割肉补疮
qmtaa	剜肉补疮 割肉补疮
qmtaq	都要 先自隗始
qmtd	实验技术 教猱升木
qmtda	实验技术
qmtdq	教猱升木
qmtg	都已 得失 很早以前 眼明手快
qmtga	得失 很早以前
qmtgq	都已 眼明手快
qmtj	得以 老成持重 安内攘外 头破血流
qmtja	得以 安内攘外 头破血流
qmtjq	老成持重
qmtm	目的 减肥
qmtma	减肥
qmtmq	目的
qmtp	都被 实时追踪 五大三粗 饭囊衣架 头破血出
qmtpa	实时追踪 五大三粗 头破血出
qmtpq	都被 饭囊衣架
qmtt	完毕 审批 实时指导 实验阶段 具有降脂
qmtta	完毕 审批 实时指导 实验阶段
qmttq	具有降脂 牛马襟裾
qmtx	头脑 饮马投钱 吾日三省 老态龙钟
qmtxa	头脑 吾日三省
qmtxq	饮马投钱 老态龙钟
qmxa	头颅 实验音乐 男大当婚 徒有其表
qmxaa	头颅 实验音乐 徒有其表
qmxaq	男大当婚
qmxd	头上 五短身材 老马恋栈
qmxda	头上 五短身材
qmxdq	老马恋栈
qmxg	完整 得意 很有意境 很有意义
qmxga	完整 得意 很有意境 很有意义
qmxj	实验小学 徒有虚名 很有可能 徒有其名
qmxja	实验小学 徒有虚名 很有可能 徒有其名
qmxm	物质 实时到账 眼冒金星
qmxma	实时到账
qmxmq	物质 眼冒金星
qmxp	得到 得罪 减轻 都市 实验小鼠
qmxpa	得到 得罪 减轻 实验小鼠 实则虚之
qmxpq	都市
qmxq	宝珠市饼 男大当娶
qmxqa	宝珠市饼
qmxqq	男大当娶
qmxt	减少 实时应用 审时度势 宁有种乎
qmxta	减少 实时应用 审时度势 宁有种乎
qmxx	宝马香车
qmxxa	宝马香车
qpaa	取之不尽
qpaaq	取之不尽
qpad	勉强 寓言故事
qpada	勉强 寓言故事
qpag	冗词赘句
qpaga	冗词赘句
qpaj	决断如流 思贤如渴
qpaja	决断如流
qpajq	思贤如渴
qpam	男女 安常履顺 牝鸡司旦 牝鸡司晨
qpama	安常履顺
qpamq	男女 牝鸡司旦 牝鸡司晨
qpap	很了不起 眼观六路
qpapa	很了不起
qpapq	眼观六路
qpaq	宝刀未老 宝刀不老
qpaqa	宝刀未老 宝刀不老
qpat	富国强兵 鲁难未已
qpata	富国强兵 鲁难未已
qpax	五行属金 老之将至 男欢女爱
qpaxa	五行属金
qpaxq	老之将至 男欢女爱
qpd	实践中 进出口
qpdd	食品 取之于民 鼎力相助 家国天下 聊了一下
qpdda	家国天下 富甲天下
qpddq	食品 取之于民 鼎力相助 聊了一下
qpdg	实践中 资讯中心 密切相关 颗粒无收 安忍无亲
qpdga	实践中 资讯中心 密切相关 安忍无亲 家鸡野鹜
qpdgq	颗粒无收
qpdj	徒刑 进出口 睡了一会 造谣中伤 富甲一方
qpdja	徒刑 富甲一方 兔起鹘落 逸趣横生
qpdjq	进出口 睡了一会 造谣中伤
qpdm	先天 审计助理 冥行盲索 家长里短 家鸡野雉
qpdma	审计助理 冥行盲索 家长里短 家鸡野雉
qpdmq	先天
qpdp	赞叹 官止神行 齐东野语
qpdpa	官止神行
qpdpq	赞叹 齐东野语
qpdq	牛蹄中鱼 很难想象 瞟了一眼 客观事实 鹤发松姿
qpdqa	很难想象 客观事实 鹤发松姿 实言相告
qpdqq	牛蹄中鱼 瞟了一眼
qpdt	待办事项 牛之一毛
qpdta	待办事项
qpdtq	牛之一毛
qpdx	餔糟啜醨
qpdxq	餔糟啜醨
qpg	很简单
qpga	徒读父书
qpgaa	徒读父书
qpgd	五行并下
qpgda	五行并下
qpgg	男子 冻结 实践总结 军国主义 思断义绝
qpgga	冻结 实践总结 军国主义 鹤发童颜 家国情怀
qpggq	男子 思断义绝 畏难情绪 聚讼纷纭 累瓦结绳
qpgj	男孩 男性 先去 客观条件 宏观经济
qpgja	客观条件 宏观经济 密切关注 五行八作
qpgjq	男孩 男性 先去
qpgm	赞美 制约 实践经验 齐足并驱 安常处顺
qpgma	实践经验 安常处顺
qpgmq	赞美 制约 齐足并驱
qpgp	老师主讲 豁出去了 物力维艰 齐趋并驾
qpgpa	豁出去了
qpgpq	老师主讲 物力维艰 齐趋并驾
qpgq	很简单 眼观为实 造因结果 御驾亲征 客观规律
qpgqa	很简单 御驾亲征 客观规律 客观情况
qpgqq	眼观为实 造因结果
qpgt	先前 徒弟 资料收集 井臼亲操 聚米为山
qpgta	徒弟 资料收集
qpgtq	先前 井臼亲操 聚米为山
qpja	聚会 联谊活动 实践活动 老调重弹 安之若素
qpjaa	实践活动 安之若素 鹤归华表
qpjaq	聚会 联谊活动 老调重弹
qpjd	选重 造谣生事 思之千里 聚精会神 造言生事
qpjdq	选重 造谣生事 思之千里 聚精会神 造言生事
qpjg	选举 鼎足而立
qpjgq	选举 鼎足而立
qpjj	实践价值 饭粝茹蔬 冰糖葫芦 灾难深重 选贤任能
qpjja	实践价值 冰糖葫芦 灾难深重 安之若命
qpjjq	饭粝茹蔬 选贤任能 饭糗茹草
qpjp	男人 先生 男生 客人 取代
qpjpa	客人 实践能力 鲜蹦活跳
qpjpq	男人 先生 男生 取代 都记住了
qpjq	制作 家常便饭
qpjqa	家常便饭
qpjqq	制作
qpjt	先发优势 案甲休兵 鼎足而三 食言而肥
qpjta	案甲休兵
qpjtq	先发优势 鼎足而三 食言而肥
qpjx	取消 头足倒置
qpjxa	头足倒置
qpjxq	取消
qpma	很长时间
qpmaa	很长时间
qpmd	实践研究 造谋布穽 遇难成祥 牝鸡晨鸣 象箸玉杯
qpmda	实践研究 象箸玉杯
qpmdq	造谋布穽 遇难成祥 牝鸡晨鸣
qpmg	客户 微言大义 取之有道 宏图大志 案发现场
qpmga	客户 微言大义 宏图大志 案发现场
qpmgq	取之有道 教儿婴孩
qpmj	物超所值
qpmjq	物超所值
qpmm	田园风光
qpmmq	田园风光
qpmp	男友 微言大谊 累足成步
qpmpa	微言大谊
qpmpq	男友 累足成步
qpmq	径直
qpmqa	径直
qpmt	先是 造谋布阱 彼之砒霜 吾之砒霜
qpmta	彼之砒霜 吾之砒霜
qpmtq	先是 造谋布阱
qpmx	很难理解
qpmxa	很难理解
qpp	很难说
qppa	鹤困鸡群 头皮发炸 客观因素
qppaa	鹤困鸡群 头皮发炸 客观因素
qppd	客观 略识之无
qppda	客观
qppdq	略识之无
qppg	很难说 割恩断义 鱼米之乡 五言长城
qppga	很难说 割恩断义 鱼米之乡 五言长城
qppj	牛蹄之涔 造谣惑众
qppjq	牛蹄之涔 造谣惑众
qppm	取出 物料管理 实践证明
qppma	实践证明
qppmq	取出 物料管理
qppp	鹤发鸡皮 察言观行
qpppa	鹤发鸡皮 察言观行
qppq	盗跖之物 牛蹄之鱼
qppqa	盗跖之物
qppqq	牛蹄之鱼
qppt	彼此 资讯数据 实证数据 鼎足之势 宏观调控
qppta	彼此 资讯数据 实证数据 宏观调控
qpptq	鼎足之势
qppx	先行 察言观色 头皮发麻
qppxa	察言观色 头皮发麻
qppxq	先行
qpqa	实践教育 联篇累牍 定国安邦 安常守故
qpqaa	实践教育 定国安邦 安常守故
qpqaq	联篇累牍
qpqd	制造 五笔字型 安国富民 定了定神 牝鸡牡鸣
qpqda	五笔字型 安国富民 定了定神 富国安民
qpqdq	制造 牝鸡牡鸣
qpqg	安常守分
qpqga	安常守分
qpqj	老师宿儒 先发制人 头出头没 冷语冰人
qpqja	头出头没 冷语冰人
qpqjq	老师宿儒 先发制人
qpqm	取得 食物 额头 免得 进行实验
qpqma	额头 免得 宰鸡教猴
qpqmq	取得 食物 进行实验
qpqp	徘徊 冷言冷语 进谗害贤 彼之蜜糖 吾之蜜糖
qpqpa	徘徊 冷言冷语 彼之蜜糖 吾之蜜糖 罕言寡语
qpqpq	进谗害贤 先圣先师 牛刀割鸡
qpqq	安国宁家 造因得果 眯了眯眼
qpqqa	安国宁家
qpqqq	造因得果 眯了眯眼
qpqt	制定 略微 先进 决策者的 密切联系
qpqta	决策者的 密切联系 德言容功
qpqtq	制定 略微 先进
qpqx	教师职称 目迷五色 田园牧歌
qpqxq	教师职称 目迷五色 田园牧歌
qpt	老东西
qpta	律师执业 鱼跃龙门 取精用弘
qptaa	律师执业 鱼跃龙门
qptaq	取精用弘
qptd	聚集
qptdq	聚集
qptg	得之我幸 五迷三道 冥行擿埴 鼎足三分
qptga	得之我幸 五迷三道 冥行擿埴
qptgq	鼎足三分
qptj	实践操作
qptja	实践操作
qptm	免费 男的 先把 取长补短
qptma	免费
qptmq	男的 先把 取长补短
qptp	选择 选手 冷言热语 造言捏词
qptpa	冷言热语
qptpq	选择 选手 造言捏词
qptq	客气 耶路撒冷 犒赏三军
qptqa	客气
qptqq	耶路撒冷 犒赏三军
qptt	咨询指导 进行指导
qptta	咨询指导
qpttq	进行指导
qptx	客服 彼岸 老东西 耳鬓撕磨
qptxa	客服 彼岸
qptxq	老东西 耳鬓撕磨
qpxa	彻底 客厅 先断后闻 先行后闻 安常习故
qpxaa	彻底 客厅 安常习故 兔走乌飞
qpxaq	先断后闻 先行后闻
qpxd	先后 眼皮底下 先笑后号
qpxdq	先后 眼皮底下 先笑后号
qpxg	实践意义 象简乌纱 物归原主
qpxga	实践意义 象简乌纱
qpxgq	物归原主
qpxj	制度 兔起凫举 先难后获
qpxja	兔起凫举
qpxjq	制度 先难后获
qpxm	鹤长凫短
qpxma	鹤长凫短
qpxp	牛刀小试 寡言少语 眼观四路 客观原因
qpxpa	寡言少语 客观原因
qpxpq	牛刀小试 眼观四路
qpxt	实践应用 牢甲利兵
qpxta	实践应用 牢甲利兵
qpxx	耳鬓斯磨 安步当车 耳鬓厮磨 盱衡厉色
qpxxa	安步当车
qpxxq	耳鬓斯磨 耳鬓厮磨 盱衡厉色
qqa	制造业
qqaa	安家乐业 安安静静 男男女女 男盗女娼 密密层层
qqaaa	安家乐业 安安静静 密密层层 宾客如云 龟鹤遐寿
qqaaq	男男女女 男盗女娼
qqad	制造业中 待字闺中 进思尽忠
qqada	待字闺中
qqadq	制造业中 进思尽忠
qqag	告老还乡 五脊六兽
qqaga	五脊六兽
qqagq	告老还乡
qqaj	饮食不节 老眼昏花
qqajq	饮食不节 老眼昏花
qqam	饭牛屠狗 累累如珠
qqamq	饭牛屠狗 累累如珠
qqap	睡眠不足
qqapq	睡眠不足
qqaq	男室女家 寝食不安 耳目闭塞 老牛舐犊 告老还家
qqaqa	寝食不安
qqaqq	男室女家 耳目闭塞 老牛舐犊 告老还家
qqat	冷眼静看 饥寒交迫 累教不改
qqata	冷眼静看
qqatq	饥寒交迫 累教不改
qqax	制造业 龟冷支床 凝瞩不转 往蹇来连
qqaxa	龟冷支床 凝瞩不转 往蹇来连
qqaxq	制造业
qqd	取决于 眼睛里
qqda	寓教于乐 食物中毒 耳目喉舌
qqdaa	寓教于乐
qqdaq	食物中毒 耳目喉舌
qqdd	眠思梦想 思考一下 目瞪口呆 睥睨天下 徙宅忘妻
qqdda	徙宅忘妻
qqddq	眠思梦想 思考一下 目瞪口呆 睥睨天下
qqdg	职教中心 食宿相兼 耿耿于怀 耳目一新 微微一怔
qqdga	微微一怔 安守本分
qqdgq	职教中心 食宿相兼 耿耿于怀 耳目一新 耿耿于心
qqdj	眼睛里 寄宿中学 准军事化 冰寒于水
qqdja	寄宿中学 准军事化 冰寒于水
qqdjq	眼睛里
qqdm	取决于 聊聊天 寥寥无几 煮鹤焚琴
qqdma	寥寥无几
qqdmq	取决于 聊聊天 煮鹤焚琴
qqdp	写字楼 先进材料 微微一笑 安宅正路 齐聚一堂
qqdpa	写字楼 微微一笑 安宅正路 寤寐求之 得鱼忘筌
qqdpq	先进材料 齐聚一堂 睥睨一切
qqdq	卧冰求鲤 冷眼相待
qqdqa	冷眼相待
qqdqq	卧冰求鲤
qqdt	饮食禁忌 教职员工 定睛一看 冤冤相报 鳞次栉比
qqdta	定睛一看 冤冤相报 鳞次栉比 官官相护
qqdtq	饮食禁忌 教职员工
qqg	老头子 决定性
qqga	瞠目结舌 安家立业 鲂鱼赪尾
qqgaa	安家立业 鲂鱼赪尾
qqgaq	瞠目结舌
qqgd	实地 五官端正 安富恤穷 田头地里
qqgda	实地 五官端正 安富恤穷
qqgdq	田头地里
qqgg	瞎子 老头子 睡眼惺忪 字字句句 宜家商场
qqgga	字字句句 宜家商场 象征主义 凄凄惨惨 安安心心
qqggq	瞎子 老头子 睡眼惺忪 熙熙壤壤 累得半死
qqgj	决定性 先进性 制造商们 先决条件 安富尊荣
qqgja	决定性 安富尊荣
qqgjq	先进性 制造商们 先决条件
qqgm	饱食终日 鳏寡孤独 察察为明
qqgma	鳏寡孤独 察察为明
qqgmq	饱食终日
qqgp	安德烈 循循善诱 冷眼旁观 牛鼎烹鸡
qqgpa	安德烈 循循善诱 冷眼旁观
qqgpq	牛鼎烹鸡
qqgq	齐头并进
qqgqq	齐头并进
qqgt	睚眦必报
qqgtq	睚眦必报
qqgx	鲁鱼帝虎 安老怀少 寡鹄孤鸾
qqgxa	鲁鱼帝虎 安老怀少 寡鹄孤鸾
qqj	老家伙 老实人
qqja	老家伙 往往会 宴安鸠毒 饮冰茹檗 造微入妙
qqjaa	往往会 宴安鸠毒
qqjaq	老家伙 饮冰茹檗 造微入妙
qqjd	实施 实体 瞑思苦想 冥思苦想
qqjda	实施 实体 冥思苦想
qqjdq	瞑思苦想
qqjg	宪法 宇宙世纪 睹物兴情
qqjga	宪法 宇宙世纪
qqjgq	睹物兴情
qqjj	鼎鱼幕燕 宗教信仰 完完全全 耳目众多 富得流油
qqjja	宗教信仰 完完全全 富得流油 宇宙洪荒 鱼目混杂
qqjjq	鼎鱼幕燕 耳目众多
qqjm	鱼目混珠 安家落户 冥思苦索 察察而明
qqjma	鱼目混珠 安家落户 冥思苦索 察察而明
qqjp	老实人 宗教仪式 制宪会议 齐家治国
qqjpa	宗教仪式
qqjpq	老实人 制宪会议 齐家治国
qqjt	宗教学系
qqjta	宗教学系
qqjx	农田水利 容头过身
qqjxa	农田水利 容头过身
qqm	很容易 往往是
qqma	进食时间 老实巴交 微微蹙眉 牛头马面
qqmaa	微微蹙眉
qqmaq	进食时间 老实巴交 牛头马面
qqmd	实现 瞅准时机
qqmda	实现
qqmdq	瞅准时机
qqmg	实在 井井有条 头头是道 寥寥几句
qqmga	实在 头头是道 寥寥几句
qqmgq	井井有条
qqmj	实验 制造环节 耶鲁大学 鼎鼎大名 造次颠沛
qqmja	实验
qqmjq	制造环节 耶鲁大学 鼎鼎大名 造次颠沛 睹微知著
qqmm	很容易 实实在在 字字珠玑 食宿自理 家家户户
qqmma	很容易 实实在在 字字珠玑 家家户户 宽宏大量
qqmmq	食宿自理 牝牡骊黄 熙熙融融
qqmp	头都大了 微微蹙起
qqmpa	头都大了 微微蹙起
qqmq	齐王 告老在家 耆德硕老
qqmqq	齐王 告老在家 耆德硕老
qqmt	往往是 实有 饮冰内热 饱食暖衣
qqmta	往往是 实有
qqmtq	饮冰内热 饱食暖衣
qqmx	耳目昭彰 宽豁大度 宽宏大度 老牛破车 安定有序
qqmxa	宽豁大度 宽宏大度 安定有序
qqmxq	耳目昭彰 老牛破车
qqp	凝聚力 老实说
qqpa	实话 饮食起居
qqpaa	实话
qqpaq	饮食起居
qqpd	实践 耽误 冥冥之中 耄耋之年 造次行事
qqpda	实践 冥冥之中
qqpdq	耽误 耄耋之年 造次行事
qqpg	老实说 待客之道 安定团结 字字诛心
qqpga	待客之道 安定团结 字字诛心
qqpgq	老实说
qqpj	实力 凝聚力 饮鸩止渴 寥寥数人 牛农对泣
qqpja	实力 凝聚力 寥寥数人 冶容诲淫
qqpjq	饮鸩止渴 牛农对泣 瞋目切齿
qqpp	决定试试 进进出出 鲍鱼之肆 耳食之论 寥寥数语
qqppa	决定试试 鲍鱼之肆 寥寥数语 字字箴言 徘徊歧路
qqppq	进进出出 耳食之论 耳食之谈 耳食之言
qqpq	寝食难安
qqpqa	寝食难安
qqpt	牢记
qqpta	牢记
qqpx	实行
qqpxa	实行
qqq	眼睁睁 冷冰冰
qqqa	宜家家居 彻头彻尾 饮食男女
qqqaa	宜家家居 彻头彻尾
qqqaq	饮食男女
qqqd	目食耳视 待兔守株 饱饱眼福
qqqda	待兔守株
qqqdq	目食耳视 饱饱眼福
qqqj	寒冷 冷冰冰 睹物思人 鳄鱼眼泪
qqqja	寒冷 冷冰冰 鳄鱼眼泪
qqqjq	睹物思人
qqqm	实物 耳聪目明
qqqma	实物
qqqmq	耳聪目明
qqqp	龟兔赛跑
qqqpa	龟兔赛跑
qqqq	牢牢 老老实实 宜室宜家 冰冰凉凉 思考思考
qqqqa	牢牢 宜室宜家 冰冰凉凉 安安逸逸 宜家宜室
qqqqq	老老实实 思考思考
qqqt	饮食宜忌 眼睁睁的
qqqtq	饮食宜忌 眼睁睁的
qqqx	眼睁睁
qqqxq	眼睁睁
qqta	都头异姓 凑凑热闹 冰冻三尺
qqtaa	凑凑热闹 冰冻三尺
qqtaq	都头异姓
qqtd	实际 眼睛近视 制定以下
qqtda	实际
qqtdq	眼睛近视 制定以下
qqtg	累得要死 先得我心 饿得要死
qqtgq	累得要死 先得我心 饿得要死
qqtp	宗教势力
qqtpa	宗教势力
qqtq	寒气 眼馋肚饱
qqtqa	寒气
qqtqq	眼馋肚饱
qqtt	睡眼朦胧 熙熙攘攘 客客气气 头头脑脑 耳目股肱
qqtta	客客气气 头头脑脑
qqttq	睡眼朦胧 熙熙攘攘 耳目股肱
qqx	安徽省
qqxa	家徒四壁 安家置业
qqxaa	家徒四壁 安家置业
qqxd	德累斯顿
qqxda	德累斯顿
qqxg	赛季 微察秋毫 安室利处 象征意义
qqxga	赛季 微察秋毫 安室利处 象征意义
qqxm	实质
qqxma	实质
qqxp	寥寥可数 鲇鱼上竹 鲇鱼上竿
qqxpa	寥寥可数 鲇鱼上竹 鲇鱼上竿
qqxt	安徽省 微微颤抖
qqxta	安徽省 微微颤抖
qqxx	实习 耶稣基督 密密麻麻 安安稳稳
qqxxa	实习 密密麻麻 安安稳稳
qqxxq	耶稣基督
qta	凑热闹
qtaa	造山运动 寂然不动 安然如故
qtaaa	寂然不动 安然如故
qtaaq	造山运动
qtad	头把交椅
qtada	头把交椅
qtag	进来 愚蠢 物以群分 割股疗亲
qtaga	割股疗亲
qtagq	进来 愚蠢 物以群分
qtaj	进展 五六 耳提面命
qtaja	五六
qtajq	进展 耳提面命
qtam	进门 鲜衣怒马 目露凶光 眼露凶光
qtama	鲜衣怒马
qtamq	进门 目露凶光 眼露凶光
qtap	实用建议 实际支出 冰炭不言 怎么不行 果然如此
qtapa	实用建议 实际支出 冰炭不言 怎么不行 龟龙片甲
qtapq	果然如此
qtaq	微弱 冷血动物 牛衣病卧
qtaqa	微弱 冷血动物
qtaqq	牛衣病卧
qtat	五脏六腑 冰炭不投
qtata	五脏六腑 冰炭不投
qtax	农业 凑热闹 宁折不弯 吾膝如铁
qtaxa	农业 凑热闹 宁折不弯 吾膝如铁
qtd	怎么样
qtda	徒费唇舌
qtdaa	徒费唇舌
qtdd	凝视 往肚里咽 聊胜于无 安然无事
qtdda	凝视 往肚里咽 安然无事
qtddq	聊胜于无
qtdg	怎么样 军用机场 免费午餐 安然无恙 豁然开朗
qtdga	怎么样 军用机场 免费午餐 安然无恙 豁然开朗
qtdj	遇见 农村 进口 瞧见 遇袭事件
qtdja	农村 寒气逼人 割据一方
qtdjq	遇见 进口 瞧见 遇袭事件
qtdm	农民
qtdma	农民
qtdp	略胜一筹 怎么样了 徒托空言 聊胜一筹 宝山空回
qtdpa	怎么样了 徒托空言 宝山空回
qtdpq	略胜一筹 聊胜一筹 齐集于此
qtdq	靠脸吃饭 物阜民安
qtdqq	靠脸吃饭 物阜民安
qtdt	五年 五百 食指中指 靠山吃山 宽打窄用
qtdta	五年 五百 宽打窄用
qtdtq	食指中指 靠山吃山
qtdx	冰山一角 五险一金 五陵年少 得陇望蜀 老气横秋
qtdxa	冰山一角 五险一金 五陵年少 得陇望蜀 额手相庆
qtdxq	老气横秋
qtg	都已经 怎么就
qtga	定义 聚焦主业 冰释前嫌
qtgaa	定义 冰释前嫌
qtgaq	聚焦主业
qtgd	五条 目的地 实用新型 累月经年 徒费心神
qtgda	五条 实用新型 徒费心神
qtgdq	目的地 累月经年
qtgg	兔子 实用主义 实用性高 特拉维夫
qtgga	兔子 实用主义 实用性高
qtggq	特拉维夫
qtgj	进去 定性 选择性 客随主便
qtgja	定性 客随主便
qtgjq	进去 选择性
qtgm	鲜衣良马 宿雨餐风
qtgma	鲜衣良马 宿雨餐风
qtgp	都已经 五分 教授主讲
qtgpa	五分
qtgpq	都已经 教授主讲
qtgq	准备 眼看着 怎么着 宣誓就职 制的规定
qtgqa	准备 怎么着 宣誓就职 鲜衣美食
qtgqq	眼看着 制的规定 先悉必具
qtgt	减脂增肌 聊斋志异 先我着鞭 牛毛细雨 目挑心招
qtgta	减脂增肌
qtgtq	聊斋志异 先我着鞭 牛毛细雨 目挑心招
qtgx	它就 怎么就
qtgxa	它就 怎么就
qtj	怎么会 冲击波
qtja	它们 怎么会 定会 冠袍带履
qtjaa	它们 怎么会 定会 冠袍带履
qtjd	凝重 进而 饮用水中 决胜千里 凄然泪下
qtjda	凝重 决胜千里 凄然泪下
qtjdq	进而 饮用水中
qtjg	五个 定位 得失参半
qtjga	五个 定位 得失参半
qtjj	食用蔬菜 实用价值 实用生活 鲜血淋漓 鱼龙混杂
qtjja	实用价值 实用生活 鲜血淋漓 鱼龙混杂 五脏俱全
qtjjq	食用蔬菜
qtjp	微信 冲击波 实用英语 食用酒精 联系方式
qtjpa	微信 冲击波 实用英语 微文深诋
qtjpq	食用酒精 联系方式 齐抓共管 老掉牙了
qtjq	五千 它的旋律 安然入睡 安然入眠
qtjqa	五千 它的旋律 安然入睡 安然入眠
qtjt	进入 进化 定能 页岩油气 饮血茹毛
qtjta	定能 页岩油气
qtjtq	进入 进化 饮血茹毛
qtjx	定要注意 宾朋满座 联袂而至
qtjxa	定要注意 宾朋满座
qtjxq	联袂而至
qtm	男朋友 老朋友
qtma	微风 待的时间 煮的时间 得抑郁症 食指大动
qtmaa	微风 待的时间 得抑郁症
qtmaq	煮的时间 食指大动 聊以自慰 聊以自娱
qtmd	冰肌玉骨 家用电器
qtmda	冰肌玉骨 家用电器
qtmg	怎么知道 头撞南墙
qtmga	怎么知道 头撞南墙
qtmj	安然自若 教导有方 察己知人
qtmja	安然自若 察己知人
qtmjq	教导有方
qtmm	微博 冷热自明 得失成败
qtmma	微博 冷热自明 得失成败
qtmp	五十 男朋友 准则 老朋友 寒腹短识
qtmpa	五十 准则 寒腹短识
qtmpq	男朋友 老朋友 联系电话
qtmq	宵衣旰食
qtmqa	宵衣旰食
qtmt	选择医院 职工医院 宽袍大袖 割肚牵肠
qtmta	宽袍大袖 割肚牵肠
qtmtq	选择医院 职工医院
qtmx	准确 井然有序 物换星移
qtmxa	准确
qtmxq	井然有序 物换星移
qtp	怎么了 怎么办
qtpa	凝固 实际行动
qtpaa	凝固 实际行动
qtpd	怎么回事 怎么说呢 怎么办呢
qtpda	怎么回事 怎么说呢 怎么办呢
qtpg	怎么办 减脂训练 容膝之地 割股之心 割袍断义
qtpga	怎么办 减脂训练 容膝之地 割股之心 割袍断义
qtpgq	食毛践土
qtpj	进了 怎么了 定了 饿了 冲击力
qtpja	怎么了 定了 冲击力
qtpjq	进了 饿了 目击证人 牛衣对泣 取巧图便
qtpm	割襟之盟 得胜回朝 田月桑时
qtpma	割襟之盟 得胜回朝
qtpmq	田月桑时
qtpp	进步 它的设计
qtppa	它的设计
qtppq	进步
qtpq	实际出资 物以类聚 寒泉之思 冰山难靠 容膝之安
qtpqa	实际出资 寒泉之思 冰山难靠 容膝之安
qtpqq	物以类聚
qtpt	微笑 头脑发热
qtpta	微笑 头脑发热
qtpx	进行
qtpxq	进行
qtq	守护者
qtqa	头焦额烂 聊以塞责 家翻宅乱 目击耳闻
qtqaa	头焦额烂 家翻宅乱
qtqaq	聊以塞责 目击耳闻
qtqg	眨眼 饱以老拳
qtqgq	眨眼 饱以老拳
qtqj	牺牲 宽以待人
qtqja	宽以待人
qtqjq	牺牲
qtqm	守护者 田忌赛马 冰雪聪明 饥附饱飏 龟龙鳞凤
qtqma	守护者 冰雪聪明 龟龙鳞凤
qtqmq	田忌赛马 饥附饱飏
qtqp	凝聚 怎么得了 得胜头回
qtqpa	凝聚 怎么得了 得胜头回
qtqt	微微 安排安排 安抚安抚 联系联系 客气客气
qtqta	微微 安排安排 安抚安抚 客气客气
qtqtq	联系联系 眠霜卧雪
qtqx	耶稣 教授职称 实报实销 龟毛兔角 官卑职小
qtqxa	实报实销 龟毛兔角 官卑职小
qtqxq	耶稣 教授职称
qtt	怎么看 都需要
qtta	定要 都需要
qttaa	定要
qttaq	都需要
qttd	实用技术 怎么这样 五月披裘
qttda	实用技术 怎么这样 五月披裘
qttg	进攻
qttgq	进攻
qttj	五岁 饮用的水 颐指气使 目指气使 特异功能
qttja	五岁 寒气袭人
qttjq	饮用的水 颐指气使 目指气使 特异功能
qttm	它的
qttma	它的
qttq	怎么看 实用攻略
qttqa	怎么看 实用攻略
qttt	实用升限 牛衣岁月 密西西比 怎么搞的 掣襟露肘
qttta	实用升限 密西西比 怎么搞的 冰肌雪肠
qtttq	牛衣岁月 掣襟露肘
qttx	待月西厢
qttxa	待月西厢
qtx	实际上
qtxa	食用色素 实用音乐 五雷轰顶 冷热酸甜
qtxaa	实用音乐 五雷轰顶 冷热酸甜
qtxaq	食用色素
qtxd	实际上 遇上 进程 牛衣夜哭 聊以解嘲
qtxda	实际上
qtxdq	遇上 进程 牛衣夜哭 聊以解嘲
qtxg	定期 实用意义 额手称颂 鹄峙鸾翔
qtxga	定期 实用意义 额手称颂
qtxgq	鹄峙鸾翔
qtxj	宽衣解带 鹄峙鸾停 凝脂点漆 怎么可能 官报私仇
qtxja	宽衣解带 凝脂点漆 怎么可能 官报私仇 五零四散
qtxjq	鹄峙鸾停
qtxm	实际上是 塞拉利昂
qtxma	实际上是 塞拉利昂
qtxp	遇到 宗旨意识 决胜庙堂 微服私访 微服私行
qtxpa	宗旨意识 决胜庙堂 微服私访 微服私行 案兵束甲
qtxpq	遇到
qtxq	得月较先 微乎其微
qtxqa	得月较先 微乎其微
qtxt	往脸上抹 怎么可以 聊以卒岁
qtxta	往脸上抹 怎么可以
qtxtq	聊以卒岁
qtxx	家用轿车 实际上和 实用角度 乍毛变色 饥肠辘辘
qtxxa	家用轿车 实际上和 实用角度 乍毛变色 额手称庆
qtxxq	饥肠辘辘 瞠乎其后
qxa	教科书
qxaa	教科书 减少炎症 五角六张 安身乐业 宛转蛾眉
qxaaa	减少炎症 五角六张 安身乐业 宛转蛾眉 家庭妇女
qxaaq	教科书
qxad	冠上履下
qxada	冠上履下
qxag	先意承颜 先意承志
qxagq	先意承颜 先意承志
qxaj	牛角书生 得意门生 五音不全 物腐虫生 煮豆燃萁
qxaja	得意门生 五音不全 五雀六燕
qxajq	牛角书生 物腐虫生 煮豆燃萁
qxam	瞬间 页面 选秀状元 鲜车怒马 守身如玉
qxama	页面 鲜车怒马 守身如玉
qxamq	瞬间 选秀状元
qxap	减少支出 资金支出 富可敌国 宾至如归 卧床不起
qxapa	减少支出 资金支出 富可敌国 宾至如归
qxapq	卧床不起
qxaq	龟厌不告 彻夜未眠 五音六律 鼎镬如饴
qxaqa	龟厌不告 彻夜未眠 五音六律
qxaqq	鼎镬如饴
qxat	寂静 冲上云霄 先意希旨 先意承指 先意承旨
qxata	寂静 冲上云霄
qxatq	先意希旨 先意承指 先意承旨
qxd	冲锋枪
qxda	完整无缺 食少事烦
qxdaa	完整无缺
qxdaq	食少事烦
qxdd	军事 得意忘形 头上末下 徇私舞弊 灾梨祸枣
qxdda	军事 得意忘形 头上末下 徇私舞弊 灾梨祸枣
qxdg	恣意妄为 冷酷无情 五色无主 饿虎吞羊
qxdga	恣意妄为 冷酷无情 五色无主
qxdgq	饿虎吞羊
qxdj	睁开 冲锋枪 睡上一觉 徇私枉法 安危与共
qxdja	冲锋枪 徇私枉法 安危与共
qxdjq	睁开 睡上一觉
qxdm	官虎吏狼 安危相易
qxdma	官虎吏狼 安危相易
qxdp	得意忘言
qxdpa	得意忘言
qxdt	职称晋升 考虑再三
qxdtq	职称晋升 考虑再三
qxdx	宗庙社稷
qxdxa	宗庙社稷
qxg	德尔塔 实质性
qxga	井上织姬 安身为乐 家庭主妇 物离乡贵 宴尔新婚
qxgaa	安身为乐 家庭主妇 宴尔新婚
qxgaq	井上织姬 物离乡贵
qxgd	宅基地 五彩纷呈 塞尔维亚
qxgda	宅基地 五彩纷呈 塞尔维亚
qxgg	五彩缤纷 五色缤纷
qxgga	五彩缤纷 五色缤纷
qxgj	德尔塔 实质性 完整性 安身立命 割席分坐
qxgja	德尔塔 实质性 完整性 安身立命 割席分坐
qxgjq	耳软心活
qxgm	齐镳并驱
qxgmq	齐镳并驱
qxgp	净利增长
qxgpa	净利增长
qxgq	寡凫单鹄
qxgqa	寡凫单鹄
qxgx	字斟句酌 进锐退速
qxgxa	字斟句酌
qxgxq	进锐退速
qxj	耶和华 很可能
qxja	净利润 家庭作业 老当益壮
qxjaa	净利润 家庭作业
qxjaq	老当益壮
qxjd	实习生杨 教亦多术
qxjda	实习生杨
qxjdq	教亦多术
qxjg	家庭住址 宁可清贫 德音莫违
qxjga	家庭住址 宁可清贫 德音莫违
qxjj	得意洋洋 物质生活
qxjja	得意洋洋
qxjjq	物质生活
qxjm	犄角旮旯 鲜车健马 很可能是 德厚流光 耳后生风
qxjma	鲜车健马 很可能是 德厚流光 室迩人远
qxjmq	犄角旮旯 耳后生风
qxjp	军人 实习生 鱼和熊掌 实至名归 畏罪潜逃
qxjpa	军人 实习生 鱼和熊掌 实至名归
qxjpq	畏罪潜逃
qxjq	循序渐进
qxjqa	循序渐进
qxjt	耶和华 很可能 减少油脂 宛转悠扬 卧虎藏龙
qxjta	很可能 减少油脂 宛转悠扬 寒酸落魄
qxjtq	耶和华 卧虎藏龙 饿其体肤
qxjx	饭菜 造车合辙 安车蒲轮
qxjxa	安车蒲轮
qxjxq	饭菜 造车合辙
qxma	循环 畏罪自杀
qxmaa	循环
qxmaq	畏罪自杀
qxmd	家庭琐事 实质影响 安度晚年 五角大楼
qxmda	家庭琐事 实质影响 安度晚年 五角大楼
qxmg	冲锋在前 盗亦有道
qxmga	冲锋在前 盗亦有道
qxmj	室内 很少有人 聚少成多
qxmja	室内 很少有人
qxmjq	聚少成多
qxmm	得其所哉 宁可玉碎 鼎铛玉石
qxmma	得其所哉 宁可玉碎
qxmmq	鼎铛玉石
qxmp	宫车晏驾
qxmpa	宫车晏驾
qxmq	家庭自制 老少咸宜 鼎铛有耳 冯唐易老
qxmqa	家庭自制 冯唐易老
qxmqq	老少咸宜 鼎铛有耳
qxmt	五色斑斓 五彩斑斓
qxmta	五色斑斓 五彩斑斓
qxmx	资金周转 减到最小 饮醇自醉
qxmxa	资金周转 减到最小
qxmxq	饮醇自醉
qxp	得到了 遇到了
qxpa	资质证书 井底之蛙
qxpaa	资质证书
qxpaq	井底之蛙
qxpg	鱼香鸡丝 容身之地 密锣紧鼓 安身之处 安身之地
qxpga	鱼香鸡丝 容身之地 密锣紧鼓 安身之处 安身之地
qxpj	得到了 遇到了 得意之作 物种起源
qxpja	得到了 得意之作
qxpjq	遇到了 物种起源
qxpm	减速行驶 安身之所
qxpma	减速行驶 安身之所
qxpp	彻夜长谈 饱受非议 饿虎之蹊
qxppa	彻夜长谈
qxppq	饱受非议 饿虎之蹊
qxpq	实习记者 彻夜难眠 冠上加冠
qxpqa	实习记者 彻夜难眠 冠上加冠
qxpt	进身之阶
qxptq	进身之阶
qxpx	鼎镬刀锯 牛角之歌 得意之色
qxpxa	得意之色
qxpxq	鼎镬刀锯 牛角之歌
qxqd	象征 资金资助 彻上彻下
qxqda	象征 资金资助 彻上彻下
qxqj	寂寞 畸轻畸重 往返徒劳
qxqja	寂寞 往返徒劳
qxqjq	畸轻畸重
qxqq	减少进食 先到先得 寡廉鲜耻 鲜廉寡耻 头上安头
qxqqa	减少进食 寡廉鲜耻 鲜廉寡耻 头上安头
qxqqq	先到先得
qxqt	冯唐头白 冰解冻释 冻解冰释
qxqta	冯唐头白 冰解冻释 冻解冰释
qxqx	卧室 很久很久 物色物色 饿虎饥鹰 饥鹰饿虎
qxqxa	很久很久
qxqxq	卧室 物色物色 饿虎饥鹰 饥鹰饿虎
qxt	都可以
qxta	牛角挂书
qxtaq	牛角挂书
qxtg	冯唐白首 很久以前 饿虎扑羊 饿虎擒羊
qxtga	冯唐白首 很久以前
qxtgq	饿虎扑羊 饿虎擒羊
qxtj	军队 都可以
qxtja	军队
qxtjq	都可以
qxtm	老少皆知 物质文明 得其三昧
qxtma	得其三昧
qxtmq	老少皆知 物质文明
qxtq	老少皆宜 减少衣物 冯唐已老 盗钟掩耳 官轻势微
qxtqa	减少衣物 冯唐已老 盗钟掩耳 官轻势微
qxtqq	老少皆宜 饿虎扑食 取辖投井
qxtt	头角峥嵘 冲锋陷阵 田连阡陌
qxtta	头角峥嵘 冲锋陷阵
qxttq	田连阡陌
qxtx	食租衣税
qxtxq	食租衣税
qxx	考虑到
qxxa	先斩后奏
qxxaq	先斩后奏
qxxd	凌上虐下 瞒上欺下
qxxda	凌上虐下
qxxdq	瞒上欺下
qxxg	实质意义 略迹原情 齐轨连辔 老罴当道
qxxga	实质意义
qxxgq	略迹原情 齐轨连辔 老罴当道
qxxj	鲜香四溢 聚少离多
qxxja	鲜香四溢
qxxjq	聚少离多
qxxm	物质基础
qxxmq	物质基础
qxxp	考虑到 饱受争议
qxxpq	考虑到 饱受争议
qxxt	饱受质疑
qxxtq	饱受质疑
qxxx	饭店
qxxxq	饭店
taa	搞不好
taaa	招蜂引蝶 龙蛇飞动 白璧青蝇
taaaa	招蜂引蝶 白璧青蝇
taaaq	龙蛇飞动
taad	要强
taadd	要强
taag	要素 要好 要来 搞不好 疏不间亲
taaga	搞不好 摸门不着
taagd	要素 要好 要来
taagq	疏不间亲 衣不如新
taaj	补阙灯檠 推燥居湿 震古烁今 阴魂不散 技不如人
taaja	推燥居湿 技不如人 白面书生
taajd	腾焰飞芒
taajq	补阙灯檠 震古烁今 阴魂不散 三姑六婆
taam	初始状态
taamq	初始状态
taap	向来如此 拒不承认 巧舌如簧 三媒六证 腊尽春回
taapa	拒不承认 巧舌如簧
taapd	腊尽春回
taapq	向来如此 三媒六证
taaq	防毒面具 迫不及待 气壮如牛
taaqa	迫不及待
taaqd	气壮如牛
taaqq	防毒面具
taat	兵来将挡 打不还手 防不及防
taata	打不还手
taatq	兵来将挡 防不及防
taax	白云 措辞不当 掉臂不顾
taaxa	白云 措辞不当 掉臂不顾
tad	看不见 打火机
tada	改弦更张 失不再来 气焰嚣张 费尽口舌 挂印悬牌
tadaa	挂印悬牌
tadad	改弦更张 气焰嚣张 以火救火
tadaq	失不再来 费尽口舌 兵不由将 附赘悬疣
tadd	振臂一呼 拨乱视听 奥妙无穷 项背相望 扰乱视听
tadda	振臂一呼 拨乱视听 项背相望 扰乱视听 攘臂一呼
taddq	奥妙无穷
tadg	技术 拥书百城 摇尾乞怜 看不下去 搅屎棍子
tadga	技术 拥书百城 摇尾乞怜 看不下去 搅屎棍子
tadgq	隐居求志
tadj	要求 打开 看不见 拯救 失业救济
tadja	打开 看不见 拯救
tadjd	要求 山肴野蔌 以屈求伸 改姓更名
tadjq	失业救济 被蛇咬伤
tadm	白天 打火机 执业助理 白璧无瑕 拨云见日
tadma	白天 打火机 执业助理 白璧无瑕 拨云见日
tadp	隔壁听话 向火乞儿
tadpq	隔壁听话 向火乞儿
tadq	要想 摇尾求食
tadqa	摇尾求食
tadqd	要想
tadt	打听 毛将焉附 扬眉吐气 拉不下脸 抹不下脸
tadta	打听 扬眉吐气 拉不下脸 抹不下脸
tadtd	毛将焉附
tadx	兵贵神速 揭不开锅 脱不开身
tadxa	揭不开锅
tadxd	脱不开身
tadxq	兵贵神速
tag	用不着 打交道
taga	找不着北 以杀去杀 捐弃前嫌 白云孤飞
tagaa	找不着北 捐弃前嫌 白云孤飞
tagad	以杀去杀
tagd	打不着野 掉舌鼓唇 毕业典礼 费尽心机 用尽心机
tagda	打不着野 掉舌鼓唇 振臂高呼
tagdd	毕业典礼
tagdq	费尽心机 用尽心机
tagg	裙子 革面悛心 哀痛欲绝 以丑为美 革故立新
taggd	以丑为美
taggq	裙子 革面悛心 哀痛欲绝 革故立新 降贵纡尊
tagj	要去 要给 看不惯 看不懂 搞不懂
tagja	看不惯 看不懂 搞不懂 拉丁美洲 拉帮结伙
tagjd	要去 要给
tagjq	隐姓埋名 零丁孤苦
tagm	匕首 打交道 这不就是 气充志骄 胆壮心雄
tagma	打交道
tagmd	匕首 这不就是 气充志骄 胆壮心雄 岂不美哉
tagmq	朱门绣户
tagp	要为 找不着了
tagpa	找不着了
tagpd	要为
tagq	握着 捧着 打着 用不着 拆牌道字
tagqa	握着 捧着 打着 拆牌道字 白眉赤眼
tagqd	文君新寡
tagqq	用不着 费尽心思
tagt	血红 打死 要死
tagta	打死
tagtd	要死
tagtq	血红
tagx	执业地点 文君新醮 陶熔鼓铸
tagxa	执业地点
tagxd	文君新醮
tagxq	陶熔鼓铸
taj	看不清 毕业生
taja	要做 看不清 奥运会 拉闲散闷 势如水火
tajaa	看不清 拉闲散闷 势如水火 扑面而来 招蜂惹蝶
tajad	要做
tajaq	奥运会
tajd	搞不清楚 鞭辟入里 白云蓝天 气焰熏天 势焰熏天
tajda	搞不清楚 白云蓝天 势焰熏天 把臂入林
tajdd	气焰熏天
tajdq	鞭辟入里
tajg	握住 打个 打动人心 革面洗心
tajga	握住 打个 打动人心
tajgq	革面洗心
tajj	雪花 三好学生 披古通今 持蠡测海 龙蛇混杂
tajja	披古通今 持蠡测海 掩面而泣 打闷葫芦
tajjd	山顶洞人 以蠡测海
tajjq	雪花 三好学生 龙蛇混杂 衣不蔽体
tajm	白云苍狗 白虹贯日 挨门逐户
tajma	白云苍狗 白虹贯日 挨门逐户
tajp	毕业生 执业药师 三六九等 掎挈伺诈 用尽全力
tajpa	执业药师 掎挈伺诈 拼尽全力 扪虱而言 扪虱而谈
tajpd	毕业生
tajpq	三六九等 用尽全力
tajq	白丁俗客 气克斗牛
tajqa	白丁俗客
tajqd	气克斗牛
tajt	技能 打过 扫过 工业化 衣来伸手
tajta	技能 打过 扫过 工业化 攒眉苦脸
tajtd	气壮河山
tajtq	衣来伸手 袂云汗雨 革面敛手 失魂落魄
tajx	要你 血液 摘艳薰香 雷克萨斯 降妖伏魔
tajxa	摘艳薰香 摘艳熏香
tajxd	要你
tajxq	血液 雷克萨斯 降妖伏魔
tam	岂不是 要不是
tama	工业区 撩蜂剔蝎 兵强马壮 改弦易张
tamaa	工业区 撩蜂剔蝎
tamad	改弦易张
tamaq	兵强马壮
tamd	打量 阿司匹林 龙飞凤舞 热火朝天
tamda	打量 热火朝天
tamdq	阿司匹林 龙飞凤舞
tamg	要在 打败 随书赠送 势不两立 誓不两立
tamga	打败 势不两立 誓不两立 看不太懂 扫眉才子
tamgd	要在
tamgq	随书赠送
tamj	血肉 初春时节 阳痿早泄 工业大学 我不犯人
tamja	工业大学 看不太清
tamjd	改姓易代
tamjq	血肉 初春时节 阳痿早泄 我不犯人
tamm	白居易 皎如日星 气壮理直
tamma	白居易 皎如日星
tammd	气壮理直
tamp	打破 执业医师 势如破竹 改张易调 雷动风行
tampa	打破 执业医师 势如破竹
tampd	改张易调 改弦易调
tampq	雷动风行 三尸暴跳
tamq	抢尽风头 看不顺眼 挤眉弄眼 攒眉蹙额 龙蟠凤逸
tamqa	抢尽风头 看不顺眼 挤眉弄眼 攒眉蹙额
tamqq	龙蟠凤逸
tamt	要是 要有 抵达 岂不是 要不是
tamta	抵达 执业风险 看不明白
tamtd	要是 要有 岂不是 要不是 脚痛医脚
tamtq	三局两胜 费尽周折 阳春有脚 裹尸马革
tamx	腥闻在上 改弦易辙 握蛇骑虎
tamxa	握蛇骑虎
tamxd	腥闻在上 改弦易辙
tap	比如说 看不起
tapa	打断 执业证书 打不起来 打不出来 看不出来
tapaa	打断 执业证书 打不起来 打不出来 看不出来
tapd	要回 打架 打熬筋骨
tapda	打架 打熬筋骨
tapdd	要回
tapg	据说 比如说 蛋糕 费尽了心
tapga	据说
tapgd	比如说
tapgq	蛋糕 费尽了心
tapj	打了 要对 巧克力 拔群出萃 以古非今
tapja	打了 巧克力 拔群出萃
tapjd	要对 以古非今
tapm	打出 被动语态 腾蛟起凤 文不对题 扑杀此獠
tapma	打出 扑杀此獠
tapmd	腾蛟起凤 文不对题
tapmq	被动语态
tapp	白发 要紧 崤函之固 毕业设计 袭故蹈常
tappa	白发 插翅难逃
tappd	要紧 崤函之固 毕业设计
tappq	袭故蹈常 三蛇七鼠
tapq	打算 血管 打不出字 抬不起头 已属难得
tapqa	打算 打不出字 抬不起头 打不了字
tapqd	已属难得
tapqq	血管
tapt	扬起 看不起 初始数据 腹背之毛 毕业论文
tapta	扬起 看不起
taptd	腹背之毛 毕业论文 腾云驾雾
taptq	初始数据 三魂七魄
tapx	要走 要让 文不加点 以壮行色
tapxd	要走 要让 文不加点 以壮行色
taq	指不定
taqa	抵御 以强凌弱 势如累卵 白屋寒门
taqaa	抵御 势如累卵 白屋寒门
taqad	以强凌弱
taqd	打造
taqda	打造
taqg	打字 白眼 革故鼎新 兵贵先声 手疾眼快
taqga	打字 白眼 手疾眼快
taqgq	革故鼎新 兵贵先声
taqj	拉丁字母
taqja	拉丁字母
taqm	扭头 阴云密布 白璧微瑕 挺不容易 费尽思量
taqma	扭头 白璧微瑕 挺不容易
taqmq	阴云密布 费尽思量
taqp	抑制 拭面容言
taqpa	抑制 拭面容言
taqq	扎实 被炒鱿鱼 攘来熙往 岂敢造次
taqqa	扎实 攘来熙往
taqqd	岂敢造次
taqqq	被炒鱿鱼
taqt	指不定 迫不得已 肤如凝脂 近火先焦
taqta	指不定 迫不得已
taqtd	肤如凝脂
taqtq	近火先焦
taqx	初来乍到 以辞害意 衣不完采
taqxd	以辞害意
taqxq	初来乍到 衣不完采
tat	要不要 要不然
tata	要不要 蛋白 雪白 白白 西装革履
tataa	白白 把屎把尿 热闹热闹 拾遗补阙 指不胜屈
tatad	要不要 西装革履 以毒攻毒 以弱胜强 岂敢岂敢
tataq	蛋白 雪白 补阙拾遗
tatd	技巧 除奸革弊 批砉导窾 拔丁抽楔 隔壁撺椽
tatda	技巧 批砉导窾 拔丁抽楔 攻疾防患 抵背扼喉
tatdd	脏不拉叽 岁不我与
tatdq	除奸革弊 隔壁撺椽 隔屋撺椽 鞭辟近里 堕云雾中
tatg	打扮 血脉 白衣 打工 革面革心
tatga	打扮 白衣 打工 手不释卷 换来换去
tatgd	改来改去
tatgq	血脉 革面革心 袒臂挥拳 番来覆去 阿姑阿翁
tatj	要么 要脸 这支队伍 工业革命 阿弥陀佛
tatja	工业革命 功不抵过
tatjd	要么 要脸 这支队伍 气壮山河
tatjq	阿弥陀佛
tatm	要把 打击 打扰 打的 血腥
tatma	打击 打扰 打的 白璧三献 工业文明
tatmd	要把 要不然 以卵击石 胸闷气短 以卵投石
tatmq	血腥 失张失智
tatp	要找 抵押 峨眉山 服装鞋帽 胆壮气粗
tatpa	抵押
tatpd	要找 峨眉山 服装鞋帽 胆壮气粗 气壮胆粗
tatpq	兵不血刃
tatq	要看 以蚓投鱼 拔犀擢象 拔来报往 热熬翻饼
tatqa	拔犀擢象 拔来报往 热熬翻饼
tatqd	要看 以蚓投鱼
tatt	要我 翻云覆雨 初始阶段 需不需要 摧眉折腰
tatta	摧眉折腰 把素持斋 拨云撩雨
tattd	要我
tattq	翻云覆雨 初始阶段 需不需要 乔装打扮 防不胜防
tatx	要用 抵抗 抵挡 降妖除魔 拽耙扶犁
tatxa	抵抗 抵挡 拽耙扶犁
tatxd	要用
tatxq	降妖除魔
tax	找不到 看不到
taxa	血迹 焦急 阿娇金屋 腹背受敌 找不到北
taxaa	焦急 找不到北
taxad	腹背受敌
taxaq	血迹 阿娇金屋
taxd	比不上 毕业后 看不上 裙屐少年 拨乱反正
taxda	看不上 拨乱反正
taxdd	比不上 毕业后
taxdq	裙屐少年 向壁虚构
taxg	焦虑 脍不厌细 奥古斯塔 用不习惯 脚不点地
taxga	焦虑 扶不上墙
taxgd	脍不厌细 脚不点地 比屋可封 岂不可惜
taxgq	奥古斯塔 用不习惯
taxj	摄氏度 衣不解带 功不可没 投闲置散 誓不罢休
taxja	摄氏度 功不可没 投闲置散 誓不罢休
taxjd	文如其人
taxjq	衣不解带
taxm	白色 执业质量 革奸铲暴 看杀卫玠 鞍不离马
taxma	白色 执业质量 看杀卫玠
taxmq	革奸铲暴 鞍不离马
taxp	找不到 看不到 授业解惑 兵不厌诈 龙蟠虎踞
taxpa	找不到 看不到 授业解惑
taxpq	兵不厌诈 龙蟠虎踞
taxq	扭曲 向壁虚造 迫不可待
taxqa	扭曲 迫不可待
taxqq	向壁虚造
taxt	巧不可阶 挺不错的 势不可挡
taxta	巧不可阶 挺不错的 势不可挡
taxx	撤销 挑灯夜战
taxxa	撤销 挑灯夜战
tda	接下来 近年来
tdaa	以下症状 气吞虹蜺 改柱张弦 拘神遣将 撼树蚍蜉
tdaaa	拘神遣将 撼树蚍蜉 攻无不克
tdaad	以下症状 气吞虹蜺 改柱张弦
tdad	欣慰 岳麓书社 拔树寻根 以一敌百 这样那样
tdada	拔树寻根 功标青史
tdadd	以一敌百 这样那样 以一奉百
tdadq	欣慰 岳麓书社 三年不鸣
tdag	接下来 近年来 手榴弹 这样不就 撼天动地
tdaga	接下来 手榴弹 撼天动地 抛妻弃子 手下留情
tdagd	这样不就
tdagq	近年来 震天动地
tdaj	防患未萌 拟于不伦 险遭不测 扞格不入
tdaja	拟于不伦 扞格不入
tdajq	防患未萌 险遭不测
tdam	技术背景
tdama	技术背景
tdap	震动 抽烟 手机支架 摊开来说
tdapa	抽烟 手机支架 摊开来说
tdapq	震动
tdaq	迫于眉睫 气喘如牛 初窥门径 攻无不取
tdaqa	迫于眉睫 攻无不取
tdaqd	气喘如牛
tdaqq	初窥门径
tdat	技术支撑 技术故障 以一敌三 技术支援 看也不看
tdata	技术支撑 技术故障 技术支援 看也不看
tdatd	以一敌三
tdatq	防患未然
tdax	技术交底 追根问底 追根寻底
tdaxa	技术交底
tdaxq	追根问底 追根寻底
tdd	这一年 气呼呼
tdda	这样一来 描神画鬼 扫榻相迎
tddaa	描神画鬼 扫榻相迎
tddad	这样一来
tddd	阴森森 技术概述 以正视听 异想天开 气喘吁吁
tddda	技术概述
tdddd	以正视听 异想天开 气喘吁吁 以求一逞
tdddq	阴森森
tddg	集中 这一下子 指示标志 补天柱地 这样下去
tddga	集中 指示标志 指天画地
tddgd	这一下子 这样下去 毛森骨立 山野村夫 岁末年关
tddgq	补天柱地 哀天叫地
tddj	随机事件 坠机事件 坠楼事件 扣楫中流 血口喷人
tddja	扣楫中流 探本穷源 击楫中流
tddjq	随机事件 坠机事件 坠楼事件 血口喷人 追本穷源
tddm	这也正是 被逼无奈 迫于无奈 覆亡无日
tddma	迫于无奈
tddmd	这也正是 覆亡无日
tddmq	被逼无奈
tddp	初一一回 技术术语 阶下百诺 翻复无常 血本无归
tddpa	技术术语
tddpd	这样也行 胸中无数
tddpq	初一一回 阶下百诺 翻复无常 血本无归 随口一说
tddq	这一事实 以礼相待 文武百官 卑鄙无耻
tddqa	卑鄙无耻
tddqd	这一事实 以礼相待 文武百官
tddt	这一年 气呼呼 用一只手 迫于形势 险中求胜
tddta	迫于形势
tddtd	这一年 气呼呼 气味相投 岁末年初 疑事无功
tddtq	用一只手 险中求胜 三呼万岁
tddx	追根究底 毛里求斯 扎根串连
tddxa	扎根串连
tddxd	毛里求斯
tddxq	追根究底
tdg	看样子 三年级
tdga	膝盖 三年级 手机登录 摇唇鼓舌 除恶务尽
tdgaa	手机登录 摇唇鼓舌 搬唇递舌 持禄养交
tdgad	膝盖 西窗剪烛
tdgaq	三年级 除恶务尽
tdgd	欣喜 这档子事 陈年旧事 以民为本
tdgdd	这档子事 以民为本
tdgdq	欣喜 陈年旧事
tdgg	震惊 看样子 袖子 抚养 袜子
tdgga	看样子 抚养 扑天盖地
tdggd	这样子 改恶为善
tdggq	震惊 袖子 袜子 三民主义 霸权主义
tdgj	阿平绝倒 初见端倪 悉听尊便
tdgjq	阿平绝倒 初见端倪 悉听尊便
tdgm	揽权纳贿 功一美二 胶柱鼓瑟 以梦为马 陈年旧账
tdgma	揽权纳贿 功一美二 招权纳贿
tdgmd	胶柱鼓瑟 以梦为马
tdgmq	陈年旧账
tdgp	工于心计
tdgpa	工于心计
tdgq	拖着 挖空心思
tdgqa	拖着 挖空心思
tdgt	这样子的 毛骨竦然 雪中送炭 毛骨悚然 雪里送炭
tdgtd	这样子的 毛骨竦然 毛骨悚然 山栖谷隐
tdgtq	雪中送炭 雪里送炭 我武惟扬
tdgx	三更半夜 胸无城府 阴曹地府
tdgxd	胸无城府
tdgxq	三更半夜 阴曹地府
tdj	这一刻 这样做
tdja	这样做 山穷水尽 改口沓舌 延年益寿 追亡逐北
tdjad	这样做 山穷水尽 改口沓舌
tdjaq	延年益寿 追亡逐北
tdjd	集体 损伤 这一件事 的一件事 肝髓流野
tdjda	集体 损伤 的一件事 挂一漏万 择木而栖
tdjdd	这一件事 肝髓流野 肚里泪下 以一警百
tdjdq	向天而唾
tdjg	改恶从善 月下花前 擂天倒地 翻天作地
tdjga	擂天倒地
tdjgd	改恶从善 月下花前
tdjgq	翻天作地
tdjj	衰落 飘落 追根溯源 初一学生 飘樊落溷
tdjja	执柯作伐 卑鄙龌龊 推本溯源 掩口葫芦
tdjjd	飘落 飘樊落溷 胯下蒲伏 气吞湖海
tdjjq	衰落 追根溯源 初一学生 追本溯源
tdjm	披裘带索 以武会友 文武全才 补天浴日 三年化碧
tdjma	披裘带索
tdjmd	以武会友 文武全才
tdjmq	补天浴日 三年化碧
tdjp	陌生 这一刻 白开水 拜神仪式 探口而出
tdjpa	白开水 拜神仪式 探口而出
tdjpd	这一刻 腾空而起 脱口而出
tdjpq	陌生 番窠倒臼
tdjq	操作 异想世界 技术演进
tdjqa	操作 技术演进
tdjqd	异想世界
tdjt	毛骨耸然 以示清白 投机倒把
tdjta	投机倒把
tdjtd	毛骨耸然 以示清白
tdjx	技术依赖 手无寸铁 脸无人色
tdjxa	技术依赖 手无寸铁
tdjxd	脸无人色
tdma	山本耀司 初见成效 手下败将 奥林匹克 拍板成交
tdmaa	手下败将 拍板成交
tdmad	山本耀司
tdmaq	初见成效 奥林匹克 雷嗔电怒
tdmd	雨一直下 要啥有啥 揭示真相 三下两下 奥林匹亚
tdmda	揭示真相
tdmdd	要啥有啥 改柯易叶 以一知万
tdmdq	雨一直下 三下两下 奥林匹亚 龙吟凤哕 龙鸣狮吼
tdmg	以下区域 掀天斡地 我见犹怜 胸无大志 异口同声
tdmga	掀天斡地 插标卖首 搭桥牵线
tdmgd	以下区域 胸无大志 异口同声
tdmgq	我见犹怜 三更时分
tdmj	比下有余 搜根剔齿 我中有你 改柯易节 三平二满
tdmja	搜根剔齿
tdmjd	比下有余 改柯易节
tdmjq	我中有你 三平二满
tdmm	阻碍 阿里巴巴 泉下有知 三年两载 朱干玉戚
tdmma	泉下有知
tdmmq	阻碍 阿里巴巴 三年两载 朱干玉戚
tdmp	手术医师 胸中有数
tdmpa	手术医师
tdmpd	胸中有数
tdmq	扼吭夺食 三天两头 山木自寇
tdmqa	扼吭夺食
tdmqd	山木自寇
tdmqq	三天两头
tdmx	以下几种 山下智久 疏于照顾 以下几点 以下犯上
tdmxa	披枷戴锁 攘权夺利
tdmxd	以下几种 山下智久 以下几点 以下犯上 异口同音
tdmxq	疏于照顾
tdp	这一切 这样说
tdpa	以下因素 这样说来 擦枪走火 附骨之蛆 附骨之疽
tdpaa	擦枪走火
tdpad	以下因素 这样说来
tdpaq	附骨之蛆 附骨之疽
tdpd	失望之极 指示精神 挑唇料嘴 隙穴之窥 胯下之辱
tdpda	指示精神 挑唇料嘴 摽梅之年
tdpdd	胯下之辱
tdpdq	失望之极 隙穴之窥 防民之口
tdpg	阻止 这样说 这一辈子 用武之地 雷鸣瓦釜
tdpga	势穷力竭
tdpgd	这样说 这一辈子 文武之道 改恶行善
tdpgq	阻止 用武之地 雷鸣瓦釜
tdpj	近视加深 拉开帷幕 文武双全 三年之艾
tdpja	拉开帷幕
tdpjd	文武双全
tdpjq	近视加深 三年之艾
tdpm	欣赏 集团 抽出 技术试验 这也许是
tdpma	集团 抽出 技术试验
tdpmd	这也许是 胶柱调瑟
tdpmq	欣赏 疏于管理 翻空出奇
tdpp	这一切 执政党 集中精力 手舞足蹈 持平之论
tdppa	执政党 集中精力 手舞足蹈 持平之论
tdppd	这一切
tdpq	这一切都 裙下之臣 三曹对案
tdpqd	这一切都
tdpqq	裙下之臣 三曹对案
tdpt	以下数据 胸中甲兵 兵无常势 指天发誓 拙嘴笨腮
tdpta	指天发誓 拙嘴笨腮
tdptd	以下数据 胸中甲兵
tdptq	兵无常势
tdpx	向平之原 白天黑夜 以权谋私 向平之愿
tdpxa	白天黑夜
tdpxd	以权谋私
tdpxq	向平之原 向平之愿
tdq	这一次 看一眼
tdqa	损害 的一瞬间
tdqaa	损害 的一瞬间
tdqd	这一次 山中宰相 雪窖冰天
tdqdd	这一次 山中宰相
tdqdq	雪窖冰天
tdqg	看一眼 西天取经
tdqga	看一眼
tdqgd	西天取经
tdqj	用于制作 陈年老酒 择福宜重 气吞牛斗 月下老人
tdqja	择福宜重 拔本塞源
tdqjd	气吞牛斗 月下老人
tdqjq	用于制作 陈年老酒
tdqm	三年五载
tdqmq	三年五载
tdqp	控制 手机资讯 以下资料 恐遭物议 胸中鳞甲
tdqpa	控制 手机资讯 恐遭物议
tdqpd	以下资料 胸中鳞甲 这样都行
tdqq	以下食物 气吞宇宙 胸无宿物
tdqqd	以下食物 气吞宇宙 胸无宿物
tdqt	投机取巧 抱朴守拙
tdqta	投机取巧 抱朴守拙
tdqx	手术室 近视眼镜 隐形眼镜
tdqxa	手术室
tdqxq	近视眼镜 隐形眼镜
tdt	看一看 这一段
tdta	票据 挖掘 疑神疑鬼 扼喉抚背 捻神捻鬼
tdtaa	挖掘 扼喉抚背 捻神捻鬼 扼吭拊背
tdtad	票据 疑神疑鬼 凯迪拉克 这样看来
tdtd	飘飘 这一段 技术援助 近视手术 投桃报李
tdtda	技术援助 投桃报李 挠喉捩嗓 拉枯折朽 推杯换盏
tdtdd	飘飘 这一段 月中折桂 以一持万
tdtdq	近视手术 降格以求
tdtg	损失 阻拦 这一阵子 异形系列 翻天覆地
tdtga	损失 掀天揭地 撼天震地
tdtgd	这一阵子 异形系列 比武招亲 改天换地 改恶向善
tdtgq	阻拦 翻天覆地 甩开膀子 隐恶扬善
tdtj	抚摸 补救措施 阳极氧化 气吞山河 雾里看花
tdtja	抚摸 捏一把汗 折槁振落 投梭折齿
tdtjd	气吞山河
tdtjq	补救措施 阳极氧化 雾里看花 朱唇皓齿
tdtm	震撼 这样的 补助费 挫骨扬灰 指天誓日
tdtma	挫骨扬灰 指天誓日
tdtmd	这样的
tdtmq	震撼 补助费
tdtp	拖延 以下这些 这样的话 腹中兵甲
tdtpa	拖延
tdtpd	以下这些 这样的话 腹中兵甲
tdtq	看一看 三严三实 手机打字 手术指征 以下文字
tdtqa	看一看 手机打字 手术指征 击中要害 扫榻以待
tdtqd	以下文字
tdtqq	三严三实 三天打鱼
tdtt	技术指导 我想要的 乃武乃文 拔树撼山 撇呆打堕
tdtta	技术指导 拔树撼山 撇呆打堕
tdttd	乃武乃文
tdttq	我想要的
tdtx	阻挡 随叫随到 以下文章 三天三夜 技术工种
tdtxa	技术工种 摧枯折腐 披林撷秀 批吭捣虚
tdtxd	以下文章
tdtxq	阻挡 随叫随到 三天三夜 隔年皇历
tdx	这一点
tdxa	报本反始
tdxaa	报本反始
tdxd	这一点 售后 失望至极 拥政爱民 龙吟虎啸
tdxda	售后 拥政爱民
tdxdd	这一点
tdxdq	失望至极 龙吟虎啸 夭桃秾李
tdxg	三妻四妾 皇天后土 白里透红 排患解纷 披榛采兰
tdxga	皇天后土 白里透红 排患解纷 披榛采兰
tdxgq	三妻四妾
tdxj	技术积淀 披裘负薪
tdxja	技术积淀 披裘负薪
tdxm	手机钥匙 以一当十 操赢致奇 郫县豆瓣 用夏变夷
tdxma	手机钥匙 操赢致奇 郫县豆瓣
tdxmd	以一当十 改政移风
tdxmq	用夏变夷
tdxp	胸无点墨 三复斯言
tdxpd	胸无点墨
tdxpq	三复斯言
tdxq	指天射鱼
tdxqa	指天射鱼
tdxt	拙口钝腮 提神醒脑 卑礼厚币
tdxta	拙口钝腮 提神醒脑 卑礼厚币
tdxx	搦朽磨钝 随机应变
tdxxa	搦朽磨钝
tdxxq	随机应变
tga	服务业 恐怖片
tgaa	阴道瘙痒 按堵如故 白首北面 胆裂魂飞
tgaaa	按堵如故 白首北面
tgaad	胆裂魂飞
tgaaq	阴道瘙痒
tgad	脚印 的士司机 失声痛哭 弗吉尼亚 随缘乐助
tgada	的士司机
tgadd	脚印 肥冬瘦年
tgadq	失声痛哭 弗吉尼亚 随缘乐助 际地蟠天
tgag	胆丧魂惊 除旧迎新 抛夫弃子 岂弟君子 陶情适性
tgaga	抛夫弃子
tgagd	胆丧魂惊 岂弟君子
tgagq	除旧迎新 陶情适性
tgaj	隐性遗传 胆丧魂消 抽丝剥茧 要死不活 提纲挈领
tgaja	抽丝剥茧 提纲挈领 抵死不从
tgajd	胆丧魂消 要死不活 脂膏不润
tgajq	隐性遗传 险死还生 陈善闭邪
tgam	这绝不是 以柔克刚 誓死不二
tgama	誓死不二
tgamd	这绝不是 以柔克刚
tgap	恐怖片 弗兰克 月经不调 延绵不断 功高不赏
tgapa	恐怖片 功高不赏 执经问难
tgapd	月经不调
tgapq	弗兰克 延绵不断 衣绣昼行
tgaq	拘留 招商引资 腾声飞实 向声背实
tgaqa	拘留 招商引资
tgaqd	腾声飞实
tgaqq	向声背实
tgat	欣喜不已 这部剧的
tgatd	这部剧的
tgatq	欣喜不已
tgax	工业 服务业 胆子不小 摘句寻章 堕甑不顾
tgaxa	工业 摘句寻章
tgaxd	服务业 胆子不小
tgaxq	堕甑不顾 我心如秤
tgd	服务员 服务器
tgda	西红柿酱 文恬武嬉 白纸一张 恐慌万状 腼颜事敌
tgdaa	白纸一张 恐慌万状
tgdad	西红柿酱 文恬武嬉 腼颜事敌
tgdd	服务器 异性相吸 阶前万里 三分天下 功盖天下
tgdda	功盖天下
tgddd	服务器 异性相吸
tgddq	阶前万里 三分天下
tgdg	扪心无愧 腼颜天壤 腰鼓兄弟 掏心窝子 皓首穷经
tgdga	扪心无愧 掏心窝子 皓首穷经 白首穷经
tgdgd	腼颜天壤 腰鼓兄弟 异地相逢
tgdgq	除旧更新
tgdj	拉开 接收邮件 初级中学 抚绥万方 功高望重
tgdja	拉开 接收邮件 抚绥万方 功高望重 打情骂俏
tgdjd	腰缠万贯 腼颜事仇
tgdjq	初级中学 降心相从
tgdm	挂机 服务员 随声吠影 白首相知 脱缰野马
tgdma	挂机 白首相知
tgdmd	服务员 脱缰野马 腹心相照
tgdmq	随声吠影 三纸无驴
tgdp	拟规画圆 技高一筹 霸道横行 白首空归 打情骂趣
tgdpa	拟规画圆 技高一筹 白首空归 打情骂趣
tgdpq	霸道横行
tgdq	文韬武略
tgdqd	文韬武略
tgdt	失望 气义相投 哀声叹气 提心吊胆 拼死一搏
tgdta	提心吊胆 拼死一搏
tgdtd	气义相投
tgdtq	失望 哀声叹气
tgdx	脚下 接下 西红柿 衷心祝愿 揽辔中原
tgdxa	接下 揽辔中原 捻土焚香 攻城野战 击鼓鸣金
tgdxd	脚下 西红柿
tgdxq	衷心祝愿 降志辱身
tgg	系统性 持续性
tgga	系统 工商总局 胜残去杀
tggaa	工商总局
tggad	胜残去杀
tggaq	系统
tggd	工夫 气竭声嘶 以为憾事 抱恨终天
tggda	工夫 抱恨终天
tggdd	气竭声嘶 以为憾事
tggg	胖子 改善 肚子 鞋子 忌惮
tggga	接收 恐怖组织 恐怖分子 恐怖主义
tgggd	胖子 改善 肚子 忌惮 已经死去
tgggq	鞋子 近乡情怯 革旧维新
tggj	失去 系统性 持续性 招收新生 龙舟竞渡
tggja	持续性 招收新生 功高盖世
tggjd	气竭声澌
tggjq	失去 系统性 龙舟竞渡 用心良苦
tggm	持续 接纳 以规为瑱 按部就班
tggma	持续 接纳 按部就班
tggmd	以规为瑱
tggp	已经 系列 脱贫 扶贫 哀丝豪竹
tggpa	扶贫 抗颜为师
tggpd	已经 脱贫
tggpq	系列 哀丝豪竹
tggq	接着 拉着 陪着 挂着 扶着
tggqa	接着 拉着 挂着 扶着
tggqd	以退为进
tggqq	陪着
tggt	文绉绉的 撕心裂肺 血缘关系 热心快肠 襟怀坦白
tggta	撕心裂肺 热心快肠 批红判白 摧心剖肝
tggtd	文绉绉的
tggtq	血缘关系 襟怀坦白
tggx	已经收到 捻土为香 揽辔登车 攻心为上 三线城市
tggxa	捻土为香 揽辔登车 攻心为上
tggxd	已经收到 气愤填膺
tggxq	三线城市 除残去秽
tgj	服务生
tgja	降低 工艺 工会 抱给他娘 撮盐入火
tgjaa	工艺 工会 抱给他娘 撮盐入火
tgjaq	降低
tgjd	革命 拼命 热心苦口 择主而事 粟红贯朽
tgjda	拼命 热心苦口 择主而事 拔地倚天 操斧伐柯
tgjdd	粟红贯朽
tgjdq	革命
tgjg	陪伴 拉住 拦住 随乡入乡 肝心涂地
tgjga	拉住 拦住 提高警惕 挥毫落纸 皓首苍颜
tgjgd	肝心涂地 以心传心 肝心若裂
tgjgq	陪伴 随乡入乡 震慑人心 革旧从新
tgjj	失落 提纲举领 襟怀洒落 腼颜人世 向死而生
tgjja	提纲举领 热情洋溢 择善而从 揽辔澄清
tgjjd	腼颜人世 山高水低
tgjjq	失落 襟怀洒落 向死而生
tgjm	接收通知 欣喜若狂 山高水远
tgjma	接收通知
tgjmd	山高水远
tgjmq	欣喜若狂
tgjp	工人 扶苏 服务生 追悼仪式 山高水长
tgjpa	工人 扶苏 择善而行 拔地而起 挟细拿粗
tgjpd	服务生 山高水长 异端邪说 崛地而起
tgjpq	追悼仪式
tgjq	工作 扮演 掩卷沉思 巧立名目 操矛入室
tgjqa	工作 扮演 掩卷沉思 巧立名目 操矛入室
tgjt	掠过 接过 已经消失 披心沥血 拔新领异
tgjta	掠过 接过 披心沥血 拔新领异
tgjtd	已经消失
tgjx	陪你 势高益危 搀前落后 阶级斗争 斋心涤虑
tgjxa	势高益危 搀前落后
tgjxd	斋心涤虑
tgjxq	陪你 阶级斗争
tgm	这就是 龙卷风
tgma	已成 龙卷风 近悦远来 扪心自问 抚心自问
tgmaa	扪心自问 抚心自问 操纵自如
tgmad	已成
tgmaq	龙卷风 近悦远来
tgmd	提心在口 褒善贬恶
tgmda	提心在口
tgmdq	褒善贬恶
tgmg	失败 挂在 随心所欲 掷地有声 阳关大道
tgmga	挂在 掷地有声 抱子弄孙
tgmgd	胸怀大志
tgmgq	失败 随心所欲 阳关大道 雷惊电绕 朱槃玉敦
tgmj	毛遂自荐 摘埴索涂 擿埴索涂 工商大学 披红戴花
tgmja	摘埴索涂 擿埴索涂 工商大学 披红戴花
tgmjd	毛遂自荐
tgmjq	襟怀磊落
tgmp	革心易行 指条明路 兵分两路 拈毫弄管 打情卖笑
tgmpa	指条明路 拈毫弄管 打情卖笑
tgmpq	革心易行 兵分两路
tgmq	乃心王室 搔首弄姿 隔墙有耳 以羊易牛
tgmqa	搔首弄姿
tgmqd	乃心王室 以羊易牛
tgmqq	隔墙有耳
tgmt	这就是 已是 已有 持有 三级医院
tgmta	持有 抱恨黄泉
tgmtd	这就是 已是 已有 以为自己 胜券在握
tgmtq	三级医院 三拳两脚 零敲碎打
tgmx	三心两意 三心二意 鞍前马后 三差两错
tgmxq	三心两意 三心二意 鞍前马后 三差两错
tgp	这句话 失去了
tgpa	这句话 势均力敌 热烈欢迎 扫地出门 腹心之疾
tgpaa	势均力敌 热烈欢迎 扫地出门
tgpad	这句话 腹心之疾
tgpd	失误 三分之一 扣壶长吟 霄壤之别
tgpda	扣壶长吟
tgpdq	失误 三分之一 霄壤之别
tgpg	氛围 接着说 欣喜之情 白首之心 势单力孤
tgpga	接着说 白首之心 势单力孤 打退堂鼓 担惊忍怕
tgpgd	氛围 以子之矛
tgpgq	欣喜之情 革旧图新
tgpj	丢了 失去了 脱了 震惊之余 欣喜之余
tgpja	势单力薄 抱瓮出灌 抵死谩生 捧高踩低
tgpjd	脱了 脸红筋涨
tgpjq	丢了 失去了 震惊之余 欣喜之余
tgpm	幽默 这绝对是 脸红筋暴 山高路远 皇亲国戚
tgpma	皇亲国戚 探亲访友 白圭之玷
tgpmd	幽默 这绝对是 脸红筋暴 山高路远 脱缰之马
tgpmq	三分之二
tgpp	脚步 降临 攻坚 腰线设计 覆舟之戒
tgppa	攻坚
tgppd	脚步 腰线设计 覆舟之戒
tgppq	降临
tgpq	失踪 已经证实 隐约记得 白纸黑字 覆盆之冤
tgpqa	白纸黑字
tgpqd	已经证实 覆盆之冤
tgpqq	失踪 隐约记得
tgpt	衣裳 我新出的 接收数据 执子之手 阴道出血
tgpta	接收数据 执子之手
tgptq	衣裳 我新出的 阴道出血 降尊临卑
tgpx	打道回府 扑朔迷离 攻子之盾 擂鼓筛锣 岸谷之变
tgpxa	打道回府 扑朔迷离 攻子之盾 擂鼓筛锣
tgpxd	岸谷之变
tgq	按规定
tgqa	抱残守缺
tgqaa	抱残守缺
tgqd	工资 改造 失眠 失道寡助 打心眼里
tgqda	工资 打心眼里 接着往下
tgqdd	改造
tgqdq	失眠 失道寡助
tgqg	工具 接待 攻城略地 三坟五典 脸红耳赤
tgqga	工具 接待 攻城略地
tgqgd	脸红耳赤
tgqgq	三坟五典 革旧鼎新
tgqj	衣单食薄 脑子进水
tgqjd	脑子进水
tgqjq	衣单食薄
tgqm	幽冥 搞得 我为鱼肉 投亲靠友
tgqma	搞得 投亲靠友
tgqmd	幽冥
tgqmq	我为鱼肉
tgqp	限制 拘役 以义割恩 三纲五常 按辔徐行
tgqpa	拘役 按辔徐行
tgqpd	以义割恩
tgqpq	限制 三纲五常 三分鼎足
tgqq	擦亮眼睛
tgqqa	擦亮眼睛
tgqt	改进 按规定 揆情审势 脸红耳热
tgqta	按规定 揆情审势
tgqtd	改进 脸红耳热
tgqx	打死老虎
tgqxa	打死老虎
tgt	手续费 服务费
tgta	升级补丁 掘地三尺 扣槃扪烛 扣盘扪烛 挖地三尺
tgtaa	掘地三尺 扣槃扪烛 扣盘扪烛 挖地三尺 手心手背
tgtaq	升级补丁
tgtd	衣衫 批郤导窾 扑地掀天 焦心热中 胎死腹中
tgtda	批郤导窾 扑地掀天 焦心热中 抱关击柝 攻心扼吭
tgtdd	胎死腹中 覆地翻天
tgtdq	衣衫 用心险恶
tgtg	改革 幽幽 攻城掠地 功高震主 龙子龙孙
tgtga	攻城掠地 功高震主 操心操心 掠地攻城 捧心西子
tgtgd	改革 幽幽 西子捧心
tgtgq	龙子龙孙 失惊打怪
tgtj	攻势 已经失传 手高手低 拼死拼活 提纲振领
tgtja	攻势 手高手低 拼死拼活 提纲振领
tgtjd	已经失传
tgtm	攻击 撞击 膀胱 拼搏 手续费
tgtma	攻击 撞击 拼搏 手续费 抚养费
tgtmd	膀胱 服务费 这主要是
tgtp	已被 接手 膨胀 陆续推出 要约邀请
tgtpa	接手 擦拳抹掌 扣槃扪籥
tgtpd	已被 膨胀 要约邀请 毛细血管
tgtpq	陆续推出 防心摄行 费心费力
tgtq	雾气 批逆龙鳞 毛遂堕井 摧城拔寨 攻城拔寨
tgtqa	批逆龙鳞 摧城拔寨 攻城拔寨
tgtqd	毛遂堕井
tgtqq	雾气
tgtt	接近 陪我 抠心挖血 掀拳裸袖 抓心挠肺
tgtta	接近 抠心挖血 掀拳裸袖 抓心挠肺 抓心挠肝
tgttq	陪我 阳关三迭
tgtx	衣服 丢掉 阴差阳错 改善肤质 打预防针
tgtxa	打预防针 捧毂推轮 扣盘扪钥 捏怪排科 损公肥私
tgtxd	改善肤质
tgtxq	衣服 丢掉 阴差阳错 随声附和 陈规陋习
tgx	毛主席
tgxa	改变 脱离 工厂 失恋 皆为利来
tgxaa	工厂
tgxad	改变 脱离 皆为利来
tgxaq	失恋 隐约其辞
tgxd	工程 随处可见 三缄其口 气绝身亡
tgxda	工程
tgxdd	气绝身亡
tgxdq	随处可见 三缄其口
tgxg	持久 担惊受怕 革新变旧 皂丝麻线 功遂身退
tgxga	持久 担惊受怕 皂丝麻线 功遂身退
tgxgq	革新变旧
tgxj	毛主席 陵谷变迁
tgxjd	毛主席
tgxjq	陵谷变迁
tgxm	院线上映 揆情度理
tgxma	揆情度理
tgxmq	院线上映
tgxp	接到 招商银行 排忧解难 工商银行 龙盘虎踞
tgxpa	接到 招商银行 排忧解难 工商银行 擦拳磨掌
tgxpq	龙盘虎踞
tgxq	接受 脱贫致富 皆为利往 抛乡离井
tgxqa	接受 抛乡离井
tgxqd	脱贫致富 皆为利往
tgxt	接触 担惊受恐 推心置腹 乏善可陈
tgxta	接触 担惊受恐 推心置腹
tgxtq	乏善可陈
tgxx	握拳透爪
tgxxa	握拳透爪
tja	这方面 顷刻间
tjaa	魄荡魂飞 拨草寻蛇 魄散魂飞 皓齿蛾眉 白齿青眉
tjaaa	魄荡魂飞 拨草寻蛇 魄散魂飞 皓齿蛾眉 白齿青眉
tjad	追问 西洋乐器 西泠印社 鹏游蝶梦 抽油烟机
tjada	抽油烟机
tjadd	西洋乐器 西泠印社 鹏游蝶梦 西台痛哭
tjadq	追问
tjag	以来 抗生素 掞藻飞声 打草蛇惊 掩住面孔
tjaga	抗生素 掞藻飞声 打草蛇惊 掩住面孔
tjagd	以来
tjaj	以及 抛弃 追寻 疑似病例 以牙还牙
tjaja	抛弃 魄散魂消 魄消魂散 执而不化
tjajd	以及 疑似病例 以牙还牙 崇洋媚外 要价还价
tjajq	追寻 阿世媚俗 疏而不漏 哀而不伤 血流如注
tjam	这方面 顷刻间 这倒不是 以儆效尤 以假乱真
tjamd	这方面 顷刻间 这倒不是 以儆效尤 以假乱真
tjamq	袭人故智 三个问题
tjap	追涨杀跌 追逐嬉戏 西邻责言 隐若敌国 血流不止
tjapd	西邻责言
tjapq	追涨杀跌 追逐嬉戏 隐若敌国 血流不止
tjaq	揽名责实 按名责实 看人眉睫 择优录取 控名责实
tjaqa	揽名责实 按名责实 看人眉睫 择优录取 控名责实
tjaqq	三茶六饭
tjat	摇滚乐手 择优录用 魄散魂飘 魄荡魂摇 挥汗如雨
tjata	摇滚乐手 择优录用 魄散魂飘 魄荡魂摇 挥汗如雨
tjatd	肥而不腻 改过不吝 气涌如山
tjatq	用人不疑
tjax	热闹 这涉及到 西沙群岛 兵多将广 用人不当
tjaxa	热闹 拣佛烧香 功薄蝉翼
tjaxd	这涉及到 西沙群岛
tjaxq	兵多将广 用人不当
tjd	这件事 工作中
tjda	抱薪救火 击节叫好 把薪助火 改而更张
tjdaa	抱薪救火 击节叫好 把薪助火
tjdad	改而更张
tjdd	这件事 看清楚 搞清楚 摇旗呐喊 拔葵啖枣
tjdda	看清楚 搞清楚 摇旗呐喊 拔葵啖枣 势倾天下
tjddd	这件事
tjddq	补偏救弊
tjdg	描述 异样 工作中 集散中心 欣生恶死
tjdga	描述 工作中 集散中心 折节下士
tjdgd	异样
tjdgq	欣生恶死
tjdj	追求 需求 追究 文艺复兴 防萌杜渐
tjdja	推波助澜 看人下菜 拖人下水
tjdjd	文艺复兴 以偏概全 以沫相濡 以水救水
tjdjq	追求 需求 追究 防萌杜渐 近水楼台
tjdm	队员 摄像机 山溜穿石 失节事大 雨过天晴
tjdma	摄像机 打人骂狗
tjdmd	山溜穿石 这倒也是
tjdmq	队员 失节事大 雨过天晴
tjdp	执政 拽巷啰街 拔苗助长 揠苗助长 拈花一笑
tjdpa	执政 拽巷啰街 拔苗助长 揠苗助长 拈花一笑
tjdpd	胜人一筹 文人无行
tjdq	失而复得 看菜吃饭 岁暮天寒 飘泊无定
tjdqa	看菜吃饭
tjdqd	岁暮天寒 飘泊无定
tjdqq	失而复得
tjdt	这个礼拜 文治武功 以命相搏
tjdtd	这个礼拜 文治武功 以命相搏
tjdx	以下 近代史上 山水相连 排沙见金 势合形离
tjdxa	排沙见金 势合形离
tjdxd	以下 山水相连 文人相轻 以莛叩钟
tjdxq	近代史上
tjg	文件夹
tjga	热情 阶级 升级 打草惊蛇 指名道姓
tjgaa	热情 打草惊蛇 指名道姓 扣人心弦 揣合逢迎
tjgad	股份公司 毛举细故
tjgaq	阶级 升级
tjgd	毛举缕析 以人为本 扬名立万 随他去吧
tjgda	扬名立万
tjgdd	毛举缕析 以人为本
tjgdq	随他去吧
tjgg	文件夹 集体主义 工作总结 以邻为壑 胜任愉快
tjgga	集体主义 工作总结 拔葵去织
tjggd	文件夹 以邻为壑 胜任愉快 气个半死 毛举细务
tjgj	描绘 用淡盐水 要做就做 飘洋航海 工作条件
tjgja	描绘 工作条件 工作单位
tjgjd	要做就做 飘洋航海 以你为荣
tjgjq	用淡盐水 三人为众
tjgm	追逐竞驶 以药养医 气满志骄 披沙剖璞
tjgma	披沙剖璞
tjgmd	以药养医 气满志骄
tjgmq	追逐竞驶
tjgp	以为 热烈 投入产出
tjgpa	热烈 投入产出
tjgpd	以为
tjgq	执着 摸着 防备 气满志得
tjgqa	执着 摸着
tjgqd	气满志得
tjgqq	防备
tjgt	以前 雨水收集 裙带关系 摄人心魄 抱法处势
tjgta	摄人心魄 抱法处势
tjgtd	以前
tjgtq	雨水收集 裙带关系
tjgx	按劳分配 以人为镜
tjgxa	按劳分配
tjgxd	以人为镜
tjj	这个人 陌生人
tjja	拾人牙慧 推倒重来 扶倾济弱 集体活动 以泪洗面
tjjaa	拾人牙慧 推倒重来 扶倾济弱 集体活动 皈依佛门
tjjad	以泪洗面 比邻而居 飘若浮云
tjjaq	陷入僵局 三个方面
tjjd	措施 擒拿 以便 血淋淋 工作人员
tjjda	措施 擒拿 工作人员 拾人涕唾 拒人千里
tjjdd	以便
tjjdq	血淋淋 隐介藏形 失散多年 血流漂杵 向若而叹
tjjg	执法 龙生九子 工作重心 降低重心 投传而去
tjjga	执法 工作重心 投传而去 捧个人场
tjjgd	文人雅士 改过迁善 气若游丝 改过从善 疑信参半
tjjgq	龙生九子 降低重心
tjjj	防范 坠落 拼多多 白茫茫 随波逐流
tjjja	拼多多 白茫茫 拖泥带水 拈花惹草 扬清激浊
tjjjd	服从命令 飘洋过海 以水济水 飘茵落溷
tjjjq	防范 坠落 随波逐流 血海深仇 随波荡漾
tjjm	改源代码 改俗迁风 这个倒是 工作作风 打落水狗
tjjma	工作作风 打落水狗
tjjmd	改源代码 改俗迁风 这个倒是 月夕花朝
tjjp	这个人 陌生人 随便你了 折而族之 工作能力
tjjpa	折而族之 工作能力
tjjpd	这个人
tjjpq	陌生人 随便你了 陷入重围
tjjq	队伍 导演 毛茸茸 陈涉世家 工作做得
tjjqa	工作做得 探丸借客 撒水拿鱼
tjjqd	导演 毛茸茸
tjjqq	队伍 陈涉世家 弗洛伊德 革命创制 裒多益寡
tjjt	追逐 震荡蓄势 挪作他用 三个多月 以汤沃雪
tjjta	挪作他用 挺方便的 打恭作揖
tjjtd	以汤沃雪 脑体倒挂
tjjtq	追逐 震荡蓄势 三个多月
tjjx	以外 除外 追名逐利 山清水秀 飘萍浪迹
tjjxa	择优汰劣 攻苦茹酸
tjjxd	以外 山清水秀 飘萍浪迹 服低做小
tjjxq	除外 追名逐利 雪泥鸿爪 三个多钟
tjm	工作日 工作量
tjma	抽个时间 工作时间 兵荒马乱 挥洒自如 改名易姓
tjmaa	抽个时间 工作时间 挥洒自如 白草黄云
tjmad	改名易姓
tjmaq	兵荒马乱
tjmd	工作量 抓住时机 三件大事 挑茶斡刺 哀鸿遍野
tjmda	工作量 抓住时机 挑茶斡刺 打牙犯嘴 拈花弄柳
tjmdq	三件大事 哀鸿遍野
tjmg	我没有去 打倒在地 三生有幸 改过自新 工作环境
tjmga	打倒在地 工作环境
tjmgd	改过自新
tjmgq	我没有去 三生有幸 哀鸿遍地
tjmj	防芽遏萌 脏污狼藉 这个时候 血流成河 月落星沉
tjmjd	脏污狼藉 这个时候 月落星沉
tjmjq	防芽遏萌 血流成河
tjmm	月满则亏
tjmmd	月满则亏
tjmp	龙凤 工作日 三生石 防治知识 打个电话
tjmpa	工作日 打个电话
tjmpd	异途同归
tjmpq	龙凤 三生石 防治知识 雷令风行
tjmq	择优确定 丢人现眼 气沉丹田 皓齿明眸 异名同实
tjmqa	择优确定 皓齿明眸
tjmqd	气沉丹田 异名同实
tjmqq	丢人现眼
tjmt	陶渊明 这个医院 瓢泼大雨 山外有山 拈花弄月
tjmta	拈花弄月 挥汗成雨
tjmtd	这个医院 瓢泼大雨 山外有山 疑人勿用 改节易操
tjmtq	陶渊明 用人勿疑
tjmx	工作态度 三个星期 三人成虎 改途易辙 白旄黄钺
tjmxa	工作态度 白旄黄钺
tjmxd	改途易辙
tjmxq	三个星期 三人成虎
tjp	毛泽东 这会儿
tjpa	队长 邀请 振作起来 震荡加剧 三寸之舌
tjpaa	邀请 振作起来 攻过箴阙 拔萃出群 探汤蹈火
tjpad	然荻读书 气贯长虹 顷刻之间
tjpaq	队长 震荡加剧 三寸之舌 三余读书
tjpd	除非 导师 追赶 这会儿 西游记中
tjpda	振作精神 挑牙料唇 看人行事
tjpdd	导师 这会儿 西游记中 改邪归正 飘萍断梗
tjpdq	除非 追赶 陷落计中
tjpg	防止 异议 比方说 乔迁之喜 覆水难收
tjpga	攘人之美 掠人之美 白水鉴心
tjpgd	异议 比方说 覆水难收
tjpgq	防止 乔迁之喜
tjpj	除了 势力 以对 技艺精湛 工作之余
tjpja	势力 技艺精湛 工作之余 白华之怨 扬汤止沸
tjpjd	以对 以汤止沸
tjpjq	除了 用舍行藏 鹅湖之会
tjpm	系外行星 三重简码 隔世之感 隋侯之珠
tjpmq	系外行星 三重简码 隔世之感 隋侯之珠
tjpp	异常 西游记之 工作计划 随便说说 要而言之
tjppa	工作计划
tjppd	异常 西游记之 要而言之
tjppq	随便说说
tjpq	三世因果 文人墨客 捉拿归案
tjpqa	捉拿归案
tjpqd	文人墨客
tjpqq	三世因果
tjpt	抬起 升起 以此 西游记 挺而走险
tjpta	抬起 挺而走险
tjptd	以此 西游记
tjptq	升起 陋巷箪瓢
tjpx	执行 毛泽东 招生简章 巧伪趋利 披沙简金
tjpxa	执行 招生简章 巧伪趋利 披沙简金 排沙简金
tjpxd	毛泽东
tjpxq	币重言甘
tjq	我觉得 哲学家
tjqa	防御 三花聚顶 功名富贵
tjqaa	功名富贵
tjqaq	防御 三花聚顶
tjqd	除邪惩恶 攻苦食啖 盈千累万 失人者亡
tjqda	攻苦食啖
tjqdd	盈千累万
tjqdq	除邪惩恶 失人者亡
tjqg	以往 工作实绩 西方净土 折节待士
tjqga	工作实绩 折节待士
tjqgd	以往 西方净土
tjqj	哲学家 文学家 阿世盗名 攻苦食俭 脏活累活
tjqja	哲学家 攻苦食俭 抚今思昔 攻苦食淡
tjqjd	文学家 脏活累活
tjqjq	阿世盗名
tjqm	我觉得 抬头 工作者 摄像头 霍华德
tjqma	抬头 工作者 摄像头 攘外安内
tjqmd	文从字顺
tjqmq	我觉得 霍华德 我觉得是 三令五申 血液循环
tjqp	以免 西方净国 文过饰非 掩过饰非 拈花微笑
tjqpa	掩过饰非 拈花微笑
tjqpd	以免 西方净国 文过饰非
tjqpq	血溅五步
tjqq	阿世取容 换位思考 血债累累 掩人耳目 初生牛犊
tjqqa	换位思考 掩人耳目 打入冷宫 抱令守律
tjqqq	阿世取容 血债累累 初生牛犊
tjqt	异世界的 择优选择 挺便宜的
tjqta	择优选择 挺便宜的
tjqtd	异世界的
tjqx	工作室 按劳取酬
tjqxa	工作室 按劳取酬
tjt	三个月 我们的
tjta	需要 拈花摘艳 拈华摘艳 工薪阶层 改名换姓
tjtaa	拈花摘艳 拈华摘艳 工薪阶层 把酒持螯
tjtad	改名换姓
tjtaq	需要 血债血还 补过拾遗
tjtd	阶段 防控 嵌入这里 用洗衣机 疏散指示
tjtda	授人以柄 热带雨林 打个招呼 集苑集枯 看没看见
tjtdd	嵌入这里 改梁换柱
tjtdq	阶段 防控 用洗衣机 疏散指示
tjtg	操作系统 工人阶级 报仇雪恨 阴沟翻船 拼命三郎
tjtga	操作系统 工人阶级 报仇雪恨 拼命三郎
tjtgq	阴沟翻船
tjtj	三生三世 飘茵随溷 打滚撒泼 气逾霄汉 毕恭毕敬
tjtja	打滚撒泼 扑通扑通 抚今追昔 打个比方 扬葩振藻
tjtjd	飘茵随溷 气逾霄汉 毕恭毕敬 西方文化 飘茵堕溷
tjtjq	三生三世 近代文学 随你的便 翻江搅海
tjtm	导向 我们的 的依据是 气消胆夺 西方文明
tjtma	的依据是
tjtmd	导向 气消胆夺 西方文明
tjtmq	我们的
tjtp	抬手 操作失误 掊斗折衡 拽巷攞街
tjtpa	抬手 操作失误 掊斗折衡 拽巷攞街
tjtq	抱怨雪耻 以怨报德 授人以鱼 工作报告 热泪盈眶
tjtqa	抱怨雪耻 授人以鱼 工作报告 热泪盈眶
tjtqd	以怨报德
tjtt	附近 挫折 朦胧 用药指导 这个月的
tjtta	挫折 功若丘山 披沥肝膈 工作需要 披沥肝胆
tjttd	朦胧 这个月的 已使用的 嵩生岳降 脑满肠肥
tjttq	附近 用药指导 血泪盈襟 三浴三衅
tjtx	岁月 三个月 看人脸色 看没看到 披沙拣金
tjtxa	看人脸色 看没看到 披沙拣金 抱蔓摘瓜
tjtxd	岁月
tjtxq	三个月
tjx	阿波罗 阿修罗
tjxa	拜倒辕门
tjxaa	拜倒辕门
tjxd	以后 以上 脸上 零花钱 这件小事
tjxda	功名利禄 披荆斩棘 打牙配嘴
tjxdd	以后 以上 脸上 这件小事 西伯利亚
tjxdq	零花钱 震荡市中 革命反正 革邪反正 升斗小民
tjxg	导致 以至 革带移孔 脑袋瓜子
tjxgd	导致 以至 脑袋瓜子
tjxgq	革带移孔
tjxj	阿波罗 阿修罗 拔茅连茹 三寸金莲 三江四海
tjxja	拔茅连茹
tjxjq	阿波罗 阿修罗 三寸金莲 三江四海
tjxm	脸色 换斗移星 三个小时 陂湖禀量
tjxma	换斗移星
tjxmd	脸色
tjxmq	三个小时 陂湖禀量
tjxp	胜利 要注意了 拽巷逻街 升学压力 推而广之
tjxpa	拽巷逻街 推而广之 击节称赏
tjxpd	胜利 要注意了
tjxpq	升学压力
tjxq	热爱 三从四德 扪参历井 三个钟头
tjxqa	热爱 扪参历井
tjxqq	三从四德 三个钟头
tjxt	脸庞 搭配 覆海移山 损人利己
tjxta	搭配 损人利己
tjxtd	脸庞 覆海移山
tjxx	挣多少钱 工作秩序 毕苏斯基 以酒解酲 白俄罗斯
tjxxa	挣多少钱 工作秩序 白俄罗斯
tjxxd	毕苏斯基 以酒解酲
tma	霎时间
tmaa	提交 胜友如云 近在咫尺 阳光灿烂 兵马未动
tmaaa	提交 功成不居
tmaad	胜友如云 文风不动
tmaaq	近在咫尺 阳光灿烂 兵马未动
tmad	击杀 疑问 隔壁 毛病 提问
tmada	击杀 提问 捅马蜂窝
tmadd	疑问 毛病 凸凹不平
tmadq	隔壁 褒贬不一
tmag	己所不欲 摆在面前 抱布贸丝
tmaga	摆在面前 抱布贸丝
tmagd	己所不欲
tmaj	拓展 岩浆 搜索引擎 月光如水 血肉丰满
tmaja	拓展 搜索引擎
tmajd	岩浆 月光如水 文理不通 胆大如斗
tmajq	血肉丰满
tmam	霎时间 三十好几 抛砖引玉 三班六房 腾达飞黄
tmama	抛砖引玉
tmamd	腾达飞黄
tmamq	霎时间 三十好几 三班六房
tmap	三十六行 雷电交加 三十六计 雷奔云谲 的确如此
tmapa	的确如此 投石问路 按理来说
tmapq	三十六行 雷电交加 三十六计 雷奔云谲 三十六策
tmaq	阴晴不定 迫在眉睫 近在眉睫
tmaqa	迫在眉睫
tmaqq	阴晴不定 近在眉睫
tmat	三十来岁 霞友云朋 零星片段
tmatq	三十来岁 霞友云朋 零星片段
tmax	随珠弹雀 以珠弹雀 隋珠弹雀
tmaxd	以珠弹雀
tmaxq	随珠弹雀 隋珠弹雀
tmd	这几天 这几年
tmda	近几年来 白日见鬼 近两年来 霸王别姬 打成一片
tmdaa	白日见鬼 打成一片
tmdaq	近几年来 近两年来 霸王别姬 血肉横飞 三户亡秦
tmdd	白日梦 这有助于 这是哪里 哀感中年 功成骨枯
tmdda	白日梦 功成骨枯 鹪鹩一枝 抢购一空
tmddd	这有助于 这是哪里
tmddq	哀感中年 霞光万丈 龙凤呈祥
tmdg	胆大妄为 霞光万道 阿布哈兹 白驹空谷 击碎唾壶
tmdga	白驹空谷 击碎唾壶
tmdgd	胆大妄为
tmdgq	霞光万道 阿布哈兹 哀感天地
tmdj	胸口 拥有一件 这是一件 抃风舞润 附骥攀鸿
tmdja	拥有一件 抃风舞润
tmdjd	胸口 这是一件 文明社会
tmdjq	附骥攀鸿 近日无仇 随才器使
tmdm	这几天 文明礼貌 白玉无瑕 悉索敝赋 用在一时
tmdma	白玉无瑕
tmdmd	这几天 文明礼貌
tmdmq	悉索敝赋 用在一时
tmdp	提示 撞在一起 功亏一篑 血肉模糊 抱成一团
tmdpa	提示 撞在一起 功亏一篑 抱成一团
tmdpq	血肉模糊
tmdq	这是事实
tmdqd	这是事实
tmdt	这几年 近几年 三十年 三十一岁 胸大无脑
tmdta	巧夺天工 搜索枯肠
tmdtd	这几年 胸大无脑
tmdtq	近几年 三十年 三十一岁 粤犬吠雪
tmdx	然也 挂在树上 氧自由基 胆大于身 把玩无厌
tmdxa	挂在树上 把玩无厌
tmdxd	然也 氧自由基 胆大于身
tmdxq	血肉相连 三房一厅
tmg	已成为
tmga	抱歉 掩盖 拱肩缩背
tmgaa	抱歉 掩盖 拱肩缩背
tmgd	我所欲也 泉石膏肓
tmgda	泉石膏肓
tmgdq	我所欲也
tmgg	提高 脖子 胆子 皇子 隙大墙坏
tmgga	提高 皇子 挨风缉缝 捱风缉缝 摧刚为柔
tmggd	脖子 胆子 胆大心细
tmggq	隙大墙坏 霸王条款
tmgj	气骄志满 阮囊羞涩 掀风鼓浪
tmgja	掀风鼓浪
tmgjd	气骄志满
tmgjq	阮囊羞涩
tmgm	恐怖 担忧 阳光普照 阿鼻地狱 西风残照
tmgma	恐怖 担忧 握瑜怀瑾
tmgmd	西风残照 胆大心雄
tmgmq	阳光普照 阿鼻地狱
tmgp	护士 已成为 比肩并起 革凡登圣 势在必行
tmgpa	护士 势在必行 挨肩并足
tmgpd	已成为 比肩并起 比肩继踵 胆大心粗
tmgpq	革凡登圣
tmgq	随着 抱着 恐惧 皇帝 隔着
tmgqa	抱着 恐惧 皇帝 提着 势在必得
tmgqd	胆破心寒
tmgqq	随着 隔着 向着
tmgt	恐怕 向前 提前 胸前 手牵着手
tmgta	恐怕 提前 手牵着手 扭亏为盈 挺奇怪的
tmgtd	胸前
tmgtq	向前
tmgx	担心 拒绝 随即 抵达终点 三十分钟
tmgxa	担心 拒绝 抵达终点 挠直为曲 看破红尘
tmgxd	胆大心小
tmgxq	随即 三十分钟 系马埋轮
tmj	这时候 朋友们
tmja	朋友们 拍卖会 扑鼻而来 势同水火 胁肩低眉
tmjaa	拍卖会 扑鼻而来 势同水火
tmjad	朋友们 胁肩低眉 山南海北
tmjaq	追奔逐北
tmjd	然而 随便 掩体 担保 阳台
tmjda	掩体 担保 白日做梦 拍马溜须 操奇逐赢
tmjdd	然而 西风落叶 山珍海味 胆大泼天
tmjdq	随便 阳台 三十余万 鞍马劳神 三十多年
tmjg	这时候 岗位 抱住 的时候 向日葵
tmjga	抱住 的时候 抚景伤情 看风使船 功成名就
tmjgd	这时候 岗位 比肩而立
tmjgq	向日葵 随风而去 三十而立 疏财仗义 向风慕义
tmjj	提供 折戟沉沙 鞍马劳倦 山川河流 擦肩而过
tmjja	提供 折戟沉沙 擦肩而过 掩鼻而过 招风惹草
tmjjd	山川河流
tmjjq	鞍马劳倦
tmjm	限时优惠 以夷伐夷 悉索薄赋 功败垂成
tmjma	功败垂成
tmjmd	以夷伐夷
tmjmq	限时优惠 悉索薄赋
tmjp	接班人 捐赠仪式 鞍马劳困 看风使帆
tmjpa	接班人 捐赠仪式 看风使帆
tmjpq	鞍马劳困
tmjq	摇曳生姿 飘风过耳 三旬九食
tmjqa	摇曳生姿
tmjqd	飘风过耳
tmjqq	三旬九食
tmjt	担任 这有什么 白驹过隙 山盟海誓 翻黄倒皁
tmjta	担任 白驹过隙 披星带月 捉班做势
tmjtd	这有什么 山盟海誓 飘风苦雨
tmjtq	翻黄倒皁 翻黄倒皂 随风而逝
tmjx	抱怨 把你 西班牙 三十多度 三十多种
tmjxa	抱怨 把你 手有余香 抓大放小 扭直作曲
tmjxd	西班牙 已是深夜 山光水色 山明水秀 气大伤身
tmjxq	三十多度 三十多种 附骥名彰
tmm	朱元璋 奥巴马
tmma	随风 摄影大展 阳光明媚 三昧真火 哀感顽艳
tmmaa	摄影大展
tmmaq	随风 阳光明媚 三昧真火 哀感顽艳
tmmd	护理 三马同槽 三星在天 胆大包天 阵马风樯
tmmda	护理
tmmdd	胆大包天
tmmdq	三马同槽 三星在天 阵马风樯
tmmg	阳光 攻瑕索垢 白马王子 折矩周规 看风驶船
tmmga	攻瑕索垢 白马王子 折矩周规 看风驶船
tmmgq	阳光
tmmj	随时 肌肉 朱元璋传 革风易俗 肺石风清
tmmjd	肌肉 肺石风清
tmmjq	随时 朱元璋传 革风易俗
tmmm	贡献 奥巴马 看电影时 霞明玉映 气息奄奄
tmmma	贡献 看电影时
tmmmd	气息奄奄 以暴易暴 岂有是理 西赆南琛
tmmmq	奥巴马 霞明玉映 三星在户
tmmp	岩石 革凡成圣 搬弄是非 胸有成竹 改是成非
tmmpa	搬弄是非
tmmpd	岩石 胸有成竹 改是成非
tmmpq	革凡成圣
tmmq	集大成者 三朝元老
tmmqa	集大成者
tmmqq	三朝元老
tmmt	乃是 三十几岁 霸王风月 飘风暴雨 搬石砸脚
tmmta	搬石砸脚 披星戴月
tmmtd	乃是 飘风暴雨 飘风骤雨
tmmtq	三十几岁 霸王风月
tmmx	的确 朱元璋 操翰成章 月明星稀 龙驹凤雏
tmmxa	的确 操翰成章 打破砂锅 势成骑虎
tmmxd	月明星稀
tmmxq	朱元璋 龙驹凤雏 三房两厅
tmp	打电话 朋友圈
tmpa	打电话 巩固 挨肩叠背
tmpaa	打电话 巩固 挨肩叠背
tmpd	疑惑 摄影师 这是些啥 覆巢之下 龙马精神
tmpda	摄影师 操奇计赢
tmpdd	疑惑 这是些啥 覆巢之下
tmpdq	龙马精神
tmpg	朋友圈 随之 提议 按理说 皆大欢喜
tmpga	提议 按理说 打破常规 打破迷关
tmpgd	朋友圈 皆大欢喜
tmpgq	随之
tmpj	毛巾 打电话催 摄影师们 挥翰临池 势大力沉
tmpja	打电话催 摄影师们 挥翰临池 势大力沉 功成行满
tmpjd	毛巾 西风东渐
tmpjq	鞍马之劳 阿时趋俗
tmpm	提出 掏出 手电筒 岂有此理 肌肉发达
tmpma	提出 掏出 手电筒
tmpmd	岂有此理 肌肉发达
tmpp	陶犬瓦鸡 胁肩谄笑
tmppd	胁肩谄笑
tmppq	陶犬瓦鸡
tmpq	血光之灾 三十出头
tmpqq	血光之灾 三十出头
tmpt	提起 已知数据 以大数据 摄影图集 阳刚之气
tmpta	提起 摄影图集 抵瑕蹈隙
tmptd	已知数据 以大数据
tmptq	阳刚之气 追风赶月
tmpx	据理力争 血肉之躯
tmpxa	据理力争
tmpxq	血肉之躯
tmq	失败者
tmqd	掩饰 这是写啥 挂专家号 看在眼里
tmqda	掩饰 挂专家号 看在眼里
tmqdd	这是写啥
tmqg	向往 近在眼前 比肩齐声 除暴安良
tmqgd	比肩齐声
tmqgq	向往 近在眼前 除暴安良
tmqj	以貌取人 巧同造化
tmqja	巧同造化
tmqjd	以貌取人
tmqm	把头 失败者 阳十字星 以暴制暴 要风得风
tmqma	把头 探骊得珠
tmqmd	以暴制暴 要风得风
tmqmq	失败者 阳十字星 三智五猜
tmqp	提取 三狮军团 抑郁寡欢 胸有鳞甲 胁肩累足
tmqpa	提取 抑郁寡欢
tmqpd	胸有鳞甲 胁肩累足 腹有鳞甲 以狸饵鼠
tmqpq	三狮军团
tmqq	招财进宝 探囊取物 随时制宜 拔十得五
tmqqa	招财进宝 探囊取物 拔十得五
tmqqq	随时制宜
tmqt	把它 三十五岁 打凤牢龙
tmqta	把它 打凤牢龙
tmqtq	三十五岁
tmqx	腹载五车
tmqxd	腹载五车
tmt	撕破脸
tmta	把握 挨肩迭背 以碫投卵 挨肩搭背 挖肉补疮
tmtaa	把握 挨肩迭背 挨肩搭背 挖肉补疮 招风揽火
tmtad	以碫投卵 脸黄肌瘦 改朝换姓
tmtd	攥在手里 阿布扎哈 捧在手里 三十三天 执两用中
tmtda	攥在手里 捧在手里 执两用中 白日升天
tmtdq	阿布扎哈 三十三天
tmtg	肌肤 巅峰 随时随地 捧在手心 白日衣绣
tmtga	捧在手心 白日衣绣 打狗看主
tmtgd	肌肤 巅峰
tmtgq	随时随地 阳煦山立
tmtj	提升 撕破脸 摄影摄像 陨石坠落 防暑降温
tmtja	提升 撕破脸 摄影摄像
tmtjd	改朝换代 以直报怨 以理服人 以石投水
tmtjq	陨石坠落 防暑降温
tmtm	随风摇曳 掂量掂量 捕风捉影 系风捕景 擒贼擒王
tmtma	掂量掂量 捕风捉影 擒贼擒王 抉瑕掩瑜 捉贼捉赃
tmtmq	随风摇曳 系风捕景 阿猫阿狗 阿狗阿猫 系风捕影
tmtp	把手 胸膛 随手 比肩接踵 探囊胠箧
tmtpa	把手 探囊胠箧 扫黄打非 撕破脸皮
tmtpd	胸膛 比肩接踵 改玉改步 改玉改行
tmtpq	随手 费时费力
tmtq	拔十失五
tmtqa	拔十失五
tmtt	把我 把自己的 攻瑕指失 挨肩擦膀 挨肩擦脸
tmtta	把我 把自己的 攻瑕指失 挨肩擦膀 挨肩擦脸
tmttd	腥风血雨
tmttq	阴风阵阵 阿布扎比 随风飘扬 露才扬己
tmtx	费用 抓早抓小 拽布披麻 皆成文章 拽布拖麻
tmtxa	抓早抓小 拽布披麻 拽布拖麻 扶颠持危
tmtxd	皆成文章
tmtxq	费用 鹅王择乳
tmx	乔布斯 托马斯
tmxa	击键 担当
tmxaa	击键 担当
tmxd	然后 随后 皇上 皇后 向上
tmxda	皇上 皇后 指日可下
tmxdd	然后 山川秀丽 肥马轻裘
tmxdq	随后 向上 向后 龙骧虎视
tmxg	随意 乃至 乔布斯 托马斯 揆理度情
tmxga	托马斯 揆理度情 功成身退
tmxgd	乃至
tmxgq	随意 乔布斯 随风转舵
tmxm	提醒 摆明车马
tmxma	提醒 摆明车马
tmxp	提到 兵在其颈 龙骧虎步
tmxpa	提到
tmxpq	兵在其颈 龙骧虎步
tmxq	打马虎眼 挺有意思 指日可待 文房四宝 零存整取
tmxqa	打马虎眼 挺有意思 指日可待
tmxqd	文房四宝
tmxqq	零存整取
tmxt	揆理度势 挡风遮雨 接二连三 揆时度势 隐晦曲折
tmxta	揆理度势 挡风遮雨 接二连三 揆时度势
tmxtd	飘风急雨
tmxtq	隐晦曲折
tmxx	击右上角 以大欺小
tmxxa	击右上角
tmxxd	以大欺小
tpa	看起来 白皮书
tpaa	白皮书 阻止病毒 失之交臂 三对六面 要言不烦
tpaaa	白皮书
tpaad	要言不烦 刖趾适屦
tpaaq	阻止病毒 失之交臂 三对六面 阿谀奉承
tpad	手臂 三观不正
tpada	手臂
tpadq	三观不正
tpag	手疼 看起来 提出来 西双版纳 要言妙道
tpaga	手疼 看起来 提出来 挥之不去 执迷不悟
tpagd	西双版纳 要言妙道 匕鬯不惊
tpagq	用之不竭 裹足不前 哀毁瘠立
tpaj	招架不住 擦出火花 拒之门外 月黑杀人 三街六巷
tpaja	招架不住 擦出火花 拒之门外
tpajd	月黑杀人
tpajq	三街六巷
tpam	扬长避短 毛发不爽
tpama	扬长避短
tpamd	毛发不爽
tpap	被动 阻止不了 这算不算 打起来了 膝语蛇行
tpapa	打起来了 攻坚克难 巧言如簧 抛戈弃甲
tpapd	这算不算 膝语蛇行 崇论闳议
tpapq	被动 阻止不了 三观尽毁 隐忍不言 雾鬓云鬟
tpaq	山顶 焦躁不安
tpaqa	焦躁不安
tpaqd	山顶
tpat	手表 补肾壮阳 以紫乱朱 巧笑嫣然 白发青衫
tpata	手表 巧笑嫣然 白发青衫
tpatd	以紫乱朱
tpatq	补肾壮阳
tpd	这些年 这些事
tpda	这些年来
tpdad	这些年来
tpdd	这些事 招标 这回事 用路由器 拔刀相助
tpdda	招标 拔刀相助 揍了一顿 打了一顿 指桑骂槐
tpddd	这些事 这回事 以管窥天
tpddq	用路由器 用之于民 兵戎相见
tpdg	手中 手术 陈述 初中 山中
tpdga	手中 手术 排行榜 手足相残
tpdgd	山中
tpdgq	陈述 初中 三叉神经 陌路相逢 哀毁骨立
tpdj	手里 山里 这些事件 打架事件 失踪事件
tpdja	手里 打架事件 打街骂巷
tpdjd	山里 这些事件
tpdjq	失踪事件
tpdm	手机 三天 悉帅敝赋 疑行无成 指鸡骂狗
tpdma	手机 指鸡骂狗 打鸡骂狗
tpdmd	疑行无成
tpdmq	三天 悉帅敝赋
tpdp	股权 三国史记 打了一架 被甲枕戈 白跑一趟
tpdpa	打了一架 白跑一趟
tpdpd	股权
tpdpq	三国史记 被甲枕戈
tpdq	异常机制 看了一眼 以诚相待 提笔忘字
tpdqa	看了一眼 提笔忘字
tpdqd	异常机制 以诚相待
tpdt	三年 招呼 三百 这些年 翻了一番
tpdta	招呼 手足无措 指东画西
tpdtd	这些年 气谊相投
tpdtq	三年 三百 翻了一番
tpdx	手下 山下 山鸡舞镜 龚行天罚
tpdxa	手下
tpdxd	山下 山鸡舞镜
tpdxq	龚行天罚
tpg	血常规 脚步声
tpga	脚步声 集团公司 山东快书 阿谀逢迎 摇笔即来
tpgaa	集团公司 摇笔即来
tpgad	脚步声 山东快书
tpgaq	阿谀逢迎
tpgd	血常规 功夫 兵临城下 看了半天 搞了半天
tpgda	功夫 看了半天 搞了半天
tpgdd	气忍声吞 气断声吞
tpgdq	血常规 兵临城下
tpgg	被子 山谷 改行为善 挥之即去 招贤纳士
tpgga	挥之即去 招贤纳士 白发红颜
tpggd	山谷 改行为善
tpggq	被子 陈力就列 陈言务去 袍笏登场
tpgj	以此为荣 失了分寸 打鸭惊鸳
tpgja	打鸭惊鸳
tpgjd	以此为荣
tpgjq	失了分寸
tpgm	手续 延续 三道 按步就班 零七八碎
tpgma	手续 按步就班 白黑分明
tpgmq	延续 三道 零七八碎
tpgp	三分 追加预算 腹诽心谤
tpgpd	腹诽心谤
tpgpq	三分 追加预算
tpgq	撑着 以此为准 被发缨冠 披发缨冠 操刀必割
tpgqa	撑着 披发缨冠 操刀必割
tpgqd	以此为准
tpgqq	被发缨冠
tpgt	毛发丝粟 毛发悚然
tpgtd	毛发丝粟 毛发悚然
tpgx	初心 手心 执行主席 指甲颜色 随行就市
tpgxa	手心 执行主席 指甲颜色
tpgxq	初心 随行就市 失之毫厘
tpj	阿米洛 股东会
tpja	股东会 巧言偏辞 释迦牟尼 疑难杂症 接踵而来
tpjaa	巧言偏辞 接踵而来 拖儿带女 携儿带女
tpjad	股东会 疑难杂症 脑力劳动 疑难重症
tpjaq	释迦牟尼 鞭长莫及 随之而来
tpjd	排名 失之千里 欣赏水平 翻箱倒柜 扑了个空
tpjda	排名 扑了个空 白发千丈
tpjdd	比类从事
tpjdq	失之千里 欣赏水平 翻箱倒柜 三跪九叩
tpjg	三个 释放 找个 投注 三倍
tpjga	找个 投注 扬长而去 白发苍颜
tpjgd	股份 导师介绍 异国他乡 改行从善 改行迁善
tpjgq	三个 释放 三倍 三国演义 衅起萧墙
tpjj	肤皮潦草 操之过激 白发苍苍 皇恩浩荡 用行舍藏
tpjja	操之过激 白发苍苍 皇恩浩荡 手足重茧
tpjjd	肤皮潦草 膝行蒲伏
tpjjq	用行舍藏 初发芙蓉
tpjm	山洞 延伸 招惹 山长水远 操之过蹙
tpjma	招惹 操之过蹙 打架斗殴
tpjmd	山洞 山长水远
tpjmq	延伸 用力过猛
tpjp	被人 三人 山水 找人 阿米洛
tpjpa	找人 揭竿而起 投笔从戎 捉刀代笔 操之过切
tpjpd	山水 以讹传讹 服了你了 毛发倒竖
tpjpq	被人 三人 阿米洛 陈词滥调 失之偏颇
tpjq	三千 操戈入室 升堂入室 三堂会审 抵足而眠
tpjqa	操戈入室 抵足而眠
tpjqq	三千 升堂入室 三堂会审
tpjt	功能 投入 翻滚 打了个折 随行逐队
tpjta	功能 投入 打了个折 按甲休兵 披发入山
tpjtd	疑团满腹 疑团莫释 毛发耸然
tpjtq	翻滚 随行逐队
tpjx	巧言令色 操之过急 操刀伤锦 接踵而至 初出茅庐
tpjxa	巧言令色 操之过急 操刀伤锦 接踵而至 捡了芝麻
tpjxq	初出茅庐 随踵而至
tpm	毕加索
tpma	手电 打发时间 指路明灯 持之有故
tpmaa	手电 打发时间 指路明灯 持之有故
tpmd	三大 以简驭繁 龙跃凤鸣 巧发奇中
tpmda	巧发奇中
tpmdd	以简驭繁
tpmdq	三大 龙跃凤鸣
tpmg	这些日子 扬帆远航 异国风情 改行自新
tpmga	扬帆远航
tpmgd	这些日子 异国风情 改行自新
tpmj	膝行匍伏 然糠照薪 用非所学 三瓦两舍 岁计有余
tpmja	探竿影草
tpmjd	膝行匍伏 然糠照薪 岁计有余
tpmjq	用非所学 三瓦两舍
tpmm	这简直是 然糠自照 插圈弄套 三长两短 按图索骥
tpmma	插圈弄套 按图索骥 按图索骏
tpmmd	这简直是 然糠自照
tpmmq	三长两短
tpmp	三十 三言两语 幽默风趣 抚掌大笑 雾鬓风鬟
tpmpa	抚掌大笑 拔帜易帜
tpmpd	幽默风趣
tpmpq	三十 三言两语 雾鬓风鬟
tpmq	搜索 毕加索 操戈同室
tpmqa	搜索 操戈同室
tpmqd	毕加索
tpmt	三甲医院 被发左衽 披发左衽 按行自抑
tpmta	披发左衽 按行自抑
tpmtq	三甲医院 被发左衽
tpmx	三驾马车 革图易虑 搀行夺市
tpmxa	搀行夺市
tpmxq	三驾马车 革图易虑
tpp	这些话 执行力
tppa	延长 这些话 异常紧张 股掌之间 西颦东效
tppaa	拔类超群
tppad	这些话 异常紧张 股掌之间 西颦东效
tppaq	延长 阿谀谄媚
tppd	三观 用计算机 股掌之中 拈断髭须 打起精神
tppda	拈断髭须 打起精神
tppdd	股掌之中
tppdq	三观 用计算机
tppg	换言之 手足之情 兵行诡道 文行出处
tppga	换言之 手足之情
tppgd	文行出处
tppgq	兵行诡道
tppj	执行力 手起刀落 卑谄足恭 隔皮断货 探观止矣
tppja	执行力 手起刀落 卑谄足恭 探观止矣 抽刀断水
tppjq	隔皮断货 除此之外 衣裳之会
tppm	露出 找出 比试切磋
tppma	找出
tppmd	比试切磋
tppmq	露出
tppp	翻译 初步 山路 随园诗话 阴谋诡计
tpppa	擢发难数
tpppd	山路
tpppq	翻译 初步 随园诗话 阴谋诡计 兵精粮足
tppq	看图识字
tppqa	看图识字
tppt	手掌 投诉 异常数据 失之东隅 以此类推
tppta	手掌 投诉 损之又损 打了鸡血
tpptd	异常数据 以此类推 毛发之功
tpptq	失之东隅
tppx	股东 山东 月圆之夜 股掌之上 峰回路转
tppxa	击筑悲歌
tppxd	股东 山东 月圆之夜 股掌之上 峰回路转
tpq	阴谋家
tpqa	被害 批评教育
tpqaa	批评教育
tpqaq	被害
tpqd	被告 投资 三管齐下 延颈鹤望
tpqda	投资
tpqdq	被告 三管齐下 延颈鹤望
tpqg	三足鼎立 捷足先登 脚踏实地 三国鼎立
tpqga	捷足先登
tpqgd	脚踏实地
tpqgq	三足鼎立 三国鼎立
tpqj	阴谋家 三精制药 拼了老命
tpqja	拼了老命
tpqjq	阴谋家 三精制药
tpqm	找对象时 抱团取暖 抱诚守真 衣架饭囊
tpqma	找对象时 抱团取暖 抱诚守真
tpqmq	衣架饭囊
tpqp	挑选 近墨者黑 拒谏饰非
tpqpa	挑选 拒谏饰非
tpqpq	近墨者黑
tpqq	播糠眯目 以词定字 捷足先得 阿谀取容
tpqqa	播糠眯目 捷足先得
tpqqd	以词定字
tpqqq	阿谀取容
tpqt	三五 按甲寝兵
tpqta	按甲寝兵
tpqtq	三五
tpqx	操刀制锦
tpqxa	操刀制锦
tpt	拍了拍 看了看
tpta	被打 挑衅 气数已尽 我行我素 挑了挑眉
tptaa	挑衅 挑了挑眉 工力悉敌 扬幡招魂
tptad	气数已尽 胆粗气壮
tptaq	被打 我行我素
tptd	手段 股票 批评指正 报之以李 投鼠忌器
tptda	手段 批评指正 报之以李 投鼠忌器 投之以桃
tptdd	股票
tptg	山峰 手脚 山脉 手持 投降
tptga	手脚 手持 投降 擗踊拊心 持之以恒
tptgd	山峰 山脉
tptgq	靴刀誓死
tptj	排除 手势 授之以渔 飘籓坠溷 岐出岐入
tptja	排除 手势 授之以渔
tptjd	飘籓坠溷 岐出岐入 以力服人 比起这个
tptjq	失之我命 升堂拜母 陈师鞠旅
tptm	释然 胳膊 投向 我说的是 排糠障风
tptma	投向 排糠障风 折长补短 持衡拥璇 接踵比肩
tptmd	胳膊 朋党比周 改步改玉
tptmq	释然 我说的是 阿党比周
tptp	膝行肘步 持筹握算
tptpa	持筹握算
tptpd	膝行肘步
tptq	排挤 手腕 看了看 授之以鱼 折足覆餗
tptqa	排挤 手腕 看了看 授之以鱼 折足覆餗
tptt	手指 拍了拍 被迫 拣精择肥 摧坚陷阵
tptta	手指 拍了拍 拣精择肥 摧坚陷阵 拄笏看山
tpttq	被迫 被甲执兵 被甲据鞍 被甲持兵
tptx	三月 丢了西瓜 抛之脑后 被坚执锐 披坚执锐
tptxa	抛之脑后 披坚执锐 打诨插科 披发文身
tptxq	三月 丢了西瓜 被坚执锐 被发文身
tpx	山东省
tpxa	以观后效
tpxad	以观后效
tpxd	挑战 手上 山上 三种 撒迦利亚
tpxda	挑战 手上 撒迦利亚
tpxdd	山上
tpxdq	三种
tpxg	初期 排难解纷 飘瓦虚舟 擦掌磨拳
tpxga	排难解纷 擦掌磨拳
tpxgd	飘瓦虚舟
tpxgq	初期
tpxj	拟非其伦
tpxja	拟非其伦
tpxm	龙精虎猛 挥戈反日
tpxma	挥戈反日
tpxmq	龙精虎猛
tpxp	找到 盈利 翻身 三四 龙行虎步
tpxpa	找到
tpxpd	盈利
tpxpq	翻身 三四 龙行虎步
tpxq	拜恩私室 龙跳虎卧 豚蹄穰田
tpxqa	拜恩私室
tpxqd	豚蹄穰田
tpxqq	龙跳虎卧
tpxt	山东省 掎裳连袂 拖了后腿 霓裳羽衣 投诸四裔
tpxta	掎裳连袂 拖了后腿 投诸四裔
tpxtd	山东省
tpxtq	霓裳羽衣 三请四邀
tpxx	热力四射
tpxxa	热力四射
tqaa	文书 看书 抑制炎症 三头六臂
tqaaa	看书 抑制炎症
tqaad	文书
tqaaq	三头六臂
tqad	控制面板 抱头痛哭 抱头乱串 霞思云想
tqada	控制面板 抱头痛哭 抱头乱串
tqadq	霞思云想
tqag	看来 白头如新 摸头不着
tqaga	看来 白头如新 摸头不着
tqaj	掩饰不住 抑制不住 控制不住 哀思如潮
tqaja	掩饰不住 抑制不住 控制不住
tqajq	哀思如潮
tqam	指定交易 招待不周 西安交大 衣食不周 三五好友
tqama	指定交易 招待不周
tqamd	西安交大
tqamq	衣食不周 三五好友
tqaq	挽留 以眼还眼 焦头烂额 兵微将寡
tqaqa	挽留 焦头烂额
tqaqd	以眼还眼
tqaqq	兵微将寡
tqat	看那 掘井及泉 打得火热 三宫六院
tqata	看那 掘井及泉 打得火热
tqatq	三宫六院
tqax	白饭青刍 逝者如斯
tqaxa	白饭青刍 逝者如斯
tqd	看得见
tqda	气味 以赛亚书 气定神闲
tqdad	气味 以赛亚书 气定神闲
tqdd	霞思天想 衣冠楚楚 看家本事
tqdda	看家本事
tqddq	霞思天想 衣冠楚楚
tqdg	拍案叫绝 挂冠求去
tqdga	拍案叫绝 挂冠求去
tqdj	看见 院里 看得见 被盗事件 三宅一生
tqdja	看见 看得见 看家本领 折冲樽俎
tqdjd	气象万千
tqdjq	院里 被盗事件 三宅一生 防微杜渐
tqdm	功德无量 投井下石
tqdma	功德无量 投井下石
tqdp	指定邮箱 掘室求鼠 异军突起 抢先一步
tqdpa	指定邮箱 掘室求鼠 抢先一步
tqdpd	异军突起
tqdq	投资机遇 括目相待 把饭叫饥 白头相守
tqdqa	投资机遇 括目相待 把饭叫饥 白头相守
tqdt	防微杜衅 白眼相看
tqdta	白眼相看
tqdtq	防微杜衅
tqdx	看下 描写画角 描头画角
tqdxa	看下 描写画角 描头画角
tqg	用得着
tqga	覆盖 掐头去尾
tqgaa	掐头去尾
tqgad	覆盖
tqgd	初具规模 报冰公事
tqgda	报冰公事
tqgdq	初具规模
tqgg	院子 抽象主义 以进为退
tqgga	抽象主义
tqggd	以进为退
tqggq	院子
tqgj	看去 衣食父母 折冲尊俎 打家劫舍 气得志满
tqgja	看去 折冲尊俎 打家劫舍
tqgjd	气得志满
tqgjq	衣食父母
tqgm	阿毗地狱 巧取豪夺 拍案惊奇
tqgma	巧取豪夺 拍案惊奇
tqgmq	阿毗地狱
tqgp	三灾八难
tqgpq	三灾八难
tqgq	看着 捂着 用得着
tqgqa	看着 捂着
tqgqq	用得着
tqgt	探头缩脑 披头盖脑 陶冶情操 震耳欲聋 搂头盖脸
tqgta	探头缩脑 披头盖脑 搂头盖脸
tqgtq	陶冶情操 震耳欲聋
tqgx	三五分钟
tqgxq	三五分钟
tqj	被害人 掉眼泪
tqja	看清 文艺 炙冰使燥 抛家舍业 附耳过来
tqjaa	看清 抛家舍业
tqjad	文艺 炙冰使燥 改往修来
tqjaq	附耳过来
tqjd	看他 看重 阿富汗 手眼通天 招灾惹祸
tqjda	看他 看重 手眼通天 招灾惹祸 拉家带口
tqjdq	阿富汗
tqjg	看法 捂住 衣冠禽兽 白鱼入舟 挹彼注兹
tqjga	看法 捂住 白鱼入舟 挹彼注兹 打富济贫
tqjgq	衣冠禽兽
tqjj	三教九流
tqjjq	三教九流
tqjm	三井住友
tqjmq	三井住友
tqjp	被害人 投资人 衣食住行 披头散发 三思而行
tqjpa	投资人 披头散发 拍案而起
tqjpd	文字游戏
tqjpq	被害人 衣食住行 三思而行 附耳低言
tqjq	文件 文学 掉眼泪 忌食生冷 嵬眼澒耳
tqjqa	掉眼泪 白头偕老 拭目而待 掷果潘安
tqjqd	文件 文学 忌食生冷 嵬眼澒耳 嵬目鸿耳
tqjqq	随遇而安
tqjt	文化 看过 看似 抑制作用
tqjta	看过 看似 抑制作用
tqjtd	文化
tqjx	隐鳞藏彩 岗头泽底
tqjxd	岗头泽底
tqjxq	隐鳞藏彩
tqm	这都是 看守所
tqma	腌制时间 指定时间 肥头大面 三头两面 三五成群
tqmaa	指定时间
tqmad	腌制时间 肥头大面
tqmaq	三头两面 三五成群
tqmd	找准时机 抱头大哭
tqmda	找准时机 抱头大哭
tqmg	气息 打家截道 露宿风餐 三头两绪
tqmga	打家截道
tqmgd	气息
tqmgq	露宿风餐 三头两绪
tqmj	险象环生 打家截舍 峨冠博带
tqmja	打家截舍
tqmjd	峨冠博带
tqmjq	险象环生
tqmm	忌食辛辣 指定账户 投资理财 攻守同盟 改容易貌
tqmma	指定账户 投资理财 攻守同盟
tqmmd	忌食辛辣 改容易貌 肥鱼大肉
tqmp	按照
tqmpa	按照
tqmq	探索 肥头大耳 搔头弄姿
tqmqa	探索 搔头弄姿
tqmqd	肥头大耳
tqmt	文明 这都是 看守所 三五知己 指定医院
tqmta	看守所 指定医院 招待所的 撞头磕脑 挺容易的
tqmtd	文明 这都是
tqmtq	三五知己
tqmx	三室两厅 投畀豺虎 初写黄庭
tqmxa	投畀豺虎
tqmxq	三室两厅 初写黄庭
tqp	看得出 看得起
tqpa	院长 看得出来 集聚发展 搏牛之虻 白往黑来
tqpaa	看得出来 集聚发展 搏牛之虻 白往黑来
tqpad	以往鉴来
tqpaq	院长
tqpd	捧头鼠窜 掉头鼠窜 抱头鼠窜
tqpda	捧头鼠窜 掉头鼠窜 抱头鼠窜
tqpg	改进之处 挂冠归去 比物此志
tqpga	挂冠归去
tqpgd	改进之处 比物此志
tqpj	看了 扛鼎之作 批鳞请剑 功德圆满
tqpja	看了 扛鼎之作 批鳞请剑 功德圆满
tqpm	看出 看得出 升官发财
tqpma	看出 看得出
tqpmq	升官发财
tqpp	胆寒发竖
tqppd	胆寒发竖
tqpq	折冲之臣 阴凝坚冰 西食东眠 三头对案
tqpqa	折冲之臣
tqpqd	西食东眠
tqpqq	阴凝坚冰 三头对案
tqpt	看得起
tqpta	看得起
tqpx	服田力穑
tqpxd	服田力穑
tqq	投资者 气冲冲
tqqa	逝者家属 攘往熙来
tqqaa	逝者家属 攘往熙来
tqqd	气冲冲 导德齐礼 三老五更
tqqdd	气冲冲 导德齐礼
tqqdq	三老五更
tqqg	文字 看待 三鲜饺子
tqqga	看待
tqqgd	文字
tqqgq	三鲜饺子
tqqj	以逸待劳 气冲牛斗 折冲御侮
tqqja	折冲御侮
tqqjd	以逸待劳 气冲牛斗
tqqm	项目 看得 气得 看头 投资者
tqqma	项目 看得 看头 投资者
tqqmd	气得
tqqp	拔得头筹
tqqpa	拔得头筹
tqqq	三牲五鼎
tqqqq	三牲五鼎
tqqt	哀告宾服
tqqtq	哀告宾服
tqqx	掩耳盗铃
tqqxa	掩耳盗铃
tqta	以冠补履 拽象拖犀 改头换面 抛头露面 阿塞拜疆
tqtaa	拽象拖犀 抛头露面 摇头摆尾
tqtad	以冠补履 改头换面 改头换尾
tqtaq	阿塞拜疆
tqtd	崇拜
tqtdd	崇拜
tqtg	气氛 扶老携幼 气得要死 阿家阿翁 热得要死
tqtga	扶老携幼 热得要死
tqtgd	气氛 气得要死
tqtgq	阿家阿翁
tqtj	气势 失物招领 文思泉涌 报告文学 以德报怨
tqtja	报告文学
tqtjd	气势 文思泉涌 以德报怨 气冲霄汉 以德服人
tqtjq	失物招领
tqtm	看向 气决泉达 岁寒三友 挨家挨户
tqtma	看向 挨家挨户
tqtmd	气决泉达 岁寒三友
tqtp	挥手
tqtpa	挥手
tqtq	看看 扛鼎抃牛 折鼎覆餗 拭目以待 以德报德
tqtqa	看看 扛鼎抃牛 折鼎覆餗 拭目以待 搔头摸耳
tqtqd	以德报德 肥头胖耳
tqtt	看我 看这 雷霆 指定打击 扒耳搔腮
tqtta	看我 看这 指定打击 扒耳搔腮 抬头挺胸
tqttq	雷霆 三聚氰胺
tqtx	霞姿月韵 掩目捕雀
tqtxa	掩目捕雀
tqtxq	霞姿月韵
tqx	比得上 看得到
tqxa	脾胃虚弱 以冰致蝇
tqxad	脾胃虚弱 以冰致蝇
tqxd	看上 比得上 初审意见
tqxda	看上
tqxdd	比得上
tqxdq	初审意见
tqxg	这家店子 毛头小子 用进废退
tqxgd	这家店子 毛头小子
tqxgq	用进废退
tqxj	集思广益 探赜钩深
tqxja	集思广益 探赜钩深
tqxm	文章 气质 衣冠枭獍 气宇轩昂 防微虑远
tqxmd	文章 气质 气宇轩昂
tqxmq	衣冠枭獍 防微虑远
tqxp	看到 看得到 折冲厌难 投资银行
tqxpa	看到 看得到 折冲厌难 投资银行
tqxq	白头到老 据实禀告 丢官罢职 挨冻受饿
tqxqa	白头到老 据实禀告 挨冻受饿
tqxqq	丢官罢职
tqxt	看透 拔宅上升 挖耳当招
tqxta	看透 拔宅上升 挖耳当招
tqxx	投资意愿
tqxxa	投资意愿
tta	这么好 看热闹
ttaa	阴魂 岂不 措手不及 文文静静 雷打不动
ttaaa	措手不及 白白嫩嫩 按兵不动 打打闹闹 热热闹闹
ttaad	岂不 文文静静 岁月静好 气势如虹 岿然不动
ttaaq	阴魂 雷打不动 三推六问
ttad	比如 白血病 指导帮助 改换门楣 岁月如梭
ttada	白血病 指导帮助 白衣卿相 打抱不平 攘肌及骨
ttadd	比如 改换门楣 岁月如梭 崎岖不平
ttadq	用兵如神
ttag	我好 指引 这么好 挺好 接近尾声
ttaga	指引 挺好 接近尾声 皂白不分 热肠古道
ttagd	这么好 以疏间亲
ttagq	我好
ttaj	打掉门牙 阻挡不住 把持不住 岁月如流 按捺不住
ttaja	打掉门牙 把持不住 按捺不住 推己及人 攘袂引领
ttajd	岁月如流 以防不测 以文乱法 飘零书剑
ttajq	阻挡不住 衣被群生
ttam	指责 这已不是 招兵买马
ttama	指责 招兵买马
ttamd	这已不是
ttap	推动 这片 这张 指导建议 撒手不管
ttapa	推动 指导建议 撒手不管
ttapd	这片 这张 异乎寻常 肝胆胡越
ttaq	捱三顶五 褐衣不完 捉摸不定 把持不定 挨三顶五
ttaqa	捱三顶五 捉摸不定 把持不定 挨三顶五
ttaqq	褐衣不完
ttat	这群 嵩阳书院 抬脚动手 巫山云雨 以血还血
ttata	抬脚动手 巫山云雨 拍拍屁股 搜肠刮肚 摆龙门阵
ttatd	这群 嵩阳书院 以血还血
ttax	毕业 看热闹 挑三嫌四 捱三顶四 捉摸不透
ttaxa	看热闹 挑三嫌四 捱三顶四 捉摸不透
ttaxd	毕业 改换门庭
ttd	打招呼 山脚下
ttda	披毛求疵 批毛求疵 拍手叫好 三阳开泰 白费口舌
ttdaa	披毛求疵 批毛求疵 拍手叫好 白费口舌
ttdaq	三阳开泰
ttdd	这事 指标 这本 护肤品 鹏霄万里
ttdda	指标 护肤品 扫除天下 扶摇万里
ttddd	这事 这本 鹏霄万里 以防万一 岁岁年年
ttddq	陶陶兀兀
ttdg	这样 这只 雨中 山西晋城 指导中心
ttdga	指导中心
ttdgd	这样 这只 山西晋城 岁月无情 肥遯鸣高
ttdgq	雨中 翻脸无情 三旨相公
ttdj	这里 推开 攻击事件 撞击事件 被打事件
ttdja	推开 攻击事件 撞击事件 抄袭事件 白衣天使
ttdjd	这里 盈盈一水 改革开放 脉脉相通
ttdjq	被打事件 袭击事件
ttdm	这天 我的天 指导员 拖拉机 热衷于
ttdma	指导员 拖拉机 热衷于 披毛求瑕 扼腕叹息
ttdmd	这天 肝胆相照
ttdmq	我的天 用兵一时
ttdp	指示 掐指一算 衽革枕戈 捶胸顿足 排除万难
ttdpa	指示 掐指一算 捶胸顿足 排除万难 拱手相让
ttdpd	肝胆楚越
ttdpq	衽革枕戈 陈陈相因
ttdq	我想 指导标准 抢险救灾 抗震救灾 岁岁平安
ttdqa	指导标准 抢险救灾 抗震救灾
ttdqd	岁岁平安
ttdqq	我想
ttdt	指望 打招呼 捉襟见肘 抑扬顿挫 指手画脚
ttdta	指望 打招呼 捉襟见肘 抑扬顿挫 指手画脚
ttdtq	雷霆一击
ttdx	我也 这也 拍下 陛下 山脚下
ttdxa	拍下 招手示意 挥霍无度 挑三检四
ttdxd	这也 山脚下
ttdxq	我也 陛下 我手机上 雷霆万钧 乔龙画虎
ttg	阶段性 指挥部
ttga	这场 我爸 摧折豪强 山摇地动 翻手为云
ttgaa	摧折豪强 指腹为婚 白衣公卿
ttgad	这场 山摇地动 朋比为奸
ttgaq	我爸 翻手为云
ttgd	这条 这款 这部 指挥部 白费心机
ttgda	指挥部 白费心机 拉脱维亚 挥斥八极
ttgdd	这条 这款 这部
ttgdq	阡陌纵横
ttgg	隐隐约约 捡拾垃圾 山崩地裂 白雪公主 阴雨绵绵
ttgga	捡拾垃圾 白雪公主 招降纳叛
ttggd	山崩地裂
ttggq	隐隐约约 阴雨绵绵 袒露心声 翻然悔悟 哀哀欲绝
ttgj	这句 我去 逝去 阶段性 攻击性
ttgja	逝去 攻击性 担雪填河 拔山盖世
ttgjd	这句 飘飘欲仙
ttgjq	我去 阶段性 雨露均沾 初露端倪 哀哀父母
ttgm	霸道 这块 陆续 这已经是 哀兵必败
ttgma	描龙绣凤
ttgmd	这块 这已经是 岸然道貌 肝胆欲碎
ttgmq	霸道 陆续 哀兵必败 袒露心扉 被褐怀玉
ttgp	这般 撒腿就跑 拔腿就跑 携手前行 袖手旁观
ttgpa	撒腿就跑 拔腿就跑 携手前行
ttgpd	这般
ttgpq	袖手旁观
ttgq	指着 挑雪填井 气势恢宏 隔三岔五 以攻为守
ttgqa	指着 挑雪填井 拆白道字
ttgqd	气势恢宏 以攻为守
ttgqq	隔三岔五
ttgt	摇摇欲坠 手脚并用 白露为霜 阴阳怪气 覆手为雨
ttgta	摇摇欲坠 手脚并用 白露为霜 手脑并用 推襟送抱
ttgtd	覆手为雨
ttgtq	阴阳怪气 哀兵必胜
ttgx	这就 我心 按需分配 推崇备至 摆袖却金
ttgxa	按需分配 推崇备至 摆袖却金
ttgxd	这就 山阴道上
ttgxq	我心
ttj	这么多 打工人
ttja	我们 我会 崩溃 皎阳似火 隐隐作痛
ttjaa	皎阳似火 持盈保泰 掉三寸舌
ttjad	崩溃 朋比作奸
ttjaq	我们 我会 隐隐作痛 血脉偾张
ttjd	这么多事 把这件事 抗拒从严 这么多年 皓月千里
ttjda	把这件事 抗拒从严 皓月千里 择肥而噬
ttjdd	这么多事 这么多年 脍炙人口
ttjdq	三拜九叩
ttjg	这个 这位 这份 比例 衣衫蓝缕
ttjga	撒手而去 挥斥方遒 拂袖而去 折损过半
ttjgd	这个 这位 这份 比例 鹏抟鹢退
ttjgq	衣衫蓝缕 震撼人心
ttjj	这么多 指导学生 山山水水 岁月悠悠 肝胆俱全
ttjja	指导学生 拔毛济世 拉拉杂杂 排山倒海
ttjjd	这么多 山山水水 岁月悠悠 肝胆俱全 这么多人
ttjjq	随随便便 雨露滋润 霍然而愈 翻山倒海 向隅而泣
ttjm	推荐 以文会友 血气方刚 气血方刚 腌臜泼才
ttjma	推荐
ttjmd	以文会友 气血方刚 腌臜泼才
ttjmq	血气方刚
ttjp	打工人 这人 雨水 胭脂水粉 脱颖而出
ttjpa	打工人 投袂而起 拂袖而归
ttjpd	这人 胭脂水粉 脱颖而出 肝肠寸断
ttjpq	雨水 陈腔滥调
ttjq	这件 哲学 阴沉 携带 这三个字
ttjqa	哲学 携带 撒手人寰 指挥若定 拔山举鼎
ttjqd	这件 这三个字
ttjqq	阴沉 朱衣使者 褐衣蔬食
ttjt	我能 阿拉伯 指导作用 补血益气 腰肌劳损
ttjta	指导作用 打拱作揖 披肝沥血 白白浪费 披霜带露
ttjtd	腰肌劳损 肥肠满脑 以血洗血
ttjtq	我能 阿拉伯 补血益气 附肤落毛 隳肝沥胆
ttjx	我倒 招摇过市 丢三落四 飘然而至 降龙伏虎
ttjxa	招摇过市
ttjxd	飘然而至
ttjxq	我倒 丢三落四 降龙伏虎
ttma	我刚 拍卖 峣峣易缺 近段时间 需要时间
ttmaa	拍卖 振振有辞 拍拍马屁
ttmad	峣峣易缺
ttmaq	我刚 近段时间 需要时间 奥援有灵
ttmd	的阴影下 雨打风吹 集腋成裘 龙肝凤髓 揆文奋武
ttmda	的阴影下 集腋成裘 揆文奋武
ttmdq	雨打风吹 龙肝凤髓
ttmg	我在 我自 阴影 打翻在地 文以载道
ttmga	打翻在地
ttmgd	文以载道 肤白貌美
ttmgq	我在 我自 阴影 零打碎敲
ttmj	这时 霜降时节 月白风清 拥兵自重 褒衣博带
ttmja	拥兵自重
ttmjd	这时 月白风清 肝胆照人 改操易节 西山日薄
ttmjq	霜降时节 褒衣博带
ttmm	三三两两 摇摇晃晃 零零碎碎 的的确确 据我所知
ttmma	摇摇晃晃 的的确确 据我所知 看朱成碧
ttmmd	气势磅礴 以升量石 岿然独存
ttmmq	三三两两 零零碎碎 霁月光风
ttmp	朋友 拍照 阴险狡诈 振振有词 捧腹大笑
ttmpa	拍照 振振有词 捧腹大笑
ttmpd	朋友
ttmpq	阴险狡诈
ttmq	接近真实 斤斤自守 接近现实 三番两次 陶然自得
ttmqa	接近真实 接近现实
ttmqq	斤斤自守 三番两次 陶然自得
ttmt	这是 拥有 我有 这才 我才
ttmta	拥有 排兵布阵 探幽索隐
ttmtd	这是 这才
ttmtq	我有 我才 我所 衽扱囊括 阴阳两隔
ttmx	陕西周至 披毛索靥 披毛索黡 扶摇直上 披毛戴角
ttmxa	披毛索靥 披毛索黡 扶摇直上 披毛戴角
ttmxq	陕西周至
ttp	这么说 抵抗力
ttpa	这话 这番话 用功读书 朱陈之好 霜露之病
ttpaa	据鞍读书
ttpad	这话 这番话
ttpaq	用功读书 朱陈之好 霜露之病 雷霆之怒 隔岸观火
ttpd	这儿 批评 这回 抖擞精神 以我之见
ttpda	批评 抖擞精神 扼腕长叹
ttpdd	这儿 这回 以我之见 这么回事 肘腋之患
ttpdq	甩手掌柜
ttpg	我说 这么说 这等 我等 推陈出新
ttpga	推陈出新
ttpgd	这么说 这等 这么简单 肌肤之亲
ttpgq	我说 我等 衮衮诸公
ttpj	拍了 指甲 这对 抵抗力 攻击力
ttpja	拍了 指甲 抵抗力 攻击力 拔山超海
ttpjd	这对 巅峰之作 乃我困汝
ttpjq	除我之外
ttpm	我国 指出 这类 推出 霜露之感
ttpma	指出 推出
ttpmd	这类
ttpmq	我国 霜露之感
ttpp	褴褛筚路 肺腑之言 毛毛躁躁 握手言欢 比比划划
ttppa	握手言欢
ttppd	肺腑之言 毛毛躁躁 比比划划 股肱之力 岁月蹉跎
ttppq	褴褛筚路 险阻艰难
ttpq	白手起家 巅峰对决 振聋发聩 以手加额
ttpqa	白手起家 振聋发聩
ttpqd	巅峰对决 以手加额
ttpt	这些 这边 比起 掀起 摧毁
ttpta	掀起 摧毁 挺胸叠肚 白费力气
ttptd	这些 这边 比起
ttptq	翻山越岭 丘山之功
ttpx	我辈 誓言 这让 斤斤计较 跫然足音
ttpxa	誓言 跫然足音 指山说磨 据我了解
ttpxd	这让
ttpxq	我辈 斤斤计较
ttq	手指头 翻白眼
ttqa	改换头面 改换家门
ttqad	改换头面 改换家门
ttqd	这次 月工资 指导思想
ttqda	指导思想
ttqdd	这次 月工资
ttqg	翻白眼 热胀冷缩 三皇五帝 近朱者赤 手挥目送
ttqga	热胀冷缩 手挥目送 挡我者死 摘胆剜心
ttqgq	翻白眼 三皇五帝 近朱者赤
ttqj	这家 我家 阴冷 指挥官 披霄决汉
ttqja	指挥官 披霄决汉 挨山塞海
ttqjd	这家 导以取保
ttqjq	我家 阴冷
ttqm	我都 手指头
ttqma	手指头
ttqmq	我都
ttqp	我先 指导教师 摇摇头说 指导家长 热血男儿
ttqpa	指导教师 摇摇头说 指导家长 热血男儿
ttqpq	我先
ttqq	比赛 扎扎实实 白白净净 三三五五 三番五次
ttqqa	扎扎实实 白白净净 担雪塞井 拼拼凑凑 攘攘熙熙
ttqqd	比赛
ttqqq	三三五五 三番五次
ttqt	推进 批准 指定 卑微 指导教授
ttqta	推进 批准 指定 卑微 指导教授
ttqtd	崭露头脚
ttqx	摘掉眼镜 崭露头角 初露头角 扬扬得意 挑三豁四
ttqxa	摘掉眼镜 扬扬得意 挑三豁四
ttqxd	崭露头角
ttqxq	初露头角
ttta	指导用书 袒胸露背 覆雨翻云 损兵折将 随手拈来
tttaa	指导用书 损兵折将 挑肥拣瘦 挑么挑六 持斋把素
tttad	覆雨翻云
tttaq	袒胸露背 随手拈来 隔靴搔痒 隔靴挠痒 隔靴抓痒
tttd	这段 指控 接打手机 乃文乃武 批隙导窾
tttda	指控 接打手机 批隙导窾 打击报复 扼襟控咽
tttdd	这段 乃文乃武 脱胎换骨
tttg	折腾 近乎 手把手地 指导服务 巍然屹立
tttga	折腾 手把手地 指导服务 披露腹心
tttgd	巍然屹立
tttgq	近乎 三迭阳关
tttj	这么 指导 脂肪 指导售价 指导工作
tttja	指导 指导售价 指导工作 打捞工作 拉捭摧藏
tttjd	这么 脂肪 肝胆披沥 肠肥脑满 以指挠沸
tttjq	欣欣向荣 除我以外 三衅三浴
tttm	我的 拥抱 阴阳 指向 袭击
tttma	拥抱 指向 搬斤播两 掂斤播两 手零脚碎
tttmd	比比皆是
tttmq	我的 阴阳 袭击 血雨腥风
tttp	拆招 携手 胼胝手足 拆西补东 执鞭随蹬
tttpa	拆招 携手 拆西补东 执鞭随蹬 扼腕抵掌
tttpd	胼胝手足 胼手胝足
tttpq	霞裙月帔 翻然改图
tttq	我看 脾气 指挥 拍摄 霸气
tttqa	指挥 拍摄 拥挤 挠腮撧耳 拔山扛鼎
tttqd	脾气
tttqq	我看 霸气 阴气 隔山打牛 翻然改进
tttt	拍拍 崇山峻岭 挑挑拣拣 裸裎袒裼 披露肝胆
tttta	拍拍 挑挑拣拣 披露肝胆 搭搭撒撒 白白朱朱
ttttd	崇山峻岭 岁月峥嵘 峥嵘岁月 毛手毛脚
ttttq	裸裎袒裼 雷霆雨露 补血补气 衣袂飘飘 雾气腾腾
tttx	降脂降压 陕西三原 阴疑阳战 挑三拣四 推三阻四
tttxa	挑三拣四 推三阻四 拉三扯四 挑三拨四
tttxq	降脂降压 陕西三原 阴疑阳战
ttx	这么久 蛋白质
ttxa	比较 霸陵醉尉 隔靴爬痒 挑拨离间 这么麻烦
ttxaa	挑拨离间 排山压卵
ttxad	比较 这么麻烦 以售其奸
ttxaq	霸陵醉尉 隔靴爬痒
ttxd	这种 这点 指点 这么点 指导意见
ttxda	指点 指导意见 皓月当空 插手其中 搜岩采干
ttxdd	这种 这点 这么点
ttxdq	三翻四复
ttxg	推广 这么久 指导意义 掇拾章句 白衣秀士
ttxga	推广 指导意义 掇拾章句 白衣秀士 掉以轻心
ttxgd	这么久 栗栗危惧
ttxgq	三岁小孩
ttxj	我可 这可 拔毛连茹 披襟解带 操揉磨治
ttxja	拔毛连茹 披襟解带 操揉磨治 摧陷廓清
ttxjd	这可 以己度人 崎嵚历落
ttxjq	我可 初露锋芒
ttxm	折磨 指尖 蛋白质 搜集整理 升山采珠
ttxma	折磨 指尖 搜集整理 抹月秕风
ttxmq	蛋白质 升山采珠 龙血玄黄 三朋四友
ttxp	毕竟 龙腾虎跃 三岁小儿 阿拉斯加 按兵束甲
ttxpa	按兵束甲
ttxpd	毕竟
ttxpq	龙腾虎跃 三岁小儿 阿拉斯加
ttxq	我爱 褒衣危冠 三番四次 褕衣甘食 朱衣点头
ttxqq	我爱 褒衣危冠 三番四次 褕衣甘食 朱衣点头
ttxt	披挂上阵 炙手可热 兜肚连肠
ttxta	披挂上阵 兜肚连肠
ttxtd	炙手可热
ttxx	血腥镇压 兜兜转转 指指点点 工工整整 手脚麻利
ttxxa	兜兜转转 指指点点 工工整整 手脚麻利 提要钩玄
ttxxd	岌岌可危 山崩钟应
ttxxq	血腥镇压
txa	比较好 胰岛素
txaa	鞠躬尽瘁 毛羽未丰 腰酸背痛 以其昏昏
txaad	毛羽未丰 腰酸背痛 以其昏昏
txaaq	鞠躬尽瘁
txad	跫音不响
txada	跫音不响
txag	换弹 用来 换来 西装 服装
txaga	换弹 换来 挥金如土 攻其不备 搔到痒处
txagd	西装 服装 比较好 胰岛素
txagq	用来 用尽 衣锦还乡 哀其不幸 防意如城
txaj	打麻将 技压群芳
txaja	打麻将 技压群芳
txam	阿姨 找上门 打虎不成 技压群雄 拾金不昧
txama	找上门 打虎不成 技压群雄 拾金不昧 焦金烁石
txamd	气度不凡 胜负未知
txamq	阿姨 阴虚火旺
txap	补充 扩张 比上不足 接受不了 接连不断
txapa	扩张 接受不了 接连不断
txapd	比上不足 胆小如鼠 胆小如鼷
txapq	补充
txaq	脆弱 找麻烦 焦虑不安
txaqa	找麻烦 焦虑不安
txaqd	脆弱
txat	西北 廷争面折 手到病除 挺麻烦的 卑躬屈膝
txata	手到病除 挺麻烦的 卑躬屈膝
txatd	西北
txatq	廷争面折
txax	热岛效应 胆小如豆 阿尔及尔
txaxa	热岛效应
txaxd	胆小如豆
txaxq	阿尔及尔
txd	以至于 血小板
txda	摸金校尉 以点概面 披麻救火
txdaa	摸金校尉 披麻救火
txdad	以点概面
txdd	文质彬彬 提醒一下 鹏程万里
txdda	提醒一下
txddd	文质彬彬 鹏程万里
txdg	脑中 向上一级 三点一线 兵连祸结 掩其无备
txdga	掩其无备 攻其无备 扭转干坤
txdgd	脑中 以锥刺地 岁序更新 山颓木坏 肥遁鸣高
txdgq	向上一级 三点一线 兵连祸结
txdj	三角形 焦点事件 撞车事件 找点事做 项庄舞剑
txdja	焦点事件 撞车事件 找点事做 项庄舞剑 恐后无凭
txdjq	三角形 衣钵相传 阿甘正传
txdm	用于 报复 以至于 推销员 以小见大
txdma	报复 推销员 挠曲枉直
txdmd	以至于 以小见大
txdmq	用于 褚小杯大
txdp	授权 向上一路
txdpa	授权
txdpq	向上一路
txdq	接受事实
txdqa	接受事实
txdt	血小板的
txdtq	血小板的
txdx	血小板 朱利叶斯 摇身一变 攻其一点 拈酸吃醋
txdxa	摇身一变 攻其一点 拈酸吃醋
txdxq	血小板 朱利叶斯
txg	被称为 以色列
txga	报纸 山鹰纸业 比翼高飞
txgaa	报纸
txgad	山鹰纸业 比翼高飞
txgd	工程款 异彩纷呈 胆小怕事
txgda	工程款
txgdd	异彩纷呈 胆小怕事
txgg	脑子 裤子 胆战心惊 胆战心慌 指雁为羹
txgga	指雁为羹
txggd	脑子 胆战心惊 胆战心慌 胆颤心惊 以意逆志
txggq	裤子 阿斯塔纳
txgj	文章憎命 拈轻怕重
txgja	拈轻怕重
txgjd	文章憎命
txgm	月亮 隐约 报道 指鹿为马 褚小怀大
txgma	报道 指鹿为马
txgmd	月亮
txgmq	隐约 褚小怀大
txgp	服务 撕裂 被称为 以色列 要小心了
txgpa	撕裂 捐躯殉国 击其惰归
txgpd	服务 以色列 要小心了 以身殉国 以意为之
txgpq	被称为
txgq	接受预定 以身殉职 我醉欲眠 胆战心寒
txgqa	接受预定
txgqd	以身殉职 胆战心寒
txgqq	我醉欲眠
txgt	播音主持 胆战心摇
txgta	播音主持
txgtd	胆战心摇
txgx	用心 三四分钟 以战养战 以战去战
txgxd	以战养战 以战去战
txgxq	用心 三四分钟
txj	我爱你 这种人
txja	衰当益壮 以点带面
txjad	以点带面
txjaq	衰当益壮
txjd	脑海 西方 的黎波里
txjda	的黎波里
txjdd	脑海 西方
txjg	抓住 挡住 报警 用法 月份
txjga	抓住 挡住 报警 换个 抽身而去
txjgd	月份 已臻化境
txjgq	用法 阵法 阿尔法 三贞九烈 朱轮华毂
txjj	报仇 服从 比较潮湿 脱离苦海 疑虑重重
txjja	报仇 擦身而过
txjjd	服从 比较潮湿 脱离苦海 疑虑重重
txjjq	三四个人
txjm	隐藏 以身作则 扭曲作直 操觚染翰 披麻带索
txjma	扭曲作直 操觚染翰 披麻带索
txjmd	以身作则
txjmq	隐藏 三占从二
txjp	脑袋 补偿 这种人 用人 股市涨跌
txjpa	挺身而出 扶危济困
txjpd	脑袋 这种人 股市涨跌 异度传说 比较而言
txjpq	补偿 用人 衣锦荣归
txjq	这四个字 项上人头 披麻带孝 哀梨蒸食
txjqa	项上人头 披麻带孝
txjqd	这四个字
txjqq	哀梨蒸食
txjt	陷入 扩散 换货 指点江山 三角洲的
txjta	扩散 换货 指点江山 摸爬滚打 打躬作揖
txjtd	脸色苍白 股战而栗
txjtq	陷入 三角洲的 三战全胜 三四个月
txjx	用途 我爱你 阳虚体质 随意放置 掐尖落钞
txjxa	掐尖落钞 拈酸泼醋
txjxq	用途 我爱你 阳虚体质 随意放置 防卫过当
txm	毕竟是 比较大
txma	换成 报到时间 投其所好 奥尔巴尼 改变现状
txmaa	换成 报到时间 投其所好 抚躬自问
txmad	改变现状
txmaq	奥尔巴尼 阿其所好 雷厉风飞
txmd	扩大 比较大 以上所述 胜利在望 附上罔下
txmda	扩大
txmdd	比较大 以上所述 胜利在望
txmdq	附上罔下 雪虐风饕
txmg	用户 月光 摆在 气急败丧 摧身碎首
txmga	摆在 摧身碎首 扭转乾坤
txmgd	月光 气急败丧 气急败坏
txmgq	用户
txmj	附庸风雅 降至最低 改辙易途
txmjd	改辙易途
txmjq	附庸风雅 降至最低
txmm	障碍 摇晃 以小博大 血迹斑斑
txmma	摇晃
txmmd	以小博大
txmmq	障碍 血迹斑斑
txmp	孕期知识 改曲易调 雷厉风行 用其所长
txmpd	孕期知识 改曲易调
txmpq	雷厉风行 用其所长
txmq	接受现实 披麻戴孝 龙章凤姿
txmqa	接受现实 披麻戴孝
txmqq	龙章凤姿
txmt	毕竟是 三四十岁 以身犯险 异曲同工 撒豆成兵
txmta	撒豆成兵
txmtd	毕竟是 以身犯险 异曲同工
txmtq	三四十岁 阿斯马拉
txmx	以上几种 摘金夺银 披罗戴翠 改辕易辙
txmxa	摘金夺银 披罗戴翠
txmxd	以上几种 改辕易辙
txp	工程师
txpa	擅长 迭床架屋 比翼双飞
txpaa	擅长
txpad	比翼双飞
txpaq	迭床架屋
txpd	工程师 隔音符号
txpda	工程师
txpdq	隔音符号
txpg	褪后趋前 阽危之域 打小算盘
txpga	打小算盘
txpgq	褪后趋前 阽危之域
txpj	用力 掉了 换了 以身试法 比较简洁
txpja	掉了 换了 操身行世 项庄之剑 指点迷津
txpjd	以身试法 比较简洁
txpjq	用力 阪上走丸 兵车之会
txpm	衣香鬓影
txpmq	衣香鬓影
txpp	抓紧 肤受之言 肤受之诉 以身许国 覆车之戒
txppa	抓紧 捐躯赴难
txppd	肤受之言 肤受之诉 以身许国 覆车之戒 覆车之鉴
txppq	陷身囹圄
txpq	抗衡 焦急等待 白底黑字 阿基米德
txpqa	抗衡 焦急等待 白底黑字
txpqq	阿基米德
txpt	雪上加霜 比较长的 掎角之势 挺鹿走险 峰峦叠嶂
txpta	掎角之势 挺鹿走险 打铁趁热
txptd	比较长的 峰峦叠嶂
txptq	雪上加霜
txpx	覆车之轨
txpxd	覆车之轨
txq	胜利者
txqa	扶危定乱 比翼齐飞
txqaa	扶危定乱
txqad	比翼齐飞
txqd	报告 以利累形
txqda	报告
txqdd	以利累形
txqj	隐瞒 拼音字母
txqja	拼音字母
txqjq	隐瞒
txqm	摇头 胜利者
txqma	摇头
txqmd	胜利者
txqp	按迹循踪
txqpa	按迹循踪
txqq	胜利果实 阿意取容 擅离职守
txqqa	擅离职守
txqqd	胜利果实
txqqq	阿意取容
txqt	摔角选手 脱离实际 打虎牢龙
txqta	摔角选手 打虎牢龙
txqtd	脱离实际
txqx	衣租食税 三省吾身 脸色微变 以身饲虎
txqxd	脸色微变 以身饲虎
txqxq	衣租食税 三省吾身
txta	挣扎 扼亢拊背 手到擒来 阿哥阿妹 三战三北
txtaa	挣扎 扼亢拊背 手到擒来 措置裕如 手到拈来
txtaq	阿哥阿妹 三战三北
txtd	气煞我也 挟私报复
txtda	挟私报复
txtdd	气煞我也
txtg	摆脱 挣脱 向上向善 阴错阳差 搜章摘句
txtga	摆脱 挣脱 搜章摘句 白色恐怖 扬铃打鼓
txtgq	向上向善 阴错阳差
txtj	股市震荡 以少胜多 摘瓜抱蔓 拈轻掇重 随身携带
txtja	摘瓜抱蔓 拈轻掇重
txtjd	股市震荡 以少胜多 毛羽零落
txtjq	随身携带 三四月份
txtm	月的 抗拒 持危扶颠
txtma	抗拒 持危扶颠
txtmd	月的
txtp	用功 摆手 近期推出 插科打诨 腰金衣紫
txtpa	摆手 插科打诨
txtpd	腰金衣紫
txtpq	用功 近期推出
txtq	陷阱 我意已决 打小报告 拼音文字
txtqa	打小报告 拼音文字
txtqq	陷阱 我意已决
txtt	降压降脂 批亢抵巇 毡上拖毛 胶原蛋白 热可炙手
txtta	批亢抵巇 热可炙手 摧锋陷阵
txttd	毡上拖毛 胶原蛋白
txttq	降压降脂
txtx	隐隐 摇摆 摇摇 阵阵 阿尔卑斯
txtxa	摇摆 摇摇 拐弯抹角 按摩按摩 抛到脑后
txtxq	隐隐 阵阵 阿尔卑斯
txx	氨基酸 三轮车
txxa	三轮车
txxaq	三轮车
txxd	这点小事 这种小事 比翼连枝
txxdd	这点小事 这种小事 比翼连枝
txxg	朱镕基 脚尖点地 除魔卫道
txxgd	脚尖点地
txxgq	朱镕基 除魔卫道
txxj	氨基酸 龙争虎斗
txxjd	氨基酸
txxjq	龙争虎斗
txxm	月色 报酬 肥甘轻暖
txxma	报酬
txxmd	月色 肥甘轻暖
txxp	衣锦夜行
txxpq	衣锦夜行
txxq	盈科后进 恐后争先
txxqa	恐后争先
txxqd	盈科后进
txxt	指尖上的 衣轻乘肥
txxta	指尖上的
txxtq	衣轻乘肥
txxx	三四季度 血战到底 三四点钟
txxxq	三四季度 血战到底 三四点钟
xaa	小姑娘 后遗症
xaaa	离婚 小妹妹 袅娜娉婷 愁眉不展 爱素好古
xaaaa	小妹妹 爱素好古
xaaad	离婚
xaaaq	袅娜娉婷 愁眉不展
xaad	后遗症 其乐不穷 稍不留神
xaadd	其乐不穷
xaadq	后遗症 稍不留神
xaag	小姑娘 魔鬼 斩尽杀绝 躬耕乐道 虚弱不堪
xaaga	小姑娘 斩尽杀绝
xaagd	魔鬼 躬耕乐道 虚弱不堪
xaagq	香火不绝 香火姻缘 枭蛇鬼怪
xaaj	麻痺不仁 金翅擘海 罚不责众 鸟尽弓藏 点灯熬油
xaaja	罚不责众 点灯熬油 斩将刈旗
xaajd	麻痺不仁 金翅擘海 麻痹不仁
xaajq	鸟尽弓藏
xaam	夜不闭户 其疾如风
xaamd	夜不闭户 其疾如风
xaap	委屈 变动 金属支架 上层建筑 原来如此
xaapa	上层建筑 上交不谄
xaapd	变动 金属支架
xaapq	委屈 原来如此 历来如此
xaaq	皱眉 虚弱 岛瘦郊寒 虎尾春冰
xaaqd	虚弱 虎尾春冰
xaaqq	皱眉 岛瘦郊寒
xaat	银装素裹 乌烟瘴气 争强好胜 稳如泰山 蛮烟瘴雨
xaatd	银装素裹 蛮烟瘴雨 蛮烟瘴雾
xaatq	乌烟瘴气 争强好胜 稳如泰山
xaax	后来居上 席履丰厚 爱屋及乌 席丰履厚
xaaxa	爱屋及乌
xaaxq	后来居上 席履丰厚 席丰履厚
xad	离不开
xada	解弦更张 愁眉啼妆 夜静更阑
xadad	夜静更阑
xadaq	解弦更张 愁眉啼妆
xadd	当事 移动一下 金尽裘弊 金舌弊口 其乐无穷
xadda	当事 少不更事
xaddd	金尽裘弊 金舌弊口 其乐无穷
xaddq	移动一下
xadg	当中 彪炳史册 返来复去 罪魁祸首 小鬼遭殃
xadga	当中 罪魁祸首 小鬼遭殃
xadgd	彪炳史册 身不由主
xadgq	返来复去 反面无情
xadj	离开 变形 车里 离不开 软弱无能
xadja	车里 软弱无能 四面开花
xadjd	离开 变形 离不开 夜静更深 铁面枪牙
xadjq	席门穷巷 秘不示人 积不相能
xadm	委员 变更 秋天 当天 轰动一时
xadma	当天 轰动一时
xadmd	变更
xadmq	委员 秋天
xadp	离别 意乱神迷 软弱无力 稷蜂社鼠
xadpa	软弱无力
xadpd	离别
xadpq	意乱神迷 稷蜂社鼠
xadq	移动互联 雀屏中选
xadqa	雀屏中选
xadqq	移动互联
xadt	当年 虚空 虚无 身不由己 上烝下报
xadta	当年 上烝下报
xadtd	虚空 虚无 身不由己
xadx	剩下 底下 当下 争吵 钟灵毓秀
xadxa	当下 四面楚歌 上好下甚
xadxd	钟灵毓秀 铁面无私
xadxq	剩下 底下 争吵
xag	小女孩
xaga	当场 虚幻 置业公司 战火纷飞 香闺绣阁
xagaa	当场 置业公司 战火纷飞
xagad	虚幻
xagaq	香闺绣阁
xagd	急忙 当地 底线 少不经事 上不着天
xagda	当地 少不经事 上不着天
xagdq	急忙 底线
xagg	车子 较高 负面情绪 束装就道
xagga	车子 较高
xaggq	负面情绪 束装就道
xagj	离去 小女孩 急性 原始部落 身居高位
xagja	小女孩 四面八方
xagjd	离去 身居高位
xagjq	急性 原始部落
xagm	负驽前驱 可不就是 稳如磐石
xagmd	可不就是
xagmq	负驽前驱 稳如磐石
xagp	变为 急剧增长 意乱情迷 麻烦死了
xagpd	变为 麻烦死了
xagpq	急剧增长 意乱情迷
xagq	魔兽 急着
xagqd	魔兽
xagqq	急着
xagt	当前 皱纹 虚张声势 程门立雪 愁云惨雾
xagta	当前
xagtd	虚张声势 恋奸情热
xagtq	皱纹 程门立雪 愁云惨雾
xagx	当即 车站 后不着店
xagxa	当即 车站
xagxq	后不着店
xaj	负责人 负责任
xaja	当做 虚假 当今 顾不过来 夜阑人静
xajaa	当做 当今
xajad	虚假 夜阑人静 身强体壮 金屋藏娇 彪炳千古
xajaq	顾不过来
xajd	当他 歌剧演员 久居人下 争妍斗丽 废书而叹
xajda	当他
xajdd	歌剧演员
xajdq	久居人下 争妍斗丽 废书而叹
xajg	魔法 虚伪 镇静舒缓
xajgd	魔法 虚伪 镇静舒缓
xajj	较多 酣痛淋漓 蛮来生作 应运而生 厚古薄今
xajja	较多 酣痛淋漓 酣嬉淋漓 四郊多垒 采及葑菲
xajjd	蛮来生作
xajjq	应运而生 厚古薄今 席门蓬巷
xajm	金运激光 少不入川 酸甜苦辣 四姻九戚
xajma	少不入川 酸甜苦辣 四姻九戚
xajmd	金运激光
xajp	负责人 恋人 当代 急促 小女生
xajpa	当代 小女生 战不旋踵
xajpd	恋人 摩顶放踵
xajpq	负责人 急促 梨眉艾发 历尽沧桑
xajq	当作 小动作 移动优先 音乐世家 小姨多鹤
xajqa	当作 小动作 小姨多鹤
xajqd	铺眉苫眼 夜不能寐 铺眉蒙眼
xajqq	移动优先 音乐世家 反面人物 负屈含冤 愁眉泪眼
xajt	变化 负责任 音乐学系 解毒作用 虎背熊腰
xajta	轻如鸿毛 酸不溜丢
xajtd	变化 虎背熊腰 铺张浪费
xajtq	负责任 音乐学系 解毒作用 愁眉苦脸 负面作用
xajx	当你 剩余 转不过弯 甘居人后 辙乱旗靡
xajxa	当你 转不过弯 辙乱旗靡
xajxd	甘居人后
xajxq	剩余
xam	可不是
xama	变成 当成 秋风 移动友好 离群索居
xamaa	当成
xamad	变成 离群索居 麻姑献寿 身娇肉贵
xamaq	秋风 移动友好 急如星火
xamd	较大 负面影响 可不是吗 鸾飞凤舞
xamda	较大
xamdd	可不是吗 鸾飞凤舞
xamdq	负面影响
xamg	变态 利不亏义 小姑独处
xamga	小姑独处
xamgd	变态
xamgq	利不亏义
xamj	当时 争夺 金属光泽 彩云易散 斩将夺旗
xamja	当时 彩云易散 斩将夺旗
xamjd	金属光泽
xamjq	争夺 厦门大学 久闻大名
xamm	久病成医 鸾交凤友 连昏达曙 其乐融融 席不暇暖
xamma	连昏达曙
xammd	鸾交凤友 其乐融融
xammq	久病成医 席不暇暖 和如琴瑟
xamp	遥远 妥协 当日 庞眉黄发 变古易常
xampa	遥远 妥协 当日
xampd	变古易常
xampq	庞眉黄发
xamq	当真 魔王 夜不成寐 爱如珍宝
xamqa	当真 爱如珍宝
xamqd	魔王 夜不成寐
xamt	可不是 市属医院 基层医院 靡不有初 危如朝露
xamtd	可不是 市属医院 基层医院 靡不有初 销魂夺魄
xamtq	危如朝露 急不暇择
xamx	后不巴店 欺君罔上 麻痹大意 金浆玉醴
xamxd	欺君罔上 麻痹大意 金浆玉醴
xamxq	后不巴店
xap	受不了 少不了
xapa	市建设局 市运管局 负面因素 身强力壮 小女儿状
xapaa	小女儿状
xapad	市建设局 市运管局 身强力壮
xapaq	负面因素
xapd	离弦走板
xapdd	离弦走板
xapg	争议 香火因缘 久留之地 金印紫绶 可贵之处
xapga	小鬼难缠
xapgd	金印紫绶 可贵之处
xapgq	争议 香火因缘 久留之地
xapj	变了 受不了 急了 少不了 夜尿频多
xapja	受不了 少不了 轻装简从 小丑跳梁
xapjd	变了 夜尿频多
xapjq	急了
xapm	历尽艰辛 蛮不讲理
xapmd	蛮不讲理
xapmq	历尽艰辛
xapp	整装出发 罪责难逃 欺君误国 反间之计
xappa	罪责难逃
xappd	欺君误国
xappq	整装出发 反间之计
xapq	连鳌跨鲸 夜不归宿 负屈衔冤
xapqa	连鳌跨鲸
xapqd	夜不归宿
xapqq	负屈衔冤
xapt	爱不忍释
xapta	爱不忍释
xapx	欺君之罪 基希讷乌 后来之秀
xapxd	欺君之罪 基希讷乌
xapxq	后来之秀
xaq	顾不得 皱眉头
xaqa	危如累卵
xaqaq	危如累卵
xaqd	铁面御史 反面教员 反面教材 鸟面鹄形
xaqdd	铁面御史
xaqdq	反面教员 反面教材 鸟面鹄形
xaqg	四书五经
xaqga	四书五经
xaqj	斩将搴旗
xaqja	斩将搴旗
xaqm	变得 顾不得 皱眉头 爱好者 乌云密布
xaqma	爱好者
xaqmd	变得
xaqmq	顾不得 皱眉头 乌云密布 后门进狼 秉烛待旦
xaqp	争取 整装待发 当局者迷 习故安常 乌飞兔走
xaqpa	当局者迷 罪不容诛
xaqpd	习故安常 虎不食儿
xaqpq	争取 整装待发 乌飞兔走 庞眉鹤发
xaqq	音乐教室 钻火得冰
xaqqd	钻火得冰
xaqqq	音乐教室
xaqx	迹象 种姓制度 弯弓饮羽
xaqxd	迹象 弯弓饮羽
xaqxq	种姓制度
xat	虞书欣 金不换
xata	鸟不拉屎 锄强扶弱 四不拗六
xataa	四不拗六
xatad	锄强扶弱
xataq	鸟不拉屎
xatd	虞书欣 色不异空 上屋抽梯
xatda	上屋抽梯
xatdd	虞书欣
xatdq	色不异空
xatg	变革 金蝉脱壳 庞眉皓首
xatgd	变革 金蝉脱壳
xatgq	庞眉皓首
xatm	当然 连昏接晨 酸不拉几 当门抵户 和璧隋珠
xatma	当然 连昏接晨 酸不拉几 当门抵户
xatmq	和璧隋珠
xatp	当初 音乐导师 急张拘诸 庞眉皓发 庞眉白发
xatpa	当初 爱如己出
xatpq	音乐导师 急张拘诸 庞眉皓发 庞眉白发
xatq	争气 置业投资
xatqa	置业投资
xatqq	争气
xatt	委托 音乐指导 乳间股脚 爱不释手 唐古拉山
xatta	乳间股脚 爱不释手
xattq	委托 音乐指导 唐古拉山
xatx	金不换 反面文章 斩妖除魔 铺张扬厉
xatxa	斩妖除魔
xatxd	金不换 铺张扬厉
xatxq	反面文章
xax	顾不上 甘肃省
xaxa	四面受敌 遥不可及 曲尽其妙 酸痛酸痛
xaxaa	四面受敌 遥不可及 曲尽其妙 酸痛酸痛
xaxd	车上 顾不上 魔鬼身材 曲不离口 酸甜可口
xaxda	车上 曲不离口 酸甜可口
xaxdd	魔鬼身材
xaxdq	顾不上
xaxg	金属原子 至始至终 点来点去 转来转去 习不习惯
xaxga	至始至终 点来点去 转来转去
xaxgd	金属原子 习不习惯 铁壁铜墙
xaxj	秉烛夜游 急不可耐 可不可能 锻炼身体 厝火积薪
xaxjd	可不可能 锻炼身体 镕古铸今
xaxjq	秉烛夜游 急不可耐 厝火积薪
xaxm	车辆 秤不离砣
xaxma	车辆
xaxmq	秤不离砣
xaxp	私交甚笃 摩顶至足 广譬曲谕 愿闻其详 秉烛夜话
xaxpd	摩顶至足 摩顶至踵
xaxpq	私交甚笃 广譬曲谕 愿闻其详 秉烛夜话
xaxq	恋爱 原始积累 急不可待 可不可靠 庖丁解牛
xaxqa	罪不可逭
xaxqd	恋爱 可不可靠
xaxqq	原始积累 急不可待 庖丁解牛 愁眉锁眼
xaxt	急速 甘肃省 急剧上升 轻装上阵 可不可以
xaxta	轻装上阵
xaxtd	甘肃省 可不可以 铁壁铜山
xaxtq	急速 急剧上升
xaxx	愿不愿意 锐不可当 软弱可欺 罚不当罪 卜昼卜夜
xaxxa	软弱可欺 罚不当罪 卜昼卜夜
xaxxd	锐不可当 锋不可当
xaxxq	愿不愿意
xdaa	连天烽火 战无不克
xdaaa	连天烽火 战无不克
xdad	上司
xdada	上司
xdag	后来 上来 上古 稔恶不悛 磨形炼性
xdaga	上来 上古 爱民如子
xdagd	磨形炼性 恋栈不去
xdagq	后来 稔恶不悛
xdaj	反正还淳 麻木不仁 意下如何 反朴还淳 返本还源
xdajd	麻木不仁
xdajq	反正还淳 意下如何 反朴还淳 返本还源 返朴还淳
xdam	上面 后面 上门 铁板不易 返本还元
xdama	上面 上门 采椽不斫
xdamd	铁板不易 亦复如是
xdamq	后面 返本还元 返朴还真
xdap	基本建设 上一张图 庆吊不行 暂且不论 广开门路
xdapa	上一张图 暂且不论 上无片瓦 上下交困
xdapd	基本建设 钳口不言
xdapq	庆吊不行 广开门路
xdaq	软弱 鹿裘不完 习焉不察 后无来者 忐忑不安
xdaqa	软弱 忐忑不安 忐忑不定
xdaqd	习焉不察
xdaqq	鹿裘不完 后无来者 久悬不决
xdat	点燃 彩虹 后背 战无不胜
xdata	点燃 彩虹 战无不胜
xdatq	后背
xdax	意想不到 庄严肃穆 历史遗迹 返本还原
xdaxq	意想不到 庄严肃穆 历史遗迹 返本还原
xdd	某一天 私下里
xdda	积极 积极开展 黎民百姓 金口木舌
xddad	金口木舌
xddaq	积极 积极开展 黎民百姓
xddd	其中一员 小事一桩 其味无穷 罗里吧嗦 哥本哈根
xddda	小事一桩 罗里吧嗦
xdddd	其中一员 其味无穷 哥本哈根 歌楼舞榭
xdddq	稀里哗啦 后患无穷 反咬一口
xddg	上述 和平 桌椅板凳 市救助站 转型正义
xddga	上述 桌椅板凳 转型正义 轻松晋级 上下一心
xddgd	市救助站 铁板一块
xddgq	和平
xddj	私下里 历史极值 历史事件 和平年代 上吐下泻
xddja	上吐下泻 四下无人
xddjd	铁树开花 其中一个 铁树开华
xddjq	私下里 历史极值 历史事件 和平年代 质朴无华
xddm	上天 上午 后天 某一天 小中见大
xddma	上天 上午 小中见大 上下求索
xddmd	某一天 蛮横无理 可见一斑
xddmq	后天 急于求成 后福无量
xddp	上楼 上窜下跳 稀松平常 反复无常 反唇相讥
xddpa	上楼 上窜下跳 上天无路
xddpq	稀松平常 反复无常 反唇相讥
xddq	基于事实 稳中求进
xddqd	基于事实
xddqq	稳中求进
xddt	上空 市一中院 香格里拉 香喷喷的 其鸣也哀
xddta	上空
xddtd	市一中院 其鸣也哀
xddtq	香格里拉 香喷喷的 急于事功
xddx	上下 遥相呼应 反唇相稽
xddxa	上下 遥相呼应
xddxq	反唇相稽
xdg	意味着 历史性
xdga	战场 上级 质检总局 车无退表 摩口膏舌
xdgaa	战场 上级 车无退表
xdgad	摩口膏舌 钳口结舌
xdgaq	质检总局 积极主动
xdgd	后悔 其中缘由 反听收视 连枝分叶 转祸为福
xdgda	连枝分叶 转祸为福 削木为吏 上楼去梯
xdgdd	其中缘由
xdgdq	后悔 反听收视
xdgg	种子 积极分子 称兄道弟 置于死地 畜妻养子
xdgga	置于死地 轰天烈地 轻松愉快 转嗔为喜 轰天裂地
xdggd	畜妻养子 铺天盖地 虚无缥缈 锦天绣地
xdggq	种子 积极分子 称兄道弟 和平主义 遮天盖地
xdgj	上去 历史性 积极性 种植条件 广夏细旃
xdgja	上去 小本经营 轻裘缓带 四野八荒
xdgjd	基本条件
xdgjq	历史性 积极性 种植条件 广夏细旃
xdgm	后续 习与性成 软裘快马
xdgma	软裘快马
xdgmd	习与性成
xdgmq	后续
xdgp	战士 当机立断 磨叽死了
xdgpa	战士 当机立断
xdgpd	磨叽死了
xdgq	上帝 意味着 连枝并头 移樽就教 厚禄高官
xdgqa	上帝 连枝并头
xdgqq	意味着 移樽就教 厚禄高官 逶迤退食
xdgt	后退 上前 小兄弟 离析分崩 身无分文
xdgta	上前 小兄弟 曲里八拐
xdgtd	离析分崩 身无分文
xdgtq	后退
xdgx	点心 市中心 斯里兰卡 四平八稳 上年结转
xdgxa	点心 四平八稳 上年结转
xdgxd	市中心 斯里兰卡 率由旧章
xdj	当事人 委员会
xdja	委员会 稔恶藏奸 广见洽闻 某一方面 上下浮动
xdjaa	上下浮动 轻嘴薄舌 尖嘴薄舌 轻口薄舌
xdjad	某一方面 钟鸣漏尽
xdjaq	委员会 稔恶藏奸 广见洽闻
xdjd	战斗 和他 上海 后方 上方
xdjda	战斗 上海 上方 连根带梢 连枝带叶
xdjdd	离本依末 铁树花开
xdjdq	和他 后方 种族 积极参与 解民倒悬
xdjg	某个 基本法 店员介绍 少见多怪 久别重逢
xdjga	少见多怪 战天斗地 上天入地
xdjgd	某个 基本法 钻穴逾墙
xdjgq	店员介绍 久别重逢 和平共处
xdjj	历史渊源 危机重重 鸟啼花怨 虎口余生 庸中佼佼
xdjjd	虎口余生
xdjjq	历史渊源 危机重重 鸟啼花怨 庸中佼佼 鸟啼花落
xdjm	稍事休息 急中生智 离析涣奔 可想而知 遮天蔽日
xdjma	当刑而王 爬梳洗剔
xdjmd	离析涣奔 可想而知
xdjmq	稍事休息 急中生智 遮天蔽日
xdjp	当事人 卫生 某人 上人 意味深长
xdjpa	当事人 上人 小事化了
xdjpd	卫生 某人
xdjpq	意味深长 反裘伤皮 触机便发
xdjq	上学 软件 历史学家 轻视傲物 连枝共冢
xdjqa	上学 软件 轻视傲物 连枝共冢
xdjqq	历史学家 积极营造
xdjt	租赁 省吃俭用 轻于鸿毛 历史沿革 连吹带捧
xdjta	省吃俭用 轻于鸿毛 连吹带捧
xdjtd	铁桶江山
xdjtq	租赁 历史沿革
xdjx	和你 磨杵作针 小本生意
xdjxa	小本生意
xdjxd	磨杵作针
xdjxq	和你
xdm	上下班
xdma	上网 利喙赡辞 上下同门 轻松自如 急于星火
xdmaa	上网 上下同门 轻松自如
xdmaq	利喙赡辞 急于星火
xdmd	金枝玉叶 鸟哭猿啼 铁窗风味 反听内视 摩天大楼
xdmdd	金枝玉叶 铁窗风味 摩天大楼
xdmdq	鸟哭猿啼 反听内视 鸟穷则啄
xdmg	连天匝地 上下同心 连下两城 欺天罔地 爱礼存羊
xdmga	连天匝地 上下同心 连下两城 爱礼存羊
xdmgd	欺天罔地
xdmj	解析几何 彪形大汉 金榜题名 罪恶昭著 欺天罔人
xdmja	罪恶昭著
xdmjd	彪形大汉 金榜题名 欺天罔人 虎啸风生
xdmjq	解析几何 应天顺人
xdmm	采购 上下左右 返视内照 返本朝元 移天易日
xdmma	采购 上下左右
xdmmq	返视内照 返本朝元 移天易日 乌焉成马
xdmp	上班 上下班 金口玉言 鹰视狼步 广开才路
xdmpa	上班 上下班
xdmpd	金口玉言
xdmpq	鹰视狼步 广开才路
xdmq	基于现实
xdmqd	基于现实
xdmt	上有 占有 市一医院 市中医院 其中尤以
xdmta	上有 占有 省中医院 爬梳剔抉 连枝同气
xdmtd	市一医院 市中医院 其中尤以
xdmtq	稽查大队 稳中有升 整形医院
xdmx	历史最久 基里巴斯 鹯视狼顾 枭视狼顾 连更晓夜
xdmxa	连更晓夜 连更星夜 上年同期 罪恶昭彰
xdmxd	基里巴斯 鹯视狼顾 磨棱刓角 摩天大厦 铁杵成针
xdmxq	历史最久 枭视狼顾 庶民同罪 争权夺利 鹰视狼顾
xdp	原材料 委员长
xdpa	委员长 积极因素 瓜李之嫌 钗横鬓乱
xdpaa	瓜李之嫌
xdpad	钗横鬓乱
xdpaq	委员长 积极因素
xdpd	罚一劝百 离本趣末 其中之一
xdpda	罚一劝百
xdpdd	离本趣末 其中之一
xdpg	音响设备 亢极之悔 金无足赤 欺天诳地 反哺之情
xdpga	少年儿童
xdpgd	亢极之悔 金无足赤 欺天诳地 身无长处
xdpgq	音响设备 反哺之情
xdpj	点了 采访 某甲 原材料 稀里糊涂
xdpja	点了 采访
xdpjd	某甲 虎口逃生 镜里观花
xdpjq	原材料 稀里糊涂
xdpm	种类 厘米 返朴归真 反朴归真
xdpmq	种类 厘米 返朴归真 反朴归真
xdpp	和尚 原型设计 急救常识 后事之师 广开言路
xdppa	转一圈儿
xdppq	和尚 原型设计 急救常识 后事之师 广开言路
xdpq	上课 身无长物
xdpqa	上课
xdpqd	身无长物
xdpt	上诉 某些 和谐 床边 其中又以
xdpta	上诉 较武论文
xdptd	某些 其中又以
xdptq	和谐 床边 反求诸己
xdpx	罪与非罪 反哺之私 变本加厉
xdpxa	罪与非罪
xdpxd	变本加厉
xdpxq	反哺之私
xdq	上一次
xdqa	厉害 鸟焚鱼烂 钻木取火 危于累卵
xdqad	钻木取火
xdqaq	厉害 鸟焚鱼烂 危于累卵
xdqd	上次 后果 上一次 离本徼末 庄严宝相
xdqda	上次 上一次
xdqdd	离本徼末
xdqdq	后果 庄严宝相
xdqg	积累 上眼 上下齐心 少年得志
xdqga	上眼 上下齐心 少年得志
xdqgq	积累
xdqj	床下牛斗 曲突徙薪 雁杳鱼沉
xdqja	曲突徙薪
xdqjq	床下牛斗 雁杳鱼沉
xdqm	点头 后者 少年老成
xdqma	点头 少年老成
xdqmq	后者
xdqp	战略 采取 积极实践
xdqpa	战略 采取
xdqpq	积极实践
xdqq	虎视眈眈 钟鸣鼎食 积极进取
xdqqd	虎视眈眈 钟鸣鼎食
xdqqq	积极进取
xdqt	积年累月 利弊得失
xdqtq	积年累月 利弊得失
xdqx	锦标赛上 连更彻夜 轻松写意 欺下瞒上
xdqxa	连更彻夜 轻松写意
xdqxd	锦标赛上 欺下瞒上
xdta	占据 稳中向好 反正拨乱 积极推动 鸟枪换炮
xdtaa	占据
xdtad	虚嘴掠舌
xdtaq	稳中向好 反正拨乱 积极推动 鸟枪换炮 厚味腊毒
xdtd	移植手术 削株掘根 歌舞升平 上树拔梯
xdtda	削株掘根 上树拔梯
xdtdd	歌舞升平
xdtdq	移植手术
xdtg	反复推敲 唐突西子
xdtgq	反复推敲 唐突西子
xdtj	战队 战胜 上升 上机操作 稔恶盈贯
xdtja	战队 战胜 上升 上机操作
xdtjd	虎口拔牙 虎穴龙潭 钻天打洞 虎窟龙潭
xdtjq	稔恶盈贯 稳吃三注 唐突西施
xdtm	点击 上下打量 鸟枪换砲 连昬接晨 连中三元
xdtma	点击 上下打量 连昬接晨 连中三元 轻裘肥马
xdtmd	甚于防川
xdtmq	鸟枪换砲
xdtp	连根拔起 斩木揭竿
xdtpa	连根拔起 斩木揭竿
xdtq	磨昬抉聩
xdtqd	磨昬抉聩
xdtt	和我 原形毕露 虎口脱险
xdttd	虎口脱险
xdttq	和我 原形毕露
xdtx	采用 占用 积极向上 私相授受 曲里拐弯
xdtxa	采用 占用 曲里拐弯 连枝比翼
xdtxq	积极向上 私相授受
xdx	基本上 历史上
xdxa	战争 上车 虚与委蛇 可口可乐 钉嘴铁舌
xdxaa	战争 上车
xdxad	虚与委蛇 可口可乐 钉嘴铁舌 铁板铜弦 铜唇铁舌
xdxd	点点 某某 床上 某种 种种
xdxda	点点 叔叔 少一点 遥想当年
xdxdd	某某 某种 基本上 铁板歌喉
xdxdq	床上 种种 历史上
xdxg	程序 后期 利析秋毫 镂骨铭心
xdxgd	镂骨铭心
xdxgq	程序 后期 利析秋毫
xdxj	程度 豆腐 市政府 历史积淀 危机四伏
xdxja	爱别离苦
xdxjd	豆腐 市政府 铁嘴钢牙
xdxjq	程度 历史积淀 危机四伏 反裘负薪
xdxm	基本上是 磨穿铁砚 铁板铜琶
xdxmd	基本上是 磨穿铁砚 铁板铜琶
xdxp	上市 积极应诉 连里竟街
xdxpa	上市 连里竟街
xdxpq	积极应诉
xdxq	鹰嘴鹞目
xdxqq	鹰嘴鹞目
xdxt	和解 上下其手 某年某月 虎视鹰扬 磨穿铁鞋
xdxta	上下其手
xdxtd	某年某月 虎视鹰扬 磨穿铁鞋
xdxtq	和解
xdxx	后视镜 上一季度 座无虚席 甚嚣尘上 铁板钉钉
xdxxa	上一季度
xdxxd	甚嚣尘上 铁板钉钉 铁骨铮铮 铁中铮铮 铁画银钩
xdxxq	后视镜 座无虚席 反裘负刍
xga	皱着眉
xgaa	基层 秘书 身心交瘁 原封不动 后悔不及
xgaad	基层 身心交瘁 身心交病
xgaaq	秘书 原封不动 后悔不及
xgad	科纳克里 彰善瘅恶
xgadq	科纳克里 彰善瘅恶
xgag	应收尽收 离乡背土 当着不着 急公好义 连绵不绝
xgaga	当着不着 连绵不绝 爱恨交织 至死不悟
xgagd	离乡背土 甘贫乐道
xgagq	应收尽收 急公好义 庆父不死
xgaj	广阔 转子引擎 至死不渝 曲终奏雅 甘心如荠
xgaja	转子引擎 至死不渝 曲终奏雅
xgajd	甘心如荠
xgajq	广阔
xgam	期间 离死不远
xgamd	期间 离死不远
xgap	习总书记 身怀六甲 连续不断 连绵不断 爱恨交加
xgapa	连续不断 连绵不断 爱恨交加
xgapd	习总书记 身怀六甲
xgaq	皱着眉 甘死如饴 皱着眉头 离乡背井
xgaqd	甘死如饴 离乡背井
xgaqq	皱着眉 皱着眉头
xgat	尘土飞扬
xgata	尘土飞扬
xgax	射线装置 称心如意 至死不变 可心如意
xgaxa	至死不变
xgaxd	射线装置 可心如意
xgaxq	称心如意
xgd	上半年
xgda	意味 至极 魔高一尺 乌兹别克 后悔无及
xgdaa	至极
xgdad	魔高一尺
xgdaq	意味 乌兹别克 后悔无及
xgdd	基本 魔高一丈 锣鼓喧天 席卷天下 锥心刺骨
xgddd	基本 魔高一丈 锣鼓喧天 锥心刺骨 其道无由
xgddq	席卷天下
xgdg	其中 金地中心 原子吸收 虚惊一场 离情别绪
xgdgd	其中 金地中心 虚惊一场 离情别绪 恋新忘旧
xgdgq	原子吸收
xgdj	意见 致死事件 错综复杂 枭首示众 后继无人
xgdja	致死事件
xgdjd	错综复杂 锦绣年华 甘处下流
xgdjq	意见 枭首示众 后继无人
xgdm	至于 整天 基于 上情下达 秋毫无犯
xgdma	至于 上情下达 至亲骨肉
xgdmd	基于
xgdmq	整天 秋毫无犯
xgdp	曲线救国 稍逊一筹 变幻无常 后继无力
xgdpa	曲线救国
xgdpd	变幻无常
xgdpq	稍逊一筹 后继无力
xgdq	厚颜无耻 离乡别井
xgdqd	离乡别井
xgdqq	厚颜无耻
xgdt	期望 上半年 罗织构陷 铁心木肠
xgdta	上半年 罗织构陷
xgdtd	期望 铁心木肠
xgdx	身经百战 其道亡繇 至高无上 移情别恋 当地政府
xgdxa	至高无上 当地政府
xgdxd	身经百战 其道亡繇
xgdxq	移情别恋 秉公无私
xgg	小孩子 小公主
xgga	意义 广场 税务总局 甘心首疾
xggad	甘心首疾
xggaq	意义 广场 税务总局
xggd	基地 市场商机 欺善怕恶 锦心绣口
xggdd	基地 市场商机 欺善怕恶 锦心绣口
xggg	意志 小孩子 银子 广结善缘 可怜兮兮
xggga	小孩子 上半部分
xgggd	银子 可怜兮兮 离经叛道
xgggq	意志 广结善缘 鸟声兽心 后半部分 广结良缘
xggj	尘埃 习惯性 连续性 占道经营 省级单位
xggja	尘埃 连续性 占道经营 省级单位
xggjd	习惯性 身死道消 歌声绕梁
xggjq	席卷八荒 秋收冬藏
xggm	小公主 酌情处理 爱憎分明 压良为贱
xggma	小公主 酌情处理 爱憎分明
xggmq	压良为贱
xggp	身残志坚 返辔收帆 励志竭精 轻声细语
xggpa	轻声细语
xggpd	身残志坚
xggpq	返辔收帆 励志竭精
xggq	铝坨坨 称孤道寡
xggqd	铝坨坨
xggqq	称孤道寡
xggt	稍纵即逝 移船就岸 亢心憍气 少纵即逝 锦心绣肠
xggta	少纵即逝
xggtd	亢心憍气 锦心绣肠 其心必异
xggtq	稍纵即逝 移船就岸 积土为山 鸟道羊肠
xggx	至尊 甘心 和颜悦色 甘心情愿 甘心情原
xggxa	至尊 四亭八当
xggxd	甘心 甘心情愿 甘心情原 锦绣前程
xggxq	和颜悦色 称心快意 负心违愿
xgj	市场化 当地人
xgja	至今 尘世 后悔莫及 身心俱疲 意志薄弱
xgjaa	至今 尘世
xgjad	身心俱疲
xgjaq	后悔莫及 意志薄弱
xgjd	其他 整体 致命 致使 铭心刻骨
xgjda	致命 致使
xgjdd	其他 铭心刻骨 镂心刻骨
xgjdq	整体 广土众民 席地幕天
xgjg	整个 四级伤残 利欲熏心 久经沙场 虚怀若谷
xgjga	四级伤残
xgjgd	虚怀若谷
xgjgq	整个 利欲熏心 久经沙场 反经合义 意欲何为
xgjj	点亮生活 瓜熟蒂落 至死方休 久怀慕蔺 配享从汜
xgjja	点亮生活 瓜熟蒂落 至死方休 配享从汜 上帝保佑
xgjjd	铜壶滴漏 变幻莫测 金城汤池
xgjjq	久怀慕蔺 私心杂念 席地而坐
xgjm	意境深远 小道消息 广为人知 利绾名牵 铜盘重肉
xgjma	小道消息
xgjmd	铜盘重肉
xgjmq	意境深远 广为人知 利绾名牵
xgjp	当地人 庆典仪式 整场演出 邯郸重步 邯郸学步
xgjpa	当地人
xgjpd	邯郸重步 邯郸学步 金谷酒数
xgjpq	庆典仪式 整场演出 席卷而逃
xgjq	身兼多职 尘埃落定 金瓶落井
xgjqa	尘埃落定
xgjqd	身兼多职 金瓶落井
xgjt	广泛 市场化 至关重要 至为重要 锦绣河山
xgjta	至关重要 至为重要
xgjtd	市场化 锦绣河山 金盆洗手 身心俱损
xgjtq	广泛
xgjx	意外 季节 其余 省级重点 省级优秀
xgjxa	省级重点 省级优秀 爱新觉罗
xgjxd	其余 市级重点 钩心斗角 身心健康 虚情假意
xgjxq	意外 季节 利缰名锁 称心满意 积善余庆
xgma	稀土元素 上场时间 金童玉女 积忧成疾 车殆马烦
xgmaa	上场时间 车殆马烦
xgmad	金童玉女
xgmaq	稀土元素 积忧成疾
xgmd	整理 广大 省级财政 市级财政 市场时机
xgmda	省级财政 上缴财政 软红十丈
xgmdd	市级财政 市场时机 鸾孤凤只 锥处囊中
xgmdq	整理 广大 色即是空
xgmg	压在 当着矬子 离经辨志
xgmga	当着矬子
xgmgd	离经辨志
xgmgq	压在
xgmj	采兰赠芍 后继有人 欺公罔法 采兰赠药 雁塔题名
xgmja	采兰赠芍 采兰赠药
xgmjd	欺公罔法 金声玉润
xgmjq	后继有人 雁塔题名
xgmm	虎码 欺骗 广州 夜郎自大 邯郸匍匐
xgmmd	虎码 欺骗 夜郎自大 邯郸匍匐 可怜巴巴
xgmmq	广州 香培玉琢
xgmp	基础 四处奔走 磨盘两圆 翠绕珠围
xgmpa	四处奔走
xgmpd	基础 磨盘两圆 翠绕珠围
xgmq	积善成德 钦差大臣 鸾翔凤翥
xgmqd	钦差大臣 鸾翔凤翥
xgmqq	积善成德
xgmt	其所 上级医院 市级医院 金声玉振 危地马拉
xgmta	上级医院 斩关夺隘
xgmtd	其所 市级医院 金声玉振 鸾翔凤集 铁心石肠
xgmtq	危地马拉 乌兰巴托 久经风霜
xgmx	销声匿迹 争分夺秒
xgmxd	销声匿迹
xgmxq	争分夺秒
xgp	意志力 小孩儿
xgpa	束缊请火 季孟之间 卓立鸡群 意志坚强 连城之璧
xgpaa	卓立鸡群 连城之璧
xgpad	金兰之契
xgpaq	束缊请火 季孟之间 意志坚强
xgpd	意识 小孩儿 四分之一 庚癸频呼 庚癸之呼
xgpda	小孩儿 四分之一 当立之年
xgpdq	意识 庚癸频呼 庚癸之呼 鸟惊鼠窜 秋毫之末
xgpg	意图 小心谨慎 后半辈子 爱美之心 上半辈子
xgpga	小心谨慎 爱美之心 上半辈子
xgpgq	意图 后半辈子 季孙之忧
xgpj	压力 罢了 久了 意料 意志力
xgpja	罢了 连绵起伏
xgpjd	金壶墨汁 率土之滨
xgpjq	压力 久了 意料 意志力
xgpm	基因 压线行驶 质地坚硬 秉公办理 金兰之友
xgpmd	基因 金兰之友
xgpmq	压线行驶 质地坚硬 秉公办理
xgpp	原地踏步
xgppq	原地踏步
xgpq	战地记者 质地坚实
xgpqa	战地记者
xgpqq	质地坚实
xgpt	鹿死谁手
xgptq	鹿死谁手
xgpx	银行 广东 醉翁之意 当务之急 错恨难返
xgpxa	醉翁之意 当务之急 当场出彩
xgpxd	银行 错恨难返 弯道超车 禀性难移
xgpxq	广东 和颜说色 秉性难移
xgqa	连编累牍 轹釜待炊
xgqaa	连编累牍 轹釜待炊
xgqd	广告 其次 鸟为食亡 金鼓齐鸣
xgqdd	其次 金鼓齐鸣
xgqdq	广告 鸟为食亡
xgqg	意思 期待 秘密 期盼 离经畔道
xgqga	四分五裂
xgqgd	期待 期盼 离经畔道 甘贫守分
xgqgq	意思 秘密
xgqj	率兽食人 鸟惊鱼溃 鸟惊鱼散
xgqjd	率兽食人
xgqjq	鸟惊鱼溃 鸟惊鱼散
xgqm	玄德 致死剂量 久惯牢成 枭心鹤貌 久经考验
xgqma	致死剂量
xgqmd	玄德
xgqmq	久惯牢成 枭心鹤貌 久经考验 鸟惊鱼骇
xgqp	压制 率先 上前制止 邹缨齐紫
xgqpa	上前制止
xgqpd	率先
xgqpq	压制 邹缨齐紫
xgqq	其实 整齐 甘心瞑目
xgqqd	其实 甘心瞑目
xgqqq	整齐
xgqt	其它 种子选手
xgqtd	其它
xgqtq	种子选手
xgt	羽绒服
xgta	压抑 省地震局
xgtaa	省地震局
xgtaq	压抑
xgtd	上级指示 尖端技术 连墙接栋 夜半三更
xgtda	上级指示 尖端技术 连墙接栋
xgtdd	夜半三更
xgtg	期限 战地系列 身首异处
xgtga	战地系列
xgtgd	期限 身首异处
xgtj	锦绣山河 秉公执法 后继乏人
xgtjd	锦绣山河
xgtjq	秉公执法 后继乏人
xgtm	甘分随时 占为己有 秋高气爽 靡颜腻理
xgtma	占为己有
xgtmd	甘分随时 靡颜腻理
xgtmq	秋高气爽
xgtp	省级招办 上前阻止 磨拳擦掌 摩拳擦掌 厚着脸皮
xgtpa	省级招办 上前阻止
xgtpd	磨拳擦掌 摩拳擦掌 虚舟飘瓦
xgtpq	厚着脸皮 和盘托出 后继乏力
xgtq	省级比赛 鉥心刿目 积谷防饥
xgtqa	省级比赛
xgtqd	鉥心刿目
xgtqq	积谷防饥
xgtt	压迫 轿子雪山 急赤白脸 锦绣肝肠
xgtta	轿子雪山
xgttd	锦绣肝肠
xgttq	压迫 急赤白脸
xgtx	羽绒服 虚心接受 锦绣文章 急公近利 鹞子翻身
xgtxa	鹞子翻身
xgtxd	羽绒服 虚心接受 锦绣文章
xgtxq	急公近利 争前恐后
xgx	小心点 上半身
xgxa	原声音乐 市地税局 省地税局 铜墙铁壁 铜城铁壁
xgxaa	省地税局
xgxad	市地税局 铜墙铁壁 铜城铁壁
xgxaq	原声音乐
xgxd	小心点 镌心铭骨 铭心镂骨
xgxda	小心点
xgxdd	镌心铭骨 铭心镂骨
xgxg	甚至 整整 久久 至善至美 上纲上线
xgxga	至善至美 上纲上线 至情至性 爬坡上坎 瓜剖豆分
xgxgd	甚至 豆剖瓜分 铁郭金城
xgxgq	整整 久久
xgxj	基金 后半夜 少盐少油 爬高上低
xgxja	少盐少油 爬高上低
xgxjd	基金
xgxjq	后半夜
xgxm	欺负 银色 小商小贩 躬逢其盛 铁绰铜琶
xgxma	小商小贩
xgxmd	欺负 银色 躬逢其盛 铁绰铜琶
xgxp	锋利 上半身 原子序数 其心可诛 可喜可贺
xgxpa	上半身 尘垢秕糠
xgxpd	锋利 其心可诛 可喜可贺
xgxpq	原子序数 速去速回
xgxq	曲高和寡 离心离德 至死靡它 欺贫爱富
xgxqa	曲高和寡 至死靡它
xgxqd	离心离德 欺贫爱富
xgxt	至少 意愿 爱惜羽毛 乳声乳气 铜心铁胆
xgxta	至少 爱惜羽毛 乳声乳气
xgxtd	铜心铁胆
xgxtq	意愿
xgxx	市场秩序 小心翼翼
xgxxa	小心翼翼
xgxxd	市场秩序
xja	卫生间 反过来
xjaa	可不 稚齿婑媠 麋沸蚁动 身体不适
xjaad	可不 身体不适
xjaaq	稚齿婑媠 麋沸蚁动
xjad	秀外慧中 爱沙尼亚 和而不唱
xjada	爱沙尼亚
xjadq	秀外慧中 和而不唱
xjag	反过来 金沙遗址 雁过留声 廉洁奉公 转世灵童
xjaga	转世灵童 爱人好士
xjagd	金沙遗址 饔飧不继
xjagq	反过来 雁过留声 廉洁奉公 反水不收 乘人不备
xjaj	雍荣闲雅 连带责任 久治不愈 锲而不舍 四体不勤
xjaja	连带责任 四体不勤 爱信不信 醇酒妇人 四清六活
xjajd	雍荣闲雅 锲而不舍 磨牙凿齿 变生不测
xjajq	久治不愈 色而不淫
xjam	卫生间 上海交大 意兴阑珊 和而不同 磨而不磷
xjama	上海交大 四海承风
xjamd	卫生间 磨而不磷
xjamq	意兴阑珊 和而不同
xjap	移动 战斗不止 醴酒不设 上方不足 当仁不让
xjapa	战斗不止 醴酒不设 上方不足 当仁不让
xjapq	移动 久假不归 秘而不言
xjaq	秘而不宣 稂莠不齐 错落不齐 秀而不实 软体动物
xjaqa	软体动物
xjaqd	错落不齐
xjaqq	秘而不宣 稂莠不齐 秀而不实
xjat	金属 爬过来的 锯齿状的 廉而不刿 锋芒不露
xjata	爬过来的
xjatd	金属 锯齿状的 锋芒不露
xjatq	廉而不刿 秘而不露
xjd	战斗机
xjda	轻举妄动 遁入空门 负薪救火
xjdaa	轻举妄动
xjdaq	遁入空门 负薪救火
xjdd	解散事由 变化无穷 歌台舞榭 轻薄无礼 至人无梦
xjdda	轻薄无礼 至人无梦 转念一想
xjddd	变化无穷 歌台舞榭
xjddq	解散事由
xjdg	醉生梦死 席薪枕块 爱生恶死
xjdga	醉生梦死 爱生恶死
xjdgq	席薪枕块
xjdj	可见 夜里 争蒸口汽 整个事件 卫生事件
xjdja	受益一生 上漏下湿
xjdjd	可见 夜里 卫生事件 羽多野涉 身价百倍
xjdjq	争蒸口汽 整个事件 意外事件
xjdm	战斗机 小菜一碟 反清复明 虎落平川
xjdma	战斗机 小菜一碟
xjdmd	虎落平川
xjdmq	反清复明
xjdp	尖沙咀东 错漏百出 压倒一切 变化无常 当世无双
xjdpa	尖沙咀东 当世无双
xjdpd	错漏百出 变化无常
xjdpq	压倒一切 鸟入樊笼 乌漆嘛黑 积草屯粮
xjdq	四海一家 豆重榆瞑 上蒸下煮
xjdqa	四海一家 上蒸下煮
xjdqd	豆重榆瞑
xjdt	夜空 战斗机的 致命一击 上个礼拜 磨牙吮血
xjdta	战斗机的 致命一击 上个礼拜
xjdtd	夜空 磨牙吮血 虎落平阳
xjdx	利深祸速 后会无期
xjdxq	利深祸速 后会无期
xjg	小伙子 可能性
xjga	羽生结弦 四方八面 虎入羊群 虎荡羊群
xjgaa	四方八面
xjgad	羽生结弦 虎入羊群 虎荡羊群
xjgd	鸟伏兽穷
xjgdq	鸟伏兽穷
xjgg	席卷 小伙子 种族主义 利令志惛 变法维新
xjgga	小伙子
xjggd	变法维新
xjggq	席卷 种族主义 利令志惛 私淑弟子
xjgj	可惜 可怜 可能性 科学性 压倒性
xjgja	四渡赤水 受益良多
xjgjd	可惜 可怜 可能性 离世绝俗
xjgjq	科学性 压倒性 香草美人 积水为海
xjgm	轨道 斩草为马 四通八达 色若死灰
xjgma	轨道 斩草为马 四通八达
xjgmq	色若死灰
xjgp	转化为 上海豫园 市值增长 卫生部长 至今为止
xjgpa	转化为 上海豫园 至今为止 四仰八叉
xjgpd	市值增长 卫生部长
xjgpq	负重前行
xjgq	上海嘉定 翠消红减 反劳为逸 四海为家 暂劳永逸
xjgqa	上海嘉定 四海为家 暂劳永逸
xjgqd	翠消红减
xjgqq	反劳为逸
xjgt	可怕 哥们义气 剩水残山
xjgtd	可怕 哥们义气
xjgtq	剩水残山
xjgx	可就 虚荣心 卫生死角 轻重缓急 铸剑为犁
xjgxa	轻重缓急
xjgxd	可就 虚荣心 卫生死角 铸剑为犁
xjj	其他人 可能会
xjja	可能会 应激激素 雍荣华贵 枭俊禽敌 夜深人静
xjjaa	四海波静
xjjad	可能会 雍荣华贵 夜深人静 斯洛伐克
xjjaq	应激激素 枭俊禽敌 私营企业 乘兴而来 厚今薄古
xjjd	可他 爱莫能助 音信全无 连蒙带唬
xjjda	爱莫能助 连蒙带唬
xjjdd	可他
xjjdq	音信全无
xjjg	座位 小伙伴 斯蒂芬 输入法 上个世纪
xjjga	小伙伴 输入法 上个世纪 受伤倒地
xjjgd	斯蒂芬 变化多端
xjjgq	座位 急流勇退 香花供养
xjjj	应付 剩余价值 钜学鸿生 利齿伶牙 秋水伊人
xjjja	罪孽深重 连汤带水
xjjjd	钜学鸿生 变化莫测 银河倒泻 钓名沽誉
xjjjq	应付 剩余价值 利齿伶牙 秋水伊人 利齿能牙
xjjm	利惹名牵 至今没有 连蒙带骗
xjjma	至今没有 连蒙带骗
xjjmq	利惹名牵
xjjp	其他人 整个人 私人 某个人 小学生
xjjpa	小学生
xjjpd	其他人 某个人 雍荣雅步
xjjpq	整个人 私人 稻草人 称薪而爨 利傍倚刀
xjjq	科学 错觉 到全世界 急流勇进
xjjqa	到全世界
xjjqd	错觉
xjjqq	科学 急流勇进
xjjt	可能 错过 度过 输入 镜花水月
xjjta	输入 酸溜溜的 连消带打
xjjtd	可能 错过 镜花水月 虎体熊腰
xjjtq	度过 梨花带雨
xjjx	身体健康 连滚带爬 轻重倒置 鹰拿燕雀
xjjxa	连滚带爬 轻重倒置
xjjxd	身体健康
xjjxq	鹰拿燕雀
xjma	金融 金刚 剩余时间 顾全大局 利令智昏
xjmaa	置若罔闻
xjmad	金融 金刚 变名易姓
xjmaq	剩余时间 顾全大局 利令智昏 积劳成疾 应付自如
xjmd	可知 斩落马下 康涅狄格
xjmda	斩落马下
xjmdd	可知
xjmdq	康涅狄格
xjmg	金光 腐败 香消玉殒 私人财产 积沙成塔
xjmgd	金光
xjmgq	腐败 香消玉殒 私人财产 积沙成塔
xjmj	上海申花 轻举远游 香港大学 久仰大名 积水成渊
xjmja	上海申花 轻举远游 受益匪浅 轻而易举 辅仁大学
xjmjq	香港大学 久仰大名 积水成渊
xjmm	香消玉碎
xjmmq	香消玉碎
xjmp	四散奔逃 四世同堂
xjmpa	四散奔逃 四世同堂
xjmq	夜晚 可真 稀世珍宝 采花大盗 廉洁自律
xjmqa	采花大盗
xjmqd	夜晚 可真
xjmqq	稀世珍宝 廉洁自律 香消玉减
xjmt	可是 车水马龙 玄酒瓠脯 压倒元白 称体载衣
xjmta	车水马龙
xjmtd	可是 玄酒瓠脯 锋芒所向 钩深索隐
xjmtq	压倒元白 称体载衣 庸人自扰 香消玉损 危若朝露
xjmx	争名夺利 犁生骍角 错落有致 急人所急 后会有期
xjmxd	错落有致 欺人太甚 欺人自欺
xjmxq	争名夺利 犁生骍角 急人所急 后会有期 遁名匿迹
xjp	战斗力 身份证
xjpa	尔汝之交 采薪之疾
xjpaa	采薪之疾
xjpaq	尔汝之交
xjpd	错误 轮回 身份证 魔法师 哥们儿
xjpda	轮回 爱莫之助 辅世长民 采薪之患
xjpdd	错误 身份证 魔法师 哥们儿
xjpdq	种族歧视 返邪归正 刍荛之见
xjpg	色仁行违 小人之心 采薪之忧 负薪之忧 金人之缄
xjpga	小人之心 采薪之忧 置水之情
xjpgd	金人之缄 钓游之地
xjpgq	色仁行违 负薪之忧
xjpj	应该 错了 应对 输了 战斗力
xjpja	输了 战斗力
xjpjd	错了 恋酒迷花
xjpjq	应该 应对 度外之人 乌合之众
xjpm	射出 输出 稀世之珍
xjpma	输出
xjpmd	射出
xjpmq	稀世之珍
xjpp	躬体力行 金汤之固 身体力行 小而言之 乘伪行诈
xjppa	小而言之
xjppd	躬体力行 金汤之固 身体力行 欺人之谈 离合悲欢
xjppq	乘伪行诈 急人之难
xjpq	上佳之选 身外之物 稀世之宝 解人难得
xjpqa	上佳之选
xjpqd	身外之物
xjpqq	稀世之宝 解人难得
xjpt	可笑 受人之托 铤而走险 身体发肤
xjpta	受人之托
xjptd	可笑 铤而走险 身体发肤
xjpx	负荆请罪 积重难返 乘人之危 玄而又玄 争多论少
xjpxd	玄而又玄
xjpxq	负荆请罪 积重难返 乘人之危 争多论少
xjq	科学家 解放军
xjqa	转过头来
xjqaa	转过头来
xjqd	可靠 占便宜 后台老板
xjqda	占便宜
xjqdd	可靠
xjqdq	后台老板
xjqg	顾名思义 转过头去 小人得志
xjqga	转过头去 小人得志
xjqgq	顾名思义
xjqj	科学家 上游资源 后海先河 四舍五入 欺世盗名
xjqja	上游资源 四舍五入 四海鼎沸
xjqjd	欺世盗名
xjqjq	科学家 后海先河 鸟散鱼溃
xjqm	小人物 秋荼密网
xjqma	小人物
xjqmq	秋荼密网
xjqp	金额 受人家管 卓创资讯 广而告之
xjqpa	受人家管 卓创资讯
xjqpd	金额
xjqpq	广而告之
xjqq	剩余食物 负债累累 遮人耳目 醉酒饱德
xjqqa	醉酒饱德
xjqqq	剩余食物 负债累累 遮人耳目
xjqt	小兴安岭
xjqta	小兴安岭
xjqx	解放军 剩余资金
xjqxq	解放军 剩余资金
xjt	上个月 科学院
xjta	科技 小学毕业 上洗手间 离蔬释屩 应付裕如
xjtaa	小学毕业 上洗手间
xjtad	离蔬释屩
xjtaq	科技 应付裕如
xjtd	战斗打响 银河系中 连甍接栋 斩荆披棘 削草除根
xjtda	战斗打响 连甍接栋 斩荆披棘 削草除根 四海升平
xjtdd	银河系中 哥伦比亚
xjtdq	移花接木 香药脆梅
xjtg	整个院子 亦能覆舟 虎生三子
xjtgd	亦能覆舟 虎生三子
xjtgq	整个院子
xjtj	可以 后人把滑 离世异俗 和蔼近人 当代文学
xjtja	当代文学 醋海翻波
xjtjd	可以 离世异俗
xjtjq	后人把滑 和蔼近人
xjtm	错的 至今已是 钗荆裙布
xjtma	至今已是
xjtmd	错的 钗荆裙布
xjtp	座山 离蔬释蹻 夜幕降临 可能的话
xjtpd	离蔬释蹻 夜幕降临 可能的话
xjtpq	座山
xjtq	科学院 虚位以待 爱人以德
xjtqa	爱人以德
xjtqd	虚位以待
xjtqq	科学院
xjtt	稳住阵脚 雁过拔毛 锋芒毕露 变生肘腋
xjttd	锋芒毕露 变生肘腋
xjttq	稳住阵脚 雁过拔毛
xjtx	应用 上个月 虎斗龙争
xjtxa	上个月
xjtxd	虎斗龙争
xjtxq	应用
xjx	转过身 卡耐基
xjxa	应当 镕今铸古 积薪厝火 转过身来
xjxaa	转过身来
xjxad	镕今铸古
xjxaq	应当 积薪厝火
xjxd	金钱 逻辑 原汁原味
xjxda	逻辑
xjxdd	金钱
xjxdq	原汁原味
xjxg	轮廓 卡耐基 转化率 省油省心 上游厂商
xjxga	轮廓 卡耐基 转化率 省油省心 上游厂商
xjxgd	习俗移性
xjxgq	后生小子 和蔼可亲
xjxj	身价上亿 钓名欺世 爱慕虚荣 久仰久仰 铁齿铜牙
xjxja	爱慕虚荣 轻拿轻放 采葑采菲
xjxjd	身价上亿 钓名欺世 铁齿铜牙
xjxjq	久仰久仰 稠人广众
xjxm	金色 夜色 金九银十 负重致远 钩深致远
xjxmd	金色 夜色 金九银十 钩深致远
xjxmq	负重致远
xjxp	转过身 上海市 綦溪利跂 久而久之 受苦受难
xjxpa	转过身 上海市 受苦受难
xjxpd	綦溪利跂
xjxpq	久而久之 愁多夜长
xjxq	可爱 上海租界 剩菜剩饭 后人乘凉 后生可畏
xjxqa	上海租界 爱人利物
xjxqd	可爱
xjxqq	剩菜剩饭 后人乘凉 后生可畏
xjxt	小偷小摸 小修小补 利人利己 厚生利用
xjxta	小偷小摸 小修小补
xjxtq	利人利己 厚生利用
xjxx	省水利厅 历世磨钝 离世遁上 历世摩钝 厉世摩钝
xjxxa	省水利厅
xjxxd	离世遁上 麻婆豆腐 可泣可歌 铜浇铁铸 钢浇铁铸
xjxxq	历世磨钝 历世摩钝 厉世摩钝 稠人广座 反治其身
xma	金融业
xmaa	意犹未尽 金光灿烂 金光闪闪
xmaad	金光灿烂 金光闪闪
xmaaq	意犹未尽
xmad	躲避 铭感不忘 度日如年 乳臭未干 罗马尼亚
xmada	乳臭未干 罗马尼亚
xmadd	躲避 铭感不忘
xmadq	度日如年
xmag	醒来 蟹匡蝉緌 稀奇古怪 离奇古怪 其臭如兰
xmaga	醒来
xmagd	离奇古怪 其臭如兰
xmagq	蟹匡蝉緌 稀奇古怪
xmaj	爱财如命 靡所适从 采风问俗 庸医杀人 爱才如命
xmaja	爱财如命 采风问俗 爱才如命 轻才好施 爱才如渴
xmajd	靡所适从
xmajq	庸医杀人
xmam	负责 负面 应有尽有 原则问题 爱理不理
xmama	爱理不理
xmamq	负责 负面 应有尽有 原则问题
xmap	转动 四则运算 四十不惑 锦囊妙计
xmapa	转动 四则运算 四十不惑
xmapd	锦囊妙计
xmaq	麻烦 利时及物 金刚怒目
xmaqd	麻烦 金刚怒目
xmaqq	利时及物
xmat	乳臭未除 遮风避雨 其貌不扬
xmata	乳臭未除
xmatd	其貌不扬
xmatq	遮风避雨
xmax	金融业
xmaxd	金融业
xmda	厌恶 香味 广州亚运 金瓯无缺 反风灭火
xmdad	金瓯无缺
xmdaq	厌恶 香味 广州亚运 反风灭火
xmdd	庆祝 解囊相助 虚晃一枪 利大于弊 罪大恶极
xmdda	罪大恶极
xmddd	虚晃一枪 离题万里
xmddq	庆祝 解囊相助 利大于弊
xmdg	尖叫 市直机关
xmdga	尖叫
xmdgd	市直机关
xmdj	上研究生 锦瑟年华
xmdja	上研究生
xmdjd	锦瑟年华
xmdm	麻木 甘败下风 蜀犬吠日 和风丽日
xmdma	蜀犬吠日
xmdmd	麻木 甘败下风
xmdmq	和风丽日
xmdp	辅助 输财助边 黏在一起 磨破嘴皮 季布一诺
xmdpa	辅助 输财助边 小大由之
xmdpd	磨破嘴皮
xmdpq	黏在一起 季布一诺
xmdq	上智下愚
xmdqa	上智下愚
xmdt	至十一月 广州中院 遝冈复岭 上知天文 占风望气
xmdta	至十一月 遝冈复岭 上知天文 占风望气
xmdtq	广州中院 秋扇见捐 麟凤一毛
xmdx	稀有品种 争风吃醋 束马悬车
xmdxq	稀有品种 争风吃醋 束马悬车
xmg	小王子 基础性
xmga	广电总局 雁影分飞
xmgaq	广电总局 雁影分飞
xmgd	小卖部 急在心里 连理分枝 金石为开 廉明公正
xmgda	小卖部 连理分枝
xmgdd	金石为开
xmgdq	急在心里 廉明公正
xmgg	桌子 庆幸 小王子 金玉良缘 斯威士兰
xmgga	桌子 小王子 小赌怡情
xmggd	金玉良缘 斯威士兰
xmggq	庆幸 廉顽立懦
xmgj	基础性 软硬兼施 铢两分寸 稍有差池 四时八节
xmgja	软硬兼施 四时八节
xmgjd	基础性 铢两分寸
xmgjq	稍有差池
xmgm	转载声明 金风送爽 秋风送爽 意马心猿
xmgma	转载声明
xmgmd	金风送爽
xmgmq	秋风送爽 意马心猿
xmgp	金玉良言 詈夷为跖 罗马帝国 金石丝竹 爱日惜力
xmgpa	詈夷为跖 罗马帝国 爱日惜力
xmgpd	金玉良言 金石丝竹
xmgt	连二并三 铁石心肠 转败为胜 和风细雨 反败为胜
xmgta	连二并三 转败为胜 转亏为盈 转败为功
xmgtd	铁石心肠 虚骄恃气 铁石心肝
xmgtq	和风细雨 反败为胜
xmgx	到达终点 四十分钟 连日继夜 积玉堆金 欺硬怕软
xmgxa	到达终点 四十分钟 连日继夜
xmgxd	欺硬怕软
xmgxq	积玉堆金
xmj	到时候 小时候
xmja	负债 连珠合璧 厚貌深辞 争奇斗艳 罗曼蒂克
xmjaa	连珠合璧 罗曼蒂克
xmjaq	负债 厚貌深辞 争奇斗艳
xmjd	煞有介事 四所学校 小时候也 季友伯兄 车马劳顿
xmjda	四所学校 小时候也 车马劳顿
xmjdd	铜驼荆棘 铜臭熏天
xmjdq	煞有介事 季友伯兄 积财千万
xmjg	到时候 小时候 金州勇士 到时候就 少成若性
xmjga	到时候 小时候 到时候就 少成若性 轻财重义
xmjgd	金州勇士 身败名裂 锦囊佳句
xmjgq	秀才人情 意在沛公 触景生情 厚貌深情
xmjj	香港 市医学会 铜驼草莽 磨礲浸灌 四大名著
xmjja	四大名著 酣畅淋漓 爱才若渴
xmjjd	市医学会 铜驼草莽 磨礲浸灌 身在江湖 躬自菲薄
xmjjq	香港
xmjm	车载斗量 秋风萧瑟 原班人马
xmjma	车载斗量
xmjmq	秋风萧瑟 原班人马
xmjp	置信 至理名言 金玉满堂 连奔带跑 占风使帆
xmjpa	置信 至理名言 连奔带跑 占风使帆
xmjpd	金玉满堂
xmjq	战时体制 秋风过耳
xmjqa	战时体制
xmjqq	秋风过耳
xmjt	转过 转化 厚貌深文 小有名气
xmjta	转过 转化 小有名气
xmjtq	厚貌深文
xmjx	磨砥刻厉 磨礲淬励 利在千秋 软玉温香 铄石流金
xmjxa	软玉温香 连日带夜
xmjxd	磨砥刻厉 磨礲淬励 铄石流金
xmjxq	利在千秋
xmm	急匆匆
xmma	香川真司 卓有成效 稀有元素 斯巴达克 金碧辉煌
xmmaa	卓有成效
xmmad	斯巴达克 金碧辉煌
xmmaq	香川真司 稀有元素
xmmd	质量 急匆匆 针砭时弊
xmmdd	针砭时弊
xmmdq	质量 急匆匆
xmmg	躲在 广州大道 私有财产 顾影自怜 车在马前
xmmga	车在马前 罗敷有夫
xmmgd	躲在
xmmgq	广州大道 私有财产 顾影自怜
xmmj	乘风破浪 四川大学 移风易俗 危在旦夕 小题大做
xmmja	四川大学 小题大做 小题大作
xmmjq	乘风破浪 移风易俗 危在旦夕 反骄破满
xmmm	钢琴 铁网珊瑚 磨礲砥砺 秋风瑟瑟 虎豹豺狼
xmmmd	钢琴 铁网珊瑚 磨礲砥砺 虎豹豺狼 躬冒矢石
xmmmq	秋风瑟瑟
xmmp	转账 受理申请 金题玉躞 卡布奇诺 金马玉堂
xmmpa	转账 受理申请 卡布奇诺 上医医国
xmmpd	金题玉躞 金马玉堂
xmmq	顾影弄姿 金匮石室
xmmqd	金匮石室
xmmqq	顾影弄姿
xmmt	厕所 靡知所措 委内瑞拉 金风玉露 急风暴雨
xmmta	配套成龙
xmmtd	靡知所措 金风玉露
xmmtq	厕所 委内瑞拉 急风暴雨
xmmx	点石成金 历日旷久 连明达夜 铸成大错 和光同尘
xmmxa	点石成金 连明达夜 轮扁斫轮
xmmxd	铸成大错 磨砖成镜
xmmxq	历日旷久 和光同尘 廓达大度
xmp	变成了
xmpa	靡有孑遗 连州跨郡 金石之交
xmpaa	连州跨郡
xmpad	靡有孑遗 金石之交
xmpd	鸟儿 连理之木 鸟骇鼠窜
xmpda	连理之木
xmpdq	鸟儿 鸟骇鼠窜
xmpg	应有之义 廉远堂高 锃光瓦亮
xmpgd	锃光瓦亮
xmpgq	应有之义 廉远堂高
xmpj	变成了 针对 醒了 金融精英 意在言外
xmpja	醒了 酷暑难耐
xmpjd	变成了 针对 金融精英
xmpjq	意在言外
xmpm	四大发明 秋风团扇 反璞归真 返璞归真 返照回光
xmpma	四大发明
xmpmq	秋风团扇 反璞归真 返璞归真 返照回光 应时对景
xmpp	金石之策 金石之计 虎狼之师 小时了了 虎贲之师
xmppa	小时了了
xmppd	金石之策 金石之计 虎狼之师 虎贲之师 金石之坚
xmpq	意在笔先 赖有此耳
xmpqq	意在笔先 赖有此耳
xmpt	磨难 到大数据 金十数据 钻石戒指 车匪路霸
xmpta	到大数据 车匪路霸 连二赶三
xmptd	磨难 金十数据 钻石戒指 虎狼之势
xmpx	转让 科班出身 酷暑难当
xmpxa	转让 酷暑难当
xmpxq	科班出身
xmqd	急景凋年
xmqdq	急景凋年
xmqg	转眼
xmqga	转眼
xmqj	乌有先生 鹰犬塞途
xmqjq	乌有先生 鹰犬塞途
xmqm	转头 铭感五内
xmqma	转头
xmqmd	铭感五内
xmqp	虚则实之 凫短鹤长
xmqpd	虚则实之
xmqpq	凫短鹤长
xmqq	席珍待聘
xmqqq	席珍待聘
xmqt	镇定 麟凤龟龙
xmqtd	镇定
xmqtq	麟凤龟龙
xmqx	射石饮羽 连明彻夜 积日累久
xmqxa	连明彻夜
xmqxd	射石饮羽
xmqxq	积日累久
xmta	车马盈门 压肩迭背
xmtaa	车马盈门
xmtaq	压肩迭背
xmtd	乘直升机 四大皆空 摩砺以须 连州比县 磨砺以须
xmtda	四大皆空 连州比县
xmtdd	摩砺以须 磨砺以须
xmtdq	乘直升机
xmtg	稍有改善 锅碗瓢盆 摩肩接毂 摩肩击毂
xmtgd	锅碗瓢盆 摩肩接毂 摩肩击毂
xmtgq	稍有改善
xmtj	采凤随鸦 金貂换酒 虎珀拾芥 其奈我何 彩凤随鸦
xmtja	采凤随鸦 彩凤随鸦
xmtjd	金貂换酒 虎珀拾芥 其奈我何
xmtm	负担 转向 质疑 率马以骥 唐哉皇哉
xmtma	转向
xmtmd	率马以骥
xmtmq	负担 质疑 唐哉皇哉
xmtp	摩肩接踵 上房揭瓦 摩肩擦踵 乘风扬帆 四马攒蹄
xmtpa	上房揭瓦 四马攒蹄
xmtpd	摩肩接踵 摩肩擦踵
xmtpq	乘风扬帆
xmtq	香气 顾犬补牢 虚左以待 争猫丢牛
xmtqd	虚左以待
xmtqq	香气 顾犬补牢 争猫丢牛
xmtt	后有追兵 遮风挡雨 钩元提要
xmttd	钩元提要
xmttq	后有追兵 遮风挡雨
xmtx	转换 铢两悉称
xmtxa	转换
xmtxd	铢两悉称
xmx	到最后 基础上
xmxa	转变 稀有金属 虚有其表 当风秉烛
xmxaa	转变 当风秉烛
xmxad	虚有其表
xmxaq	稀有金属
xmxd	桌上 色彩 到最后 基础上 爬上
xmxda	桌上 到最后 爬上
xmxdd	基础上 金融危机 可有可无 铁砚磨穿 鸾凤和鸣
xmxdq	色彩 原则上 争夺战中 煞有其事
xmxg	镇压 尖锐 金玉锦绣 镜破钗分
xmxga	尖锐
xmxgd	镇压 金玉锦绣 镜破钗分
xmxj	转移 后知后觉 金玉其外 彰明较著
xmxja	转移
xmxjd	金玉其外
xmxjq	后知后觉 彰明较著
xmxm	秃秃 金黄色 整理整理 至大至刚
xmxma	至大至刚
xmxmd	金黄色
xmxmq	秃秃 整理整理
xmxp	转身 意大利 广州市 基础上加 靡所底止
xmxpa	转身
xmxpd	基础上加 靡所底止 铁马金戈 铁狱铜笼
xmxpq	意大利 广州市 委肉虎蹊
xmxq	罪有应得
xmxqa	罪有应得
xmxt	四川省 意大利队 乘时乘势 秣马厉兵 称王称霸
xmxta	四川省
xmxtq	意大利队 乘时乘势 秣马厉兵 称王称霸 秋风秋雨
xmxx	连明连夜 金玉其质 可大可小 欺大压小 连日连夜
xmxxa	连明连夜 连日连夜
xmxxd	金玉其质 可大可小 欺大压小
xpa	受欢迎 银行业
xpaa	小精灵 削足适履
xpaaa	小精灵 削足适履
xpad	铭记不忘
xpadd	铭记不忘
xpag	到来 应召女郎 鸟之将死
xpaga	到来
xpagq	应召女郎 鸟之将死
xpaj	争论不休 应该不能 应对如流 应答如流 甘之如荠
xpajd	甘之如荠
xpajq	争论不休 应该不能 应对如流 应答如流
xpam	四面 置之不理 殷鉴不远 爱答不理 魏紫姚黄
xpama	四面 置之不理 爱答不理
xpamd	殷鉴不远
xpamq	魏紫姚黄
xpap	当断不断 爱说不说
xpapa	当断不断 爱说不说
xpaq	镇国将军 镇东将军 可了不得 甘之如饴 少儿不宜
xpaqa	少儿不宜 爱国如家
xpaqd	镇国将军 镇东将军 可了不得 甘之如饴
xpaqq	皱起眉头
xpat	到那 返还 铁证如山 靡坚不摧
xpata	到那
xpatd	铁证如山 靡坚不摧
xpatq	返还
xpax	受欢迎 银行业 意料不到 觥筹交错 甘棠遗爱
xpaxa	受欢迎
xpaxd	银行业 甘棠遗爱
xpaxq	意料不到 觥筹交错
xpd	致力于
xpda	历史 到哪 利亚 上行下效 厉精更始
xpdaa	到哪 上行下效
xpdad	磨踵灭顶
xpdaq	历史 利亚 厉精更始 历精更始 励精更始
xpdd	稍等一下 欺师灭祖 意料中事 酸了吧唧 麟趾呈祥
xpdda	酸了吧唧
xpddd	欺师灭祖 可发一噱
xpddq	稍等一下 意料中事 麟趾呈祥
xpdg	轻松 应了一声 其言也善 罪该万死 当之无愧
xpdga	轻松 罪该万死 当之无愧 上了年纪
xpdgd	其言也善
xpdgq	应了一声 利出一孔
xpdj	身形 身穿 争议事件 摩加迪沙 到此一游
xpdja	到此一游 上谄下渎 少数民族
xpdjd	身形 身穿 摩加迪沙 夜长梦多
xpdjq	争议事件 励精求治 种类繁多
xpdm	反复 身材 利于 致力于 上行下达
xpdma	致力于 上行下达
xpdmd	身材
xpdmq	反复 利于
xpdp	反正 转了一圈 上蹿下跳 罪加一等 唐临晋帖
xpdpa	转了一圈 上蹿下跳 罪加一等 软谈丽语 置之一笑
xpdpd	错误百出
xpdpq	反正 唐临晋帖 危言核论 季路一言
xpdq	罢黜百家 铅刀一割
xpdqa	罢黜百家
xpdqd	铅刀一割
xpdt	四年 四百 反戈一击 反戈相向
xpdta	四年 四百
xpdtq	反戈一击 反戈相向
xpdx	危言正色 虚堂悬镜 当行本色 铁笔无私
xpdxa	当行本色
xpdxd	虚堂悬镜 铁笔无私
xpdxq	危言正色
xpg	称之为 上辈子
xpga	市场 轻声 质监部门 束之高阁 置诸高阁
xpgaa	轻声 置诸高阁
xpgad	市场
xpgaq	质监部门 束之高阁
xpgd	四条 罚款 黏皮着骨 和谐统一 错认颜标
xpgda	四条 罚款
xpgdd	错认颜标
xpgdq	黏皮着骨 和谐统一
xpgg	身子 身高 上辈子 和尚道士 置之死地
xpgga	上辈子 置之死地 爱国主义 转悲为喜
xpggd	身子 身高
xpggq	和尚道士 梨园弟子 梨园子弟
xpgj	基因组学 受之父母 历精为治 触类旁通
xpgja	受之父母
xpgjd	基因组学
xpgjq	历精为治 触类旁通
xpgm	束缚
xpgmq	束缚
xpgp	身为 历经 称之为 危言高论 危言竦论
xpgpa	到此为止 四衢八街
xpgpd	身为 甘言美语
xpgpq	历经 称之为 危言高论 危言竦论 乌七八糟
xpgq	身旁 躺着 暂行规定 危言逆耳 稳步前进
xpgqa	暂行规定
xpgqd	身旁 躺着
xpgqq	危言逆耳 稳步前进
xpgt	身前 轻柔 上证综指 移东就西
xpgta	轻柔 上证综指
xpgtd	身前
xpgtq	移东就西
xpgx	到处 四处 身心 身处 连舆并席
xpgxa	到处 四处 连舆并席
xpgxd	身心 身处 金迷纸醉
xpj	上诉人 座谈会
xpja	利益 利润 座谈会 连篇絫牍 轻言放弃
xpjaa	连篇絫牍 轻言放弃
xpjad	甘之若素
xpjaq	利益 利润 座谈会
xpjd	身体 反而 四方 危言耸听 黏皮带骨
xpjda	四方
xpjdd	身体
xpjdq	反而 危言耸听 黏皮带骨
xpjg	身份 四个 到位 厉行节约 爱国人士
xpjga	四个 到位 爱国人士
xpjgd	身份
xpjgq	厉行节约
xpjj	少说多做 称贤荐能 鹿走苏台 连街倒巷 钢筋水泥
xpjja	少说多做 连街倒巷 彩笔生花
xpjjd	钢筋水泥 躬行节俭
xpjjq	称贤荐能 鹿走苏台
xpjm	金鸡消息 解发佯狂
xpjmd	金鸡消息
xpjmq	解发佯狂
xpjp	四人 上诉人 某些人 少数人 受让人
xpjpa	四人 上诉人 少数人 受让人 上街游行
xpjpd	某些人 市长信箱 可数名词
xpjpq	秽言污语
xpjq	厚此薄彼 应对从容
xpjqq	厚此薄彼 应对从容
xpjt	到过 到货 少数族裔
xpjta	到过 到货 少数族裔
xpjx	反倒 到您 鸟语花香
xpjxa	到您
xpjxq	反倒 鸟语花香
xpm	应该是 应该有
xpma	反驳 四川 键鼠套装 上架时间 秉笔直书
xpmaa	四川 上架时间 酸儿辣女
xpmad	键鼠套装
xpmaq	反驳 秉笔直书
xpmd	四大 车驾驶员 返观内视 受此影响
xpmda	四大 车驾驶员 受此影响
xpmdq	返观内视
xpmg	身影 四周 躺在 利息 金鸡独立
xpmga	四周 上了贼船 受之有愧 当之有愧
xpmgd	身影 躺在 金鸡独立 铭记在心 戮力同心
xpmgq	利息 负恩昧良 乘坚驱良
xpmj	到时 少数几个 金精玉液 翠竹黄花 虎党狐侪
xpmja	到时 少数几个
xpmjd	金精玉液 翠竹黄花 虎党狐侪
xpmm	轻易 反映 积非成是 习非成是 返观内照
xpmma	轻易
xpmmd	习非成是 躬蹈矢石
xpmmq	反映 积非成是 返观内照
xpmp	四十 到账 当断则断 轰堂大笑 秀出班行
xpmpa	四十 到账 当断则断 轰堂大笑 转了几圈
xpmpq	秀出班行
xpmq	少数几家
xpmqa	少数几家
xpmt	竟是 到达 应该是 黎明 竟有
xpmta	到达
xpmtq	竟是 应该是 黎明 竟有 应该有
xpmx	到了最后
xpmxa	到了最后
xppa	废话 市长 季常之癖
xppad	市长
xppaq	废话 季常之癖
xppd	返回 意料之中 针对此事 可笑之极 锥刀之末
xppdd	针对此事 可笑之极 锥刀之末
xppdq	返回 意料之中
xppg	爱国之心
xppga	爱国之心
xppj	到了 反对 贞观之治 厉精图治 历精图治
xppja	到了 贞观之治
xppjq	反对 厉精图治 历精图治 励精图治 意料之外
xppm	车笠之盟 应该说是 甘棠之惠 争长论短
xppma	车笠之盟
xppmd	甘棠之惠
xppmq	应该说是 争长论短
xppp	当设计师 应对之策 虚词诡说
xpppa	当设计师
xpppd	虚词诡说
xpppq	应对之策
xppq	反诈 解甲归田 斯图加特
xppqd	斯图加特
xppqq	反诈 解甲归田
xppt	身边 到此 轻笑 某些东西 利刃出鞘
xppta	到此 轻笑
xpptd	身边 某些东西
xpptq	利刃出鞘 乘坚策肥
xppx	罪行 少之又少 后起之秀 甘棠之爱 玄之又玄
xppxa	罪行 少之又少 当行出色 雀鼠之争
xppxd	甘棠之爱 玄之又玄 钻皮出羽
xppxq	后起之秀 庙堂之上 床笫之私
xpq	小说家
xpqa	反馈 连帙累牍 连篇累牍
xpqaa	连帙累牍 连篇累牍
xpqaq	反馈
xpqd	急诊室里 小国寡民 虎踞鲸吞
xpqda	小国寡民
xpqdd	虎踞鲸吞
xpqdq	急诊室里
xpqg	少许食盐 雁默先烹 连篇累册
xpqga	少许食盐 连篇累册
xpqgq	雁默先烹
xpqj	到家 到老 小说家 后发制人 廉颇老矣
xpqja	到家 到老 小说家 轻诺寡信
xpqjq	后发制人 廉颇老矣
xpqm	废物
xpqmq	废物
xpqp	至圣先师 连篇累幅 连篇累帙 连篇累帧 唐诗宋词
xpqpa	至圣先师 连篇累幅 连篇累帙 连篇累帧 少言寡语
xpqpd	躬行实践 铺谋定计
xpqpq	唐诗宋词
xpqq	罪行累累
xpqqa	罪行累累
xpqt	轻微
xpqta	轻微
xpqx	后发先至
xpqxq	后发先至
xpt	小东西
xpta	虎踞龙蟠
xptad	虎踞龙蟠
xptd	斩竿揭木 连类比事 磨刀擦枪
xptda	斩竿揭木 连类比事
xptdd	磨刀擦枪
xptg	轰隆 虎踞龙盘 争鸡失羊
xptga	轰隆
xptgd	虎踞龙盘
xptgq	争鸡失羊
xptj	颤抖
xptjd	颤抖
xptm	竟然 质非文是 虎超龙骧
xptmd	虎超龙骧
xptmq	竟然 质非文是
xptp	到手 危言覈论 解甲投戈 虎步龙行
xptpa	到手
xptpd	虎步龙行
xptpq	危言覈论 解甲投戈
xptq	积甲山齐 顾此失彼 厌难折冲 连类比物
xptqa	连类比物
xptqq	积甲山齐 顾此失彼 厌难折冲
xptt	磨刀霍霍 移东补西 铭诸肺腑
xpttd	磨刀霍霍 铭诸肺腑
xpttq	移东补西
xptx	利用 反抗 小东西 连舆接席 置之脑后
xptxa	小东西 连舆接席 置之脑后
xptxq	利用 反抗 尔诈我虞
xpx	意识到 银行卡
xpxa	到底 市国税局 皱了皱眉 厕足其间 小儿麻痹
xpxaa	到底 小儿麻痹
xpxad	市国税局
xpxaq	皱了皱眉 厕足其间
xpxd	身上 身后 银行卡 甘言厚礼 钢筋铁骨
xpxdd	身上 身后 银行卡 甘言厚礼 钢筋铁骨
xpxdq	积毁销骨
xpxg	四季 利率 身临其境 爱因斯坦
xpxga	四季 爱因斯坦
xpxgd	身临其境
xpxgq	利率
xpxj	反应 反射 罚金 基数较低 置之度外
xpxja	罚金 置之度外 小试锋芒
xpxjd	基数较低 锋发韵流
xpxjq	反应 反射
xpxm	身躯 亦师亦友 四讲四有 原因竟是 银证转账
xpxma	四讲四有 小恩小惠 至圣至明
xpxmd	身躯 亦师亦友 银证转账 金戈铁马 铜围铁马
xpxmq	原因竟是
xpxp	轻轻 意识到 詹言曲说 少走弯路 原路返回
xpxpa	轻轻 少走弯路
xpxpd	亦步亦趋 错了错了
xpxpq	意识到 詹言曲说 原路返回 危言危行 废话连篇
xpxq	点了点头
xpxqa	点了点头
xpxt	到庭 广东省 上架销售 反之亦然 铜筋铁肋
xpxta	到庭 上架销售
xpxtd	铜筋铁肋
xpxtq	广东省 反之亦然
xpxx	可圈可点
xpxxd	可圈可点
xqa	到头来 转眼间
xqaa	市教育局 少头缺尾 虎头蛇尾 触目如故
xqaaa	少头缺尾
xqaad	市教育局 虎头蛇尾
xqaaq	触目如故
xqad	利灾乐祸 金吾不禁
xqadd	金吾不禁
xqadq	利灾乐祸
xqag	爱好 到头来 反老还童 返老还童 爱富嫌贫
xqaga	爱好 到头来 爱富嫌贫
xqagq	反老还童 返老还童
xqaj	鸟得弓藏
xqajq	鸟得弓藏
xqam	转眼间 转瞬间 解决问题
xqama	转眼间 转瞬间
xqamq	解决问题
xqap	反眼不识 负德辜恩 解决不了
xqapq	反眼不识 负德辜恩 解决不了
xqat	受教育 铁案如山 四目交投
xqata	受教育 四目交投
xqatd	铁案如山
xqax	战略支点
xqaxa	战略支点
xqd	床头柜
xqdd	瓜田李下 稗官野史 解决一下 当头一棒 当头棒喝
xqdda	瓜田李下 当头一棒 当头棒喝
xqddq	稗官野史 解决一下 意思一下 鹰瞵鹗视
xqdg	利害相关 废寝忘餐 和睦相处
xqdgq	利害相关 废寝忘餐 和睦相处
xqdj	解决事件 厮守一生
xqdjq	解决事件 厮守一生
xqdm	床头柜
xqdmq	床头柜
xqdp	科特迪瓦 四目相对
xqdpa	四目相对
xqdpq	科特迪瓦
xqdq	乌鲁木齐 废寝忘食
xqdqq	乌鲁木齐 废寝忘食
xqdt	点头哈腰
xqdta	点头哈腰
xqdx	钻冰求酥 市井无赖
xqdxd	钻冰求酥 市井无赖
xqg	小男孩 金字塔
xqga	爱情 广告公司 斩头去尾
xqgaa	爱情 斩头去尾
xqgaq	广告公司
xqgd	削职为民 整军经武
xqgda	削职为民
xqgdq	整军经武
xqgg	小兔子 虐老兽心 触目惊心 反客为主 触目恸心
xqgga	小兔子
xqggd	虐老兽心
xqggq	触目惊心 反客为主 触目恸心
xqgj	小男孩 金字塔 稳定性 战略性 可靠性
xqgja	小男孩 战略性
xqgjd	金字塔 可靠性 身家性命
xqgjq	稳定性 香象绝流
xqgm	当耳旁风
xqgma	当耳旁风
xqgq	爱着 受着 小富即安
xqgqa	爱着 受着 小富即安
xqgt	转瞬即逝 针头线脑 小家子气 称臣纳贡
xqgta	转瞬即逝 小家子气
xqgtd	针头线脑
xqgtq	称臣纳贡
xqgx	爱心 和容悦色 身先士卒 躬先士卒 战略部署
xqgxa	爱心 战略部署
xqgxd	身先士卒 躬先士卒
xqgxq	和容悦色
xqj	小家伙
xqja	小家伙 雍容华贵 愁容满面 厚往薄来 连头带尾
xqjaa	小家伙 连头带尾
xqjad	雍容华贵
xqjaq	愁容满面 厚往薄来
xqjd	受伤 触目兴叹 戳脊梁骨
xqjda	受伤
xqjdd	戳脊梁骨
xqjdq	触目兴叹
xqjg	当家做主 受宠若惊 利害攸关 触物兴怀 广寒仙子
xqjga	当家做主 受宠若惊 尘饭涂羹
xqjgq	利害攸关 触物兴怀 广寒仙子
xqjj	战略合作 四五个人 率先垂范 香象渡河 虎头燕颔
xqjja	战略合作 四五个人
xqjjd	率先垂范 虎头燕颔
xqjjq	香象渡河
xqjm	解决生理 当牛做马 轻徭薄赋
xqjma	当牛做马 轻徭薄赋
xqjmq	解决生理
xqjp	爱人 受人 小眼薄皮 少安毋躁
xqjpa	爱人 受人 小眼薄皮 少安毋躁
xqjq	速冻水饺 顾盼生姿
xqjqq	速冻水饺 顾盼生姿
xqjt	受过 爱过 致畸作用 后进领袖 四五个月
xqjta	受过 爱过 致畸作用 四五个月 连头带脑
xqjtq	后进领袖
xqjx	爱你 和颐酒店
xqjxa	爱你
xqjxq	和颐酒店
xqm	其实是 意思是
xqma	小往大来
xqmaa	小往大来
xqmd	受理 唐德影视 称家有无 厚德载福
xqmda	受理
xqmdq	唐德影视 称家有无 厚德载福
xqmj	镇定自若 积微成著 反目成仇
xqmjd	镇定自若
xqmjq	积微成著 反目成仇
xqmm	小家碧玉 顾盼自雄 连宵达旦
xqmma	小家碧玉 连宵达旦
xqmmq	顾盼自雄
xqmp	度德量力 小惩大诫
xqmpa	小惩大诫
xqmpq	度德量力
xqmq	厚德载物
xqmqq	厚德载物
xqmt	其实是 意思是 小聪明 四五十岁 虚头巴脑
xqmta	小聪明 四五十岁
xqmtd	其实是 虚头巴脑
xqmtq	意思是
xqmx	犁牛骍角 迩安远至 后果自负
xqmxq	犁牛骍角 迩安远至 后果自负
xqpa	转眼之间 转瞬之间 期颐之寿 点头之交 当头对面
xqpaa	转眼之间 转瞬之间 点头之交 当头对面
xqpad	期颐之寿
xqpd	解决此事 私家园林 整齐划一 其实难副
xqpdd	其实难副
xqpdq	解决此事 私家园林 整齐划一
xqpg	解决之道 积德行善 返老归童 可取之处 犁牛之子
xqpgd	可取之处
xqpgq	解决之道 积德行善 返老归童 犁牛之子
xqpj	受了 久安长治
xqpja	受了
xqpjq	久安长治
xqpm	爱国 音容笑貌 当耳边风
xqpma	爱国 当耳边风
xqpmq	音容笑貌
xqpp	其实难符 点睛之笔 科头箕踞 科头跣足
xqppa	点睛之笔
xqppd	其实难符
xqppq	科头箕踞 科头跣足
xqpq	市井之臣 市井之徒
xqpqd	市井之臣 市井之徒
xqpx	省审计厅 后进之秀
xqpxa	省审计厅
xqpxq	后进之秀
xqq	受害者
xqqd	战略目标
xqqda	战略目标
xqqg	甘井先竭
xqqgd	甘井先竭
xqqj	积德累仁
xqqjq	积德累仁
xqqm	受害者 连宵彻曙 音容宛在
xqqma	受害者 连宵彻曙
xqqmq	音容宛在
xqqp	虚往实归
xqqpd	虚往实归
xqqt	利害得失 积德累功
xqqtq	利害得失 积德累功
xqta	金字招牌 锁定胜局 欺男霸女
xqtad	金字招牌 锁定胜局 欺男霸女
xqtd	历井扪天 少先队员
xqtda	少先队员
xqtdq	历井扪天
xqtg	负老携幼 小兔崽子 爱得要死 瓜字初分
xqtga	小兔崽子 爱得要死 瓜字初分
xqtgq	负老携幼
xqtj	四五月份 金龟换酒 爱鹤失众
xqtja	四五月份 爱鹤失众
xqtjd	金龟换酒
xqtm	触目皆是
xqtmq	触目皆是
xqtp	积案盈箱 虎卧龙跳
xqtpd	虎卧龙跳
xqtpq	积案盈箱
xqtt	爱我 曲折 连畴接陇 爬耳搔腮
xqtta	爱我 曲折 连畴接陇 爬耳搔腮
xqtx	期待已久 争先恐后 移宫换羽
xqtxd	期待已久
xqtxq	争先恐后 移宫换羽
xqx	称得上
xqxa	少男少女 铜头铁臂 床头金尽
xqxaa	少男少女
xqxad	铜头铁臂
xqxaq	床头金尽
xqxd	爱上 称得上
xqxda	爱上
xqxdq	称得上
xqxg	私家车主 钻头觅缝
xqxgd	钻头觅缝
xqxgq	私家车主
xqxj	率先受益 身家上亿 市井小人
xqxjd	率先受益 身家上亿 市井小人
xqxm	称得上是
xqxmq	称得上是
xqxp	受到 上得厅堂 错字连篇
xqxpa	受到 上得厅堂
xqxpd	错字连篇
xqxq	期待期待 反馈反馈 争取争取 铜头铁额
xqxqd	期待期待 铜头铁额
xqxqq	反馈反馈 争取争取
xqxt	称德度功 废物利用 虎头虎脑
xqxtd	虎头虎脑
xqxtq	称德度功 废物利用
xqxx	私家车辆 愿者上钩 点头致意 基准利率 钻牛角尖
xqxxa	点头致意
xqxxd	基准利率 钻牛角尖
xqxxq	私家车辆 愿者上钩
xta	委托书
xtaa	委托书 射击运动 曲折蜿蜒 羽毛未丰
xtaaa	曲折蜿蜒
xtaad	射击运动 羽毛未丰
xtaaq	委托书
xtad	争执不下 色授魂与 久要不忘
xtadq	争执不下 色授魂与 久要不忘
xtag	原来 彩衣娱亲 爱兵如子
xtaga	彩衣娱亲 爱兵如子
xtagq	原来
xtaj	原始 广西壮族 秋月春花 羽毛丰满
xtajd	羽毛丰满
xtajq	原始 广西壮族 秋月春花
xtam	少女 应接不暇 秋月春风
xtama	少女
xtamq	应接不暇 秋月春风
xtap	锻炼 底气不足 质疑问难 解衣卸甲
xtapd	锻炼
xtapq	底气不足 质疑问难 解衣卸甲
xtaq	靡衣媮食
xtaqd	靡衣媮食
xtat	稚气未脱 爱看不看 后手不接
xtata	爱看不看
xtatq	稚气未脱 后手不接
xtax	急三火四
xtaxq	急三火四
xtd	习近平 可以吗
xtdd	原本 遥控器 罗掘一空 四肢百骸 利比里亚
xtdda	遥控器 罗掘一空 四肢百骸
xtddd	身陷桎梏
xtddq	原本 利比里亚
xtdg	习近平 反脸无情 锐挫望绝 歌以咏志 愁肠百结
xtdgd	习近平 锐挫望绝 歌以咏志
xtdgq	反脸无情 愁肠百结 广袤无垠
xtdj	解开 点击事件 黎丘丈人 称霸一方
xtdja	点击事件
xtdjq	解开 黎丘丈人 称霸一方
xtdm	可以吗 甘拜下风
xtdmd	可以吗 甘拜下风
xtdp	反覆无常 稍胜一筹 四肢无力 束手无策 广袤无边
xtdpa	四肢无力
xtdpq	反覆无常 稍胜一筹 束手无策 广袤无边
xtdq	意气相得
xtdqq	意气相得
xtdt	少年 愿望 意气相投 上援下推
xtdta	少年 上援下推
xtdtq	愿望 意气相投
xtg	可持续 危险性
xtga	少爷 市工商局 可以登录 省工商局 乘龙快婿
xtgaa	少爷 省工商局
xtgad	市工商局 可以登录 夜以继昼
xtgaq	乘龙快婿
xtgd	连忙 原地 错失良机 后拥前呼
xtgda	连忙
xtgdd	错失良机
xtgdq	原地 后拥前呼
xtgg	黏吝缴绕 利己主义 甘泉必竭 铺胸纳地
xtggd	甘泉必竭 铺胸纳地
xtggq	黏吝缴绕 利己主义
xtgj	危险性 赖以为生 移气养体 反以为荣
xtgjq	危险性 赖以为生 移气养体 反以为荣
xtgm	连续 可持续 销售经理 靡然乡风 称雨道晴
xtgma	连续 上雨旁风
xtgmd	可持续 销售经理 靡然乡风 夜以继日
xtgmq	称雨道晴
xtgp	意向登记 习以为常 束手旁观 四脚八叉
xtgpa	四脚八叉
xtgpd	习以为常
xtgpq	意向登记 束手旁观
xtgq	透着 歌功颂德 转折关头
xtgqa	转折关头
xtgqd	歌功颂德
xtgqq	透着
xtgt	可以收集 束手就擒 铁打心肠
xtgtd	可以收集 铁打心肠
xtgtq	束手就擒
xtgx	急脉缓灸 连三并四
xtgxa	连三并四
xtgxq	急脉缓灸
xtj	委托人 乌龙茶
xtja	转院治疗 爱岗敬业 乘龙佳婿
xtjaa	转院治疗 爱岗敬业
xtjaq	乘龙佳婿
xtjd	配合 废文任武 酣然入梦
xtjda	配合 酣然入梦
xtjdq	废文任武
xtjg	解放 销售佳绩 负气仗义 煞费苦心 科技创新
xtjgd	销售佳绩
xtjgq	解放 负气仗义 煞费苦心 科技创新 广陵散绝
xtjj	角落 乌龙茶 酉阳杂俎 磨砻浸灌 移山倒海
xtjja	酉阳杂俎 爬山涉水
xtjjd	磨砻浸灌 其势汹汹
xtjjq	角落 乌龙茶 移山倒海 委以重任 意气消沉
xtjm	赖以生存 负气斗狠 和气生财 秤斤注两 靡然从风
xtjmd	靡然从风
xtjmq	赖以生存 负气斗狠 和气生财 秤斤注两
xtjp	委托人 射击游戏 当我没说 上兵伐谋 反攻倒算
xtjpa	当我没说 上兵伐谋
xtjpd	射击游戏
xtjpq	委托人 反攻倒算 愁肠寸断 愁肠九回
xtjq	靡衣偷食 轰雷贯耳 轻描淡写 和衣而卧
xtjqa	轰雷贯耳 轻描淡写
xtjqd	靡衣偷食
xtjqq	和衣而卧
xtjt	透过 占据优势 锦衣华服 欺霜傲雪
xtjta	占据优势
xtjtd	锦衣华服 欺霜傲雪
xtjtq	透过
xtjx	愿你 乘势而上 酸文假醋 废然而返 废然而反
xtjxa	酸文假醋
xtjxq	愿你 乘势而上 废然而返 废然而反
xtm	当然是 小朋友
xtma	弯腰驼背 乌焦巴弓 镂月裁云
xtmad	弯腰驼背 镂月裁云
xtmaq	乌焦巴弓
xtmd	庞大 原理 四脚朝天 色胆包天 香飘十里
xtmda	四脚朝天
xtmdq	庞大 原理 色胆包天 香飘十里
xtmg	后脑勺 可操左券 亢龙有悔 稳操左券 铁肠石心
xtmgd	可操左券 亢龙有悔 铁肠石心
xtmgq	后脑勺 稳操左券
xtmj	暂时 少时 习以成俗 科技大学 广播电台
xtmja	暂时 少时 轩然大波 小的时候
xtmjd	习以成俗 鸾飘凤泊
xtmjq	科技大学 广播电台
xtmm	小提琴 靡然顺风 磨砻砥砺 小巧玲珑 靡然成风
xtmma	小提琴 小巧玲珑
xtmmd	靡然顺风 磨砻砥砺 靡然成风
xtmp	原则 小朋友 意向协议 斯文败类 底气十足
xtmpa	小朋友 连衽成帷
xtmpd	斯文败类
xtmpq	原则 意向协议 底气十足 意气风发
xtmq	锦衣玉食 虚拟现实 庞然大物 靡衣玉食
xtmqd	锦衣玉食 虚拟现实 靡衣玉食
xtmqq	庞然大物
xtmt	透明 钥匙 当然是 少有 稀疏矩阵
xtmta	当然是 少有
xtmtd	钥匙
xtmtq	透明 稀疏矩阵 负隅顽抗
xtmx	乌白马角
xtmxq	乌白马角
xtp	可以说
xtpa	少数 销售记录 锦衣行昼 后院起火
xtpaa	少数
xtpad	销售记录 锦衣行昼
xtpaq	后院起火
xtpd	后的又一 鹰击长空 当打之年 躬擐甲胄
xtpda	当打之年
xtpdd	躬擐甲胄
xtpdq	后的又一 鹰击长空
xtpg	原谅 可以说 质疑之声
xtpgd	可以说
xtpgq	原谅 质疑之声
xtpj	少了 解答 廉泉让水
xtpja	少了
xtpjq	解答 廉泉让水
xtpm	原因 射击之星 四肢发达 铁鞋踏破
xtpma	四肢发达
xtpmd	射击之星 铁鞋踏破
xtpmq	原因
xtpp	铁路 身陷囹圄 解疑答惑
xtppd	铁路 身陷囹圄
xtppq	解疑答惑
xtpq	连三跨五
xtpqa	连三跨五
xtpt	稀疏数据 小肚鸡肠
xtpta	小肚鸡肠
xtptq	稀疏数据
xtpx	应邀出席 受损发质 离山调虎 夜雨对床
xtpxa	受损发质
xtpxd	离山调虎 夜雨对床
xtpxq	应邀出席
xtq	销售额 小白兔
xtqa	四手联弹
xtqaa	四手联弹
xtqd	原告
xtqdq	原告
xtqj	香雪制药 广文先生 铸山煮海 鸟集鳞萃 连阶累任
xtqja	连阶累任
xtqjd	铸山煮海
xtqjq	香雪制药 广文先生 鸟集鳞萃
xtqm	解决 原审 庭审 轰雷掣电
xtqma	轰雷掣电
xtqmq	解决 原审 庭审
xtqp	原先 销售额 应用实践
xtqpd	销售额
xtqpq	原先 应用实践
xtqq	可以进食 酶抑制剂
xtqqa	酶抑制剂
xtqqd	可以进食
xtqt	小白兔 受限制的 连阡累陌 小己得失 凫胫鹤膝
xtqta	小白兔 受限制的 连阡累陌 小己得失
xtqtd	欺霜赛雪
xtqtq	凫胫鹤膝 束手待毙
xtqx	酌盈剂虚 欺三瞒四
xtqxa	酌盈剂虚
xtqxd	欺三瞒四
xtt	轰隆隆 轻飘飘
xtta	连衣裙 虎据龙蟠
xttaa	连衣裙
xttad	虎据龙蟠
xttd	轻飘飘 连接手机 射击技术 意气用事 秉要执本
xttda	轻飘飘 连接手机
xttdd	射击技术
xttdq	意气用事 秉要执本
xttg	连接 解脱 轰隆隆 连升三级 斯文扫地
xttga	连接 轰隆隆 连升三级 卡的要死
xttgd	斯文扫地
xttgq	解脱 度己以绳 稳操胜券
xttj	解除 触摸 小白脸 连山排海 甘旨肥浓
xttja	小白脸 连山排海
xttjd	甘旨肥浓
xttjq	解除 触摸 利己损人
xttm	历兵粟马 锐挫气索 厉兵粟马 香气扑鼻 可以攻玉
xttma	连三接二
xttmd	锐挫气索 可以攻玉 靡然向风
xttmq	历兵粟马 厉兵粟马 香气扑鼻
xttp	解释 透露 解疑释惑 可以的话 稳操胜算
xttpd	可以的话
xttpq	解释 透露 解疑释惑 稳操胜算 解兵释甲
xttq	摩擦 羽月要塞 射击比赛 解衣推食 连三接五
xttqa	连三接五
xttqd	摩擦 羽月要塞 射击比赛
xttqq	解衣推食
xttt	弯腰捧腹 采阴补阳 意气扬扬 铜山西崩 鹰击毛挚
xttta	采阴补阳
xtttd	弯腰捧腹 铜山西崩
xtttq	意气扬扬 鹰击毛挚 返我初服
xttx	颤巍巍 可以接受 急功近利 甘雨随车 连三接四
xttxa	连三接四
xttxd	颤巍巍 可以接受 甘雨随车
xttxq	急功近利 乘肥衣轻
xtx	摩托车 银白色
xtxa	摩托车 触手可及 小打小闹 色衰爱弛 鸟革翚飞
xtxaa	小打小闹
xtxad	摩托车 铜山铁壁
xtxaq	触手可及 色衰爱弛 鸟革翚飞
xtxd	铭肤镂骨 铜山金穴 和气致祥 爱毛反裘 铭肌镂骨
xtxda	爱毛反裘
xtxdd	铭肤镂骨 铜山金穴 铭肌镂骨
xtxdq	和气致祥 鹰扬虎视
xtxg	愿意 秩序
xtxgq	愿意 秩序
xtxj	速度 角度 反被虎伤 利用厚生
xtxjq	速度 角度 反被虎伤 利用厚生
xtxm	角色 配置 银白色 遥控钥匙 历兵秣马
xtxma	配置 遥控钥匙 小摊小贩
xtxmd	银白色 某月某日
xtxmq	角色 历兵秣马 励兵秣马 鸟覆危巢 厉兵秣马
xtxp	危迫利诱 磨砻镌切
xtxpd	磨砻镌切
xtxpq	危迫利诱
xtxq	反手可得
xtxqq	反手可得
xtxt	连连 射手座的 束手束脚 小手小脚 轻手轻脚
xtxta	连连 小手小脚 轻手轻脚 轮番上阵 辅导辅导
xtxtd	射手座的
xtxtq	束手束脚 稳扎稳打
xtxx	磨砻底厉 铁打铜铸 铜打铁铸
xtxxd	磨砻底厉 铁打铜铸 铜打铁铸
xxa	钱钟书 角质层
xxaa	小姑 钱钟书 角质层 战战兢兢 酸酸甜甜
xxaaa	小姑 战战兢兢 酸酸甜甜 卓尔不群 曲意奉承
xxaad	钱钟书
xxaaq	角质层 袅袅婷婷 袅袅娜娜 袅袅娉娉 詹詹炎炎
xxad	小姐 卡车司机 虚应故事 其应如响
xxada	小姐 卡车司机
xxadd	虚应故事 其应如响
xxag	鸟迹虫丝 历久弥新 乘其不备
xxagq	鸟迹虫丝 历久弥新 乘其不备
xxaj	恋恋不舍 身轻如燕 削铁如泥 爱钱如命
xxaja	削铁如泥 爱钱如命
xxajd	恋恋不舍 身轻如燕
xxam	小女 至当不易 卓尔不凡
xxama	小女 至当不易 卓尔不凡
xxap	小小不言 市委书记 省委书记 镇委书记 厄尔尼诺
xxapa	小小不言 省委书记 觅迹寻踪
xxapd	市委书记 镇委书记
xxapq	厄尔尼诺 历久弥坚
xxat	委靡不振 小鹿乱撞 省身克己
xxata	小鹿乱撞 省身克己
xxatq	委靡不振
xxax	音乐 黍离麦秀 酩酊烂醉
xxaxa	酩酊烂醉
xxaxq	音乐 黍离麦秀
xxd	甚至于 程序员
xxda	广厦万间
xxdaq	广厦万间
xxdd	小事 穆斯林 上上下下 轻轻松松 鹰觑鹘望
xxdda	小事 上上下下 轻轻松松 忐上忑下 忐忐忑忑
xxddd	磨磨叽叽
xxddq	穆斯林 鹰觑鹘望 原原本本 仄仄平平 反反复复
xxdg	程序正义 离愁别绪 钩章棘句 小小年纪 离愁别恨
xxdga	小小年纪 蜀锦吴绫
xxdgd	离愁别绪 钩章棘句 离愁别恨
xxdgq	程序正义 秋色平分
xxdj	库里 豆腐一方 置身事外 应变无方 连车平斗
xxdja	置身事外 连车平斗 小康社会 辅车相依 四顾无人
xxdjd	豆腐一方 虚度年华
xxdjq	库里 应变无方 委曲求全
xxdm	危机 歌唱 甚至于 程序员 镂尘吹影
xxdma	少小无猜
xxdmd	歌唱 甚至于 镂尘吹影 钩辀格磔 铿金戛玉
xxdmq	危机 程序员
xxdp	遥遥相对 针锋相对 鸵鸟政策
xxdpa	遥遥相对
xxdpd	针锋相对
xxdpq	鸵鸟政策
xxdq	上市事宜 邂逅相遇 离鸾别鹄 离鸾别鹤
xxdqa	上市事宜
xxdqd	离鸾别鹄 离鸾别鹤
xxdqq	邂逅相遇
xxdt	称呼 战争形势 上原亚衣 铿镪顿挫 虎躯一震
xxdta	战争形势 上原亚衣
xxdtd	铿镪顿挫 虎躯一震
xxdtq	称呼
xxdx	私底下 遥遥无期 麻雀虽小 蛮触相争
xxdxa	遥遥无期
xxdxd	麻雀虽小 蛮触相争
xxdxq	私底下
xxg	轻轻地 爱尔兰
xxga	小声 歌声 曲意逢迎 上市公司
xxgaa	小声 曲意逢迎 上市公司
xxgad	歌声
xxgd	轻轻地 当轴处中 斯科普里 酣歌恒舞
xxgda	轻轻地 当轴处中 酣歌恒舞
xxgdd	斯科普里
xxgg	小子 镜子 至上主义 小酌怡情 轰轰烈烈
xxgga	小子 至上主义 小酌怡情 轰轰烈烈 瓜瓞绵绵
xxggd	镜子 铺锦列绣
xxggq	急急忙忙 色彩缤纷 废私立公 袅袅亭亭
xxgj	习惯 小孩
xxgja	小孩
xxgjd	习惯
xxgm	欺软怕硬 四季分明
xxgma	四季分明
xxgmd	欺软怕硬
xxgp	称为 急速增加 连镳并驾 点到即止 轻车熟路
xxgpa	连镳并驾 点到即止 轻车熟路 转身就走 点到为止
xxgpq	称为 急速增加
xxgq	金银首饰 变危为安 应急预案 危急关头 转危为安
xxgqa	转危为安
xxgqd	金银首饰 变危为安 变废为宝
xxgqq	应急预案 危急关头
xxgt	爱尔兰
xxgta	爱尔兰
xxgx	小心 锱铢必较 金银细软 连镳并轸
xxgxa	小心 连镳并轸
xxgxd	锱铢必较 金银细软
xxj	基金会
xxja	小伙 基金会 市卫生局 上卫生间 反应过来
xxjaa	小伙 上卫生间 醍醐灌顶
xxjad	基金会 市卫生局
xxjaq	反应过来 麇至沓来
xxjd	遁迹潜形 其应若响 转战千里 钱可通神
xxjda	转战千里
xxjdd	其应若响 钱可通神
xxjdq	遁迹潜形
xxjg	金色世纪 身后萧条 广种薄收 利锁名缰 积羽沉舟
xxjgd	金色世纪 身后萧条
xxjgq	广种薄收 利锁名缰 积羽沉舟
xxjj	小花 点点滴滴 身受重伤 四季旅游 角角落落
xxjja	小花 点点滴滴 四季旅游 四四方方 逍遥法外
xxjjd	身受重伤 躲躲藏藏 锦上添花 身负重任 期期艾艾
xxjjq	角角落落 历历落落 乘虚而入 顾虑重重 色色俱全
xxjm	彩色液晶 锒铛入狱 羿射九日 积厚流光 软香温玉
xxjma	彩色液晶 软香温玉
xxjmd	锒铛入狱 羿射九日
xxjmq	积厚流光
xxjp	小人 上市仪式 厚积薄发 摩尔多瓦 铩羽而归
xxjpa	小人 上市仪式 轻虑浅谋
xxjpd	摩尔多瓦 铩羽而归
xxjpq	厚积薄发
xxjq	小学 广度优先 甚至伤害 遥遥领先 铢积寸累
xxjqa	小学 遥遥领先
xxjqd	甚至伤害 铢积寸累
xxjqq	广度优先 穰穰满家
xxjt	省市领导 甚至消失 上上个月 四顾茫然 鹿车共挽
xxjta	省市领导 上上个月 四顾茫然
xxjtd	甚至消失
xxjtq	鹿车共挽 黎庶涂炭
xxjx	反腐倡廉 厄瓜多尔 袅袅余音
xxjxq	反腐倡廉 厄瓜多尔 袅袅余音
xxm	到底是 上厕所
xxma	小区 市辖区 夜枭星云 反身自问 四轮驱动
xxmaa	小区 四轮驱动
xxmad	市辖区 夜枭星云
xxmaq	反身自问 反躬自问 束身自好 反躬自责
xxmd	急转直下 鸾歌凤舞 麟角凤嘴 危急存亡 轻歌曼舞
xxmda	轻歌曼舞
xxmdd	鸾歌凤舞 欺上罔下
xxmdq	急转直下 麟角凤嘴 危急存亡
xxmg	库存 受到破坏 糜躯碎首 康庄大道 铮铮有声
xxmga	受到破坏
xxmgd	糜躯碎首 铮铮有声 金科玉条
xxmgq	库存 康庄大道 顾曲周郎
xxmj	小时 厨房 积少成多 危急时刻 久负盛名
xxmja	小时 软磨硬泡 小廉大法 劣迹昭著
xxmjq	厨房 积少成多 危急时刻 久负盛名 色厉内荏
xxmm	酸酸辣辣 离离矗矗 庸庸碌碌 逍遥自在 劣迹斑斑
xxmma	酸酸辣辣 逍遥自在 劣迹斑斑
xxmmd	离离矗矗 金钗十二
xxmmq	庸庸碌碌 皱皱巴巴
xxmp	反射星团 乘车戴笠 麟角凤距 小受大走 铿锵有力
xxmpa	小受大走
xxmpd	铿锵有力
xxmpq	反射星团 乘车戴笠 麟角凤距 麟角凤觜
xxmq	变色易容 金银财宝 金科玉律 历历在目 逍遥自得
xxmqa	逍遥自得
xxmqd	变色易容 金银财宝 金科玉律
xxmqq	历历在目 历历在耳
xxmt	到底是 上厕所 色彩斑斓 麻省理工 爬罗剔抉
xxmta	到底是 上厕所 爬罗剔抉
xxmtd	麻省理工
xxmtq	色彩斑斓
xxmx	四季景色 斩钉截铁 酩酊大醉 反躬自省 点铁成金
xxmxa	四季景色 斩钉截铁 酩酊大醉 点铁成金 点金成铁
xxmxq	反躬自省
xxpa	四季常青 靡靡之乐
xxpaa	四季常青
xxpad	靡靡之乐
xxpd	铄金毁骨 可乘之机
xxpdd	铄金毁骨 可乘之机
xxpg	小说 稍等 转移因子 后顾之忧 四战之地
xxpga	小说 转移因子 四战之地
xxpgd	钢铁长城 靡靡之声
xxpgq	稍等 后顾之忧
xxpj	唐虞之治 轻车简从 斩瓜切菜 雀角鼠牙
xxpja	轻车简从 斩瓜切菜 雀角鼠牙
xxpjq	唐虞之治
xxpm	小米 乘鸾跨凤 磨盾之暇 四季发财 席上之珍
xxpma	小米 四季发财
xxpmd	磨盾之暇
xxpmq	乘鸾跨凤 席上之珍
xxpp	小路 上上之策 后车之戒 虚废词说 黏黏糊糊
xxppa	小路 上上之策
xxppd	虚废词说 磨磨蹭蹭 变色之言
xxppq	后车之戒 黏黏糊糊 稼穑艰难
xxpq	小康之家 辗转难眠 磨铅策蹇 身轻言微
xxpqa	小康之家 辗转难眠
xxpqd	磨铅策蹇 身轻言微
xxpt	季度数据 上市之初 积习难改 可乘之隙
xxpta	上市之初
xxptd	可乘之隙
xxptq	季度数据 积习难改
xxpx	钩金舆羽 错上加错 靡靡之音 其利断金 斩钉切铁
xxpxa	斩钉切铁
xxpxd	钩金舆羽 错上加错 靡靡之音 其利断金 夜色迷离
xxq	点点头 基督教
xxqa	危害 连章累牍
xxqaa	连章累牍
xxqaq	危害
xxqd	基金资助 欺上瞒下
xxqdd	基金资助 欺上瞒下
xxqg	基督教 逻辑思维 少私寡欲
xxqga	逻辑思维 少私寡欲
xxqgd	基督教
xxqj	上床睡觉 种质资源 基金净值 积铢累寸
xxqja	上床睡觉
xxqjd	基金净值
xxqjq	种质资源 积铢累寸
xxqm	点点头 镜头 廉可寄财 香车宝马 香轮宝骑
xxqma	点点头
xxqmd	镜头
xxqmq	廉可寄财 香车宝马 香轮宝骑
xxqp	顾客
xxqpq	顾客
xxqq	虚虚实实 基督宗教 基督耶稣 锐意进取 整整齐齐
xxqqd	虚虚实实 基督宗教 基督耶稣 锐意进取 摩尔定律
xxqqq	整整齐齐
xxqt	稳定 稍微 钻进 锁定 秩序井然
xxqtd	钻进 锁定
xxqtq	稳定 稍微 秩序井然
xxqx	种豆得豆 种瓜得瓜 床上安床
xxqxq	种豆得豆 种瓜得瓜 床上安床
xxta	小白 叔叔阿姨 犁庭扫闾
xxtaa	小白 叔叔阿姨
xxtaq	犁庭扫闾
xxtd	销售 摩厉以须 可可西里 犁庭扫穴 点金乏术
xxtda	点金乏术
xxtdd	销售 摩厉以须 可可西里 磨厉以须
xxtdq	犁庭扫穴
xxtg	链接 亦可覆舟
xxtgd	链接 亦可覆舟
xxtj	危险 小脸 雀小脏全 科罗拉多 夜色撩人
xxtja	小脸 雀小脏全
xxtjd	夜色撩人 虎变龙蒸 金钗换酒
xxtjq	危险 科罗拉多 利市三倍
xxtm	甚至抑郁 铿金霏玉
xxtmd	甚至抑郁 铿金霏玉
xxtp	小手 愿意的话 尔虞我诈 罗雀掘鼠 乘虚迭出
xxtpa	小手 罗雀掘鼠
xxtpq	愿意的话 尔虞我诈 乘虚迭出
xxtq	四季皆宜 虚席以待
xxtqa	四季皆宜
xxtqd	虚席以待
xxtt	曲曲折折 遮遮掩掩 稀稀疏疏 稀稀拉拉 锋铓毕露
xxtta	曲曲折折 连战皆捷
xxttd	锋铓毕露 摩厉以需 斯斯文文 颤颤巍巍 钩玄提要
xxttq	遮遮掩掩 稀稀疏疏 稀稀拉拉
xxtx	转弯抹角 解铃系铃 率尔操觚
xxtxa	转弯抹角
xxtxd	率尔操觚
xxtxq	解铃系铃
xxxa	小康 银色金属 卜夜卜昼 卢甘斯克 厕身其间
xxxaa	小康 卜夜卜昼 卢甘斯克
xxxad	银色金属
xxxaq	厕身其间
xxxd	秒钟 铮铮铁骨 置身其中 历历可见 可上可下
xxxda	置身其中 酣歌醉舞
xxxdd	铮铮铁骨 可上可下
xxxdq	秒钟 历历可见
xxxg	某种意义 秀色可餐 乌鸟私情 铲迹销声
xxxgd	某种意义 铲迹销声
xxxgq	秀色可餐 乌鸟私情
xxxj	辗转反侧 可歌可泣 金针度人 钩爪锯牙 铜铸铁浇
xxxja	辗转反侧
xxxjd	可歌可泣 金针度人 钩爪锯牙 铜铸铁浇
xxxm	店铺 小镇 上当受骗 历历可辨
xxxma	小镇 上当受骗
xxxmq	店铺 历历可辨
xxxp	亦庄亦谐 车轱辘话 轻解罗裳 历历可数 小廉曲谨
xxxpa	车轱辘话 轻解罗裳 小廉曲谨
xxxpd	亦庄亦谐
xxxpq	历历可数
xxxq	歌曲 速战速决 少小离家 历历可考 轩轩甚得
xxxqa	少小离家 轩轩甚得
xxxqd	歌曲
xxxqq	速战速决 历历可考
xxxt	急速上升 卓翼科技
xxxta	卓翼科技
xxxtq	急速上升
xxxx	哥哥 小小 稍稍 小哥 连锁反应
xxxxa	小小 小哥 连锁反应 爱斯基摩
xxxxd	哥哥 欺负欺负 错彩镂金 镂金错彩
xxxxq	稍稍 稳稳当当 稳稳妥妥
